53 42
53 68
53 97
53 202
53 216
53 407
53 410
53 421
53 445
53 470
53 605
53 627
53 697
53 729
53 811
53 907
53 968
53 981
53 1132
53 1206
53 1212
53 1250
53 2187
53 2254
53 2261
53 2327
53 2434
53 2601
53 2649
53 2753
53 2810
53 2819
53 2842
53 2888
53 3177
53 3294
53 3406
53 3556
53 3713
53 3720
53 3783
53 3818
53 3829
53 4061
53 4158
53 4254
53 4264
53 4283
53 4394
53 4398
53 4569
53 4678
53 4732
53 4743
53 4821
53 4881
53 4956
53 5046
53 5117
53 5182
53 5488
53 5768
53 5817
53 5870
53 6072
53 6146
53 6330
53 6389
53 6580
53 6642
53 6658
53 6667
53 6724
53 6791
53 6957
53 7015
53 7048
53 7147
53 7241
53 7394
53 7431
53 7474
53 7498
53 7525
53 7582
53 7605
53 7753
53 7837
53 7858
53 7911
53 8008
53 8121
53 8152
53 8285
53 8287
53 8310
53 8425
53 8490
53 8491
53 8524
53 8556
53 8587
53 8624
53 8750
53 8853
53 9042
53 9227
53 9301
53 9346
53 9356
53 9429
53 9569
53 9637
53 9875
53 9883
53 9920
53 9964
53 9971
53 10026
53 10083
53 10192
53 10244
53 10290
53 10294
53 10389
53 10404
53 10435
53 10475
53 10480
53 10491
53 10508
53 10531
53 10600
53 10611
53 10636
53 10643
53 10705
53 10784
53 10806
53 10861
53 10970
53 10986
53 11032
53 11086
53 11237
53 11322
53 11326
53 11338
53 11432
53 11529
53 11612
53 11645
53 11863
53 11979
53 12097
53 12119
53 12313
53 12392
53 12423
53 12539
53 12593
53 12631
53 12733
53 12800
53 12856
53 13020
53 13249
53 13303
53 13312
53 13551
53 13658
53 13756
53 13769
53 13890
53 13953
53 13993
53 14006
53 14165
53 14166
53 14238
53 14254
53 14260
53 14262
53 14387
53 14434
53 14445
53 14455
53 14527
53 14530
53 14562
53 14623
53 14650
53 14790
53 14791
53 14826
53 14997
53 15134
53 15214
53 15242
53 15378
53 15554
53 15832
53 15931
53 15955
53 15981
53 16484
53 16490
53 16650
53 16741
50 33
50 172
50 216
50 224
50 225
50 273
50 394
50 569
50 676
50 738
50 1115
50 1134
50 1219
50 1357
50 1488
50 1512
50 1694
50 1961
50 2415
50 2490
50 2515
50 2673
50 2681
50 2707
50 2793
50 2801
50 2846
50 2861
50 2920
50 3092
50 3471
50 3551
50 3584
50 3644
50 3650
50 3797
50 3801
50 3813
50 3842
50 3933
50 4014
50 4106
50 4191
50 4619
50 4679
50 4704
50 4731
50 4738
50 4965
50 5023
50 5106
50 5229
50 5406
50 5733
50 5754
50 5791
50 5904
50 5995
50 6070
50 6100
50 6181
50 6233
50 6237
50 6255
50 6297
50 6657
50 6660
50 6701
50 6954
50 6960
50 6977
50 7334
50 7439
50 7597
50 7658
50 7664
50 7894
50 7897
50 8132
50 8396
50 8404
50 8485
50 8528
50 8648
50 8679
50 8705
50 8729
50 8885
50 8888
50 8978
50 9060
50 9095
50 9212
50 9484
50 9626
50 9692
50 9697
50 9701
50 9915
50 10014
50 10024
50 10134
50 10348
50 10447
50 10479
50 10699
50 10818
50 10968
50 11318
50 11462
50 11624
50 11894
50 11979
50 11998
50 12008
50 12036
50 12150
50 12231
50 12232
50 12266
50 12274
50 12363
50 12603
50 12740
50 12851
50 12954
50 13141
50 13473
50 13505
50 13828
50 13895
50 13904
50 13921
50 14144
50 14280
50 14455
50 14569
50 14586
50 14622
50 14700
50 14818
50 14856
50 14869
50 14904
50 14918
50 14962
50 15020
50 15174
50 15177
50 15234
50 15330
50 15379
50 15472
50 15547
50 15832
50 15880
50 15944
50 15962
50 16056
50 16064
50 16171
50 16306
50 16339
50 16416
50 16851
50 16868
50 16987
50 17147
50 17299
50 17361
50 17428
50 17432
50 17434
50 17669
50 17923
50 17965
50 18056
50 18111
50 18159
50 18220
50 18321
50 18324
50 18356
50 18607
50 18609
50 18619
50 18808
50 18854
50 18866
50 18943
50 18990
50 19015
50 19035
50 19291
50 19352
50 19457
50 19559
50 19915
50 19923
50 19927
50 19938
50 19971
50 19973
50 20095
50 20212
50 20264
50 20273
50 20505
50 20559
50 20600
50 20717
50 20747
50 20885
50 20888
50 21005
50 21027
50 21080
50 21357
50 21383
50 21440
50 21511
50 21661
50 21666
50 21819
50 21838
50 21885
50 21900
50 22004
50 22012
50 22038
50 22299
50 22626
50 22797
50 22859
50 23010
50 23056
50 23088
50 23180
50 23287
50 23320
50 23362
50 23454
50 23513
50 23563
50 23589
50 23610
50 23692
50 23733
50 23804
50 23865
50 23909
50 23948
50 24043
50 24169
50 24175
50 24178
50 24252
50 24279
50 24382
50 24447
50 24533
50 24610
50 24683
50 24761
50 24948
50 24980
50 25026
50 25029
50 25097
50 25130
50 25194
50 25273
50 25318
50 25357
50 25931
50 26030
50 26222
50 26234
50 26395
50 26401
50 26467
50 26493
50 26546
50 26626
50 26642
50 26724
50 26734
50 26926
50 26960
50 26977
50 27009
50 27012
50 27115
50 27254
50 27319
50 27452
50 27464
50 27495
50 27545
50 27674
50 27687
50 27705
50 27761
50 27916
50 27989
50 28018
50 28123
50 28129
50 28421
50 28481
50 28632
50 28644
50 28648
50 28711
50 28794
50 29038
50 29294
50 29363
50 29379
50 29478
50 29482
50 29551
50 29671
50 29923
50 30087
50 30183
50 30251
50 30264
50 30290
50 30292
50 30300
50 30317
50 30344
50 30413
50 30610
50 30614
50 30729
50 30749
50 30837
50 30842
50 30956
50 31083
50 31177
50 31232
50 31245
50 31262
50 31525
50 31602
50 31671
50 31735
50 31763
50 31788
50 31883
50 31888
50 31896
50 31951
50 31990
50 32088
50 32139
50 32202
50 32265
50 32555
50 32685
65 171
65 220
65 308
65 324
65 402
65 413
65 533
65 565
65 786
65 933
65 1212
65 1418
65 1581
65 1599
65 1622
65 1691
65 1707
65 1742
65 2236
65 2454
65 2464
65 2523
65 2547
65 2630
65 2663
65 2671
65 2735
65 2777
65 2790
65 2847
65 2888
65 2918
65 3038
65 3116
65 3215
65 3222
65 3305
65 3367
65 3402
65 3480
65 3806
65 3817
65 3859
65 4072
65 4218
65 4271
65 4406
65 4413
65 4449
65 4520
65 4539
65 4586
65 4666
65 4871
65 4919
65 5100
65 5110
65 5243
65 5335
65 5403
65 5429
65 5442
65 5500
65 5632
65 5778
65 6072
65 6189
65 6346
65 6396
65 6506
65 6534
65 6813
65 6907
65 6919
65 6973
65 7073
65 7238
65 7343
65 7528
65 7612
65 7694
65 7789
65 7915
65 7942
65 7948
65 8098
65 8409
65 8496
65 8626
65 8630
65 8652
65 8658
65 8701
65 8918
65 8923
65 8983
65 9031
65 9329
65 9330
65 9382
65 9393
65 9400
65 9540
65 10014
65 10072
65 10107
65 10207
65 10627
65 10637
65 10969
65 10977
65 11006
65 11128
65 11432
65 11724
65 12184
65 12513
65 12546
65 12673
65 12707
65 12752
65 13012
65 13038
65 13055
65 13380
65 13707
65 13769
65 13781
65 13784
65 13884
65 14151
65 14353
65 14417
65 14517
65 14567
65 14606
65 14880
65 14922
65 14985
65 15170
65 15260
65 15471
65 15517
65 15570
65 15803
65 15830
65 15843
65 15975
65 16054
65 16067
65 16111
65 16219
65 16418
65 16450
65 16650
65 16762
65 16799
65 17317
65 17380
65 17502
65 17528
65 17635
65 17856
65 17961
65 18030
65 18168
65 18190
65 18430
65 18455
65 18509
65 18560
65 18689
65 18752
65 18809
65 18820
65 19009
65 19022
65 19072
65 19157
65 19163
65 19168
65 19242
65 19351
65 19391
65 19449
65 19611
65 19750
65 19760
65 19853
65 19883
65 19886
65 19904
65 19967
65 20181
65 20588
65 20837
65 21029
65 21087
65 21358
65 21562
65 22062
65 22151
65 22493
65 23462
65 23585
65 23744
65 23765
65 24121
65 24306
65 24519
65 25186
65 25263
65 25397
65 25448
65 25459
65 25493
65 25602
65 25644
65 25650
65 25795
65 25836
65 25870
65 25874
65 25880
65 25919
65 25941
65 26018
65 26036
65 26048
65 26130
65 26206
65 26268
65 26303
65 26394
65 26625
65 26788
65 26808
65 26938
65 27095
65 27237
65 27247
65 27446
65 27523
65 27536
65 27557
65 27572
65 27680
65 27694
65 27980
65 28079
65 28080
65 28133
65 28204
65 28258
65 28469
65 28482
65 28808
65 29062
65 29185
65 29402
65 29404
65 29526
65 30038
65 30249
65 30713
65 30716
65 30916
65 30966
65 31254
65 31409
65 31422
65 31429
65 31511
65 31638
65 31666
65 31739
65 31886
65 31918
65 32007
65 32176
65 32350
65 32372
65 32535
65 32769
65 32868
65 32890
65 32895
65 32903
65 32976
65 33059
65 33284
65 33385
65 33431
65 33800
65 33906
65 34070
65 34115
65 34270
65 34405
65 34448
65 34736
65 34739
65 34871
65 34916
65 34970
65 35002
65 35198
65 35208
65 35212
65 35270
65 35466
65 35476
65 35555
65 35623
65 35693
65 35909
65 35966
65 36039
65 36132
65 36204
65 36407
65 36474
65 36801
65 36966
65 37050
65 37184
65 37284
65 37466
65 37786
65 37890
65 37987
65 38032
65 38077
65 38078
65 38103
65 38136
65 38276
65 38620
65 38722
65 38751
65 38787
65 38900
65 39040
65 39128
65 39184
65 39410
65 39647
65 39730
65 39789
65 39942
65 40103
65 40238
65 40418
65 40538
65 40565
65 40738
65 40854
65 41146
65 41199
65 41246
65 41398
65 41489
65 41764
65 41789
65 41819
65 41835
65 41973
65 42298
65 42495
65 42524
65 42581
65 42612
65 42849
65 43023
65 43298
65 43309
65 43328
65 43380
65 43562
65 43641
65 43673
65 43985
65 44262
65 44368
65 44381
65 44496
65 44516
65 44531
65 44575
65 44591
65 44661
65 44804
65 45076
65 45148
65 45173
65 45308
65 45376
65 45408
65 45585
65 46029
65 46101
65 46124
65 46255
65 46410
65 46589
65 47407
65 47543
65 47548
65 47670
65 47713
65 47792
65 47815
65 47933
65 48149
65 48196
65 48279
65 48345
65 48484
65 48517
65 48956
65 48974
65 48981
65 49014
65 49247
65 49372
65 49394
65 49459
65 49550
65 49672
65 49745
65 49833
65 49882
65 50055
65 50058
65 50096
65 50299
65 50407
57 4
57 13
57 94
57 163
57 261
57 309
57 357
57 387
57 527
57 572
57 671
57 706
57 740
57 767
57 783
57 790
57 816
57 819
57 854
57 896
57 977
57 1036
57 1085
57 1264
57 1341
57 1351
57 1484
57 1564
57 1588
57 1675
57 1710
57 1965
57 2017
57 2052
57 2197
57 2351
57 2387
57 2454
57 2477
57 2546
57 2880
57 3010
57 3275
57 3311
57 3328
57 3339
57 3414
57 3609
57 3628
57 3648
57 3752
57 3823
57 3843
57 3881
57 3904
57 4011
57 4180
57 4316
57 4349
57 4385
57 4436
57 4524
57 4531
57 4565
57 4619
57 4799
57 4872
57 4874
57 4951
57 5026
57 5043
57 5177
57 5687
57 5759
57 5864
57 5923
57 5972
57 6005
57 6059
57 6148
57 6172
57 6177
57 6203
57 6320
57 6440
57 6571
57 6735
57 6827
57 6839
57 6852
57 6893
57 6908
57 6931
57 6936
57 6960
57 7020
57 7043
57 7148
57 7196
57 7244
57 7289
57 7339
57 7437
57 7445
57 7477
57 7631
57 7702
57 7736
57 8173
57 8262
57 8329
57 8358
57 8486
57 8632
57 8693
57 8748
57 8903
57 8915
57 8941
57 9138
57 9214
57 9217
57 9293
57 9312
57 9385
57 9460
57 9606
57 9686
57 9748
57 9835
57 9873
57 9957
57 10096
57 10229
57 10233
57 10315
57 10372
57 10435
57 10519
57 10521
57 10538
57 10604
57 10711
57 10732
57 10838
57 10863
57 10944
57 10957
57 11123
57 11126
57 11151
57 11207
57 11260
57 11265
57 11403
57 11565
57 11658
57 11736
57 11939
57 11976
57 12041
57 12082
57 12128
57 12132
57 12494
57 12705
57 12710
57 12780
57 12821
57 12903
57 13143
57 13301
57 13401
57 13662
57 13690
57 13703
57 13932
57 14059
57 14074
57 14218
57 14328
57 14343
57 14421
57 14468
57 14472
57 14665
57 14986
57 14992
57 15050
57 15070
57 15072
57 15354
57 15386
57 15483
57 15775
57 15850
57 15920
57 15938
57 16081
57 16082
57 16157
57 16202
57 16209
57 16236
57 16514
57 16563
57 16741
57 16779
57 16881
57 17094
57 17120
57 17143
57 17311
57 17380
57 17452
57 17530
57 17540
57 17601
57 17636
57 17683
57 17794
57 17813
57 17886
57 17954
57 18071
57 18116
57 18192
57 18222
57 18303
57 18621
57 18730
57 18787
57 18875
57 18917
57 18935
57 18999
57 19112
57 19459
57 19472
57 19581
57 19629
57 19944
57 20047
57 20073
57 20281
57 20453
57 20469
57 20477
57 20595
57 20632
57 20821
57 20902
57 21032
57 21064
57 21068
57 21220
57 21364
57 21571
57 21630
57 21696
57 21706
57 21868
57 21908
57 21924
57 21932
57 21979
57 22165
57 22208
57 22265
57 22335
57 22340
57 22403
57 22416
57 22518
57 22582
57 22707
57 22718
57 22762
57 22791
57 22844
57 22876
57 22965
57 23065
57 23227
57 23312
57 23317
57 23550
57 23563
57 23762
57 23765
57 23773
57 23779
57 24098
57 24130
57 24139
57 24238
57 24459
57 24519
57 24687
57 24713
57 24852
57 24869
57 24873
57 24874
57 25173
57 25198
57 25233
57 25269
57 25318
57 25405
57 25459
57 25464
57 25631
57 25653
57 25767
57 25804
57 25892
57 26082
57 26129
57 26245
57 26383
57 26389
57 26538
57 26647
57 26720
57 26799
57 26867
57 26877
57 26896
57 26933
57 27004
57 27093
57 27255
57 27272
57 27317
57 27356
57 27405
57 27596
57 27842
57 27864
57 27893
57 28036
57 28162
57 28265
57 28316
57 28328
57 28420
57 28441
57 28544
57 28588
57 28751
57 28906
57 29100
57 29235
57 29290
57 29467
57 29480
57 29723
57 29759
57 29855
57 29970
57 29979
57 30005
57 30090
57 30237
57 30302
57 30460
57 30703
57 30757
57 30920
57 31101
57 31330
57 31342
57 31376
57 31492
57 31627
57 31672
57 31734
57 31761
57 31805
57 31926
57 32056
57 32237
57 32242
57 32369
57 32450
57 32837
57 32954
57 33380
57 33517
57 33719
57 33724
57 33744
57 33753
57 33811
57 33914
57 34142
57 34265
57 34406
57 34446
57 34645
57 34819
57 34963
57 35023
57 35026
57 35080
57 35098
57 35156
57 35335
57 35385
57 35421
57 35548
57 35658
57 35672
57 35846
57 36029
57 36085
57 36176
57 36187
57 36277
57 36348
57 36360
57 36371
57 36378
57 36401
57 36495
57 36535
57 36673
57 37042
57 37066
57 37106
57 37160
57 37167
57 37180
57 37200
57 37265
57 37281
57 37324
57 37423
57 37484
57 37678
57 37684
57 37688
57 37901
57 38044
57 38235
57 38291
57 38625
57 38648
57 38701
57 38844
57 38997
57 39200
57 39265
57 39364
57 39388
57 39454
57 39615
57 39674
57 39742
57 39775
57 39846
57 39857
57 39967
57 39985
57 40074
57 40177
57 40351
57 40382
57 40400
57 40792
57 40910
57 41022
57 41072
57 41287
57 41403
57 41648
57 41893
57 41907
57 41950
57 41972
57 42014
57 42020
57 42042
57 42043
57 42258
57 42286
57 42360
57 42383
57 42486
57 42582
57 42740
57 42780
57 43084
57 43227
57 43381
57 43408
57 43456
57 43752
57 43821
57 43830
57 44072
57 44318
57 44420
57 44525
57 44539
57 45134
57 45140
57 45211
57 45252
57 45256
57 45352
57 45586
57 45658
57 45708
57 45748
57 45912
57 45922
57 45979
57 46108
57 46317
57 46442
57 46482
57 46590
57 46691
57 46699
57 46844
57 46882
57 47060
57 47094
57 47157
57 47159
57 47254
57 47264
57 47371
57 47628
57 47794
57 47881
57 47994
57 48135
57 48224
57 48282
57 48363
57 48592
57 48624
57 48680
57 48758
57 48919
57 49208
57 49247
57 49334
57 49525
57 49542
57 49676
57 49700
57 49711
57 49853
57 49963
57 50002
57 50017
57 50102
57 50127
57 50224
57 50236
57 50323
57 50418
57 50592
57 50637
57 50644
57 50679
57 51117
57 51146
57 51240
57 51342
57 51405
57 51663
57 51985
57 52066
57 52185
57 52258
57 52302
57 52483
57 52486
57 52487
57 52502
57 52542
57 52604
57 52746
57 52989
57 53081
57 53095
57 53106
57 53269
57 53916
52 96
52 104
52 337
52 488
52 624
52 697
52 990
52 1207
52 1352
52 1437
52 1472
52 1558
52 1597
52 1620
52 1630
52 1753
52 1797
52 1870
52 1959
52 1982
52 1984
52 2075
52 2172
52 2203
52 2350
52 2573
52 2644
52 2651
52 2675
52 2826
52 2953
52 3511
52 3602
52 3619
52 3677
52 3929
52 3980
52 4016
52 4315
52 4438
52 4451
52 4512
52 4740
52 4815
52 4825
52 4870
52 5022
52 5047
52 5055
52 5086
52 5243
52 5254
52 5281
52 5319
52 5461
52 5491
52 5579
52 5590
52 5870
52 5959
52 6197
52 6201
52 6728
52 6753
52 6795
52 7055
52 7132
52 7337
52 7524
52 7561
52 7569
52 7590
52 7717
52 7724
52 7728
52 7796
52 7873
52 7971
52 7975
52 7988
52 8035
52 8304
52 8397
52 8508
52 8528
52 8534
52 8536
52 8625
52 8684
52 8702
52 8859
52 8865
52 8879
52 8885
52 8912
52 8977
52 8999
52 9018
52 9084
52 9109
52 9266
52 9315
52 9341
52 9363
52 9373
52 9385
52 9488
52 9510
52 9548
52 9644
52 9665
52 9728
52 9822
52 10172
52 10360
52 10396
52 10461
52 10585
52 10608
52 10700
52 10891
52 10947
52 10956
52 10977
52 11046
52 11149
52 11215
52 11301
52 11321
52 11351
52 11486
52 11509
52 11575
52 11577
52 11611
52 11678
52 11791
52 11794
52 11892
52 12003
52 12071
52 12140
52 12226
52 12368
52 12463
52 12468
52 12533
52 12633
52 12650
52 12886
52 12910
52 13279
52 13284
52 13344
52 13575
52 13581
52 13792
52 13874
52 13905
52 14050
52 14201
52 14265
52 14314
52 14349
52 14434
52 14668
52 14738
52 15024
52 15187
52 15234
52 15266
52 15292
52 15328
52 15349
52 15387
52 15499
52 15503
52 15532
52 15647
52 15719
52 15830
52 15860
52 15913
52 15965
52 16006
52 16130
52 16310
52 16350
52 16353
52 16386
52 16459
52 16531
52 16554
52 16812
52 16931
52 17042
52 17090
52 17317
52 17362
52 17537
52 17545
52 17626
52 17702
52 17784
52 17790
52 17817
52 17935
52 18000
52 18012
52 18028
52 18057
52 18059
52 18158
52 18306
52 18367
52 19085
52 19091
52 19365
52 19583
52 19632
52 19849
52 19910
52 20197
52 20232
52 20235
52 20465
52 20484
52 20628
52 20667
52 20808
52 20810
52 21065
52 21111
52 21125
52 21211
52 21355
52 21367
52 21435
52 21449
52 21534
52 21677
52 21722
52 21845
52 21971
52 21992
52 22098
52 22216
52 22250
52 22294
52 22430
52 22673
52 22683
52 22779
52 22801
52 22915
52 22957
52 23054
52 23063
52 23214
52 23370
52 23379
52 23456
52 23560
52 23647
52 23704
52 23869
52 23983
52 24049
52 24075
52 24139
52 24261
52 24284
52 24335
52 24419
52 24498
52 24506
52 24536
52 24588
52 24717
52 24871
52 24897
52 24933
52 25082
52 25416
52 25502
52 25580
52 25811
52 25834
52 25948
52 25959
52 25965
52 26069
52 26158
52 26200
52 26348
52 26385
52 26443
52 26675
52 26728
52 26833
52 26904
52 27120
52 27147
52 27374
52 27400
52 27444
52 27774
52 27794
52 27914
52 27941
52 27977
52 28128
52 28142
52 28167
52 28353
52 28419
52 28524
52 28565
52 28628
52 29248
52 29254
52 29490
52 29623
52 29754
52 29936
52 30019
52 30095
52 30182
52 30700
52 30736
52 30859
52 30994
52 31244
52 31338
52 31363
52 31378
52 31507
52 31539
52 31875
52 32061
52 32068
52 32074
52 32231
52 32243
52 32287
52 32324
52 32374
52 32420
52 32496
52 32782
52 32856
52 32857
52 32902
52 32915
52 33024
52 33037
52 33046
52 33072
52 33083
52 33139
52 33269
52 33278
52 33348
52 33361
52 33428
52 33505
52 33510
52 33546
52 33574
52 33734
52 33736
52 33829
52 33947
52 33976
52 33989
52 34075
52 34250
52 34284
52 34293
52 34384
52 34473
52 34562
52 34570
52 34598
52 34731
52 34745
52 34806
52 34898
52 35072
52 35277
52 35292
52 35307
52 35319
52 35450
52 35477
52 35530
52 35552
52 35683
52 35710
52 35721
52 35870
52 36020
52 36045
52 36092
52 36277
52 36334
52 36404
52 36500
52 36516
52 36522
52 36547
52 36605
52 36632
52 36687
52 36783
52 36901
52 36916
52 36933
52 36964
52 36980
52 37192
52 37240
52 37339
52 37673
52 37741
52 37747
52 37845
52 37948
52 38032
52 38110
52 38133
52 38135
52 38230
52 38304
52 38382
52 38501
52 38720
52 38808
52 38821
52 38910
52 38919
52 38930
52 38981
52 39044
52 39455
52 39532
52 39617
52 39728
52 39875
52 39932
52 40006
52 40022
52 40076
52 40196
52 40419
52 40506
52 40521
52 40585
52 40675
52 40728
52 40729
52 41006
52 41030
52 41043
52 41075
52 41167
52 41495
52 41517
52 41570
52 41704
52 42116
52 42339
52 42357
52 42575
52 42588
52 42639
52 42642
52 42651
52 42778
52 43033
52 43135
52 43313
52 43371
52 43451
52 43455
52 43687
52 45019
52 45386
52 45428
52 45462
52 45485
52 45663
52 45807
52 45937
52 46092
52 46179
52 46185
52 46247
52 46387
52 46527
52 46584
52 46676
52 46778
52 46779
52 46836
52 47129
52 47262
52 47318
52 47392
52 47398
52 47508
52 47531
52 47774
52 47839
52 47946
52 48096
52 48305
52 48413
52 48471
52 48742
52 48817
52 49113
52 49271
52 49284
52 49439
52 49817
52 49949
52 50116
52 50205
52 50313
52 50342
52 50345
52 50438
52 50561
52 50628
52 50682
52 50908
52 50923
52 51027
52 51166
52 51686
52 51695
52 51859
52 51910
52 52042
52 52099
52 52718
52 52725
52 52782
52 52820
52 53312
52 53338
52 53518
52 53632
52 53750
52 53773
52 53856
52 53890
52 54014
52 54036
52 54062
52 54170
52 54184
52 54228
52 54350
52 54489
52 54711
52 54747
52 54795
52 54811
52 54824
52 54956
52 55000
52 55059
52 55386
52 55699
52 55781
52 56039
52 56123
52 56307
52 56354
52 56378
52 56380
52 56479
52 56555
52 56731
52 56756
52 56757
52 56812
52 56943
52 57078
52 57098
52 57121
52 57131
52 57140
52 57520
52 57695
52 57707
52 57793
52 57802
52 57803
52 57815
52 57859
52 57884
52 58148
52 58188
52 58198
52 58210
52 58394
52 58431
52 58589
52 58642
52 58676
52 58684
52 58820
52 58837
52 58909
52 59032
52 59035
52 59119
52 59179
52 59250
52 59258
52 59371
52 59448
52 59479
52 59592
52 59684
52 59844
52 59912
52 59919
52 59988
52 60040
52 60053
52 60178
52 60267
52 60276
52 60307
52 60352
52 60430
52 60721
52 60784
52 60821
52 60850
52 60911
52 61016
52 61129
52 61168
52 61216
52 61267
52 61433
52 61722
52 61928
52 62211
52 62455
52 62530
52 62573
52 62580
52 62635
52 62749
52 62785
52 63175
52 63364
52 63416
52 63448
52 63575
52 63624
52 63654
52 63687
52 63790
52 63958
52 64056
52 64080
52 64112
52 64184
52 64187
52 64299
52 64556
52 64862
52 64939
52 64974
52 65156
52 65203
52 65317
52 65340
52 65433
52 65449
52 65734
52 65750
52 65826
52 65845
52 65865
52 65990
52 66001
52 66002
52 66133
52 66313
52 66482
58 696
58 779
58 896
58 1151
58 1175
58 1189
58 1273
58 1320
58 1340
58 1342
58 1346
58 1835
58 2001
58 2196
58 2327
58 2336
58 2512
58 2542
58 2578
58 2793
58 2805
58 2808
58 2830
58 3007
58 3100
58 3103
58 3117
58 3213
58 3301
58 3328
58 3391
58 3487
58 3631
58 3684
58 3733
58 3771
58 3856
58 3904
58 3923
58 3976
58 3986
58 4003
58 4031
58 4200
58 4260
58 4272
58 4393
58 4423
58 4428
58 4452
58 4524
58 4576
58 4685
58 5044
58 5149
58 5242
58 5344
58 5348
58 5452
58 5489
58 5637
58 5747
58 6143
58 6436
58 6535
58 6588
58 6609
58 6703
58 6751
58 6869
58 6882
58 6919
58 6957
58 7123
58 7129
58 7164
58 7176
58 7276
58 7293
58 7446
58 7619
58 7702
58 8082
58 8163
58 8181
58 8236
58 8287
58 8296
58 8419
58 8426
58 8487
58 8772
58 8822
58 8829
58 8863
58 8934
58 9385
58 9509
58 9944
58 9946
58 9978
58 10332
58 10347
58 10420
58 10509
58 10522
58 10610
58 10710
58 10744
58 10750
58 10769
58 10794
58 10867
58 10893
58 11133
58 11247
58 11283
58 11314
58 11418
58 11450
58 11535
58 11611
58 11833
58 11915
58 11917
58 11927
58 11947
58 12086
58 12095
58 12140
58 12142
58 12177
58 12359
58 12491
58 12518
58 12572
58 12606
58 12620
58 12673
58 12685
58 12726
58 12921
58 13016
58 13176
58 13184
58 13231
58 13237
58 13335
58 13348
58 13369
58 13441
58 13518
58 13774
58 13965
58 14048
58 14059
58 14159
58 14420
58 14496
58 14666
58 14714
58 14802
58 14874
58 14922
58 14935
58 15248
58 15296
58 15518
58 16159
58 16305
58 16325
58 16418
58 16424
58 16620
58 16719
58 16843
58 16853
58 16892
58 16922
58 17091
58 17210
58 17280
58 17594
58 17595
58 17657
58 17803
58 17844
58 17946
58 18114
58 18169
58 18185
58 18204
58 18381
58 18511
58 18554
58 18707
58 18712
58 18947
58 18970
58 19248
58 19258
58 19299
58 19474
58 19662
58 19819
58 19859
58 19876
58 19949
58 19993
58 20213
58 20450
58 20700
58 20912
58 20920
58 20943
58 20997
58 21391
58 21507
58 21542
58 21681
58 21685
58 21735
58 22130
58 22178
58 22191
58 22240
58 22255
58 22379
58 22600
58 22897
58 22952
58 23080
58 23161
58 23292
58 23303
58 23397
58 23645
58 23988
58 24032
58 24042
58 24544
58 24633
58 24659
58 24661
58 24699
58 24702
58 24710
58 24778
58 24900
58 24936
58 24942
58 24955
58 25009
58 25061
58 25158
58 25238
58 25370
58 25467
58 25468
58 25513
58 25529
58 25632
58 25664
58 25773
58 25961
58 26040
58 26161
58 26185
58 26234
58 26383
58 26387
58 26467
58 26483
58 26570
58 26846
58 26877
58 27120
58 27317
58 27344
58 27396
58 27498
58 27645
58 27756
58 27847
58 27883
58 28209
58 28210
58 28217
58 28274
58 28362
58 28481
58 28752
58 28840
58 28859
58 29005
58 29507
58 29746
58 29773
58 29838
58 29860
58 29983
58 30217
58 30271
58 30357
58 30370
58 30588
58 30663
58 30720
58 30724
58 30886
58 31129
58 31219
58 31295
58 31315
58 31340
58 31355
58 31362
58 31497
58 31511
58 31593
58 31645
58 31646
58 31692
58 31747
58 31781
58 31786
58 31849
58 31949
58 32131
58 32132
58 32148
58 32300
58 32328
58 32401
58 32596
58 32634
58 32953
58 32980
58 32986
58 33051
58 33077
58 33097
58 33115
58 33205
58 33222
58 33432
58 33433
58 33557
58 33587
58 33641
58 33721
58 33759
58 33760
58 33846
58 33940
58 33982
58 34069
58 34073
58 34139
58 34309
58 34530
58 34603
58 34642
58 34774
58 34776
58 34866
58 34942
58 35077
58 35234
58 35237
58 35324
58 35403
58 35524
58 35587
58 35643
58 35703
58 35707
58 35720
58 35776
58 35858
58 35889
58 35944
58 35969
58 36071
58 36107
58 36144
58 36179
58 36285
58 36403
58 36490
58 36505
58 36556
58 36779
58 36796
58 36948
58 37122
58 37144
58 37159
58 37259
58 37330
58 37335
58 37385
58 37415
58 37529
58 37538
58 37646
58 37721
58 37829
58 37866
58 37896
58 37916
58 37950
58 38059
58 38075
58 38313
58 38349
58 38450
58 38539
58 38592
58 38841
58 38992
58 39106
58 39215
58 39250
58 39363
58 39485
58 39501
58 39750
58 39882
58 39886
58 40135
58 40201
58 40454
58 40533
58 40667
58 40673
58 40779
58 40828
58 40900
58 40980
58 41001
58 41016
58 41051
58 41081
58 41277
58 41298
58 41313
58 41339
58 41648
58 41695
58 41746
58 41776
58 41844
58 41867
58 41904
58 42043
58 42084
58 42135
58 42236
58 42758
58 42788
58 42791
58 42865
58 42954
58 43034
58 43201
58 43233
58 43239
58 43270
58 43284
58 43368
58 43519
58 43580
58 43646
58 43820
58 43861
58 43909
58 43990
58 44062
58 44076
58 44381
58 44423
58 44467
58 44474
58 44819
58 44840
58 44854
58 44997
58 45027
58 45206
58 45451
58 45488
58 45631
58 45833
58 45834
58 45867
58 45887
58 45904
58 45979
58 46022
58 46269
58 46480
58 46605
58 46865
58 47097
58 47220
58 47452
58 47709
58 47724
58 47749
58 47760
58 47816
58 47825
58 48021
58 48133
58 48250
58 48256
58 48275
58 48278
58 48412
58 48627
58 48642
58 48882
58 48919
58 48959
58 49030
58 49192
58 49195
58 49231
58 49236
58 49334
58 49395
58 49459
58 49535
58 49585
58 49592
58 49600
58 49664
58 49671
58 49860
58 49861
58 49879
58 49958
58 50057
58 50076
58 50170
58 50192
58 50414
58 50478
58 50701
58 50773
58 50919
58 51034
58 51101
58 51340
58 51401
58 51431
58 51463
58 51500
58 51798
58 51806
58 52127
58 52190
58 52284
58 52411
58 52491
58 52510
58 52558
58 52660
58 52668
58 52948
58 52980
58 53096
58 53271
58 53530
58 53551
58 53554
58 53827
58 53865
58 54019
58 54049
58 54050
58 54160
58 54359
58 54377
58 54416
58 54459
58 54542
58 54569
58 54595
58 54660
58 54732
58 54888
58 55019
58 55091
58 55114
58 55250
58 55281
58 55413
58 55660
58 55722
58 55822
58 55990
58 56062
58 56111
58 56208
58 56213
58 56236
58 56340
58 56405
58 56439
58 56504
58 56511
58 56518
58 56538
58 56577
58 56700
58 56731
58 56802
58 56846
58 57059
58 57076
58 57135
58 57155
58 57323
58 57389
58 57502
58 57593
58 57829
58 57974
58 58161
58 58163
58 58278
58 58360
58 58420
58 58510
58 58578
58 58596
58 58672
58 58690
58 58694
58 58795
58 59071
58 59719
58 59791
58 59846
58 59850
58 60020
58 60113
58 60182
58 60303
58 60342
58 60490
58 60504
58 60650
58 60777
58 60988
58 61122
58 61215
58 61270
58 61382
58 61425
58 61500
58 61521
58 61754
58 61793
58 61928
58 61957
58 62104
58 62151
58 62154
58 62229
58 62259
58 62327
58 62339
58 62374
58 62431
58 62451
58 62819
58 62856
58 63527
58 63547
58 63743
58 63792
58 64007
58 64090
58 64163
58 64305
58 64516
58 64523
58 64529
58 64664
58 64696
58 64933
58 64982
58 65052
58 65065
58 65238
58 65419
58 65420
58 65493
58 65611
58 66105
58 66149
58 66178
58 66188
58 66330
58 66352
58 66369
58 66661
58 66708
58 66998
58 67013
58 67035
58 67073
58 67284
58 67336
58 67822
58 67986
58 68007
58 68020
58 68056
58 68171
58 68274
58 68321
58 68331
58 68369
58 68837
58 68870
58 68908
58 69034
58 69040
58 69114
58 69196
58 69328
58 69336
58 69428
58 69596
58 69639
58 69928
58 69961
58 69976
58 69980
58 70014
58 70238
58 70296
58 70507
58 70699
58 70962
58 70981
58 70997
58 71125
58 71202
58 71215
58 71241
58 71250
58 71275
58 71292
58 71360
58 71537
58 71639
58 71767
58 71776
58 71836
58 71886
58 71972
58 72037
58 72136
58 72281
58 72359
58 72492
58 72573
58 72594
58 72637
58 72647
58 72825
58 72834
58 72848
58 72863
58 72931
58 73488
58 73527
58 73539
58 73563
58 73732
58 73850
58 73881
58 73954
58 74029
58 74144
58 74226
58 74265
58 74355
58 74371
58 74428
58 74526
58 74647
58 74828
58 74902
58 75036
58 75084
58 75095
58 75327
58 75349
58 75440
58 75476
58 75579
58 75734
58 75751
58 75753
58 75806
58 75996
58 76155
58 76233
58 76296
58 76378
58 76483
58 76544
58 76584
58 76667
58 76754
58 77033
58 77125
58 77127
58 77148
58 77158
58 77343
58 77359
58 77366
58 77396
58 77485
58 77578
58 77626
58 77634
58 77674
58 77763
58 77784
58 77868
58 78039
58 78191
58 78408
58 78604
58 78666
58 78903
58 79035
58 79138
58 79367
58 79394
58 79578
58 79663
58 79849
58 79864
58 79929
58 80080
58 80108
58 80311
58 80315
58 80409
58 80498
58 80638
58 80686
58 80701
58 80738
58 80781
58 80796
58 80880
58 81062
58 81128
58 81218
58 81265
58 81320
58 81410
58 81426
58 81667
58 81692
58 81729
58 81873
58 81998
58 82233
58 82264
58 82533
58 82877
58 82922
58 82930
58 83004
58 83263
58 83597
58 83620
58 83707
58 83809
58 83937
58 84039
58 84059
58 84066
58 84416
58 84476
58 84581
58 84846
58 84868
58 84954
58 85005
58 85219
58 85237
58 85304
58 85485
58 85589
58 85689
58 85757
58 85766
58 85818
58 85869
58 86045
58 86136
58 86157
58 86247
58 86281
58 86325
58 86424
58 86432
58 86452
58 86488
58 86517
58 86535
58 86569
58 86592
58 86640
58 86668
58 86728
58 86767
58 86907
58 87003
58 87068
58 87332
58 87374
58 87418
58 87557
58 87794
58 87927
58 88085
58 88309
58 88514
58 88611
58 88650
58 88663
58 88732
58 88749
58 88754
58 88843
58 88857
58 88962
58 88991
58 89031
58 89061
58 89062
58 89121
58 89155
58 89270
58 89461
58 89500
58 89561
58 89567
58 89698
58 89713
58 89746
58 89760
58 89821
58 89846
58 89985
58 90048
58 90097
58 90182
58 90218
58 90253
58 90258
58 90355
58 90371
58 90531
58 90556
58 90563
58 90845
58 90942
58 91124
58 91131
58 91175
58 91188
58 91311
58 91327
58 91368
58 91402
58 91432
58 91535
58 91743
58 91896
58 92117
58 92190
58 92381
58 92396
58 92683
58 92737
58 93042
58 93105
58 93197
58 93204
58 93308
58 93343
58 93944
58 93954
58 94134
58 94264
58 94280
58 94328
58 94430
58 94654
58 94797
58 94914
58 95011
58 95145
58 95274
58 95352
58 95535
58 95614
58 95890
58 95936
58 95956
58 96019
58 96020
58 96076
58 96106
58 96250
58 96392
58 96521
58 96625
58 96638
58 96688
58 96709
58 96850
58 97126
58 97218
58 97352
58 97363
58 97374
58 97380
58 97743
58 97755
58 97833
58 97848
58 97934
58 98269
58 98284
58 98364
58 98417
58 98571
58 98630
58 98661
58 98818
58 98847
58 98928
58 98953
58 98998
58 99025
58 99167
58 99185
58 99320
58 99354
58 99406
58 99417
58 99419
58 99437
58 99453
58 99500
58 99593
58 99620
58 99689
58 99854
58 99855
58 99955
58 99961
58 100101
58 100125
58 100292
58 100429
58 100538
58 100724
58 100794
58 100877
58 100897
58 100912
58 100953
58 101045
58 101165
58 101250
58 101301
58 101401
58 101529
58 101534
58 101573
58 101719
58 101722
58 101752
58 101778
58 101799
58 101846
58 101876
58 101891
58 101894
58 101919
58 102023
58 102035
58 102342
58 102364
58 102388
58 102446
58 102468
58 102583
58 102798
58 102943
58 103180
58 103212
58 103382
58 103451
58 103583
58 103608
58 103763
58 103831
58 103866
58 103993
58 104034
58 104043
58 104388
58 104390
58 104622
58 104717
58 104733
58 104798
58 104847
58 104877
58 104888
58 104952
58 105136
58 105299
58 105413
58 105623
58 105702
58 105767
58 106007
58 106139
58 106268
58 106269
58 106434
58 106487
58 106491
58 106571
58 106632
58 106660
58 107046
58 107206
58 107254
58 107280
58 107508
58 107635
58 107759
58 107768
58 107792
58 108074
58 108162
58 108252
58 108283
58 108471
58 108674
58 108686
58 108749
58 108753
58 108777
58 108797
58 109030
58 109083
58 109139
58 109286
58 109386
58 109441
58 109517
58 109584
58 109588
58 109623
58 109745
58 109854
58 109899
58 109915
58 110004
58 110308
58 110339
58 110343
58 110418
58 110503
58 110859
58 110873
58 110963
58 110982
58 111036
58 111080
58 111101
58 111232
58 111285
58 111362
58 111499
58 111579
58 111656
58 111780
58 111828
58 111947
58 111995
58 112097
58 112239
58 112285
58 112388
58 112484
58 112552
58 112754
58 112830
58 112933
58 112936
58 112965
58 113033
58 113291
58 113294
58 113589
58 113676
58 113748
58 113867
58 113949
58 113975
58 114053
58 114154
58 114158
58 114225
58 114263
58 114296
58 114384
58 114437
58 114440
58 114451
58 114467
58 114566
58 114598
58 114710
58 114742
58 114761
58 114837
58 114901
58 115051
58 115241
58 115371
58 115799
58 115808
58 115813
58 115923
58 116021
58 116533
58 116535
58 116562
58 116603
58 116626
58 116764
58 116768
58 116831
58 116878
58 117006
58 117056
58 117193
58 117302
58 117324
58 117343
58 117766
58 117857
58 118122
58 118129
58 118710
58 118747
58 118764
58 118989
58 119136
58 119168
58 119179
58 119327
58 119340
58 119645
58 119684
58 119811
58 119952
58 120072
58 120078
58 120097
58 120150
58 120224
58 120338
58 120393
58 120455
58 120474
58 120553
58 120772
58 120851
58 120900
58 120936
58 121009
58 121012
58 121084
58 121206
58 121224
58 121259
58 121281
58 121545
58 121583
58 121640
58 121766
58 121989
58 122066
58 122169
58 122304
58 122311
58 122320
58 122564
58 122571
58 122595
58 122754
58 122764
58 122902
58 122971
58 123091
58 123137
58 123198
58 123234
58 123316
58 123481
58 123529
58 123597
58 123637
58 124232
58 124310
58 124647
58 124782
58 124896
58 124934
58 124967
58 125171
58 125270
58 125304
58 125315
58 125470
58 125768
58 125866
58 125884
58 126054
58 126176
58 126251
58 126530
58 126590
58 126657
58 126750
58 126809
58 126922
58 126927
58 126984
58 126986
58 127028
58 127046
58 127047
58 127181
58 127204
58 127365
58 127577
58 127725
58 127737
58 127746
58 127789
58 127877
58 127928
58 127982
58 127993
58 128275
58 128322
58 128362
58 128423
58 128479
58 128482
58 128659
58 128677
58 128822
58 128899
58 128959
58 129107
58 129166
58 129230
58 129606
58 129610
58 129620
58 129771
58 129832
58 129986
58 130030
58 130044
58 130065
58 130136
58 130243
58 130415
58 130446
58 130514
58 130518
58 130560
58 130596
58 130645
58 130823
58 130829
58 130868
58 130911
58 131025
58 131094
58 131166
58 131240
58 131296
58 131357
58 131419
58 131450
58 131696
58 131727
58 131778
58 131905
58 131996
58 132066
58 132139
58 132176
58 132233
58 132289
58 132357
58 132438
58 132451
58 132518
58 132617
58 132672
58 132685
58 132803
58 133015
58 133146
58 133401
58 133663
58 133729
58 133904
58 133905
58 133941
58 134224
58 134266
58 134289
60 12
60 92
60 327
60 594
60 731
60 1309
60 1332
60 1403
60 1592
60 1602
60 1820
60 1953
60 2019
60 2064
60 2098
60 2271
60 2381
60 2526
60 2534
60 2535
60 2752
60 2893
60 3095
60 3185
60 3250
60 3253
60 3328
60 3444
60 3627
60 3631
60 3632
60 3748
60 3760
60 3919
60 3944
60 3959
60 3989
60 4020
60 4187
60 4245
60 4484
60 4582
60 4672
60 4706
60 4707
60 4773
60 4974
60 5267
60 5276
60 5331
60 5501
60 5893
60 5895
60 6228
60 6466
60 6522
60 6764
60 6873
60 6960
60 6991
60 7072
60 7260
60 7325
60 7529
60 7793
60 8104
60 8207
60 8494
60 8587
60 8605
60 8709
60 8883
60 8910
60 9082
60 9244
60 9388
60 9397
60 9407
60 9418
60 9817
60 9835
60 9893
60 10116
60 10168
60 10430
60 10439
60 10530
60 10543
60 10783
60 10821
60 10879
60 10885
60 10942
60 10954
60 11057
60 11211
60 11348
60 11423
60 11480
60 11505
60 11756
60 11808
60 11841
60 11934
60 11942
60 12022
60 12030
60 12148
60 12215
60 12343
60 12399
60 12521
60 12552
60 12731
60 12910
60 13062
60 13281
60 13302
60 13305
60 13312
60 13532
60 13719
60 13741
60 14161
60 14212
60 14225
60 14329
60 14340
60 14470
60 14495
60 14498
60 14583
60 14684
60 14716
60 15089
60 15091
60 15376
60 15485
60 15492
60 15545
60 15568
60 15581
60 15728
60 15745
60 15774
60 15799
60 15818
60 15821
60 15881
60 16040
60 16114
60 16150
60 16390
60 16416
60 16452
60 16514
60 17068
60 17521
60 17524
60 17526
60 17528
60 17542
60 17633
60 17710
60 17834
60 18085
60 18112
60 18144
60 18180
60 18223
60 18438
60 18446
60 19011
60 19163
60 19262
60 19427
60 19443
60 19571
60 19627
60 19660
60 19700
60 19845
60 19899
60 19923
60 19934
60 19969
60 20306
60 20331
60 20421
60 20498
60 20499
60 20630
60 20655
60 20766
60 20963
60 20989
60 21053
60 21080
60 21181
60 21324
60 21478
60 21604
60 21612
60 21669
60 21721
60 21876
60 21971
60 22118
60 22284
60 22448
60 22455
60 22567
60 22609
60 22758
60 22885
60 23079
60 23080
60 23204
60 23349
60 23596
60 23727
60 23807
60 23875
60 24100
60 24125
60 24154
60 24396
60 24555
60 24683
60 24701
60 24963
60 25054
60 25317
60 25374
60 25468
60 25478
60 25499
60 25529
60 25532
60 25581
60 25681
60 25731
60 25753
60 25761
60 25788
60 25849
60 25988
60 26029
60 26104
60 26126
60 26310
60 26393
60 26569
60 26574
60 26623
60 26645
60 26749
60 26764
60 26848
60 26853
60 26884
60 27049
60 27110
60 27114
60 27158
60 27280
60 27306
60 27770
60 27853
60 27856
60 27861
60 27876
60 27966
60 28330
60 28363
60 28401
60 28742
60 28835
60 29015
60 29279
60 29358
60 29407
60 29408
60 29548
60 29582
60 29654
60 29894
60 30045
60 30294
60 30401
60 30429
60 30502
60 30609
60 30843
60 30847
60 30904
60 31113
60 31180
60 31228
60 31233
60 31359
60 31363
60 31369
60 31407
60 31500
60 31681
60 31710
60 32163
60 32256
60 32407
60 32498
60 32500
60 32502
60 32592
60 32696
60 32706
60 32767
60 32937
60 32985
60 33060
60 33069
60 33134
60 33159
60 33256
60 33352
60 33382
60 33453
60 33546
60 33777
60 33846
60 33937
60 33971
60 34132
60 34247
60 34264
60 34267
60 34355
60 34455
60 34540
60 34589
60 34791
60 34827
60 34850
60 34909
60 34951
60 35162
60 35241
60 35368
60 35496
60 35668
60 35840
60 36025
60 36095
60 36105
60 36168
60 36326
60 36337
60 36602
60 36792
60 36801
60 36981
60 37316
60 37345
60 37530
60 37572
60 37589
60 37597
60 37775
60 37808
60 37843
60 37916
60 37942
60 38006
60 38026
60 38076
60 38245
60 38264
60 38370
60 38440
60 38448
60 38983
60 39600
60 39790
60 39812
60 39844
60 39851
60 39971
60 40116
60 40122
60 40176
60 40194
60 40211
60 40282
60 40567
60 40581
60 40623
60 40700
60 40859
60 40868
60 40947
60 40956
60 41068
60 41084
60 41098
60 41464
60 41750
60 41795
60 41838
60 41910
60 41999
60 42005
60 42098
60 42131
60 42145
60 42225
60 42228
60 42327
60 42378
60 42396
60 42412
60 42448
60 42475
60 42496
60 42508
60 42532
60 42583
60 42589
60 42636
60 43041
60 43083
60 43093
60 43128
60 43341
60 43481
60 43683
60 43687
60 43697
60 43698
60 43724
60 43728
60 43836
60 43857
60 43874
60 43956
60 44005
60 44062
60 44322
60 44451
60 44457
60 44463
60 44479
60 44498
60 44536
60 44661
60 44800
60 44835
60 45152
60 45220
60 45316
60 45382
60 45481
60 45557
60 45638
60 45666
60 45753
60 45799
60 45810
60 45825
60 45900
60 45914
60 45991
60 46024
60 46172
60 46181
60 46218
60 46299
60 46713
60 46886
60 46925
60 47048
60 47205
60 47277
60 47282
60 47514
60 47586
60 47734
60 47846
60 47947
60 47949
60 48107
60 48212
60 48305
60 48349
60 48455
60 48627
60 48628
60 48854
60 48994
60 49072
60 49086
60 49105
60 49178
60 49197
60 49219
60 49225
60 49293
60 49411
60 49449
60 49553
60 49570
60 49800
60 49803
60 49836
60 49888
60 49939
60 49960
60 49984
60 50003
60 50052
60 50173
60 50253
60 50269
60 50283
60 50300
60 50335
60 50426
60 50487
60 50489
60 50657
60 50762
60 51055
60 51151
60 51211
60 51246
60 51397
60 51466
60 51540
60 51607
60 51630
60 51642
60 51727
60 51874
60 51970
60 52256
60 52622
60 52908
60 52913
60 53084
60 53108
60 53212
60 53335
60 53398
60 53403
60 53591
60 53683
60 53832
60 53921
60 54013
60 54116
60 54433
60 54510
60 54589
60 54598
60 54840
60 54957
60 55221
60 55287
60 55550
60 55706
60 55737
60 55922
60 55934
60 56114
60 56136
60 56243
60 56308
60 56418
60 56427
60 56519
60 56642
60 56671
60 56714
60 56784
60 56959
60 57092
60 57098
60 57269
60 57461
60 57478
60 57564
60 57607
60 57613
60 57643
60 57677
60 57703
60 57858
60 57884
60 57969
60 58083
60 58150
60 58219
60 58279
60 58340
60 58496
60 58699
60 58802
60 58903
60 58920
60 58947
60 59014
60 59032
60 59129
60 59187
60 59197
60 59264
60 59380
60 59658
60 59761
60 59776
60 59838
60 59906
60 60005
60 60077
60 60084
60 60207
60 60274
60 60353
60 60493
60 60752
60 60874
60 60876
60 60916
60 60973
60 61018
60 61125
60 61271
60 61317
60 61342
60 61400
60 61451
60 61522
60 61811
60 61961
60 61973
60 62017
60 62113
60 62400
60 62482
60 62509
60 62514
60 62552
60 62839
60 62870
60 63017
60 63165
60 63358
60 63369
60 63419
60 63466
60 63606
60 63674
60 63704
60 63726
60 63887
60 63895
60 63996
60 63998
60 64022
60 64196
60 64225
60 64351
60 64425
60 64506
60 64509
60 64558
60 64657
60 64819
60 64862
60 64923
60 64986
60 65105
60 65124
60 65202
60 65240
60 65402
60 65500
60 65615
60 65656
60 65770
60 65784
60 65833
60 65860
60 65887
60 65895
60 65924
60 65961
60 66057
60 66059
60 66061
60 66137
60 66210
60 66216
60 66246
60 66264
60 66376
60 66462
60 66760
60 66857
60 67045
60 67185
60 67243
60 67339
60 67395
60 67535
60 67562
60 67607
60 67683
60 68340
60 68403
60 68418
60 68425
60 68464
60 68749
60 68823
60 68871
60 68873
60 68894
60 68985
60 69199
60 69328
60 69375
60 69391
60 69457
60 69567
60 69799
60 70075
60 70148
60 70192
60 70227
60 70476
60 70523
60 70524
60 70548
60 70554
60 70736
60 70793
60 70817
60 70819
60 70947
60 71019
60 71049
60 71058
60 71175
60 71181
60 71276
60 71473
60 71522
60 71595
60 71816
60 72008
60 72011
60 72067
60 72080
60 72142
60 72218
60 72234
60 72320
60 72445
60 72552
60 72565
60 72675
60 72833
60 72926
60 73248
60 73265
60 73309
60 73377
60 73485
60 73545
60 73665
60 73684
60 73776
60 73909
60 73970
60 74101
60 74287
60 74583
60 74627
60 74893
60 74987
60 75019
60 75035
60 75165
60 75342
60 75569
60 75592
60 75661
60 75969
60 76003
60 76023
60 76212
60 76394
60 76420
60 76600
60 76653
60 76809
60 76880
60 76941
60 76970
60 76976
60 77127
60 77128
60 77177
60 77204
60 77212
60 77313
60 77334
60 77483
60 77666
60 77981
60 78023
60 78112
60 78146
60 78155
60 78172
60 78318
60 78339
60 78341
60 78350
60 78365
60 78436
60 78501
60 78589
60 78604
60 78608
60 78764
60 78811
60 78833
60 78900
60 79030
60 79117
60 79239
60 79386
60 79454
60 79608
60 79696
60 79748
60 79784
60 79806
60 79808
60 79927
60 79942
60 79990
60 80096
60 80108
60 80136
60 80294
60 80305
60 80337
60 80351
60 80379
60 80436
60 80559
60 80565
60 80576
60 80631
60 80778
60 80784
60 80911
60 81014
60 81164
60 81495
60 81643
60 81823
60 81830
60 81858
60 81882
60 82150
60 82154
60 82214
60 82361
60 82426
60 82671
60 82678
60 82707
60 82743
60 82840
60 83000
60 83018
60 83040
60 83243
60 83289
60 83412
60 83423
60 83606
60 83722
60 83804
60 83893
60 84070
60 84228
60 84343
60 84457
60 84694
60 84798
60 84857
60 84896
60 84931
60 84952
60 84962
60 85047
60 85329
60 85357
60 85377
60 85405
60 85440
60 85598
60 86131
60 86140
60 86237
60 86321
60 86494
60 86530
60 86805
60 86814
60 87091
60 87300
60 87352
60 87375
60 87440
60 87490
60 87575
60 87578
60 87608
60 87756
60 87810
60 88127
60 88293
60 88438
60 88439
60 88460
60 88554
60 88596
60 88677
60 88750
60 88779
60 88815
60 88836
60 88878
60 88985
60 89181
60 89203
60 89307
60 90129
60 90157
60 90197
60 90367
60 90413
60 90529
60 90612
60 90622
60 90728
60 90847
60 90940
60 91304
60 91428
60 91539
60 91553
60 91581
60 91789
60 91882
60 91910
60 92029
60 92101
60 92130
60 92246
60 92388
60 92467
60 92480
60 92573
60 92629
60 92659
60 92719
60 92771
60 92799
60 92810
60 92870
60 93035
60 93204
60 93224
60 93279
60 93287
60 93319
60 93392
60 93887
60 93892
60 93915
60 94099
60 94385
60 94416
60 94503
60 94531
60 94759
60 94762
60 94773
60 94794
60 94813
60 95088
60 95147
60 95250
60 95276
60 95298
60 95468
60 95617
60 95698
60 95825
60 95843
60 95971
60 96005
60 96101
60 96199
60 96308
60 96316
60 96332
60 96341
60 96383
60 96440
60 96506
60 96517
60 96599
60 96689
60 96820
60 96848
60 96909
60 96929
60 97010
60 97183
60 97223
60 97270
60 97288
60 97363
60 97402
60 97477
60 97548
60 97603
60 97665
60 97829
60 97873
60 98065
60 98225
60 98229
60 98334
60 98577
60 98584
60 98621
60 98719
60 98736
60 98851
60 98884
60 98944
60 98967
60 99103
60 99145
60 99231
60 99315
60 99338
60 99365
60 99481
60 99542
60 99549
60 99661
60 99664
60 99732
60 99793
60 99957
60 100042
60 100077
60 100145
60 100234
60 100343
60 100380
60 100539
60 100556
60 100585
60 100623
60 100639
60 100645
60 100811
60 100865
60 100940
60 101091
60 101182
60 101194
60 101273
60 101290
60 101414
60 101445
60 101468
60 101505
60 101527
60 101537
60 101541
60 101741
60 101842
60 101845
60 102009
60 102122
60 102173
60 102175
60 102208
60 102230
60 102247
60 102317
60 102322
60 102387
60 102504
60 102547
60 102553
60 102686
60 102704
60 102733
60 103019
60 103074
60 103087
60 103126
60 103258
60 103453
60 103502
60 103908
60 103972
60 104086
60 104171
60 104233
60 104251
60 104412
60 104664
60 104693
60 104747
60 104923
60 105052
60 105092
60 105312
60 105417
60 105735
60 105795
60 105828
60 105865
60 105902
60 105908
60 106125
60 106139
60 106217
60 106224
60 106233
60 106501
60 106513
60 106557
60 106572
60 106575
60 106583
60 106646
60 106759
60 106779
60 106858
60 106872
60 106884
60 106959
60 106986
60 107106
60 107172
60 107195
60 107613
60 107703
60 107769
60 108005
60 108136
60 108142
60 108347
60 108374
60 108407
60 108427
60 108551
60 108571
60 108593
60 108622
60 108834
60 108911
60 108987
60 109073
60 109144
60 109177
60 109250
60 109329
60 109346
60 109375
60 109397
60 109434
60 109435
60 109449
60 109477
60 109613
60 109727
60 109782
60 110002
60 110129
60 110210
60 110220
60 110228
60 110316
60 110435
60 110565
60 110776
60 110909
60 110914
60 111080
60 111324
60 111608
60 111642
60 112058
60 112370
60 112392
60 112457
60 112464
60 112469
60 112515
60 112563
60 112570
60 112588
60 112633
60 112689
60 112823
60 112829
60 112868
60 112892
60 112943
60 113211
60 113227
60 113265
60 113277
60 113354
60 113475
60 113633
60 113984
60 114034
60 114110
60 114275
60 114301
60 114443
60 114769
60 115068
60 115116
60 115218
60 115364
60 115527
60 115618
60 115667
60 115825
60 115849
60 115884
60 115924
60 115960
60 116011
60 116065
60 116093
60 116105
60 116121
60 116229
60 116262
60 116376
60 116497
60 116579
60 116718
60 116773
60 116981
60 117020
60 117093
60 117100
60 117125
60 117231
60 117232
60 117441
60 117471
60 117476
60 117532
60 117692
60 117842
60 117885
60 117935
60 117942
60 118066
60 118269
60 118414
60 118434
60 118737
60 118787
60 118802
60 118827
60 118847
60 118881
60 118896
60 118995
60 119038
60 119134
60 119299
60 119396
60 119428
60 119613
60 119663
60 119728
60 119763
60 119765
60 119827
60 120316
60 120538
60 120656
60 120662
60 120670
60 120781
60 121007
60 121254
60 121344
60 121409
60 121663
60 121708
60 121896
60 122135
60 122270
60 122399
60 122402
60 122413
60 122471
60 122679
60 122763
60 123054
60 123067
60 123127
60 123163
60 123300
60 123439
60 123480
60 123787
60 123822
60 123853
60 123985
60 124029
60 124045
60 124102
60 124123
60 124193
60 124240
60 124516
60 124517
60 124734
60 124738
60 124769
60 124790
60 124802
60 124891
60 124930
60 125031
60 125136
60 125216
60 125322
60 125337
60 125439
60 125557
60 125676
60 125785
60 125824
60 125889
60 125922
60 126076
60 126148
60 126271
60 126700
60 126722
60 126880
60 126941
60 126986
60 126993
60 127341
60 127362
60 127456
60 127465
60 127529
60 127864
60 127916
60 127956
60 128110
60 128246
60 128500
60 128598
60 128757
60 128797
60 128865
60 128936
60 128939
60 129426
60 129471
60 129531
60 129625
60 129683
60 129764
60 129840
60 129947
60 129990
60 130046
60 130087
60 130172
60 130251
60 130255
60 130286
60 130517
60 130530
60 130548
60 130622
60 130690
60 130744
60 130745
60 130879
60 130939
60 131200
60 131270
60 131362
60 131431
60 131442
60 131522
60 131628
60 131669
60 131825
60 131834
60 131840
60 131853
60 132010
60 132235
60 132663
60 132781
60 133009
60 133113
60 133163
60 133188
60 133205
60 133263
60 133332
60 133359
60 133810
60 133960
60 134093
60 134163
60 134234
60 134251
60 134318
60 134411
60 134427
60 134480
60 134924
60 134929
60 134964
60 134967
60 135011
60 135059
60 135089
60 135216
60 135331
60 135466
60 135521
60 135532
60 135944
60 135975
60 136056
60 136168
60 136184
60 136199
60 136208
60 136327
60 136339
60 136440
60 136621
60 136622
60 136623
60 136661
60 136727
60 136753
60 136817
60 136897
60 136957
60 137012
60 137242
60 137275
60 137560
60 137689
60 137704
60 137782
60 137808
60 137866
60 137875
60 137883
60 138164
60 138177
60 138244
60 138388
60 138422
60 138582
60 138636
60 138782
60 138823
60 138831
60 139448
60 139522
60 139573
60 139686
60 139952
60 139960
60 139989
60 139998
60 140012
60 140061
55 18
55 68
55 112
55 180
55 289
55 315
55 334
55 425
55 596
55 632
55 636
55 735
55 744
55 759
55 765
55 806
55 807
55 1017
55 1106
55 1149
55 1157
55 1463
55 1836
55 1840
55 2015
55 2058
55 2297
55 2320
55 2418
55 2535
55 2601
55 2656
55 2752
55 2773
55 2796
55 2976
55 2983
55 3047
55 3095
55 3126
55 3188
55 3263
55 3271
55 3382
55 3430
55 3435
55 3438
55 3442
55 3666
55 3725
55 3765
55 3934
55 3935
55 4419
55 4457
55 4523
55 4536
55 4577
55 4644
55 4755
55 4760
55 4775
55 4809
55 4832
55 5064
55 5080
55 5210
55 5252
55 5458
55 5485
55 5711
55 5893
55 5919
55 5945
55 6037
55 6067
55 6184
55 6374
55 6470
55 6620
55 6652
55 6689
55 6854
55 6858
55 6892
55 6995
55 7189
55 7194
55 7300
55 7337
55 7547
55 7618
55 7839
55 7915
55 7952
55 7990
55 7994
55 8075
55 8100
55 8126
55 8178
55 8186
55 8508
55 8701
55 8728
55 8814
55 8842
55 8862
55 8878
55 9051
55 9053
55 9111
55 9197
55 9224
55 9318
55 9358
55 9433
55 9549
55 9653
55 9665
55 9745
55 9871
55 9917
55 10008
55 10066
55 10331
55 10655
55 10771
55 10863
55 10962
55 10976
55 11060
55 11087
55 11130
55 11294
55 11299
55 11315
55 11442
55 11592
55 11615
55 11686
55 11705
55 11706
55 11769
55 11782
55 11897
55 11902
55 11942
55 12010
55 12059
55 12137
55 12323
55 12410
55 12634
55 12647
55 12716
55 12838
55 12917
55 12930
55 12937
55 12944
55 12997
55 13073
55 13083
55 13088
55 13336
55 13476
55 13505
55 13661
55 13711
55 13776
55 13879
55 14113
55 14258
55 15043
55 15061
55 15100
55 15282
55 15323
55 15376
55 15389
55 15463
55 15477
55 15521
55 15602
55 15693
55 15891
55 16008
55 16062
55 16127
55 16239
55 16361
55 16852
55 16915
55 17151
55 17190
55 17299
55 17342
55 17405
55 17619
55 17747
55 17928
55 18147
55 18377
55 18404
55 18500
55 18506
55 18525
55 18592
55 18617
55 18726
55 19162
55 19196
55 19225
55 19253
55 19288
55 19322
55 19455
55 19526
55 19669
55 19672
55 19736
55 19753
55 19781
55 19904
55 19942
55 19959
55 19971
55 20077
55 20108
55 20113
55 20117
55 20394
55 20403
55 20805
55 20997
55 21037
55 21047
55 21090
55 21134
55 21197
55 21214
55 21412
55 21434
55 21493
55 21699
55 21717
55 21762
55 21763
55 21768
55 21852
55 21854
55 21896
55 21939
55 22122
55 22560
55 22599
55 22603
55 22705
55 22745
55 22761
55 22878
55 22979
55 23008
55 23052
55 23178
55 23376
55 23416
55 23474
55 23523
55 23529
55 23644
55 23684
55 23817
55 23844
55 23867
55 24076
55 24118
55 24138
55 24215
55 24247
55 24439
55 24571
55 24607
55 24691
55 24988
55 25021
55 25177
55 25312
55 25504
55 25520
55 25663
55 25669
55 25759
55 25989
55 26038
55 26076
55 26250
55 26323
55 26356
55 26442
55 26629
55 26741
55 26863
55 27229
55 27282
55 27287
55 27449
55 27540
55 27812
55 27880
55 27901
55 27913
55 27973
55 28333
55 28484
55 28527
55 28615
55 28761
55 28882
55 29149
55 29151
55 29244
55 29412
55 29582
55 29636
55 29656
55 29749
55 29868
55 29956
55 30247
55 30276
55 30317
55 30324
55 30360
55 30407
55 30724
55 30768
55 30770
55 30956
55 30959
55 31112
55 31257
55 31453
55 31593
55 31686
55 31690
55 31721
55 31999
55 32156
55 32168
55 32283
55 32295
55 32325
55 32580
55 32854
55 32911
55 33089
55 33173
55 33192
55 33229
55 33238
55 33413
55 33495
55 33518
55 33573
55 33588
55 33750
55 33892
55 33950
55 33958
55 33960
55 34026
55 34144
55 34164
55 34375
55 34398
55 34436
55 34455
55 34488
55 34581
55 34631
55 34985
55 35012
55 35109
55 35226
55 35393
55 35430
55 35469
55 35509
55 35527
55 35594
55 35688
55 35770
55 36024
55 36066
55 36096
55 36125
55 36154
55 36193
55 36365
55 36410
55 36422
55 36503
55 36510
55 36589
55 36885
55 36903
55 36936
55 36937
55 37017
55 37085
55 37193
55 37223
55 37227
55 37236
55 37268
55 37289
55 37423
55 37482
55 37508
55 37517
55 37584
55 37585
55 37609
55 37656
55 37730
55 37787
55 37808
55 37856
55 37994
55 38085
55 38105
55 38164
55 38194
55 38222
55 38311
55 38559
55 38649
55 38912
55 38934
55 38954
55 39047
55 39057
55 39199
55 39254
55 39274
55 39417
55 39428
55 39660
55 39667
55 39810
55 39907
55 39993
55 40103
55 40112
55 40284
55 40314
55 40323
55 40356
55 40357
55 40376
55 40452
55 40492
55 40749
55 40797
55 40876
55 41049
55 41244
55 41313
55 41358
55 41531
55 41617
55 41673
55 42028
55 42047
55 42063
55 42185
55 42193
55 42290
55 42379
55 42406
55 42436
55 42519
55 42749
55 42789
55 42882
55 43012
55 43078
55 43160
55 43404
55 43618
55 43707
55 43716
55 43949
55 44208
55 44236
55 44415
55 44548
55 44568
55 44643
55 44682
55 44727
55 44888
55 45021
55 45235
55 45541
55 45634
55 45690
55 45710
55 45874
55 45904
55 45964
55 46083
55 46318
55 46347
55 46401
55 46405
55 46414
55 46436
55 46515
55 46713
55 46740
55 46754
55 46962
55 46981
55 47067
55 47069
55 47102
55 47159
55 47184
55 47264
55 47416
55 47508
55 47531
55 47604
55 47617
55 47777
55 48032
55 48327
55 48442
55 48612
55 48628
55 48796
55 48847
55 48910
55 48991
55 48997
55 49023
55 49044
55 49071
55 49080
55 49125
55 49132
55 49292
55 49444
55 49447
55 49456
55 49573
55 49616
55 49723
55 49744
55 49788
55 49811
55 49917
55 50028
55 50040
55 50044
55 50158
55 50268
55 50277
55 50306
55 50350
55 50353
55 50375
55 50473
55 50857
55 50863
55 50925
55 50943
55 51001
55 51090
55 51120
55 51135
55 51181
55 51200
55 51229
55 51244
55 51424
55 51425
55 51437
55 51645
55 51761
55 51762
55 51817
55 51836
55 51841
55 51877
55 51894
55 51921
55 51938
55 51984
55 52169
55 52301
55 52332
55 52599
55 52654
55 52665
55 52714
55 52782
55 52826
55 52918
55 53020
55 53040
55 53342
55 53382
55 53458
55 53500
55 53535
55 53543
55 53565
55 53637
55 53683
55 53954
55 54098
55 54164
55 54370
55 54405
55 54613
55 54666
55 54746
55 54832
55 55004
55 55034
55 55051
55 55152
55 55365
55 55373
55 55410
55 55425
55 55451
55 55535
55 55543
55 55611
55 55622
55 55670
55 55752
55 55807
55 55821
55 55977
55 56165
55 56271
55 56463
55 56574
55 56578
55 56684
55 56804
55 57002
55 57128
55 57137
55 57151
55 57271
55 57299
55 57338
55 57481
55 57524
55 57627
55 57701
55 57776
55 57888
55 58017
55 58117
55 58172
55 58466
55 58507
55 58773
55 58829
55 58859
55 58896
55 58942
55 59007
55 59075
55 59242
55 59276
55 59453
55 59615
55 59663
55 59703
55 59745
55 59805
55 59855
55 59876
55 59906
55 59961
55 60017
55 60109
55 60113
55 60297
55 60413
55 60456
55 60485
55 60654
55 60672
55 60729
55 60742
55 60773
55 60848
55 60880
55 60983
55 61051
55 61084
55 61143
55 61279
55 61346
55 61384
55 61420
55 61540
55 61602
55 61608
55 61623
55 61672
55 61679
55 61857
55 62258
55 62260
55 62293
55 62403
55 62460
55 62766
55 62838
55 62886
55 62919
55 62920
55 63163
55 63187
55 63250
55 63289
55 63398
55 63465
55 63550
55 63649
55 63739
55 63771
55 63985
55 64042
55 64052
55 64142
55 64212
55 64265
55 64312
55 64313
55 64320
55 64542
55 64551
55 64609
55 64672
55 64777
55 64882
55 64938
55 64979
55 65037
55 65302
55 65438
55 65446
55 65466
55 65477
55 65690
55 65816
55 65891
55 65899
55 65913
55 65939
55 65955
55 66024
55 66097
55 66185
55 66249
55 66390
55 66407
55 66446
55 66521
55 66636
55 66662
55 66800
55 66989
55 67271
55 67362
55 67449
55 67540
55 67559
55 67584
55 67710
55 67976
55 67977
55 68188
55 68194
55 68472
55 68598
55 69029
55 69260
55 69270
55 69318
55 69430
55 69479
55 69541
55 69704
55 69734
55 69801
55 69871
55 69912
55 70141
55 70146
55 70186
55 70230
55 70322
55 70670
55 70747
55 70753
55 70762
55 70847
55 70970
55 71235
55 71275
55 71488
55 71490
55 71501
55 71521
55 71613
55 71623
55 71644
55 71832
55 71865
55 71896
55 71941
55 71977
55 72006
55 72020
55 72053
55 72077
55 72374
55 72608
55 72683
55 72772
55 72813
55 73009
55 73079
55 73181
55 73243
55 73256
55 73347
55 73391
55 73558
55 73622
55 73718
55 73820
55 73902
55 74048
55 74073
55 74121
55 74299
55 74392
55 74445
55 74457
55 74495
55 74505
55 74554
55 74595
55 74692
55 74718
55 74723
55 74863
55 74880
55 74933
55 74984
55 75021
55 75029
55 75092
55 75163
55 75277
55 75365
55 75699
55 75715
55 75807
55 75875
55 75897
55 76017
55 76046
55 76137
55 76142
55 76187
55 76199
55 76231
55 76254
55 76401
55 76410
55 76506
55 76707
55 76760
55 76820
55 76842
55 77006
55 77280
55 77384
55 77432
55 77455
55 77492
55 77542
55 77713
55 77835
55 77839
55 77840
55 77885
55 77968
55 77988
55 78184
55 78206
55 78376
55 78458
55 78613
55 79045
55 79175
55 79220
55 79334
55 79438
55 79501
55 79525
55 79538
55 79700
55 79782
55 79938
55 80077
55 80178
55 80215
55 80223
55 80422
55 80465
55 80502
55 80539
55 80546
55 80948
55 80959
55 81059
55 81111
55 81213
55 81239
55 81265
55 81578
55 81591
55 81822
55 81865
55 82043
55 82105
55 82125
55 82131
55 82261
55 82308
55 82432
55 82717
55 82820
55 82823
55 83145
55 83333
55 83350
55 83464
55 83493
55 83839
55 83895
55 84107
55 84422
55 84600
55 84731
55 84976
55 85023
55 85153
55 85230
55 85236
55 85295
55 85305
55 85366
55 85382
55 85479
55 85689
55 85754
55 85755
55 85853
55 85927
55 86143
55 86204
55 86229
55 86436
55 86529
55 86769
55 86790
55 87043
55 87046
55 87068
55 87162
55 87332
55 87337
55 87374
55 87592
55 87664
55 87690
55 87845
55 87970
55 88016
55 88044
55 88116
55 88195
55 88251
55 88306
55 88318
55 88739
55 88931
55 88952
55 89004
55 89031
55 89209
55 89245
55 89291
55 89570
55 89686
55 89726
55 89799
55 89806
55 89863
55 89926
55 90027
55 90118
55 90146
55 90154
55 90156
55 90208
55 90210
55 90218
55 90284
55 90303
55 90497
55 90561
55 90570
55 90640
55 90984
55 91007
55 91052
55 91133
55 91170
55 91263
55 91366
55 91405
55 91463
55 91488
55 91511
55 91567
55 91842
55 91906
55 92115
55 92199
55 92216
55 92285
55 92385
55 92409
55 92421
55 92688
55 92718
55 92839
55 92914
55 93019
55 93039
55 93206
55 93521
55 93580
55 93633
55 93771
55 93921
55 94069
55 94093
55 94155
55 94166
55 94581
55 94701
55 94709
55 94855
55 95160
55 95168
55 95175
55 95329
55 95353
55 95355
55 95633
55 96267
55 96399
55 96473
55 96656
55 96713
55 96768
55 96861
55 96930
55 97082
55 97186
55 97216
55 97351
55 97359
55 97404
55 97430
55 97477
55 97483
55 97548
55 97550
55 97680
55 97800
55 97948
55 97970
55 97980
55 98093
55 98147
55 98348
55 98417
55 98457
55 98515
55 98549
55 98580
55 98586
55 98673
55 98734
55 98761
55 98982
55 99019
55 99171
55 99191
55 99294
55 99374
55 99563
55 99636
55 99708
55 99768
55 99772
55 99853
55 100134
55 100385
55 100513
55 100551
55 100759
55 100823
55 100856
55 100879
55 100895
55 101144
55 101159
55 101176
55 101209
55 101264
55 101544
55 101563
55 101615
55 101719
55 101857
55 101970
55 102090
55 102100
55 102118
55 102287
55 102311
55 102413
55 102429
55 102517
55 102559
55 102592
55 102706
55 102746
55 103010
55 103160
55 103200
55 103254
55 103326
55 103354
55 103435
55 103493
55 103503
55 103515
55 103623
55 103625
55 103752
55 103784
55 103834
55 103869
55 103906
55 103917
55 104107
55 104310
55 104373
55 104423
55 104606
55 104668
55 104720
55 104895
55 104979
55 105081
55 105162
55 105332
55 105336
55 105368
55 105381
55 105469
55 105766
55 105823
55 105921
55 105939
55 105956
55 105979
55 106032
55 106137
55 106163
55 106192
55 106248
55 106404
55 106408
55 106464
55 106608
55 106650
55 106759
55 106818
55 106920
55 106977
55 107012
55 107122
55 107167
55 107216
55 107356
55 107480
55 107587
55 107624
55 107633
55 107705
55 107866
55 108126
55 108187
55 108328
55 108359
55 108418
55 108687
55 108721
55 108811
55 109029
55 109068
55 109091
55 109344
55 109474
55 109663
55 109682
55 109693
55 109730
55 109757
55 109799
55 109890
55 109920
55 110030
55 110184
55 110250
55 110421
55 110584
55 110784
55 110877
55 110944
55 110955
55 111035
55 111214
55 111244
55 111335
55 111654
55 111759
55 111775
55 111905
55 111931
55 112109
55 112127
55 112155
55 112159
55 112322
55 112564
55 112649
55 112673
55 112741
55 112971
55 113031
55 113085
55 113275
55 113376
55 113420
55 113429
55 113432
55 113559
55 113631
55 113790
55 113829
55 113867
55 114274
55 114283
55 114342
55 114375
55 114401
55 114405
55 114514
55 114550
55 114579
55 114619
55 115022
55 115034
55 115092
55 115096
55 115146
55 115230
55 115265
55 115282
55 115658
55 115746
55 115780
55 115880
55 115982
55 116024
55 116223
55 116252
55 116361
55 116388
55 116399
55 116524
55 116685
55 116687
55 116696
55 116794
55 116936
55 116942
55 116961
55 116988
55 117004
55 117028
55 117039
55 117419
55 117459
55 117985
55 118180
55 118184
55 118224
55 118237
55 118312
55 118331
55 118397
55 118405
55 118518
55 118867
55 118945
55 119009
55 119019
55 119151
55 119212
55 119241
55 119506
55 119590
55 119729
55 119780
55 119850
55 119866
55 119919
55 119997
55 120015
55 120045
55 120202
55 120240
55 120371
55 120415
55 120516
55 120553
55 120593
55 120663
55 120689
55 120784
55 120795
55 121048
55 121062
55 121125
55 121194
55 121877
55 121922
55 122032
55 122082
55 122286
55 122287
55 122292
55 122359
55 122472
55 122483
55 122655
55 122681
55 122818
55 122959
55 123030
55 123258
55 123289
55 123309
55 123357
55 123403
55 123663
55 123813
55 123885
55 123921
55 124063
55 124194
55 124294
55 124370
55 124384
55 124468
55 124549
55 124837
55 125063
55 125064
55 125164
55 125214
55 125377
55 125385
55 125605
55 125641
55 125680
55 125747
55 125773
55 125780
55 125822
55 125956
55 126020
55 126031
55 126066
55 126094
55 126281
55 126456
55 126474
55 126506
55 126603
55 126692
55 126859
55 126987
55 127058
55 127074
55 127108
55 127126
55 127176
55 127271
55 127345
55 127520
55 127605
55 127702
55 127717
55 127823
55 127903
55 127937
55 127971
55 128096
55 128176
55 128253
55 128326
55 128328
55 128493
55 128633
55 128762
55 129112
55 129241
55 129319
55 129395
55 129412
55 129430
55 129461
55 129542
55 129802
55 129899
55 130067
55 130123
55 130153
55 130211
55 130224
55 130276
55 130390
55 130398
55 130407
55 130467
55 130494
55 130504
55 130606
55 130700
55 130764
55 131004
55 131011
55 131179
55 131194
55 131239
55 131243
55 131314
55 131410
55 131726
55 131772
55 132025
55 132154
55 132170
55 132242
55 132276
55 132305
55 132364
55 132464
55 132941
55 133082
55 133152
55 133467
55 133496
55 133670
55 133699
55 133742
55 133751
55 133800
55 134010
55 134018
55 134102
55 134208
55 134230
55 134287
55 134490
55 134735
55 134775
55 134895
55 134963
55 135247
55 135253
55 135303
55 135411
55 135433
55 135455
55 135738
55 135756
55 135802
55 135902
55 135988
55 136011
55 136089
55 136449
55 136688
55 136693
55 136791
55 137070
55 137138
55 137140
55 137298
55 137590
55 137624
55 137668
55 137692
55 137795
55 137890
55 137957
55 138134
55 138161
55 138233
55 138397
55 138543
55 138750
55 138755
55 138853
55 138865
55 138901
55 138940
55 138965
55 139106
55 139368
55 139380
55 139387
55 139554
55 139626
55 139684
55 139712
55 139822
55 139861
55 139933
55 140138
55 140141
55 140182
55 140215
55 140599
55 140879
55 140902
55 140943
55 141281
55 141445
55 141454
55 141655
55 141688
55 141729
55 141764
55 141797
55 141952
55 141976
55 141982
55 142027
55 142132
55 142186
55 142275
55 142277
55 142347
55 142415
55 142611
55 142617
55 142716
55 142852
55 143047
55 143181
55 143224
55 143234
55 143372
55 143480
55 143610
55 143676
55 143751
55 143829
55 144082
55 144111
55 144178
55 144198
55 144211
55 144236
55 144329
55 144331
55 144414
55 144420
55 144461
55 144719
55 144764
55 144968
55 145006
55 145034
55 145258
55 145307
55 145332
55 145370
55 145403
55 145497
55 145528
55 145590
55 145642
55 145703
55 146085
55 146141
55 146231
55 146254
55 146261
55 146308
55 146389
55 146599
55 146624
55 146714
55 146870
55 146901
55 146902
55 146984
55 147112
55 147146
55 147219
55 147306
55 147347
55 147422
55 147457
55 147593
55 147653
55 147723
55 147737
55 147801
55 147973
55 148019
55 148076
55 148266
55 148345
55 148454
55 148574
55 148683
55 148839
55 148860
55 148886
55 148942
55 148967
55 149113
55 149160
55 149187
55 149343
55 149387
55 149432
55 149494
55 149540
55 150100
56 445
56 542
56 633
56 887
56 1057
56 1073
56 1107
56 1133
56 1136
56 1183
56 1343
56 1434
56 1717
56 2002
56 2136
56 2192
56 2257
56 2277
56 2568
56 2867
56 2961
56 3024
56 3079
56 3124
56 3155
56 3246
56 3313
56 3350
56 3556
56 3746
56 3875
56 3879
56 3964
56 3978
56 3998
56 4241
56 4347
56 4433
56 4463
56 4694
56 4741
56 4744
56 4887
56 4947
56 5011
56 5039
56 5190
56 5200
56 5227
56 5289
56 5294
56 5295
56 5494
56 5576
56 5632
56 5894
56 5909
56 6029
56 6037
56 6218
56 6403
56 6502
56 6504
56 6638
56 7086
56 7180
56 7207
56 7221
56 7271
56 7333
56 7359
56 7392
56 7516
56 7543
56 7564
56 7757
56 7873
56 7914
56 7977
56 7988
56 7992
56 8090
56 8113
56 8222
56 8293
56 8328
56 8491
56 8596
56 8793
56 8799
56 8810
56 8811
56 8977
56 9166
56 9232
56 9380
56 9413
56 9469
56 9577
56 10002
56 10039
56 10235
56 10252
56 10254
56 10256
56 10267
56 10283
56 10365
56 10850
56 11000
56 11201
56 11238
56 11334
56 11586
56 11665
56 11685
56 11790
56 11812
56 11861
56 11870
56 11905
56 11934
56 12002
56 12210
56 12510
56 12522
56 12606
56 12761
56 12776
56 12790
56 12921
56 13028
56 13073
56 13175
56 13177
56 13190
56 13272
56 13276
56 13408
56 13415
56 13454
56 13621
56 13679
56 13917
56 14002
56 14238
56 14250
56 14269
56 14271
56 14321
56 14365
56 14383
56 14433
56 14590
56 14799
56 14894
56 15000
56 15148
56 15162
56 15292
56 15297
56 15499
56 15509
56 15587
56 15604
56 15699
56 15749
56 15754
56 15758
56 15808
56 15974
56 15985
56 16015
56 16020
56 16089
56 16147
56 16195
56 16231
56 16384
56 16524
56 16590
56 16631
56 16649
56 16732
56 16734
56 16754
56 16892
56 16964
56 17000
56 17140
56 17181
56 17219
56 17224
56 17252
56 17298
56 17376
56 17406
56 17430
56 17436
56 17524
56 17652
56 17915
56 17989
56 18421
56 18732
56 18834
56 18857
56 18926
56 18935
56 19154
56 19179
56 19513
56 19574
56 19800
56 19875
56 20007
56 20048
56 20066
56 20292
56 20359
56 20462
56 20500
56 20512
56 20522
56 20985
56 21016
56 21085
56 21118
56 21138
56 21494
56 21497
56 21503
56 21578
56 21641
56 21670
56 21751
56 21902
56 21915
56 22056
56 22093
56 22136
56 22154
56 22494
56 22526
56 22644
56 22699
56 22874
56 23078
56 23079
56 23085
56 23093
56 23115
56 23175
56 23231
56 23446
56 23695
56 23802
56 23848
56 23943
56 23986
56 24060
56 24130
56 24255
56 24400
56 24450
56 24483
56 24750
56 24776
56 25300
56 25310
56 25484
56 25671
56 25696
56 25702
56 25755
56 25902
56 25929
56 26007
56 26031
56 26038
56 26175
56 26251
56 26424
56 26460
56 26477
56 26625
56 26719
56 26782
56 26816
56 26913
56 26925
56 27039
56 27050
56 27074
56 27162
56 27180
56 27198
56 27546
56 27590
56 27858
56 27874
56 27892
56 28206
56 28235
56 28332
56 28402
56 28648
56 28745
56 28747
56 28750
56 28758
56 28845
56 29034
56 29039
56 29063
56 29099
56 29205
56 29216
56 29242
56 29245
56 29246
56 29251
56 29495
56 29520
56 29650
56 29672
56 29701
56 29813
56 29852
56 29948
56 30041
56 30276
56 30289
56 30343
56 30356
56 30429
56 30456
56 30470
56 30560
56 30615
56 30631
56 30828
56 30867
56 30898
56 31006
56 31036
56 31037
56 31165
56 31166
56 31436
56 31442
56 31476
56 31539
56 31586
56 31619
56 31683
56 31878
56 31966
56 31984
56 32062
56 32239
56 32424
56 32431
56 32521
56 32777
56 32824
56 32859
56 32860
56 32866
56 32893
56 32934
56 33013
56 33038
56 33200
56 33316
56 33392
56 33394
56 33486
56 33533
56 33600
56 33614
56 33720
56 33753
56 33806
56 34341
56 34521
56 34534
56 34651
56 34657
56 34689
56 34833
56 35003
56 35133
56 35326
56 35419
56 35706
56 35779
56 35908
56 35967
56 36032
56 36073
56 36081
56 36088
56 36105
56 36161
56 36169
56 36238
56 36471
56 36637
56 36646
56 36691
56 36762
56 36924
56 37072
56 37074
56 37176
56 37187
56 37433
56 37564
56 37604
56 37655
56 37657
56 37795
56 37844
56 38077
56 38104
56 38140
56 38296
56 38645
56 38689
56 38705
56 38860
56 38868
56 38998
56 39217
56 39549
56 39578
56 39630
56 39649
56 39819
56 39948
56 40008
56 40084
56 40329
56 40382
56 40498
56 40501
56 40618
56 40642
56 40755
56 40811
56 40832
56 40874
56 40887
56 40991
56 41166
56 41306
56 41336
56 41586
56 41588
56 41629
56 41648
56 41657
56 41664
56 41854
56 41898
56 41911
56 41913
56 41921
56 41999
56 42078
56 42156
56 42273
56 42750
56 42785
56 42958
56 42981
56 43025
56 43048
56 43251
56 43444
56 43449
56 43544
56 43630
56 43639
56 43958
56 43986
56 44204
56 44339
56 44514
56 44690
56 44777
56 44800
56 45011
56 45328
56 45403
56 45584
56 45757
56 45870
56 45921
56 46352
56 46513
56 46560
56 46617
56 46703
56 46774
56 46941
56 47036
56 47040
56 47120
56 47347
56 47395
56 47450
56 47531
56 47715
56 47742
56 47861
56 47998
56 48071
56 48110
56 48234
56 48457
56 48521
56 48590
56 48740
56 48747
56 48995
56 48996
56 48997
56 49205
56 49236
56 49436
56 49490
56 49508
56 49567
56 49602
56 49667
56 49686
56 49784
56 49857
56 50163
56 50210
56 50225
56 50449
56 50542
56 50611
56 50633
56 50779
56 50799
56 50830
56 50975
56 50997
56 51071
56 51174
56 51284
56 51308
56 51430
56 51490
56 51593
56 51681
56 51849
56 51863
56 51905
56 51911
56 51967
56 51975
56 52025
56 52050
56 52239
56 52500
56 52542
56 52562
56 52806
56 52975
56 53043
56 53137
56 53319
56 53369
56 53468
56 53477
56 53556
56 53561
56 53665
56 53703
56 53775
56 53966
56 54034
56 54140
56 54208
56 54497
56 54702
56 54715
56 54720
56 54732
56 55019
56 55132
56 55140
56 55382
56 55427
56 55559
56 55705
56 55822
56 55851
56 55911
56 55913
56 56496
56 56497
56 56505
56 56599
56 56631
56 56744
56 57050
56 57115
56 57187
56 57460
56 57466
56 57476
56 57512
56 57604
56 57651
56 57708
56 57714
56 57723
56 57733
56 57735
56 57759
56 57785
56 57804
56 57812
56 57865
56 57932
56 58022
56 58341
56 58408
56 58488
56 58493
56 58596
56 58690
56 58756
56 58771
56 58782
56 59328
56 59420
56 59612
56 59691
56 59846
56 59887
56 59945
56 60119
56 60174
56 60198
56 60223
56 60244
56 60247
56 60276
56 60324
56 60390
56 60550
56 60679
56 60847
56 60930
56 61049
56 61120
56 61133
56 61354
56 61419
56 61434
56 61737
56 61751
56 61991
56 62129
56 62318
56 62372
56 62434
56 62482
56 62572
56 62622
56 62677
56 62706
56 62810
56 62849
56 62924
56 63031
56 63077
56 63273
56 63366
56 63407
56 63461
56 63479
56 63558
56 63600
56 63630
56 63865
56 64182
56 64215
56 64318
56 64330
56 64349
56 64383
56 64390
56 64509
56 64560
56 64642
56 64652
56 64679
56 64685
56 64757
56 64942
56 64943
56 65075
56 65266
56 65323
56 65324
56 65560
56 65661
56 65771
56 65880
56 65990
56 66159
56 66202
56 66250
56 66262
56 66392
56 66427
56 66490
56 66564
56 66832
56 66997
56 67013
56 67082
56 67103
56 67310
56 67584
56 67722
56 67817
56 67856
56 67871
56 68048
56 68147
56 68336
56 68433
56 68478
56 68619
56 68643
56 68647
56 68648
56 68694
56 68869
56 68999
56 69044
56 69101
56 69150
56 69303
56 69325
56 69550
56 69595
56 69633
56 69849
56 70033
56 70034
56 70165
56 70274
56 70538
56 70595
56 70731
56 70763
56 70908
56 71057
56 71188
56 71241
56 71332
56 71439
56 71614
56 71616
56 71663
56 71759
56 71783
56 71845
56 71956
56 72022
56 72111
56 72151
56 72215
56 72292
56 72554
56 72742
56 73027
56 73092
56 73172
56 73177
56 73184
56 73211
56 73284
56 73363
56 73420
56 73626
56 73716
56 73851
56 73864
56 73928
56 73971
56 73986
56 74086
56 74095
56 74144
56 74246
56 74281
56 74308
56 74344
56 74356
56 74532
56 74623
56 74757
56 74838
56 74884
56 75093
56 75110
56 75182
56 75248
56 75318
56 75336
56 75750
56 75942
56 75943
56 75945
56 75951
56 76004
56 76233
56 76301
56 76436
56 76509
56 76522
56 76537
56 76639
56 76733
56 76788
56 76811
56 76815
56 76906
56 77005
56 77066
56 77098
56 77138
56 77170
56 77298
56 77493
56 77607
56 77701
56 77737
56 77851
56 77928
56 77990
56 78055
56 78251
56 78484
56 78577
56 78584
56 78608
56 78729
56 78873
56 78961
56 79018
56 79158
56 79180
56 79221
56 79333
56 79380
56 79415
56 79548
56 79623
56 79675
56 79723
56 79771
56 79775
56 79988
56 80052
56 80231
56 80297
56 80344
56 80371
56 80693
56 80737
56 81249
56 81322
56 81478
56 82165
56 82240
56 82336
56 82381
56 82519
56 82613
56 82650
56 82682
56 82697
56 83050
56 83088
56 83096
56 83105
56 83120
56 83273
56 83342
56 83377
56 83647
56 83718
56 83722
56 83852
56 83957
56 84037
56 84158
56 84198
56 84230
56 84342
56 84563
56 84793
56 84888
56 84906
56 84927
56 84947
56 84952
56 85012
56 85225
56 85243
56 85271
56 85276
56 85305
56 85318
56 85480
56 85528
56 85552
56 85557
56 85653
56 85663
56 85781
56 85795
56 85937
56 86049
56 86099
56 86101
56 86108
56 86176
56 86177
56 86178
56 86224
56 86307
56 86379
56 86390
56 86415
56 86477
56 86510
56 86708
56 86767
56 86818
56 86853
56 86860
56 86906
56 86956
56 87099
56 87127
56 87164
56 87165
56 87209
56 87212
56 87297
56 87344
56 87448
56 87466
56 87528
56 87546
56 87601
56 87878
56 88036
56 88047
56 88066
56 88244
56 88309
56 88354
56 88402
56 88502
56 88507
56 88805
56 88873
56 88879
56 89060
56 89074
56 89076
56 89115
56 89150
56 89347
56 89387
56 89467
56 89481
56 89517
56 89727
56 89906
56 89921
56 89984
56 90015
56 90314
56 90342
56 90374
56 90451
56 90529
56 90629
56 90633
56 90637
56 90642
56 90884
56 90913
56 90947
56 91309
56 91668
56 91674
56 92104
56 92158
56 92183
56 92246
56 92346
56 92470
56 92480
56 92608
56 92788
56 92790
56 93055
56 93090
56 93100
56 93395
56 93433
56 93537
56 93629
56 93923
56 94019
56 94102
56 94219
56 94220
56 94226
56 94239
56 94272
56 94321
56 94338
56 94425
56 94775
56 94803
56 94831
56 94936
56 95002
56 95038
56 95143
56 95208
56 95446
56 95593
56 95657
56 95666
56 95696
56 95893
56 96000
56 96168
56 96267
56 96298
56 96307
56 96629
56 96745
56 96841
56 96911
56 97182
56 97479
56 97480
56 97715
56 97717
56 97882
56 98073
56 98088
56 98111
56 98129
56 98189
56 98241
56 98414
56 98442
56 98544
56 98593
56 98686
56 98797
56 99003
56 99012
56 99054
56 99080
56 99174
56 99251
56 99340
56 99375
56 99393
56 99443
56 99446
56 99517
56 99529
56 99549
56 99580
56 99710
56 99868
56 99998
56 100007
56 100137
56 100208
56 100315
56 100329
56 100391
56 100400
56 100512
56 100553
56 100709
56 100801
56 100970
56 101023
56 101131
56 101154
56 101160
56 101498
56 101553
56 101725
56 101789
56 101935
56 101992
56 102211
56 102226
56 102330
56 102492
56 102604
56 102615
56 102641
56 102753
56 102923
56 103010
56 103102
56 103135
56 103370
56 103387
56 103581
56 104040
56 104134
56 104203
56 104278
56 104295
56 104355
56 104393
56 104406
56 104484
56 104526
56 104685
56 104721
56 104768
56 104816
56 104911
56 104934
56 105074
56 105102
56 105145
56 105168
56 105275
56 105503
56 105538
56 105583
56 105587
56 105736
56 105783
56 105883
56 106031
56 106033
56 106128
56 106180
56 106334
56 106390
56 106401
56 106557
56 106575
56 106739
56 106831
56 106872
56 106948
56 107084
56 107111
56 107360
56 107763
56 107813
56 107868
56 108000
56 108219
56 108259
56 108264
56 108335
56 108462
56 108484
56 108601
56 108708
56 108737
56 108757
56 108928
56 109065
56 109140
56 109158
56 109208
56 109213
56 109248
56 109262
56 109266
56 109333
56 109454
56 109495
56 109627
56 109792
56 109834
56 109985
56 110018
56 110086
56 110100
56 110149
56 110255
56 110291
56 110533
56 110535
56 110581
56 110738
56 110792
56 110907
56 111226
56 111283
56 111291
56 111342
56 111461
56 111479
56 111851
56 111896
56 111900
56 112139
56 112149
56 112399
56 112525
56 112547
56 112560
56 112595
56 112705
56 112727
56 112768
56 112839
56 112865
56 113256
56 113336
56 113455
56 113608
56 113703
56 113732
56 113786
56 113838
56 113988
56 114007
56 114010
56 114086
56 114203
56 114227
56 114265
56 114369
56 114408
56 114679
56 114684
56 114755
56 114781
56 114848
56 114857
56 114981
56 114987
56 115052
56 115101
56 115284
56 115465
56 115469
56 115499
56 115542
56 115837
56 115851
56 115866
56 116025
56 116146
56 116182
56 116186
56 116677
56 117018
56 117175
56 117234
56 117309
56 117359
56 117426
56 117522
56 117687
56 117852
56 117930
56 117931
56 117953
56 118050
56 118208
56 118287
56 118303
56 118439
56 118485
56 118493
56 118610
56 118638
56 118639
56 118664
56 118698
56 118967
56 119036
56 119045
56 119101
56 119277
56 119394
56 119528
56 119532
56 119564
56 119657
56 119708
56 119710
56 119723
56 119892
56 119894
56 119926
56 119953
56 120072
56 120201
56 120205
56 120520
56 120570
56 120653
56 120657
56 120671
56 120745
56 120838
56 120859
56 121133
56 121210
56 121448
56 121531
56 121575
56 121592
56 121676
56 121721
56 121798
56 121800
56 121850
56 121881
56 121883
56 121933
56 121987
56 122219
56 122327
56 122392
56 122410
56 122419
56 122525
56 122681
56 122812
56 122833
56 122868
56 122905
56 122909
56 122928
56 122971
56 123088
56 123237
56 123309
56 123361
56 123701
56 123853
56 123858
56 123943
56 124162
56 124163
56 124404
56 124415
56 124465
56 124612
56 124635
56 124655
56 124736
56 124819
56 124896
56 125093
56 125232
56 125234
56 125282
56 125286
56 125455
56 125504
56 125795
56 126107
56 126187
56 126198
56 126199
56 126368
56 126448
56 126483
56 126489
56 126490
56 126515
56 126540
56 126583
56 126595
56 126809
56 126842
56 126852
56 126875
56 126966
56 127048
56 127144
56 127389
56 127527
56 127608
56 127647
56 127677
56 127764
56 127828
56 127956
56 127976
56 128020
56 128119
56 128124
56 128251
56 128306
56 128447
56 128489
56 128492
56 128532
56 128555
56 128696
56 128720
56 128812
56 129094
56 129151
56 129225
56 129554
56 129569
56 129583
56 129672
56 130066
56 130139
56 130170
56 130172
56 130187
56 130308
56 130389
56 130534
56 130598
56 130664
56 130734
56 130737
56 130839
56 130892
56 130952
56 131099
56 131187
56 131194
56 131231
56 131249
56 131267
56 131310
56 131463
56 131491
56 131545
56 131613
56 131779
56 131840
56 131901
56 131956
56 132050
56 132171
56 132187
56 132196
56 132301
56 132351
56 132606
56 132614
56 132621
56 132752
56 132753
56 132773
56 132783
56 132795
56 132888
56 132927
56 132953
56 133045
56 133071
56 133295
56 133346
56 133368
56 133585
56 133607
56 133655
56 133687
56 133696
56 133754
56 133864
56 133969
56 134274
56 134358
56 134398
56 134423
56 134444
56 134744
56 134839
56 134908
56 135010
56 135079
56 135093
56 135105
56 135164
56 135264
56 135398
56 135427
56 135656
56 135728
56 135869
56 135876
56 135886
56 135910
56 135951
56 135977
56 136060
56 136061
56 136219
56 136389
56 136401
56 136448
56 136474
56 136579
56 136708
56 136737
56 136922
56 136923
56 137204
56 137303
56 137473
56 137498
56 137566
56 137601
56 137639
56 137682
56 137794
56 137818
56 137891
56 137982
56 138017
56 138022
56 138045
56 138228
56 138286
56 138377
56 138658
56 138672
56 138767
56 138987
56 139086
56 139089
56 139166
56 139218
56 139594
56 139603
56 139651
56 139696
56 139916
56 139921
56 139922
56 140027
56 140100
56 140223
56 140304
56 140312
56 140452
56 140796
56 140806
56 140865
56 140886
56 141009
56 141214
56 141284
56 141304
56 141550
56 141898
56 141934
56 141980
56 142252
56 142291
56 142385
56 142395
56 142459
56 142598
56 142604
56 142674
56 142913
56 142999
56 143005
56 143016
56 143195
56 143504
56 143508
56 143541
56 143624
56 143706
56 143759
56 143822
56 143839
56 143853
56 143986
56 144151
56 144427
56 144559
56 144630
56 144642
56 144644
56 144678
56 144681
56 144730
56 144737
56 144859
56 144886
56 145047
56 145132
56 145165
56 145232
56 145439
56 145782
56 145788
56 145837
56 145884
56 146062
56 146095
56 146116
56 146176
56 146250
56 146553
56 146621
56 146765
56 147105
56 147114
56 147246
56 147370
56 147439
56 147484
56 147535
56 147594
56 147642
56 147710
56 147877
56 147959
56 148041
56 148058
56 148225
56 148773
56 148783
56 148807
56 148817
56 148885
59 310
59 318
59 339
59 345
59 615
59 648
59 681
59 728
59 759
59 802
59 862
59 984
59 1295
59 1303
59 1600
59 1701
59 1714
59 1725
59 1806
59 1874
59 1878
59 1919
59 1990
59 2098
59 2107
59 2241
59 2530
59 2856
59 2959
59 3002
59 3004
59 3043
59 3086
59 3220
59 3405
59 3470
59 3474
59 3505
59 3596
59 3600
59 3669
59 3851
59 3949
59 4019
59 4147
59 4363
59 4623
59 4743
59 4913
59 5042
59 5086
59 5151
59 5177
59 5193
59 5248
59 5419
59 5467
59 5494
59 5786
59 6131
59 6376
59 6436
59 6642
59 6660
59 6673
59 6938
59 7124
59 7215
59 7463
59 7528
59 7836
59 7847
59 7851
59 7869
59 8040
59 8115
59 8137
59 8197
59 8296
59 8390
59 8430
59 8472
59 8836
59 9207
59 9396
59 9445
59 9479
59 9486
59 9668
59 9696
59 9717
59 9765
59 9850
59 9973
59 10168
59 10169
59 10177
59 10296
59 10373
59 10549
59 10761
59 10778
59 10853
59 10874
59 10892
59 10946
59 11201
59 11318
59 11433
59 11476
59 11554
59 11562
59 11610
59 11953
59 12172
59 12182
59 12263
59 12285
59 12451
59 12555
59 12687
59 12814
59 12940
59 13040
59 13151
59 13177
59 13242
59 13269
59 13302
59 13326
59 13537
59 13549
59 13586
59 13601
59 13810
59 13955
59 14090
59 14388
59 14444
59 14486
59 14489
59 14515
59 14519
59 14586
59 14705
59 14899
59 14906
59 14951
59 15135
59 15150
59 15313
59 15337
59 15385
59 15444
59 15591
59 15747
59 15837
59 15871
59 15878
59 15893
59 15926
59 16074
59 16268
59 16309
59 16426
59 16442
59 16720
59 16902
59 16917
59 17016
59 17062
59 17068
59 17134
59 17263
59 17340
59 17697
59 17876
59 17905
59 17907
59 18124
59 18150
59 18294
59 18473
59 18662
59 18744
59 18761
59 18881
59 19011
59 19099
59 19187
59 19190
59 19240
59 19269
59 19307
59 19464
59 19494
59 19510
59 19523
59 19748
59 19942
59 19983
59 20008
59 20045
59 20084
59 20139
59 20413
59 20457
59 20522
59 20528
59 20549
59 20576
59 20710
59 20781
59 20884
59 20916
59 21020
59 21040
59 21052
59 21142
59 21172
59 21227
59 21262
59 21264
59 21387
59 21451
59 21526
59 21557
59 21568
59 21772
59 21781
59 21819
59 21876
59 22249
59 22253
59 22275
59 22281
59 22282
59 22391
59 22411
59 22417
59 22468
59 22469
59 22530
59 22539
59 22630
59 22638
59 22918
59 22958
59 22961
59 22978
59 22984
59 23039
59 23047
59 23074
59 23191
59 23359
59 23388
59 23393
59 23551
59 23584
59 23784
59 24030
59 24102
59 24187
59 24227
59 24231
59 24362
59 24431
59 24448
59 24524
59 24873
59 24904
59 25069
59 25387
59 25474
59 25489
59 25756
59 26387
59 26406
59 26417
59 26433
59 26620
59 26692
59 26747
59 26946
59 26953
59 27175
59 27180
59 27214
59 27716
59 27737
59 27835
59 27959
59 28062
59 28229
59 28325
59 28506
59 28543
59 28665
59 28897
59 28971
59 29176
59 29181
59 29246
59 29298
59 29423
59 29770
59 29799
59 30288
59 30323
59 30475
59 30505
59 30720
59 30791
59 30858
59 30901
59 30998
59 31043
59 31139
59 31141
59 31338
59 31345
59 31363
59 31460
59 31550
59 32038
59 32265
59 32317
59 32399
59 32423
59 32466
59 32477
59 32653
59 32906
59 33070
59 33098
59 33134
59 33214
59 33259
59 33266
59 33342
59 33375
59 33618
59 33702
59 33863
59 33874
59 33913
59 33946
59 34097
59 34130
59 34296
59 34385
59 34642
59 34732
59 34773
59 34899
59 34941
59 34967
59 35119
59 35134
59 35157
59 35253
59 35314
59 35427
59 35527
59 35579
59 35638
59 35925
59 36193
59 36245
59 36378
59 36393
59 36598
59 36704
59 36742
59 36809
59 36917
59 36922
59 37116
59 37241
59 37287
59 37311
59 37373
59 37381
59 37503
59 37518
59 37736
59 37771
59 37785
59 37802
59 37924
59 38001
59 38022
59 38262
59 38301
59 38509
59 38547
59 38575
59 38667
59 39041
59 39097
59 39130
59 39328
59 39329
59 39527
59 39914
59 40088
59 40321
59 40465
59 40573
59 40640
59 40683
59 40687
59 40770
59 40859
59 40872
59 40992
59 40997
59 41078
59 41146
59 41211
59 41356
59 41522
59 41566
59 41604
59 41619
59 41663
59 41768
59 41832
59 42075
59 42122
59 42175
59 42210
59 42349
59 42484
59 42841
59 42971
59 43095
59 43150
59 43162
59 43169
59 43301
59 43387
59 43599
59 43695
59 43820
59 43905
59 43920
59 44052
59 44128
59 44242
59 44385
59 44502
59 44602
59 44666
59 44731
59 44817
59 44871
59 45293
59 45983
59 46015
59 46026
59 46136
59 46267
59 47073
59 47086
59 47163
59 47254
59 47434
59 47457
59 47511
59 47514
59 47715
59 47819
59 47848
59 47965
59 48028
59 48101
59 48117
59 48156
59 48303
59 48331
59 48333
59 48348
59 48358
59 48393
59 48438
59 48567
59 48779
59 48794
59 48806
59 48906
59 49034
59 49162
59 49203
59 49316
59 49452
59 49535
59 49651
59 49696
59 49813
59 49850
59 49858
59 50019
59 50021
59 50056
59 50412
59 50436
59 50592
59 50683
59 50711
59 50813
59 50842
59 50888
59 50911
59 51064
59 51070
59 51110
59 51111
59 51128
59 51239
59 51323
59 51422
59 51550
59 51562
59 51656
59 51677
59 51846
59 51854
59 51867
59 52142
59 52249
59 52257
59 52348
59 52562
59 52590
59 52595
59 52618
59 52644
59 52714
59 52970
59 53154
59 53174
59 53339
59 53450
59 53507
59 53579
59 53678
59 53705
59 53886
59 53998
59 54074
59 54086
59 54100
59 54118
59 54126
59 54198
59 54280
59 54350
59 54677
59 54700
59 54826
59 54845
59 55014
59 55101
59 55218
59 55292
59 55335
59 55499
59 55511
59 55525
59 55608
59 55616
59 55625
59 55711
59 55826
59 55915
59 55942
59 55956
59 56054
59 56099
59 56400
59 56491
59 56497
59 56590
59 56591
59 56636
59 56691
59 56767
59 56826
59 57031
59 57092
59 57109
59 57197
59 57282
59 57308
59 57327
59 57387
59 57398
59 57765
59 58005
59 58067
59 58077
59 58189
59 58234
59 58241
59 58441
59 58661
59 58728
59 58844
59 58867
59 58905
59 59025
59 59086
59 59091
59 59104
59 59152
59 59236
59 59244
59 59369
59 59539
59 59652
59 59807
59 59920
59 59955
59 60298
59 60466
59 60477
59 60644
59 60671
59 60719
59 60797
59 60997
59 61022
59 61050
59 61360
59 61426
59 61609
59 61622
59 61720
59 61860
59 61971
59 62110
59 62154
59 62271
59 62318
59 62321
59 62543
59 62651
59 62769
59 62791
59 62795
59 62967
59 63000
59 63059
59 63148
59 63392
59 63603
59 63751
59 63806
59 63830
59 63961
59 63990
59 64130
59 64260
59 64287
59 64301
59 64374
59 64561
59 64748
59 64780
59 64938
59 64990
59 65061
59 65165
59 65433
59 65438
59 65486
59 65499
59 65519
59 65545
59 65739
59 65788
59 65825
59 65908
59 66075
59 66101
59 66156
59 66183
59 66277
59 66354
59 66370
59 66424
59 66439
59 66444
59 66469
59 66498
59 66567
59 66684
59 66728
59 66810
59 66829
59 66841
59 66934
59 66963
59 67033
59 67047
59 67076
59 67166
59 67412
59 67457
59 67552
59 67665
59 67777
59 67866
59 67942
59 68002
59 68007
59 68034
59 68125
59 68334
59 68485
59 68510
59 68723
59 69136
59 69260
59 69477
59 69559
59 69728
59 69730
59 69772
59 69848
59 69898
59 69919
59 69922
59 69926
59 70050
59 70063
59 70078
59 70181
59 70224
59 70265
59 70269
59 70300
59 70332
59 70338
59 70344
59 70370
59 70641
59 70988
59 71123
59 71325
59 71328
59 71445
59 71521
59 71530
59 71597
59 71605
59 71606
59 71767
59 71775
59 71862
59 72008
59 72064
59 72156
59 72250
59 72300
59 72354
59 72565
59 72588
59 72622
59 72771
59 72792
59 72864
59 72868
59 72949
59 72971
59 72979
59 73111
59 73320
59 73337
59 73389
59 73398
59 73425
59 73501
59 73525
59 73845
59 73905
59 74175
59 74272
59 74287
59 74293
59 74481
59 74574
59 74669
59 74677
59 74832
59 74863
59 74879
59 75117
59 75353
59 75774
59 75805
59 75814
59 76081
59 76188
59 76276
59 76392
59 76393
59 76531
59 76582
59 76641
59 76669
59 76919
59 77136
59 77285
59 77363
59 77458
59 77594
59 77628
59 77653
59 77816
59 77832
59 78112
59 78861
59 79091
59 79192
59 79239
59 79649
59 79737
59 79766
59 79781
59 79951
59 80312
59 80329
59 80344
59 80408
59 80422
59 80544
59 80632
59 80698
59 80730
59 81002
59 81150
59 81219
59 81336
59 81385
59 81565
59 81768
59 81837
59 81848
59 81985
59 82069
59 82472
59 82814
59 82853
59 82873
59 82908
59 82914
59 82987
59 83111
59 83115
59 83196
59 83282
59 83593
59 83619
59 83668
59 83682
59 83824
59 83858
59 83867
59 83910
59 83917
59 83959
59 84061
59 84125
59 84169
59 84371
59 84688
59 84694
59 84777
59 84811
59 84915
59 85048
59 85155
59 85267
59 85273
59 85526
59 85711
59 85857
59 85951
59 85960
59 85969
59 86372
59 86399
59 86449
59 86594
59 86634
59 86638
59 86705
59 86743
59 86849
59 86879
59 86946
59 87125
59 87336
59 87406
59 87412
59 87482
59 87755
59 87817
59 88144
59 88261
59 88350
59 88353
59 88461
59 88463
59 88556
59 88593
59 88668
59 88702
59 88770
59 88858
59 89054
59 89061
59 89071
59 89209
59 89237
59 89316
59 89377
59 89456
59 89511
59 89513
59 89515
59 89555
59 89556
59 89707
59 89741
59 89839
59 89875
59 89902
59 89939
59 90143
59 90369
59 90382
59 90423
59 90555
59 90582
59 90732
59 90755
59 90763
59 90797
59 90878
59 90935
59 91077
59 91088
59 91126
59 91150
59 91202
59 91231
59 91270
59 91350
59 91391
59 91454
59 91508
59 91666
59 92031
59 92132
59 92177
59 92183
59 92280
59 92525
59 92624
59 92677
59 92688
59 92726
59 92831
59 92880
59 92917
59 93068
59 93297
59 93376
59 93407
59 93482
59 93561
59 93600
59 93764
59 93910
59 93948
59 93980
59 93991
59 94162
59 94200
59 94251
59 94276
59 94440
59 94467
59 94513
59 94539
59 94549
59 94604
59 94757
59 94824
59 95205
59 95232
59 95573
59 95626
59 95684
59 95697
59 95778
59 95890
59 95925
59 95930
59 96058
59 96094
59 96179
59 96295
59 96371
59 96481
59 96515
59 96529
59 96547
59 96575
59 96633
59 96693
59 96702
59 96725
59 96815
59 97029
59 97154
59 97226
59 97280
59 97355
59 97414
59 97585
59 97629
59 97672
59 97889
59 97994
59 98119
59 98275
59 98308
59 98357
59 98458
59 98661
59 98909
59 98961
59 99389
59 99413
59 99459
59 99485
59 99488
59 99657
59 99812
59 99833
59 99852
59 100096
59 100180
59 100407
59 100497
59 100767
59 100905
59 101047
59 101115
59 101118
59 101168
59 101286
59 101290
59 101761
59 101779
59 101963
59 101969
59 102126
59 102165
59 102213
59 102218
59 102256
59 102281
59 102364
59 102519
59 102572
59 102584
59 102737
59 102830
59 102853
59 102903
59 102981
59 103091
59 103158
59 103221
59 103253
59 103282
59 103484
59 103776
59 103905
59 103937
59 104067
59 104090
59 104266
59 104290
59 104363
59 104496
59 104533
59 104582
59 104597
59 104636
59 104726
59 104743
59 104755
59 104815
59 104839
59 104861
59 104897
59 105070
59 105075
59 105179
59 105201
59 105203
59 105239
59 105359
59 105457
59 105480
59 105481
59 105658
59 105677
59 105769
59 105816
59 106031
59 106501
59 106587
59 106598
59 106699
59 106802
59 106813
59 106830
59 106900
59 106973
59 107010
59 107194
59 107268
59 107287
59 107294
59 107306
59 107388
59 107483
59 107534
59 107628
59 107817
59 107937
59 108156
59 108243
59 108476
59 108553
59 108696
59 108802
59 108887
59 109062
59 109101
59 109213
59 109232
59 109565
59 109598
59 109751
59 110046
59 110067
59 110168
59 110463
59 110523
59 110607
59 110648
59 110695
59 110940
59 110958
59 110977
59 111196
59 111208
59 111209
59 111235
59 111468
59 111526
59 111621
59 111626
59 111757
59 111800
59 112481
59 112643
59 112695
59 112711
59 112737
59 112764
59 112835
59 112837
59 112959
59 113116
59 113202
59 113263
59 113317
59 113373
59 113417
59 113421
59 113493
59 113501
59 113504
59 113758
59 113776
59 113802
59 113870
59 113899
59 113917
59 113953
59 113968
59 114022
59 114115
59 114338
59 114436
59 114569
59 114584
59 114619
59 114652
59 114684
59 114724
59 114909
59 114944
59 114981
59 115005
59 115012
59 115175
59 115409
59 115431
59 115529
59 115558
59 115628
59 115729
59 115787
59 115819
59 115838
59 115889
59 115925
59 116134
59 116172
59 116349
59 116504
59 116511
59 116798
59 116810
59 117063
59 117163
59 117405
59 117569
59 117627
59 117659
59 117660
59 117747
59 117770
59 117886
59 117895
59 118179
59 118248
59 118340
59 118436
59 118691
59 118704
59 118821
59 118875
59 118893
59 118976
59 119079
59 119081
59 119237
59 119340
59 119364
59 119709
59 119728
59 119801
59 119806
59 119835
59 120122
59 120261
59 120345
59 120351
59 120478
59 120492
59 120544
59 120697
59 120728
59 120761
59 120917
59 121007
59 121164
59 121314
59 121524
59 121705
59 121950
59 122051
59 122214
59 122266
59 122439
59 122675
59 122940
59 122947
59 123038
59 123080
59 123115
59 123266
59 123418
59 123471
59 123482
59 123904
59 123992
59 124077
59 124134
59 124154
59 124237
59 124278
59 124319
59 124394
59 124421
59 124472
59 124587
59 124790
59 124799
59 124800
59 124832
59 124941
59 124991
59 125078
59 125239
59 125294
59 125350
59 125496
59 125530
59 125630
59 125730
59 125790
59 126012
59 126088
59 126114
59 126126
59 126215
59 126478
59 126680
59 126774
59 126880
59 126950
59 126978
59 127235
59 127297
59 127359
59 127510
59 127523
59 127740
59 127767
59 127781
59 127995
59 128233
59 128240
59 128302
59 128530
59 128544
59 128548
59 128694
59 128800
59 128877
59 128892
59 129022
59 129112
59 129157
59 129174
59 129308
59 129346
59 129444
59 129458
59 129539
59 129561
59 129673
59 129676
59 129740
59 129802
59 129918
59 129963
59 129968
59 130169
59 130611
59 130636
59 130744
59 130941
59 130952
59 130971
59 130997
59 131098
59 131099
59 131235
59 131290
59 131319
59 131383
59 131492
59 131802
59 131859
59 131882
59 131949
59 132059
59 132084
59 132086
59 132093
59 132120
59 132212
59 132246
59 132296
59 132349
59 132432
59 132451
59 132598
59 132756
59 132829
59 132832
59 132860
59 132944
59 133222
59 133260
59 133268
59 133352
59 133378
59 133770
59 133829
59 133854
59 133903
59 133908
59 134080
59 134083
59 134185
59 134244
59 134373
59 134428
59 134488
59 134529
59 134557
59 134783
59 134828
59 134858
59 135010
59 135092
59 135162
59 135229
59 135445
59 135519
59 135564
59 135625
59 135685
59 135769
59 135854
59 135896
59 135971
59 136087
59 136163
59 136184
59 136185
59 136258
59 136371
59 136475
59 136588
59 136791
59 136899
59 137008
59 137123
59 137172
59 137509
59 137562
59 137738
59 137792
59 137941
59 137946
59 137973
59 138153
59 138219
59 138324
59 138410
59 138545
59 138683
59 138790
59 138875
59 138941
59 138955
59 139071
59 139200
59 139222
59 139266
59 139464
59 139490
59 139497
59 139669
59 139701
59 139802
59 139848
59 139910
59 140136
59 140199
59 140259
59 140296
59 140306
59 140350
59 140425
59 140458
59 140495
59 140532
59 140555
59 140821
59 140916
59 140994
59 141066
59 141071
59 141145
59 141191
59 141232
59 141310
59 141334
59 141674
59 141766
59 142230
59 142246
59 142271
59 142334
59 142360
59 142563
59 142583
59 142974
59 143077
59 143161
59 143267
59 143562
59 143602
59 143649
59 144085
59 144181
59 144207
59 144356
59 144443
59 144565
59 144825
59 144936
59 144998
59 145007
59 145015
59 145105
59 145133
59 145191
59 145359
59 145490
59 145561
59 145656
59 145707
59 145862
59 145998
59 146101
59 146217
59 146420
59 146454
59 146516
59 146605
59 146628
59 146735
59 147188
59 147221
59 147329
59 147370
59 147523
59 147728
59 147828
59 147834
59 148021
59 148062
59 148075
59 148126
59 148132
59 148181
59 148202
59 148216
59 148218
59 148276
59 148394
59 148395
59 148649
59 148661
59 148904
59 149021
59 149123
59 149134
59 149505
59 149580
59 149652
59 149670
59 149685
59 149690
59 149894
59 149928
59 150030
59 150107
59 150141
59 150203
59 150481
59 150560
59 150690
59 150768
59 150866
59 150925
59 150928
59 150946
59 151026
59 151040
59 151104
59 151346
59 151505
59 151581
59 151958
59 152112
59 152224
59 152277
59 152416
59 152429
59 152430
59 152465
59 152479
59 152853
59 152875
59 152948
59 152987
59 153232
59 153505
59 153537
59 153556
59 153648
59 153720
59 153728
59 153921
59 153991
59 154014
59 154025
59 154292
59 154341
59 154351
59 154364
59 154418
59 154446
59 154450
59 154627
59 154654
59 154777
59 154837
59 154842
59 154862
59 154908
59 155149
59 155167
59 155184
59 155287
59 155370
59 155543
59 155612
59 155642
59 155665
59 155666
59 155698
59 155844
59 155949
59 155995
59 156105
59 156157
59 156208
59 156303
59 156340
59 156428
59 156501
59 156546
59 156569
49 17
49 243
49 377
49 543
49 605
49 761
49 776
49 845
49 849
49 923
49 967
49 969
49 1001
49 1059
49 1155
49 1221
49 1268
49 1304
49 1354
49 1402
49 1431
49 1663
49 1670
49 1729
49 1767
49 1808
49 1826
49 2146
49 2179
49 2235
49 2241
49 2244
49 2442
49 2548
49 2650
49 2712
49 2770
49 2897
49 2983
49 3044
49 3072
49 3277
49 3520
49 3522
49 3526
49 3571
49 3696
49 3750
49 3949
49 3984
49 4068
49 4202
49 4242
49 4432
49 4574
49 4675
49 4972
49 5034
49 5169
49 5244
49 5250
49 5340
49 5363
49 5392
49 5467
49 5479
49 5480
49 5642
49 5645
49 5649
49 5674
49 5863
49 6051
49 6063
49 6103
49 6176
49 6191
49 6390
49 6393
49 6435
49 6438
49 6565
49 6593
49 6608
49 6648
49 6705
49 6924
49 7032
49 7043
49 7205
49 7237
49 7249
49 7382
49 7408
49 7464
49 7466
49 7538
49 7614
49 7729
49 7759
49 7798
49 8051
49 8125
49 8321
49 8476
49 8530
49 8671
49 8704
49 8772
49 8817
49 8854
49 8906
49 9110
49 9248
49 9591
49 9759
49 9769
49 9772
49 9814
49 9841
49 9915
49 9971
49 10049
49 10171
49 10305
49 10402
49 10422
49 10437
49 10476
49 10535
49 10621
49 10623
49 10688
49 10752
49 10915
49 10978
49 11011
49 11086
49 11443
49 11462
49 11670
49 11680
49 11690
49 11882
49 12056
49 12137
49 12158
49 12210
49 12439
49 12456
49 12638
49 12757
49 13047
49 13130
49 13206
49 13376
49 13847
49 13892
49 14200
49 14275
49 14291
49 14297
49 14324
49 14417
49 14445
49 14536
49 14656
49 14657
49 14666
49 14689
49 14759
49 14765
49 14811
49 14814
49 14876
49 14985
49 14995
49 15005
49 15114
49 15226
49 15287
49 15314
49 15346
49 15442
49 15504
49 15664
49 15678
49 15706
49 15710
49 15823
49 15877
49 15913
49 15944
49 15998
49 16005
49 16106
49 16264
49 16415
49 16468
49 16511
49 16548
49 16554
49 16567
49 16793
49 16888
49 16905
49 17051
49 17194
49 17246
49 17287
49 17530
49 17648
49 17865
49 18072
49 18083
49 18125
49 18244
49 18325
49 18510
49 18531
49 18691
49 18774
49 18801
49 18813
49 18919
49 19250
49 19273
49 19393
49 19471
49 19577
49 19608
49 19623
49 19646
49 19779
49 19865
49 19911
49 19945
49 20008
49 20011
49 20063
49 20155
49 20329
49 20462
49 20529
49 20858
49 20886
49 21180
49 21268
49 21298
49 21500
49 21562
49 21600
49 21616
49 21617
49 21780
49 22008
49 22108
49 22124
49 22129
49 22226
49 22403
49 22469
49 22488
49 22542
49 22559
49 22751
49 22752
49 22870
49 23015
49 23108
49 23121
49 23140
49 23182
49 23194
49 23438
49 23602
49 23640
49 23663
49 23727
49 23746
49 23750
49 23797
49 23971
49 24123
49 24180
49 24296
49 24377
49 24671
49 24700
49 24744
49 25197
49 25240
49 25258
49 25287
49 25305
49 25386
49 25474
49 25499
49 25538
49 25568
49 25653
49 25661
49 25725
49 25795
49 25893
49 25937
49 26044
49 26052
49 26079
49 26093
49 26167
49 26174
49 26255
49 26306
49 26441
49 26452
49 26999
49 27138
49 27276
49 27310
49 27350
49 27458
49 27644
49 27697
49 27784
49 27887
49 27965
49 28080
49 28099
49 28191
49 28363
49 28407
49 28664
49 28800
49 28873
49 28915
49 29317
49 29524
49 29576
49 29648
49 29683
49 29725
49 29838
49 30051
49 30146
49 30477
49 30657
49 30735
49 30748
49 31046
49 31068
49 31144
49 31187
49 31318
49 31460
49 31493
49 31734
49 31756
49 31813
49 31825
49 31940
49 31952
49 32032
49 32098
49 32151
49 32251
49 32326
49 32620
49 32788
49 32807
49 32901
49 32924
49 32981
49 33076
49 33096
49 33185
49 33205
49 33370
49 33433
49 33489
49 33555
49 33780
49 33791
49 33999
49 34071
49 34127
49 34241
49 34376
49 34425
49 34428
49 34477
49 34493
49 34529
49 34768
49 34777
49 34820
49 34956
49 35188
49 35255
49 35267
49 35304
49 35324
49 35383
49 35463
49 35481
49 35525
49 35665
49 35725
49 35730
49 35785
49 35804
49 35847
49 35898
49 35971
49 36094
49 36201
49 36349
49 36471
49 36472
49 36557
49 36579
49 36668
49 36765
49 36994
49 37013
49 37147
49 37191
49 37196
49 37306
49 37408
49 37519
49 37525
49 37554
49 37760
49 37763
49 37776
49 37837
49 37854
49 37907
49 37983
49 38064
49 38114
49 38180
49 38443
49 38485
49 38493
49 38513
49 38597
49 38610
49 38643
49 38727
49 38777
49 39027
49 39182
49 39301
49 39491
49 39505
49 39605
49 39680
49 39721
49 39759
49 39973
49 40009
49 40070
49 40096
49 40127
49 40196
49 40229
49 40414
49 40560
49 40678
49 40762
49 40781
49 40887
49 40935
49 40964
49 41033
49 41041
49 41071
49 41119
49 41247
49 41318
49 41527
49 41677
49 41904
49 41984
49 42050
49 42078
49 42259
49 42701
49 42716
49 42783
49 42828
49 42899
49 42964
49 42983
49 43033
49 43110
49 43155
49 43169
49 43324
49 43327
49 43445
49 43603
49 43626
49 43694
49 43761
49 43793
49 43798
49 43816
49 43854
49 43980
49 44184
49 44243
49 44375
49 44402
49 44545
49 44683
49 44688
49 44786
49 44809
49 44879
49 44897
49 45028
49 45057
49 45232
49 45236
49 45246
49 45314
49 45322
49 45381
49 45488
49 45507
49 45546
49 45554
49 45714
49 45715
49 45725
49 45750
49 45845
49 45850
49 45910
49 46093
49 46114
49 46125
49 46183
49 46367
49 46437
49 46442
49 46573
49 46616
49 46694
49 46736
49 46804
49 46991
49 47127
49 47128
49 47172
49 47179
49 47329
49 47501
49 47644
49 47732
49 48054
49 48104
49 48145
49 48216
49 48374
49 48583
49 48609
49 48645
49 48763
49 49000
49 49101
49 49116
49 49144
49 49148
49 49319
49 49379
49 49771
49 50078
49 50153
49 50260
49 50367
49 50398
49 50611
49 50646
49 50713
49 50757
49 50856
49 50941
49 50991
49 51009
49 51105
49 51133
49 51544
49 51567
49 51910
49 52020
49 52048
49 52076
49 52193
49 52200
49 52268
49 52273
49 52637
49 52662
49 52728
49 52772
49 52964
49 53136
49 53248
49 53282
49 53283
49 53387
49 53413
49 53414
49 53419
49 53555
49 53586
49 54113
49 54169
49 54197
49 54214
49 54272
49 54401
49 54475
49 54660
49 54777
49 54798
49 54807
49 54810
49 54841
49 54995
49 55116
49 55171
49 55199
49 55285
49 55306
49 55373
49 55931
49 55982
49 56027
49 56120
49 56139
49 56278
49 56527
49 56631
49 56649
49 56680
49 56733
49 56766
49 56779
49 56789
49 56826
49 56987
49 57025
49 57045
49 57065
49 57238
49 57351
49 57416
49 57787
49 58004
49 58052
49 58338
49 58340
49 58482
49 58530
49 58609
49 58785
49 59003
49 59116
49 59210
49 59260
49 59298
49 59388
49 59437
49 59442
49 59518
49 59606
49 59800
49 59853
49 60045
49 60109
49 60121
49 60169
49 60254
49 60257
49 60270
49 60411
49 60565
49 60672
49 60710
49 60768
49 60793
49 60912
49 61107
49 61167
49 61440
49 61592
49 61631
49 61728
49 61794
49 61930
49 61957
49 62028
49 62042
49 62054
49 62139
49 62155
49 62188
49 62224
49 62337
49 62364
49 62701
49 62703
49 62720
49 62805
49 62938
49 63069
49 63163
49 63213
49 63515
49 63545
49 63571
49 63580
49 63763
49 63764
49 63766
49 64074
49 64086
49 64290
49 64407
49 64486
49 64588
49 64731
49 64769
49 64779
49 64799
49 64829
49 64850
49 64927
49 65009
49 65026
49 65037
49 65113
49 65297
49 65383
49 65744
49 65782
49 65899
49 65938
49 65970
49 65972
49 66062
49 66093
49 66109
49 66187
49 66246
49 66362
49 66521
49 66524
49 66651
49 66655
49 66688
49 66890
49 66973
49 67125
49 67289
49 67291
49 67349
49 67381
49 67410
49 67448
49 67952
49 68000
49 68040
49 68058
49 68125
49 68158
49 68248
49 68270
49 68305
49 68307
49 68308
49 68341
49 68630
49 68634
49 68638
49 68655
49 68685
49 68939
49 68964
49 69106
49 69206
49 69221
49 69262
49 69344
49 69369
49 69391
49 69425
49 69440
49 69661
49 69750
49 69773
49 70042
49 70072
49 70093
49 70156
49 70295
49 70321
49 70361
49 70430
49 70492
49 70552
49 70561
49 70596
49 70680
49 70787
49 70800
49 70868
49 70875
49 71006
49 71061
49 71277
49 71286
49 71323
49 71362
49 71500
49 71576
49 71730
49 71734
49 71767
49 71787
49 71942
49 72095
49 72127
49 72179
49 72305
49 72351
49 72424
49 72692
49 72777
49 72871
49 73031
49 73161
49 73382
49 73418
49 73487
49 73598
49 73637
49 73813
49 73816
49 73829
49 73831
49 73854
49 73890
49 73961
49 73962
49 74006
49 74301
49 74332
49 74368
49 74644
49 74821
49 74946
49 74948
49 74957
49 75124
49 75141
49 75172
49 75336
49 75394
49 75534
49 75554
49 75639
49 75718
49 75727
49 75738
49 75821
49 75850
49 75879
49 75933
49 75981
49 76095
49 76119
49 76319
49 76395
49 76426
49 76488
49 76491
49 76652
49 76740
49 76864
49 77091
49 77135
49 77429
49 77468
49 77539
49 77644
49 77740
49 77809
49 77839
49 77844
49 77956
49 78088
49 78097
49 78148
49 78300
49 78311
49 78465
49 78500
49 78584
49 78815
49 78926
49 78949
49 78996
49 79030
49 79102
49 79281
49 79307
49 79447
49 79625
49 79707
49 79838
49 79922
49 80057
49 80101
49 80261
49 80286
49 80310
49 80328
49 80500
49 80562
49 80688
49 80815
49 80854
49 80895
49 81024
49 81070
49 81166
49 81330
49 81335
49 81354
49 81466
49 81658
49 81806
49 81857
49 81982
49 82038
49 82115
49 82122
49 82132
49 82168
49 82359
49 82376
49 82524
49 82596
49 82687
49 82714
49 82737
49 82802
49 82815
49 82866
49 82930
49 82946
49 83036
49 83163
49 83416
49 83456
49 83612
49 83665
49 83700
49 83747
49 83790
49 83799
49 83809
49 83824
49 83838
49 83844
49 83892
49 83987
49 84033
49 84269
49 84278
49 84297
49 84305
49 84615
49 84678
49 84721
49 84792
49 84963
49 85056
49 85242
49 85359
49 85361
49 85455
49 85492
49 85567
49 85584
49 85627
49 85929
49 85964
49 86155
49 86327
49 86336
49 86391
49 86415
49 86507
49 86635
49 86718
49 86949
49 87023
49 87242
49 87315
49 87478
49 87503
49 87543
49 87692
49 87889
49 87966
49 88041
49 88046
49 88189
49 88213
49 88242
49 88404
49 88547
49 88760
49 88936
49 88965
49 89016
49 89084
49 89113
49 89152
49 89170
49 89263
49 89396
49 89509
49 89537
49 89638
49 89727
49 89749
49 89768
49 89779
49 90082
49 90276
49 90410
49 90415
49 90465
49 90542
49 90565
49 90600
49 90741
49 90785
49 90911
49 90913
49 91045
49 91111
49 91232
49 91346
49 91401
49 91515
49 91551
49 91642
49 91810
49 91871
49 91986
49 91989
49 92078
49 92149
49 92213
49 92215
49 92339
49 92727
49 92732
49 93019
49 93056
49 93199
49 93450
49 93649
49 93717
49 93730
49 93734
49 93766
49 93889
49 94130
49 94174
49 94412
49 94686
49 94698
49 94739
49 94783
49 94824
49 94861
49 94872
49 94953
49 95023
49 95058
49 95100
49 95111
49 95154
49 95200
49 95210
49 95240
49 95364
49 95418
49 95439
49 95828
49 95832
49 96026
49 96034
49 96216
49 96272
49 96412
49 96434
49 96790
49 96812
49 96835
49 96910
49 96919
49 96930
49 97080
49 97149
49 97165
49 97173
49 97320
49 97411
49 97461
49 97466
49 97526
49 97549
49 97815
49 97903
49 97930
49 97941
49 98035
49 98254
49 98257
49 98301
49 98365
49 98368
49 98471
49 98479
49 98606
49 98679
49 98804
49 98834
49 98908
49 99075
49 99076
49 99139
49 99154
49 99202
49 99227
49 99247
49 99255
49 99256
49 99282
49 99422
49 99679
49 99696
49 99707
49 99769
49 99783
49 99818
49 100088
49 100159
49 100163
49 100458
49 100595
49 100630
49 100636
49 100863
49 101020
49 101140
49 101246
49 101612
49 101659
49 101679
49 101688
49 102060
49 102490
49 102511
49 102605
49 102863
49 102971
49 103396
49 103605
49 103755
49 103765
49 103799
49 103867
49 103907
49 104244
49 104342
49 104409
49 104478
49 104543
49 104653
49 104671
49 104751
49 104892
49 104981
49 105215
49 105240
49 105565
49 105654
49 105775
49 105801
49 105811
49 105858
49 105915
49 106093
49 106268
49 106399
49 106428
49 106686
49 106694
49 106752
49 106795
49 106818
49 106831
49 107003
49 107144
49 107316
49 107346
49 107362
49 107491
49 107655
49 107683
49 107699
49 107745
49 107765
49 107834
49 107956
49 108015
49 108075
49 108080
49 108095
49 108144
49 108151
49 108169
49 108199
49 108214
49 108237
49 108238
49 108312
49 108349
49 108537
49 108602
49 108668
49 108707
49 108852
49 109031
49 109102
49 109340
49 109533
49 109564
49 109663
49 109857
49 109864
49 109869
49 109884
49 109902
49 109923
49 110012
49 110038
49 110177
49 110240
49 110418
49 110419
49 110449
49 110461
49 110545
49 110602
49 110623
49 110777
49 110785
49 110825
49 110916
49 110942
49 110974
49 110997
49 111097
49 111109
49 111214
49 111320
49 111355
49 111426
49 111519
49 111563
49 111608
49 111610
49 111699
49 111714
49 111796
49 111817
49 111935
49 111981
49 112049
49 112102
49 112136
49 112254
49 112457
49 112459
49 112490
49 112612
49 112667
49 112738
49 112809
49 112896
49 113018
49 113091
49 113158
49 113354
49 113730
49 113931
49 113991
49 114283
49 114308
49 114551
49 114697
49 114744
49 114883
49 115027
49 115097
49 115212
49 115347
49 115740
49 115874
49 116082
49 116124
49 116193
49 116253
49 116615
49 116672
49 116823
49 116910
49 117123
49 117193
49 117230
49 117359
49 117423
49 117468
49 117506
49 117537
49 117665
49 117733
49 117803
49 117848
49 117860
49 118121
49 118185
49 118187
49 118194
49 118272
49 118397
49 118578
49 118597
49 118666
49 118697
49 118829
49 118907
49 118978
49 119213
49 119283
49 119288
49 119361
49 119455
49 119695
49 119734
49 119891
49 119978
49 120004
49 120118
49 120126
49 120193
49 120209
49 120499
49 120604
49 120667
49 120688
49 120922
49 120963
49 121018
49 121071
49 121095
49 121670
49 121729
49 121833
49 122019
49 122193
49 122444
49 122498
49 122534
49 122541
49 122557
49 122565
49 122615
49 122679
49 122690
49 122764
49 122811
49 122872
49 122917
49 122973
49 123025
49 123143
49 123157
49 123250
49 123327
49 123430
49 123442
49 123466
49 123523
49 123693
49 123723
49 123779
49 123780
49 123804
49 123841
49 124085
49 124111
49 124224
49 124328
49 124382
49 124458
49 124461
49 124474
49 124684
49 124693
49 124804
49 124907
49 124983
49 125006
49 125051
49 125308
49 125480
49 125691
49 125693
49 125760
49 125851
49 125868
49 126047
49 126049
49 126238
49 126254
49 126427
49 126438
49 126465
49 126646
49 126743
49 126826
49 126830
49 126843
49 126896
49 126991
49 127001
49 127134
49 127178
49 127195
49 127309
49 127388
49 127581
49 127653
49 127670
49 127712
49 127722
49 127741
49 127875
49 127879
49 128072
49 128187
49 128408
49 128524
49 128569
49 128616
49 128634
49 128768
49 128878
49 128925
49 129028
49 129146
49 129258
49 129263
49 129274
49 129486
49 129692
49 129775
49 129915
49 130047
49 130059
49 130121
49 130191
49 130278
49 130291
49 130326
49 130337
49 130369
49 130694
49 131057
49 131071
49 131094
49 131199
49 131710
49 131761
49 131796
49 132171
49 132436
49 132446
49 132505
49 132609
49 132714
49 132749
49 132760
49 132801
49 132936
49 132997
49 133055
49 133175
49 133181
49 133214
49 133281
49 133337
49 133563
49 133673
49 133738
49 133793
49 133955
49 133989
49 134099
49 134133
49 134218
49 134293
49 134296
49 134389
49 134496
49 134527
49 134555
49 134560
49 134576
49 134798
49 134930
49 135085
49 135312
49 135344
49 135527
49 135609
49 135656
49 135749
49 135835
49 135841
49 135940
49 136069
49 136128
49 136155
49 136203
49 136232
49 136259
49 136413
49 136415
49 136471
49 136523
49 136617
49 136788
49 136823
49 136849
49 136874
49 136940
49 137022
49 137042
49 137108
49 137130
49 137136
49 137171
49 137239
49 137279
49 137283
49 137312
49 137338
49 137498
49 137595
49 137625
49 137665
49 137676
49 137885
49 137897
49 137966
49 138087
49 138152
49 138155
49 138208
49 138335
49 138338
49 138400
49 138559
49 138560
49 138601
49 138668
49 138753
49 138768
49 139000
49 139075
49 139396
49 139472
49 139690
49 139743
49 139821
49 139879
49 140162
49 140175
49 140196
49 140213
49 140313
49 140339
49 140362
49 140430
49 140488
49 140758
49 140843
49 140862
49 140864
49 140896
49 140911
49 141142
49 141153
49 141409
49 141458
49 141531
49 141543
49 141724
49 141890
49 142027
49 142045
49 142193
49 142245
49 142280
49 142300
49 142308
49 142433
49 142476
49 142704
49 142769
49 142842
49 142844
49 142980
49 142987
49 143052
49 143069
49 143112
49 143158
49 143184
49 143196
49 143350
49 143652
49 143698
49 143754
49 143794
49 143891
49 143932
49 143936
49 143947
49 144088
49 144401
49 144474
49 144561
49 144563
49 144597
49 144603
49 144798
49 144930
49 144953
49 145050
49 145084
49 145254
49 145377
49 145434
49 145493
49 145584
49 145600
49 145624
49 145649
49 145659
49 145704
49 145750
49 145793
49 145911
49 145930
49 146024
49 146113
49 146218
49 146361
49 146443
49 146471
49 146529
49 146538
49 146608
49 146614
49 146727
49 146735
49 146998
49 147143
49 147192
49 147203
49 147217
49 147288
49 147338
49 147424
49 147534
49 147633
49 147961
49 147988
49 148047
49 148081
49 148159
49 148183
49 148233
49 148287
49 148339
49 148414
49 148477
49 148625
49 148635
49 148644
49 148648
49 148800
49 148945
49 148993
49 149039
49 149101
49 149596
49 149690
49 149751
49 149793
49 150014
49 150040
49 150092
49 150313
49 150403
49 150456
49 150568
49 150576
49 150658
49 150793
49 150815
49 150862
49 150992
49 151055
49 151224
49 151368
49 151450
49 151539
49 151716
49 151816
49 151874
49 151920
49 151972
49 152065
49 152093
49 152380
49 152434
49 152627
49 152631
49 152656
49 152880
49 152916
49 152991
49 153008
49 153081
49 153105
49 153116
49 153118
49 153272
49 153393
49 153456
49 153484
49 153594
49 153744
49 153754
49 153879
49 153932
49 154053
49 154064
49 154085
49 154095
49 154220
49 154275
49 154317
49 154400
49 154585
49 154608
49 154644
49 154705
49 154729
49 154742
49 154810
49 155092
49 155244
49 155259
49 155407
49 155431
49 155443
49 155534
49 155641
49 155716
49 155728
49 155857
49 155908
49 155957
49 155984
49 156053
49 156057
49 156277
49 156302
49 156337
49 156438
49 156462
49 156671
49 156729
49 156773
49 157012
49 157168
49 157181
49 157287
49 157397
49 157607
49 157737
49 157762
49 157836
49 157979
49 157990
49 158000
49 158204
49 158258
49 158268
49 158290
49 158318
49 158377
49 158547
49 158631
49 158634
49 158712
49 158734
49 158791
49 158948
49 159182
49 159368
49 159378
49 159477
49 159517
49 159552
49 159600
49 159629
49 159685
49 159754
49 159789
49 159932
49 160008
49 160130
49 160139
49 160281
49 160367
49 160380
49 160443
49 160539
49 160555
49 161111
49 161219
49 161230
49 161268
49 161309
49 161315
49 161510
49 161569
49 161679
49 161821
49 161838
49 161950
61 69
61 135
61 249
61 273
61 606
61 627
61 676
61 779
61 1261
61 1349
61 1418
61 1446
61 1532
61 1641
61 1766
61 1796
61 1827
61 2060
61 2238
61 2275
61 2325
61 2371
61 2670
61 2705
61 2748
61 3049
61 3054
61 3257
61 3368
61 3473
61 3645
61 3752
61 3957
61 3996
61 4159
61 4211
61 4225
61 4412
61 4460
61 4494
61 4923
61 5061
61 5217
61 5225
61 5234
61 5369
61 5375
61 5546
61 5560
61 5728
61 5734
61 5839
61 6064
61 6188
61 6262
61 6377
61 6382
61 6404
61 6631
61 6672
61 6771
61 6918
61 7049
61 7149
61 7215
61 7243
61 7393
61 7397
61 7424
61 7468
61 7623
61 7696
61 7733
61 7752
61 8093
61 8176
61 8360
61 8432
61 8702
61 8717
61 8795
61 8869
61 8945
61 9004
61 9054
61 9099
61 9140
61 9155
61 9215
61 9342
61 9794
61 9995
61 10076
61 10105
61 10207
61 10223
61 10225
61 10264
61 10283
61 10284
61 10376
61 10571
61 10603
61 10613
61 10646
61 10799
61 10840
61 10978
61 10983
61 10986
61 11003
61 11032
61 11039
61 11093
61 11147
61 11240
61 11366
61 11367
61 11378
61 11538
61 11540
61 11589
61 11640
61 11653
61 11700
61 11813
61 11932
61 12078
61 12107
61 12190
61 12358
61 12369
61 12373
61 12442
61 12585
61 12631
61 12921
61 12941
61 13041
61 13112
61 13122
61 13150
61 13373
61 13516
61 13584
61 13601
61 13741
61 13800
61 13878
61 13926
61 14017
61 14244
61 14247
61 14255
61 14339
61 14531
61 14590
61 14618
61 14656
61 14952
61 15015
61 15016
61 15051
61 15063
61 15085
61 15167
61 15234
61 15296
61 15350
61 15439
61 15492
61 15699
61 15873
61 15998
61 16007
61 16023
61 16041
61 16079
61 16081
61 16097
61 16286
61 16746
61 16750
61 16914
61 16945
61 17231
61 17274
61 17332
61 17354
61 17420
61 17488
61 17537
61 17617
61 17832
61 17867
61 17895
61 17965
61 17985
61 18015
61 18080
61 18166
61 18225
61 18303
61 18376
61 18401
61 18460
61 18473
61 18544
61 18786
61 18916
61 18954
61 19011
61 19083
61 19215
61 19480
61 19542
61 19627
61 19653
61 19695
61 19717
61 19745
61 19759
61 19881
61 19887
61 19969
61 19975
61 20038
61 20124
61 20195
61 20287
61 20347
61 20349
61 20527
61 20547
61 20662
61 20679
61 20766
61 20911
61 20948
61 21298
61 21376
61 21424
61 21672
61 21797
61 21914
61 21958
61 22016
61 22131
61 22165
61 22193
61 22264
61 22326
61 22345
61 22415
61 22418
61 22551
61 22642
61 22731
61 22812
61 22850
61 22904
61 23057
61 23089
61 23113
61 23184
61 23190
61 23210
61 23272
61 23281
61 23304
61 23314
61 23317
61 23333
61 23376
61 23378
61 23440
61 23503
61 23511
61 23567
61 23828
61 24034
61 24210
61 24218
61 24224
61 24303
61 24307
61 24333
61 24434
61 24490
61 24590
61 24642
61 24785
61 24919
61 24949
61 25002
61 25027
61 25030
61 25031
61 25033
61 25223
61 25234
61 25244
61 25581
61 25592
61 25598
61 25663
61 25664
61 25776
61 25811
61 25908
61 25928
61 26010
61 26076
61 26107
61 26228
61 26298
61 26357
61 26599
61 26627
61 26675
61 26738
61 26805
61 26941
61 26953
61 26958
61 27004
61 27027
61 27284
61 27348
61 27379
61 27439
61 27494
61 27507
61 27687
61 27761
61 27796
61 27939
61 28034
61 28068
61 28110
61 28149
61 28215
61 28311
61 28604
61 28725
61 29278
61 29403
61 29703
61 29752
61 29763
61 29816
61 29937
61 30064
61 30127
61 30310
61 30419
61 30868
61 30968
61 31029
61 31057
61 31058
61 31147
61 31165
61 31176
61 31244
61 31591
61 31671
61 31704
61 31759
61 31857
61 31876
61 32094
61 32101
61 32292
61 32397
61 32450
61 32481
61 32495
61 32505
61 32667
61 32736
61 32740
61 32744
61 32934
61 32943
61 32950
61 33058
61 33103
61 33363
61 33390
61 33701
61 33819
61 34041
61 34044
61 34156
61 34199
61 34231
61 34260
61 34284
61 34337
61 34426
61 34440
61 34508
61 34511
61 34527
61 34579
61 34847
61 34870
61 34937
61 34985
61 35190
61 35215
61 35231
61 35251
61 35390
61 35585
61 35613
61 35661
61 35699
61 35782
61 35934
61 35983
61 36054
61 36101
61 36532
61 36543
61 36620
61 36626
61 36774
61 36779
61 36879
61 37020
61 37073
61 37087
61 37267
61 37451
61 37467
61 37484
61 38103
61 38177
61 38182
61 38299
61 38366
61 38413
61 38703
61 39100
61 39242
61 39337
61 39408
61 39426
61 39792
61 39893
61 40025
61 40097
61 40151
61 40404
61 40416
61 40450
61 40496
61 40567
61 40857
61 41079
61 41138
61 41372
61 41456
61 41534
61 41640
61 41719
61 41918
61 41949
61 41958
61 41995
61 42168
61 42373
61 42378
61 42758
61 42762
61 42854
61 42903
61 43103
61 43172
61 43185
61 43193
61 43205
61 43312
61 43559
61 43664
61 43796
61 43932
61 43999
61 44036
61 44050
61 44304
61 44383
61 44389
61 44482
61 44623
61 44684
61 44697
61 44816
61 44881
61 45081
61 45146
61 45249
61 45282
61 45385
61 45435
61 45554
61 45668
61 45693
61 45770
61 45790
61 45905
61 45921
61 46002
61 46087
61 46116
61 46128
61 46133
61 46244
61 46255
61 46258
61 46348
61 46745
61 46811
61 46813
61 47029
61 47047
61 47103
61 47190
61 47285
61 47396
61 47422
61 47622
61 47706
61 47765
61 47847
61 47999
61 48044
61 48059
61 48118
61 48601
61 48635
61 48670
61 48678
61 48778
61 48828
61 48960
61 48968
61 49026
61 49037
61 49065
61 49125
61 49189
61 49212
61 49426
61 49507
61 49640
61 49761
61 49762
61 49785
61 49828
61 49874
61 49939
61 49955
61 49988
61 50015
61 50064
61 50100
61 50150
61 50276
61 50351
61 50502
61 50612
61 50766
61 50805
61 51029
61 51084
61 51127
61 51270
61 51364
61 51383
61 51447
61 51535
61 51551
61 51620
61 51676
61 51682
61 51717
61 51808
61 52015
61 52161
61 52252
61 52356
61 52384
61 52447
61 52534
61 52546
61 52555
61 52644
61 52869
61 52915
61 52952
61 53048
61 53110
61 53261
61 53449
61 53473
61 53653
61 53681
61 54056
61 54188
61 54324
61 54414
61 54496
61 54570
61 54622
61 54695
61 54779
61 54861
61 54866
61 54973
61 54978
61 54997
61 55014
61 55083
61 55144
61 55182
61 55262
61 55555
61 55656
61 55753
61 55996
61 56191
61 56219
61 56237
61 56638
61 56843
61 56885
61 56892
61 56904
61 57029
61 57090
61 57207
61 57463
61 57783
61 57803
61 57831
61 57861
61 57874
61 58003
61 58041
61 58256
61 58269
61 58274
61 58313
61 58413
61 58462
61 58708
61 58894
61 59019
61 59116
61 59256
61 59392
61 59446
61 59569
61 59621
61 59698
61 59777
61 59807
61 59826
61 59927
61 60168
61 60247
61 60333
61 60409
61 60676
61 60740
61 60885
61 60917
61 60936
61 61107
61 61199
61 61202
61 61409
61 61471
61 61497
61 61644
61 61718
61 61996
61 62034
61 62043
61 62074
61 62167
61 62333
61 62365
61 62396
61 62458
61 62593
61 62684
61 62840
61 62973
61 63152
61 63594
61 63614
61 63644
61 63742
61 63825
61 64001
61 64025
61 64107
61 64153
61 64255
61 64320
61 64376
61 64402
61 64427
61 64625
61 64754
61 64802
61 65084
61 65207
61 65392
61 65631
61 66159
61 66256
61 66379
61 66390
61 66415
61 66446
61 66686
61 66701
61 66738
61 66756
61 66931
61 67227
61 67242
61 67281
61 67370
61 67616
61 67704
61 67711
61 67749
61 67754
61 67828
61 67856
61 67878
61 67907
61 67931
61 68024
61 68117
61 68181
61 68322
61 68376
61 68433
61 68447
61 68548
61 68568
61 68892
61 68940
61 69075
61 69167
61 69224
61 69232
61 69236
61 69301
61 69360
61 69452
61 69530
61 69627
61 69651
61 69733
61 69892
61 70013
61 70024
61 70068
61 70159
61 70212
61 70305
61 70320
61 70383
61 70654
61 70711
61 70712
61 70764
61 70835
61 70870
61 71004
61 71093
61 71123
61 71376
61 71674
61 71701
61 71729
61 71812
61 72017
61 72111
61 72136
61 72352
61 72407
61 72548
61 72714
61 72783
61 72829
61 72875
61 73162
61 73168
61 73238
61 73301
61 73447
61 73584
61 73599
61 74055
61 74096
61 74181
61 74215
61 74284
61 74317
61 74445
61 74520
61 74539
61 74807
61 74878
61 74894
61 75017
61 75115
61 75247
61 75448
61 75550
61 75610
61 75763
61 75778
61 75830
61 75881
61 76107
61 76213
61 76310
61 76476
61 76491
61 76496
61 76508
61 76749
61 76775
61 76875
61 76885
61 76947
61 76979
61 77261
61 77337
61 77376
61 77394
61 77398
61 77501
61 77536
61 77540
61 77548
61 77594
61 77719
61 77788
61 77886
61 78053
61 78154
61 78171
61 78231
61 78239
61 78252
61 78264
61 78310
61 78546
61 78621
61 78730
61 78809
61 78833
61 78835
61 78849
61 78856
61 79003
61 79082
61 79115
61 79131
61 79209
61 79213
61 79388
61 79561
61 79772
61 79887
61 79947
61 80002
61 80163
61 80179
61 80370
61 80703
61 80822
61 80993
61 81051
61 81207
61 81208
61 81335
61 81411
61 81424
61 81463
61 81621
61 81689
61 81910
61 82209
61 82232
61 82350
61 82485
61 82729
61 82812
61 82938
61 83028
61 83044
61 83126
61 83441
61 83447
61 83460
61 83510
61 83670
61 83718
61 83773
61 83782
61 84014
61 84086
61 84174
61 84190
61 84747
61 84755
61 84922
61 84953
61 84997
61 85341
61 85488
61 85711
61 85764
61 85910
61 86052
61 86054
61 86058
61 86066
61 86266
61 86336
61 86352
61 86526
61 86728
61 86750
61 86947
61 86953
61 86961
61 87009
61 87021
61 87285
61 87302
61 87500
61 87884
61 87910
61 87984
61 88340
61 88484
61 88637
61 88727
61 88737
61 88847
61 88926
61 89041
61 89108
61 89138
61 89292
61 89370
61 89404
61 89523
61 89652
61 89822
61 90066
61 90083
61 90106
61 90151
61 90311
61 90544
61 90647
61 90691
61 90825
61 90960
61 90962
61 91098
61 91225
61 91291
61 91396
61 91686
61 91812
61 91817
61 92026
61 92027
61 92033
61 92051
61 92059
61 92234
61 92512
61 92927
61 93183
61 93200
61 93238
61 93385
61 93558
61 93580
61 93617
61 93621
61 93648
61 93653
61 93887
61 94008
61 94155
61 94181
61 94217
61 94248
61 94270
61 94343
61 94373
61 94374
61 94504
61 94574
61 94629
61 94936
61 94961
61 95037
61 95055
61 95089
61 95102
61 95140
61 95242
61 95258
61 95267
61 95331
61 95487
61 95512
61 95583
61 95597
61 95669
61 95684
61 95699
61 95710
61 95738
61 95793
61 95819
61 95856
61 95974
61 96036
61 96039
61 96046
61 96055
61 96156
61 96170
61 96334
61 96393
61 96406
61 96590
61 96745
61 96780
61 96791
61 96915
61 97158
61 97178
61 97195
61 97213
61 97271
61 97321
61 97347
61 97493
61 97582
61 97594
61 97746
61 97757
61 97893
61 97928
61 98076
61 98159
61 98215
61 98253
61 98365
61 98529
61 98800
61 98813
61 98975
61 99032
61 99128
61 99129
61 99348
61 99459
61 99467
61 99475
61 99640
61 99804
61 99848
61 100109
61 100192
61 100293
61 100391
61 100452
61 100526
61 100637
61 100758
61 100763
61 100764
61 100905
61 100961
61 101029
61 101044
61 101064
61 101248
61 101386
61 101482
61 101549
61 101607
61 101651
61 101795
61 101812
61 101889
61 101953
61 102059
61 102085
61 102152
61 102274
61 102394
61 102401
61 102445
61 102447
61 102716
61 102811
61 102885
61 103029
61 103055
61 103355
61 103449
61 103763
61 103812
61 103901
61 103995
61 104185
61 104304
61 104314
61 104408
61 104422
61 104424
61 104499
61 104529
61 104643
61 104884
61 104909
61 104925
61 104954
61 105065
61 105074
61 105155
61 105218
61 105406
61 105467
61 105562
61 105565
61 105574
61 105654
61 105733
61 105797
61 105864
61 105994
61 106037
61 106046
61 106155
61 106312
61 106351
61 106356
61 106452
61 106460
61 106535
61 106567
61 106762
61 106824
61 107031
61 107035
61 107049
61 107058
61 107129
61 107151
61 107179
61 107272
61 107339
61 107973
61 108054
61 108354
61 108366
61 108559
61 108643
61 108709
61 108818
61 108946
61 108983
61 109054
61 109063
61 109305
61 109332
61 109492
61 109663
61 109728
61 109741
61 109931
61 110068
61 110130
61 110143
61 110213
61 110220
61 110259
61 110478
61 110494
61 110575
61 110670
61 110745
61 110948
61 110966
61 110995
61 111035
61 111067
61 111227
61 111325
61 111451
61 111556
61 111602
61 111650
61 111742
61 111841
61 112511
61 112514
61 112685
61 112690
61 113163
61 113246
61 113291
61 113341
61 113347
61 113396
61 113501
61 113693
61 113825
61 113889
61 114167
61 114556
61 114562
61 114568
61 114659
61 114674
61 114726
61 114938
61 114998
61 115093
61 115162
61 115321
61 115335
61 115489
61 115902
61 115998
61 116043
61 116102
61 116158
61 116410
61 116641
61 116718
61 116755
61 116884
61 116886
61 117133
61 117199
61 117285
61 117399
61 117480
61 117486
61 117511
61 117571
61 117591
61 117710
61 117743
61 117965
61 117998
61 118123
61 118243
61 118429
61 118545
61 118571
61 118694
61 118735
61 118739
61 118996
61 119053
61 119211
61 119488
61 119490
61 119532
61 119610
61 119674
61 119677
61 119820
61 119888
61 119987
61 119993
61 120535
61 120540
61 120869
61 120971
61 120977
61 120981
61 121066
61 121111
61 121117
61 121412
61 121555
61 121610
61 121630
61 121761
61 121823
61 121914
61 122019
61 122070
61 122177
61 122265
61 122291
61 122479
61 122670
61 122677
61 122685
61 122719
61 122765
61 122790
61 122836
61 123083
61 123117
61 123155
61 123454
61 123656
61 123695
61 124009
61 124135
61 124156
61 124178
61 124239
61 124260
61 124415
61 124465
61 124467
61 124575
61 124649
61 124904
61 125005
61 125044
61 125096
61 125170
61 125216
61 125315
61 125327
61 125494
61 125559
61 125609
61 125667
61 125805
61 125808
61 125854
61 125896
61 126157
61 126229
61 126276
61 126329
61 126590
61 126639
61 126678
61 126690
61 126711
61 126909
61 126945
61 127173
61 127499
61 127590
61 127608
61 127674
61 127689
61 127715
61 127942
61 128209
61 128246
61 128346
61 128463
61 128500
61 128512
61 128816
61 128873
61 129030
61 129166
61 129255
61 129287
61 129353
61 129375
61 129578
61 129661
61 129760
61 129922
61 129927
61 130025
61 130045
61 130087
61 130104
61 130105
61 130180
61 130370
61 130457
61 130519
61 130619
61 130961
61 131216
61 131410
61 131518
61 131604
61 131680
61 131698
61 131725
61 131834
61 131838
61 131965
61 132006
61 132114
61 132134
61 132167
61 132170
61 132225
61 132257
61 132266
61 132291
61 132407
61 132515
61 132646
61 132718
61 132722
61 132725
61 132730
61 132908
61 132912
61 133141
61 133226
61 133269
61 133333
61 133373
61 133402
61 133478
61 133610
61 133618
61 133701
61 133713
61 133829
61 133942
61 134079
61 134193
61 134364
61 134544
61 134634
61 134705
61 134815
61 134936
61 135064
61 135159
61 135263
61 135406
61 135464
61 135747
61 135768
61 135795
61 135953
61 136215
61 136367
61 136848
61 136978
61 136990
61 136991
61 137011
61 137135
61 137176
61 137349
61 137432
61 137505
61 137510
61 137627
61 137812
61 137896
61 138062
61 138141
61 138276
61 138347
61 138597
61 138778
61 138894
61 138969
61 138983
61 138993
61 139028
61 139060
61 139205
61 139224
61 139227
61 139352
61 139464
61 139493
61 139520
61 139566
61 139663
61 140034
61 140200
61 140246
61 140384
61 140471
61 140494
61 140514
61 140524
61 140736
61 140844
61 141003
61 141006
61 141128
61 141147
61 141183
61 141283
61 141312
61 141315
61 141329
61 141401
61 141485
61 141519
61 141527
61 141662
61 142021
61 142062
61 142113
61 142118
61 142147
61 142161
61 142233
61 142253
61 142273
61 142279
61 142381
61 142458
61 142491
61 142741
61 142843
61 143270
61 143278
61 143328
61 143333
61 143373
61 143454
61 143983
61 144237
61 144280
61 144293
61 144343
61 144487
61 144515
61 144548
61 144554
61 144940
61 145069
61 145164
61 145201
61 145339
61 145344
61 145427
61 145564
61 145648
61 145678
61 145994
61 146035
61 146345
61 146408
61 146451
61 146522
61 146582
61 146628
61 146674
61 146740
61 146833
61 146919
61 146961
61 147012
61 147109
61 147146
61 147149
61 147196
61 147200
61 147306
61 147331
61 147376
61 147471
61 147827
61 147832
61 147834
61 147924
61 148093
61 148103
61 148173
61 148232
61 148233
61 148307
61 148508
61 148802
61 149091
61 149118
61 149133
61 149227
61 149254
61 149298
61 149299
61 149326
61 149338
61 149416
61 149456
61 149504
61 149558
61 149666
61 149711
61 149812
61 149871
61 149890
61 149938
61 149994
61 150049
61 150050
61 150073
61 150185
61 150287
61 150346
61 150390
61 150780
61 150815
61 150862
61 150939
61 151082
61 151149
61 151259
61 151366
61 151367
61 151374
61 151382
61 151488
61 151496
61 151552
61 151594
61 151686
61 151729
61 151806
61 151901
61 151942
61 151953
61 151992
61 151993
61 152042
61 152155
61 152186
61 152479
61 152537
61 152640
61 152641
61 152653
61 152710
61 152739
61 152982
61 153066
61 153107
61 153117
61 153445
61 153589
61 153700
61 153749
61 153850
61 153991
61 154087
61 154165
61 154252
61 154337
61 154401
61 154450
61 154458
61 154480
61 154567
61 154578
61 154615
61 154765
61 154806
61 154877
61 154966
61 154990
61 154998
61 154999
61 155097
61 155166
61 155183
61 155207
61 155504
61 155567
61 155629
61 155778
61 155944
61 156032
61 156075
61 156100
61 156105
61 156316
61 156371
61 156612
61 156765
61 156783
61 156824
61 156951
61 157045
61 157046
61 157075
61 157087
61 157103
61 157163
61 157244
61 157266
61 157325
61 157404
61 157422
61 157551
61 157592
61 157664
61 157696
61 157721
61 157781
61 157785
61 157866
61 158049
61 158072
61 158396
61 158579
61 158654
61 158727
61 158856
61 158865
61 158954
61 158985
61 159075
61 159124
61 159346
61 159372
61 159455
61 159457
61 159794
61 159803
61 160078
61 160387
61 160410
61 160498
61 160502
61 160552
61 160713
61 160767
61 160875
61 160904
61 160936
61 160953
61 160983
61 161001
61 161184
61 161305
61 161351
61 161436
61 161719
61 161720
61 161770
61 161778
61 161872
61 161998
61 162183
61 162221
61 162543
61 162561
61 163077
61 163092
61 163192
61 163374
61 163401
51 69
51 108
51 149
51 412
51 556
51 713
51 804
51 805
51 817
51 829
51 877
51 956
51 1054
51 1137
51 1183
51 1311
51 1312
51 1494
51 1505
51 1534
51 1701
51 1820
51 1866
51 1898
51 1984
51 2009
51 2066
51 2089
51 2152
51 2199
51 2264
51 2310
51 2495
51 2589
51 2706
51 2743
51 2853
51 3098
51 3458
51 3542
51 3570
51 3821
51 3889
51 4017
51 4073
51 4080
51 4139
51 4239
51 4329
51 4368
51 4438
51 4520
51 4546
51 4627
51 4687
51 4835
51 4901
51 5083
51 5115
51 5147
51 5176
51 5270
51 5376
51 5552
51 5564
51 5657
51 5783
51 5825
51 5840
51 5862
51 5940
51 5977
51 6307
51 6380
51 6401
51 6538
51 6543
51 6557
51 6585
51 6745
51 6761
51 6963
51 7049
51 7099
51 7100
51 7177
51 7226
51 7696
51 7743
51 8081
51 8118
51 8193
51 8279
51 8288
51 8383
51 8437
51 8791
51 9050
51 9058
51 9107
51 9109
51 9113
51 9138
51 9186
51 9386
51 9432
51 9731
51 9804
51 9900
51 10142
51 10310
51 10351
51 10368
51 10381
51 10410
51 10588
51 10700
51 10706
51 10811
51 10869
51 10891
51 10902
51 11183
51 11224
51 11411
51 11420
51 11429
51 11458
51 11642
51 11721
51 11747
51 11772
51 11774
51 12014
51 12022
51 12143
51 12161
51 12199
51 12526
51 12538
51 12636
51 12649
51 13011
51 13157
51 13176
51 13220
51 13296
51 13385
51 13660
51 13688
51 13817
51 14004
51 14028
51 14048
51 14156
51 14176
51 14179
51 14319
51 14421
51 14639
51 14758
51 14874
51 14985
51 15023
51 15090
51 15095
51 15217
51 15257
51 15271
51 15296
51 15360
51 15379
51 15405
51 15460
51 15588
51 15598
51 15638
51 15734
51 15747
51 15765
51 15960
51 16007
51 16015
51 16021
51 16175
51 16219
51 16484
51 16745
51 16794
51 16814
51 16947
51 17143
51 17448
51 17633
51 17685
51 17732
51 17950
51 17994
51 18192
51 18290
51 18301
51 18448
51 18497
51 18644
51 18673
51 18784
51 18802
51 18851
51 19205
51 19215
51 19411
51 19435
51 19487
51 19506
51 19623
51 19724
51 19738
51 20134
51 20156
51 20207
51 20340
51 20448
51 20713
51 20802
51 20837
51 21103
51 21335
51 21349
51 21470
51 21484
51 21525
51 21540
51 21752
51 21862
51 21867
51 21907
51 21990
51 22020
51 22129
51 22156
51 22185
51 22295
51 22326
51 22348
51 22414
51 22430
51 22589
51 22599
51 22627
51 22797
51 22832
51 22870
51 22946
51 22991
51 23126
51 23314
51 23367
51 23418
51 23622
51 23671
51 23690
51 23740
51 23809
51 23846
51 24041
51 24282
51 24357
51 24509
51 24603
51 24652
51 24752
51 24803
51 24905
51 24906
51 25026
51 25074
51 25233
51 25255
51 25267
51 25388
51 25402
51 25680
51 25729
51 25931
51 26005
51 26068
51 26119
51 26214
51 26308
51 26354
51 26538
51 26580
51 26731
51 26825
51 26875
51 26925
51 26995
51 27102
51 27174
51 27240
51 27260
51 27367
51 27373
51 27379
51 27487
51 27612
51 27634
51 27692
51 27703
51 27732
51 27842
51 27906
51 27915
51 27937
51 28159
51 28306
51 28392
51 28718
51 28765
51 28947
51 28979
51 29026
51 29029
51 29200
51 29281
51 29610
51 29631
51 29706
51 29863
51 30069
51 30090
51 30321
51 30364
51 30378
51 30448
51 30486
51 30564
51 30567
51 30604
51 30661
51 30765
51 30826
51 31034
51 31045
51 31068
51 31079
51 31111
51 31142
51 31681
51 32101
51 32159
51 32278
51 32316
51 32545
51 32579
51 32616
51 32769
51 32859
51 33016
51 33157
51 33176
51 33221
51 33300
51 33332
51 33430
51 33861
51 33888
51 33920
51 33942
51 33970
51 34072
51 34251
51 34298
51 34324
51 34371
51 34568
51 34698
51 34797
51 34803
51 34822
51 34828
51 34848
51 34940
51 34958
51 34972
51 35005
51 35136
51 35284
51 35678
51 35734
51 35818
51 35954
51 35972
51 35977
51 36021
51 36067
51 36112
51 36218
51 36222
51 36352
51 36393
51 36400
51 36414
51 36504
51 36554
51 36654
51 36714
51 36808
51 36815
51 36850
51 36876
51 36972
51 37218
51 37236
51 37313
51 37364
51 37572
51 37603
51 37718
51 37726
51 37799
51 37818
51 37871
51 37951
51 38109
51 38199
51 38216
51 38296
51 38374
51 38411
51 38423
51 38442
51 38451
51 38483
51 38567
51 38719
51 38820
51 38883
51 38940
51 38986
51 39007
51 39019
51 39021
51 39057
51 39099
51 39265
51 39385
51 39502
51 39522
51 39619
51 39754
51 39806
51 39864
51 39983
51 39985
51 40018
51 40165
51 40189
51 40329
51 40376
51 40452
51 40650
51 40832
51 40834
51 40852
51 41000
51 41006
51 41112
51 41121
51 41177
51 41200
51 41208
51 41409
51 41421
51 41521
51 41575
51 41591
51 41630
51 41665
51 41677
51 41736
51 42002
51 42037
51 42235
51 42248
51 42347
51 42353
51 42468
51 42505
51 42612
51 42639
51 42644
51 43049
51 43105
51 43146
51 43179
51 43192
51 43310
51 43546
51 43564
51 43592
51 43623
51 43651
51 43786
51 43961
51 44242
51 44280
51 44338
51 44430
51 44537
51 44595
51 44747
51 44771
51 44955
51 45189
51 45281
51 45300
51 45421
51 45428
51 45462
51 45499
51 45503
51 45544
51 45669
51 45689
51 45741
51 45832
51 46013
51 46113
51 46208
51 46266
51 46336
51 46423
51 46652
51 46930
51 46987
51 47175
51 47222
51 47288
51 47364
51 47370
51 47469
51 47484
51 47531
51 47549
51 47555
51 47675
51 47735
51 47785
51 48161
51 48297
51 48314
51 48316
51 48372
51 48483
51 48586
51 48632
51 49004
51 49054
51 49075
51 49119
51 49175
51 49181
51 49211
51 49222
51 49237
51 49411
51 49496
51 49504
51 49532
51 49569
51 49775
51 49802
51 49906
51 49909
51 49916
51 49984
51 50071
51 50092
51 50419
51 50449
51 50512
51 50542
51 50548
51 50552
51 50554
51 50646
51 50675
51 50769
51 50900
51 50939
51 50965
51 50991
51 51147
51 51307
51 51380
51 51414
51 51447
51 51610
51 51613
51 51627
51 51633
51 51709
51 51904
51 51942
51 51948
51 52012
51 52074
51 52102
51 52212
51 52356
51 52679
51 52799
51 52949
51 53102
51 53311
51 53355
51 53432
51 53472
51 53593
51 53736
51 53866
51 53904
51 53917
51 53924
51 53977
51 54002
51 54004
51 54038
51 54118
51 54174
51 54188
51 54230
51 54281
51 54322
51 54369
51 54448
51 54661
51 55176
51 55245
51 55262
51 55443
51 55470
51 55506
51 55519
51 55721
51 55764
51 55998
51 56009
51 56042
51 56048
51 56126
51 56275
51 56294
51 56543
51 56579
51 56655
51 56708
51 56893
51 57190
51 57355
51 57487
51 57500
51 57730
51 57866
51 58111
51 58121
51 58173
51 58228
51 58281
51 58365
51 58522
51 58570
51 58614
51 58807
51 58882
51 59026
51 59090
51 59146
51 59164
51 59287
51 59302
51 59326
51 59328
51 59342
51 59346
51 59386
51 59450
51 59454
51 59485
51 59515
51 59704
51 59747
51 60143
51 60149
51 60153
51 60216
51 60399
51 60481
51 60635
51 60654
51 60660
51 60811
51 60844
51 60873
51 60875
51 60881
51 61172
51 61250
51 61310
51 61353
51 61381
51 61388
51 61684
51 61687
51 61828
51 61893
51 61914
51 61923
51 61944
51 62003
51 62046
51 62320
51 62649
51 62764
51 62772
51 62777
51 62836
51 62935
51 63047
51 63354
51 63416
51 63566
51 63646
51 63952
51 64953
51 64983
51 65021
51 65075
51 65173
51 65451
51 65561
51 65591
51 65720
51 65751
51 65763
51 65805
51 65840
51 65996
51 66158
51 66687
51 66834
51 66850
51 66901
51 67083
51 67086
51 67119
51 67217
51 67270
51 67310
51 67556
51 67569
51 67645
51 68121
51 68134
51 68560
51 68583
51 68606
51 68623
51 68852
51 68858
51 68875
51 68980
51 69101
51 69457
51 69505
51 69547
51 69604
51 69629
51 69903
51 70000
51 70064
51 70161
51 70227
51 70233
51 70253
51 70306
51 70428
51 70550
51 70594
51 70602
51 70897
51 70966
51 71040
51 71096
51 71349
51 71373
51 71428
51 71608
51 71739
51 71765
51 71818
51 71883
51 72047
51 72052
51 72091
51 72311
51 72328
51 72352
51 72396
51 72480
51 72519
51 72591
51 73023
51 73545
51 73805
51 73812
51 73847
51 73935
51 74077
51 74159
51 74186
51 74220
51 74225
51 74260
51 74294
51 74358
51 74397
51 74403
51 74538
51 74569
51 74668
51 74831
51 74893
51 74964
51 75009
51 75173
51 75188
51 75321
51 75386
51 75400
51 75464
51 75486
51 75693
51 75747
51 75769
51 75940
51 75978
51 76003
51 76137
51 76228
51 76521
51 76552
51 76562
51 76604
51 76782
51 76809
51 76903
51 77022
51 77036
51 77107
51 77165
51 77179
51 77239
51 77446
51 77493
51 77649
51 77839
51 77868
51 78050
51 78122
51 78129
51 78251
51 78557
51 78738
51 79033
51 79166
51 79205
51 79214
51 79317
51 79381
51 79383
51 79390
51 79435
51 79448
51 79501
51 79504
51 79519
51 79570
51 79628
51 79733
51 79800
51 79847
51 79862
51 79921
51 79944
51 79949
51 80184
51 80203
51 80247
51 80258
51 80477
51 80486
51 80810
51 80913
51 80969
51 81401
51 81442
51 81463
51 81626
51 81754
51 81928
51 82028
51 82056
51 82085
51 82093
51 82303
51 82392
51 82440
51 82447
51 82451
51 82548
51 82580
51 82694
51 82808
51 82885
51 82936
51 82970
51 82980
51 83102
51 83103
51 83175
51 83280
51 83342
51 83356
51 83364
51 83658
51 83700
51 83766
51 83803
51 83909
51 84071
51 84083
51 84095
51 84223
51 84347
51 84676
51 84790
51 84807
51 84912
51 84949
51 84976
51 84985
51 84988
51 84991
51 85140
51 85156
51 85166
51 85368
51 85438
51 85459
51 85468
51 85495
51 85692
51 85800
51 85959
51 86009
51 86053
51 86083
51 86202
51 86468
51 86573
51 86598
51 86771
51 86817
51 86996
51 87106
51 87146
51 87181
51 87260
51 87298
51 87344
51 87393
51 87424
51 87437
51 87450
51 87613
51 87617
51 87726
51 87735
51 87761
51 87779
51 87835
51 87850
51 87913
51 87917
51 87929
51 87974
51 88036
51 88087
51 88159
51 88257
51 88407
51 88454
51 88458
51 88521
51 88590
51 88857
51 89003
51 89029
51 89178
51 89253
51 89333
51 89369
51 89561
51 89593
51 89627
51 89709
51 89766
51 89793
51 89850
51 90002
51 90036
51 90161
51 90199
51 90200
51 90395
51 90398
51 90438
51 90476
51 90738
51 90819
51 90849
51 91036
51 91107
51 91163
51 91218
51 91221
51 91327
51 91549
51 91606
51 91614
51 91959
51 91984
51 92132
51 92312
51 92380
51 92422
51 92452
51 92525
51 92654
51 92695
51 92775
51 92878
51 92942
51 92971
51 93053
51 93058
51 93119
51 93224
51 93356
51 93375
51 93467
51 93537
51 93545
51 93548
51 93601
51 93742
51 93959
51 94031
51 94092
51 94176
51 94194
51 94208
51 94243
51 94318
51 94370
51 94376
51 94437
51 94600
51 94652
51 94684
51 94772
51 94850
51 94904
51 95054
51 95117
51 95150
51 95272
51 95296
51 95446
51 95524
51 95599
51 95627
51 95629
51 95712
51 95721
51 95734
51 95846
51 95855
51 95881
51 96110
51 96187
51 96376
51 96384
51 96556
51 96604
51 96646
51 96699
51 96807
51 96847
51 96863
51 96874
51 96945
51 96973
51 97149
51 97188
51 97366
51 97368
51 97495
51 97509
51 97547
51 97575
51 97702
51 97715
51 97814
51 97823
51 97883
51 97972
51 98190
51 98224
51 98227
51 98232
51 98353
51 98411
51 98581
51 98592
51 98616
51 98652
51 98668
51 98678
51 98695
51 98737
51 98785
51 98949
51 99011
51 99159
51 99271
51 99339
51 99442
51 99640
51 99653
51 99869
51 99964
51 100097
51 100239
51 100279
51 100298
51 100578
51 100614
51 100692
51 100809
51 100813
51 100838
51 101282
51 101675
51 101804
51 101815
51 101861
51 102041
51 102115
51 102340
51 102351
51 102681
51 102691
51 102874
51 102913
51 102918
51 103036
51 103094
51 103125
51 103168
51 103304
51 103315
51 103459
51 103631
51 103754
51 103757
51 103825
51 103978
51 103995
51 104091
51 104106
51 104261
51 104367
51 104644
51 105021
51 105491
51 105616
51 105705
51 105753
51 106149
51 106260
51 106334
51 106344
51 106370
51 106485
51 106530
51 106627
51 106726
51 106873
51 106927
51 107004
51 107072
51 107300
51 107434
51 107508
51 107612
51 107806
51 107831
51 107925
51 108014
51 108144
51 108328
51 108420
51 108761
51 108776
51 108869
51 108956
51 109057
51 109176
51 109179
51 109235
51 109276
51 109387
51 109560
51 109877
51 109914
51 109957
51 109968
51 109972
51 110020
51 110029
51 110079
51 110266
51 110284
51 110384
51 110405
51 110463
51 110582
51 110739
51 110910
51 111050
51 111158
51 111239
51 111255
51 111306
51 111314
51 111407
51 111439
51 111534
51 111594
51 111600
51 111676
51 111828
51 111899
51 111970
51 112114
51 112125
51 112176
51 112344
51 112593
51 112597
51 112668
51 112818
51 113016
51 113152
51 113315
51 113338
51 113421
51 113441
51 113457
51 113523
51 113579
51 113726
51 113796
51 113902
51 113936
51 114060
51 114122
51 114145
51 114336
51 114473
51 114694
51 114748
51 114763
51 114842
51 114858
51 114904
51 114921
51 115113
51 115223
51 115483
51 115583
51 115601
51 115852
51 115923
51 115925
51 116044
51 116291
51 116345
51 116385
51 116444
51 116575
51 116593
51 116764
51 116919
51 117126
51 117285
51 117321
51 117458
51 117469
51 117647
51 117671
51 117681
51 117722
51 117740
51 117912
51 117931
51 117938
51 117990
51 118158
51 118603
51 118699
51 118816
51 118886
51 118953
51 118994
51 119030
51 119041
51 119133
51 119305
51 119429
51 119703
51 119732
51 119782
51 119847
51 119849
51 119891
51 120148
51 120261
51 120378
51 120405
51 120433
51 120456
51 120558
51 120600
51 120676
51 121194
51 121260
51 121357
51 121555
51 121581
51 121737
51 121738
51 121879
51 121911
51 122141
51 122434
51 122465
51 122472
51 122503
51 122531
51 122549
51 122662
51 122825
51 122936
51 123010
51 123041
51 123142
51 123175
51 123478
51 123482
51 123837
51 123965
51 124035
51 124038
51 124185
51 124202
51 124241
51 124259
51 124337
51 124498
51 124543
51 124738
51 124741
51 124791
51 124845
51 124983
51 125019
51 125268
51 125307
51 125330
51 125545
51 125673
51 125777
51 125836
51 125948
51 125954
51 126089
51 126092
51 126129
51 126145
51 126427
51 126481
51 126503
51 126685
51 126738
51 126797
51 127128
51 127359
51 127603
51 127693
51 127726
51 127733
51 127852
51 128059
51 128193
51 128428
51 128569
51 128619
51 128679
51 128779
51 128860
51 128937
51 129095
51 129099
51 129201
51 129346
51 129450
51 129484
51 129581
51 129668
51 129677
51 129792
51 130103
51 130387
51 130505
51 130627
51 131001
51 131031
51 131254
51 131346
51 131377
51 131440
51 131470
51 131550
51 131663
51 131834
51 131943
51 131983
51 132030
51 132072
51 132273
51 132302
51 132444
51 132451
51 132471
51 132479
51 132520
51 132533
51 132557
51 132565
51 132586
51 132839
51 132924
51 132963
51 132972
51 133064
51 133175
51 133234
51 133275
51 133566
51 133625
51 133675
51 133690
51 133754
51 133763
51 133976
51 133990
51 134002
51 134051
51 134415
51 134528
51 134571
51 134629
51 134870
51 134949
51 134963
51 135131
51 135171
51 135577
51 135608
51 135619
51 135999
51 136033
51 136163
51 136207
51 136240
51 136325
51 136397
51 136408
51 136413
51 136544
51 136565
51 136790
51 136836
51 137045
51 137070
51 137143
51 137266
51 137320
51 137321
51 137385
51 137439
51 137550
51 137705
51 137725
51 137755
51 137896
51 137904
51 137989
51 138138
51 138170
51 138215
51 138269
51 138276
51 138286
51 138475
51 138603
51 138642
51 138670
51 138916
51 138979
51 139004
51 139031
51 139151
51 139233
51 139343
51 139430
51 139835
51 139844
51 139934
51 140013
51 140016
51 140191
51 140302
51 140445
51 140476
51 140504
51 140716
51 140836
51 140874
51 141044
51 141100
51 141348
51 141431
51 141532
51 141543
51 141590
51 141667
51 141694
51 141701
51 141777
51 141785
51 142000
51 142001
51 142008
51 142029
51 142094
51 142185
51 142207
51 142213
51 142237
51 142372
51 142382
51 142714
51 142904
51 142964
51 143037
51 143048
51 143055
51 143202
51 143355
51 143370
51 143376
51 143454
51 143524
51 143648
51 143714
51 143762
51 143874
51 143912
51 144023
51 144071
51 144162
51 144439
51 144463
51 144619
51 144652
51 144732
51 144860
51 144881
51 144899
51 144901
51 144998
51 145088
51 145173
51 145286
51 145424
51 145488
51 145621
51 145664
51 145713
51 145744
51 145808
51 146069
51 146098
51 146405
51 146683
51 146690
51 146807
51 146855
51 146856
51 146961
51 147036
51 147044
51 147299
51 147343
51 147372
51 147466
51 147479
51 147510
51 147556
51 147618
51 147680
51 147707
51 147820
51 147835
51 147902
51 147942
51 147952
51 148187
51 148305
51 148319
51 148799
51 148954
51 148999
51 149025
51 149030
51 149036
51 149047
51 149202
51 149289
51 149475
51 149479
51 149487
51 149561
51 149875
51 149897
51 150251
51 150590
51 150623
51 150687
51 150840
51 150858
51 150964
51 151068
51 151091
51 151151
51 151380
51 151507
51 151560
51 151696
51 151752
51 151785
51 151822
51 151867
51 151878
51 151997
51 152028
51 152121
51 152212
51 152318
51 152514
51 152520
51 152934
51 153062
51 153084
51 153224
51 153329
51 153403
51 153458
51 153633
51 153740
51 153803
51 153843
51 154044
51 154066
51 154146
51 154169
51 154184
51 154240
51 154344
51 154598
51 154621
51 154714
51 154752
51 154767
51 154772
51 154811
51 155222
51 155303
51 155410
51 155435
51 155778
51 156044
51 156198
51 156397
51 156405
51 156453
51 156523
51 156530
51 156613
51 156640
51 156843
51 157015
51 157229
51 157383
51 157404
51 157486
51 157612
51 157728
51 157936
51 157977
51 158074
51 158094
51 158146
51 158219
51 158272
51 158331
51 158365
51 158447
51 158594
51 158616
51 158830
51 159039
51 159096
51 159143
51 159245
51 159306
51 159338
51 159394
51 159405
51 159516
51 159541
51 159574
51 159598
51 159719
51 159828
51 159871
51 159913
51 159943
51 160112
51 160163
51 160174
51 160317
51 160338
51 160424
51 160434
51 160484
51 160486
51 160506
51 160531
51 160591
51 160631
51 160719
51 160835
51 160924
51 161004
51 161019
51 161027
51 161074
51 161363
51 161455
51 161519
51 161761
51 161796
51 161848
51 161978
51 162138
51 162139
51 162741
51 162756
51 162757
51 162783
51 162826
51 163074
51 163098
51 163166
51 163274
51 163296
51 163474
51 163526
51 163675
51 163685
51 163902
51 164298
51 164359
51 164380
51 164384
51 164391
51 164415
51 164502
51 164574
51 164649
51 164684
51 164704
51 164849
51 164862
51 164947
51 164961
51 164979
51 165008
51 165124
51 165298
51 165348
51 165433
51 166003
51 166034
51 166145
51 166195
51 166306
51 166413
51 166453
51 166588
54 60
54 148
54 267
54 312
54 417
54 469
54 580
54 587
54 620
54 684
54 708
54 749
54 785
54 1208
54 1226
54 1378
54 1496
54 1534
54 1578
54 1586
54 1592
54 1804
54 1849
54 1919
54 2049
54 2181
54 2209
54 2226
54 2362
54 2552
54 2608
54 2699
54 2858
54 2946
54 2955
54 3014
54 3206
54 3308
54 3391
54 3414
54 3434
54 3487
54 3504
54 3557
54 3631
54 3911
54 3918
54 3975
54 3976
54 4022
54 4037
54 4042
54 4074
54 4085
54 4123
54 4160
54 4242
54 4394
54 4402
54 4578
54 4612
54 4658
54 4686
54 4778
54 4837
54 4841
54 4955
54 5030
54 5106
54 5292
54 5448
54 5618
54 5884
54 6003
54 6122
54 6132
54 6357
54 6569
54 6669
54 6771
54 6860
54 6908
54 6951
54 6998
54 7107
54 7160
54 7169
54 7317
54 7318
54 7366
54 7602
54 7870
54 7966
54 8010
54 8140
54 8296
54 8588
54 8589
54 8757
54 8873
54 8881
54 9028
54 9045
54 9089
54 9166
54 9229
54 9370
54 9491
54 9584
54 9691
54 9840
54 10104
54 10220
54 10229
54 10281
54 10486
54 10625
54 10640
54 10692
54 10840
54 10916
54 10931
54 10932
54 10948
54 10952
54 10995
54 11024
54 11140
54 11148
54 11151
54 11161
54 11297
54 11471
54 11506
54 11517
54 11615
54 11646
54 11749
54 11857
54 11903
54 12187
54 12457
54 12639
54 12686
54 12706
54 12772
54 12790
54 12840
54 13000
54 13105
54 13274
54 13488
54 13549
54 13579
54 13589
54 13703
54 14077
54 14284
54 14331
54 14464
54 14510
54 14528
54 14560
54 14708
54 14831
54 14858
54 14944
54 15034
54 15126
54 15269
54 15340
54 15357
54 15387
54 15564
54 15605
54 15640
54 15642
54 15733
54 15782
54 16250
54 16282
54 16506
54 16508
54 16569
54 16650
54 16659
54 16947
54 17058
54 17076
54 17147
54 17165
54 17265
54 17294
54 17304
54 17491
54 17726
54 17773
54 17898
54 18103
54 18347
54 18445
54 18783
54 18810
54 18823
54 18891
54 18951
54 18972
54 19020
54 19325
54 19355
54 19406
54 19663
54 19798
54 20050
54 20178
54 20239
54 20488
54 20717
54 20732
54 20790
54 20840
54 20867
54 20924
54 21099
54 21145
54 21164
54 21172
54 21233
54 21601
54 21617
54 21659
54 21794
54 21824
54 22042
54 22112
54 22173
54 22249
54 22256
54 22355
54 22479
54 22622
54 22640
54 22706
54 22750
54 22955
54 23183
54 23243
54 23254
54 23543
54 23720
54 23952
54 24074
54 24113
54 24134
54 24163
54 24353
54 24367
54 24422
54 24438
54 24475
54 24711
54 24740
54 25006
54 25030
54 25093
54 25124
54 25184
54 25233
54 25382
54 25820
54 25877
54 25896
54 25997
54 26080
54 26181
54 26196
54 26347
54 26364
54 26475
54 26501
54 26547
54 26626
54 26635
54 26641
54 26741
54 26783
54 27130
54 27192
54 27505
54 27622
54 27768
54 27895
54 27982
54 28162
54 28302
54 28489
54 28778
54 28801
54 28873
54 28969
54 29044
54 29090
54 29238
54 29434
54 29591
54 29631
54 29687
54 29715
54 29810
54 29824
54 29856
54 29979
54 30034
54 30071
54 30189
54 30400
54 30436
54 30551
54 30638
54 30869
54 30992
54 31041
54 31057
54 31068
54 31095
54 31142
54 31255
54 31333
54 31415
54 31497
54 31690
54 31706
54 31795
54 31812
54 31827
54 31919
54 31972
54 31982
54 31990
54 32030
54 32102
54 32194
54 32196
54 32216
54 32260
54 32276
54 32338
54 32353
54 32358
54 32394
54 32674
54 32746
54 32812
54 32847
54 32867
54 33040
54 33109
54 33241
54 33266
54 33291
54 33336
54 33820
54 33835
54 33877
54 34057
54 34078
54 34155
54 34275
54 34313
54 34443
54 34651
54 34692
54 34697
54 34800
54 34872
54 34969
54 35066
54 35168
54 35180
54 35299
54 35326
54 35330
54 35351
54 35401
54 35470
54 35535
54 35614
54 35632
54 35775
54 35780
54 35924
54 35937
54 36109
54 36191
54 36323
54 36328
54 36338
54 36419
54 36429
54 36498
54 36534
54 36668
54 36703
54 37036
54 37078
54 37194
54 37202
54 37227
54 37281
54 37351
54 37571
54 37638
54 37745
54 37795
54 37919
54 37992
54 38139
54 38159
54 38229
54 38265
54 38521
54 38549
54 38572
54 38605
54 38697
54 38700
54 38757
54 38890
54 39064
54 39129
54 39228
54 39244
54 39504
54 39591
54 39840
54 39981
54 40018
54 40087
54 40166
54 40681
54 40769
54 40772
54 40798
54 40845
54 40913
54 40991
54 41116
54 41198
54 41244
54 41282
54 41293
54 41383
54 41425
54 41688
54 41910
54 42002
54 42110
54 42410
54 42682
54 42745
54 42876
54 42987
54 43122
54 43202
54 43359
54 43382
54 43635
54 43719
54 43734
54 44230
54 44315
54 44470
54 44532
54 44596
54 44640
54 44670
54 44708
54 44770
54 44797
54 44818
54 44856
54 44861
54 45004
54 45082
54 45092
54 45111
54 45163
54 45326
54 45381
54 45540
54 45600
54 45603
54 45629
54 45664
54 45704
54 45768
54 45790
54 46097
54 46318
54 46339
54 46345
54 46362
54 46595
54 46716
54 46795
54 46851
54 46963
54 47024
54 47073
54 47146
54 47302
54 47423
54 47635
54 47838
54 47881
54 47937
54 47992
54 48238
54 48333
54 48379
54 48393
54 48511
54 48521
54 48560
54 48629
54 48702
54 48736
54 48768
54 48824
54 48880
54 48946
54 48981
54 49007
54 49076
54 49298
54 49358
54 49374
54 49524
54 49600
54 49640
54 49674
54 49676
54 49691
54 49725
54 50029
54 50082
54 50096
54 50105
54 50338
54 50423
54 50480
54 50606
54 50635
54 50648
54 50731
54 50752
54 51002
54 51072
54 51159
54 51254
54 51473
54 51530
54 51580
54 51613
54 51770
54 52071
54 52270
54 52309
54 52372
54 52665
54 52687
54 52812
54 52903
54 53262
54 53266
54 53437
54 53466
54 53655
54 53706
54 53732
54 53794
54 53811
54 53815
54 53874
54 54482
54 54516
54 54596
54 54644
54 54877
54 55005
54 55054
54 55064
54 55208
54 55241
54 55614
54 55629
54 55710
54 56143
54 56235
54 56325
54 56348
54 56385
54 56569
54 56645
54 56683
54 56703
54 56826
54 57098
54 57156
54 57184
54 57266
54 57348
54 57396
54 57400
54 57432
54 57480
54 57515
54 57565
54 57574
54 57577
54 57584
54 57772
54 57783
54 57784
54 57823
54 57869
54 58029
54 58034
54 58100
54 58137
54 58144
54 58176
54 58192
54 58198
54 58224
54 58343
54 58539
54 58562
54 58779
54 58847
54 58871
54 58883
54 58904
54 59053
54 59513
54 59576
54 59612
54 59717
54 59843
54 59898
54 59962
54 59987
54 60045
54 60108
54 60113
54 60279
54 60350
54 60427
54 60564
54 60573
54 60768
54 60828
54 60901
54 60975
54 61320
54 61545
54 61560
54 61719
54 61883
54 61897
54 61903
54 61925
54 62012
54 62076
54 62185
54 62328
54 62398
54 62578
54 62749
54 62814
54 62875
54 63033
54 63051
54 63057
54 63375
54 63393
54 63403
54 63683
54 63775
54 63816
54 63917
54 63972
54 64072
54 64080
54 64096
54 64109
54 64241
54 64591
54 64629
54 64633
54 64651
54 64700
54 64985
54 65107
54 65238
54 65505
54 65628
54 65737
54 65848
54 65872
54 65890
54 65925
54 65982
54 66081
54 66235
54 66298
54 66406
54 66561
54 66667
54 66672
54 66751
54 66907
54 66919
54 67073
54 67302
54 67311
54 67385
54 67535
54 68037
54 68080
54 68380
54 68450
54 68519
54 68655
54 68929
54 68985
54 69056
54 69125
54 69145
54 69233
54 69338
54 69405
54 69418
54 69549
54 69578
54 69683
54 69756
54 69868
54 69934
54 70122
54 70358
54 70366
54 70395
54 70488
54 70501
54 70529
54 70563
54 70566
54 70617
54 70684
54 70733
54 70926
54 71021
54 71131
54 71187
54 71222
54 71825
54 71866
54 72113
54 72163
54 72260
54 72310
54 72379
54 72790
54 72832
54 72915
54 72917
54 73118
54 73226
54 73274
54 73545
54 73627
54 73635
54 73711
54 73901
54 73947
54 73982
54 74078
54 74502
54 74524
54 74677
54 74706
54 74727
54 74849
54 74958
54 74997
54 75013
54 75057
54 75071
54 75074
54 75131
54 75160
54 75281
54 75638
54 75899
54 76016
54 76191
54 76256
54 76350
54 76436
54 76620
54 76689
54 76902
54 77004
54 77190
54 77263
54 77463
54 77538
54 77674
54 77784
54 77831
54 77980
54 78073
54 78082
54 78185
54 78451
54 78533
54 78623
54 78695
54 78755
54 78820
54 78828
54 78895
54 78933
54 78938
54 79295
54 79555
54 79607
54 79757
54 79787
54 79798
54 79843
54 79872
54 79921
54 79976
54 80007
54 80094
54 80406
54 80780
54 80862
54 81001
54 81003
54 81174
54 81383
54 81456
54 81654
54 81692
54 81711
54 81722
54 82043
54 82066
54 82163
54 82244
54 82405
54 82588
54 82686
54 82756
54 82790
54 82803
54 82907
54 82934
54 83130
54 83139
54 83336
54 83343
54 83361
54 83413
54 83508
54 83577
54 83622
54 83829
54 83846
54 83991
54 84024
54 84105
54 84218
54 84275
54 84362
54 84434
54 84440
54 84492
54 84720
54 84798
54 84916
54 84983
54 85228
54 85528
54 85602
54 85699
54 85778
54 85823
54 85960
54 86023
54 86104
54 86339
54 86382
54 86445
54 86613
54 86654
54 86732
54 86829
54 86845
54 86861
54 86947
54 87131
54 87400
54 87414
54 87427
54 87428
54 87490
54 87694
54 87811
54 87830
54 87895
54 87903
54 87961
54 88099
54 88162
54 88290
54 88395
54 88423
54 88493
54 88632
54 88655
54 88688
54 88770
54 88776
54 88782
54 88896
54 88938
54 89083
54 89208
54 89217
54 89221
54 89365
54 89622
54 89696
54 89739
54 89758
54 89871
54 90144
54 90183
54 90533
54 90595
54 90617
54 90715
54 90766
54 90802
54 90808
54 90824
54 90883
54 90944
54 91017
54 91108
54 91410
54 91448
54 91472
54 91493
54 91623
54 91654
54 91919
54 91939
54 92225
54 92306
54 92313
54 92328
54 92398
54 92462
54 92466
54 92506
54 92611
54 92631
54 92669
54 92900
54 92965
54 93015
54 93069
54 93125
54 93198
54 93227
54 93303
54 93318
54 93380
54 93416
54 93588
54 93639
54 93974
54 94113
54 94195
54 94249
54 94397
54 94738
54 94826
54 94959
54 95011
54 95023
54 95045
54 95094
54 95205
54 95360
54 95415
54 95550
54 95662
54 95733
54 95790
54 95949
54 96072
54 96333
54 96350
54 96517
54 96690
54 96820
54 96866
54 96949
54 96960
54 96986
54 97090
54 97246
54 97517
54 97547
54 97594
54 97972
54 98018
54 98140
54 98143
54 98145
54 98340
54 98454
54 98543
54 98559
54 98594
54 98718
54 98722
54 98796
54 99152
54 99300
54 99311
54 99316
54 99506
54 99547
54 99610
54 99721
54 99727
54 99963
54 100020
54 100082
54 100134
54 100137
54 100188
54 100238
54 100293
54 100309
54 100354
54 100379
54 100423
54 100568
54 100761
54 100828
54 100869
54 100877
54 101010
54 101156
54 101331
54 101467
54 101525
54 101597
54 101832
54 101935
54 102125
54 102194
54 102204
54 102225
54 102247
54 102347
54 102353
54 102464
54 102557
54 102580
54 102700
54 102744
54 102798
54 102917
54 103045
54 103107
54 103167
54 103214
54 103270
54 103293
54 103683
54 103884
54 103899
54 103942
54 104006
54 104139
54 104232
54 104330
54 104343
54 104440
54 104471
54 104514
54 104590
54 104723
54 104742
54 104758
54 105103
54 105140
54 105156
54 105217
54 105260
54 105271
54 105418
54 105760
54 105821
54 105831
54 105911
54 106266
54 106368
54 106417
54 106435
54 106656
54 106760
54 106803
54 106811
54 106821
54 106906
54 106981
54 107083
54 107106
54 107191
54 107286
54 107351
54 107516
54 107648
54 107895
54 107927
54 108029
54 108180
54 108352
54 108459
54 108558
54 108591
54 108775
54 108802
54 108909
54 108978
54 108987
54 109080
54 109139
54 109212
54 109359
54 109466
54 109476
54 109678
54 109746
54 109795
54 109829
54 110042
54 110099
54 110160
54 110531
54 110623
54 110641
54 110653
54 110788
54 110815
54 110900
54 110903
54 111015
54 111039
54 111130
54 111175
54 111188
54 111418
54 111420
54 111546
54 111821
54 111971
54 112036
54 112233
54 112245
54 112352
54 112755
54 112975
54 113002
54 113036
54 113340
54 113378
54 113436
54 113495
54 113527
54 113599
54 113762
54 113794
54 113877
54 113925
54 113990
54 114319
54 114439
54 114494
54 114605
54 114655
54 114764
54 114814
54 114850
54 114955
54 115011
54 115026
54 115057
54 115211
54 115222
54 115244
54 115287
54 115420
54 115424
54 115596
54 115717
54 115764
54 115903
54 115983
54 116065
54 116094
54 116257
54 116569
54 116591
54 116659
54 116678
54 116694
54 116866
54 116924
54 117149
54 117171
54 117391
54 117465
54 117546
54 117563
54 117656
54 118063
54 118077
54 118157
54 118596
54 118601
54 118651
54 118856
54 118893
54 119159
54 119425
54 119455
54 119570
54 119578
54 119622
54 119667
54 119737
54 119762
54 119971
54 120061
54 120156
54 120198
54 120214
54 120391
54 120441
54 120547
54 120639
54 120656
54 120749
54 120826
54 121030
54 121081
54 121206
54 121267
54 121273
54 121278
54 121307
54 121388
54 121394
54 121490
54 121580
54 121586
54 121625
54 121641
54 121868
54 121939
54 121998
54 122159
54 122244
54 122438
54 122687
54 122860
54 122952
54 123044
54 123063
54 123245
54 123450
54 123575
54 123999
54 124048
54 124073
54 124076
54 124138
54 124199
54 124294
54 124346
54 124389
54 124453
54 124458
54 124465
54 124488
54 124598
54 124671
54 124672
54 124759
54 124864
54 124872
54 125245
54 125285
54 125444
54 125502
54 125602
54 125683
54 125881
54 125904
54 125938
54 126037
54 126063
54 126071
54 126156
54 126214
54 126348
54 126481
54 126525
54 126565
54 126570
54 126837
54 126895
54 127001
54 127106
54 127167
54 127175
54 127233
54 127526
54 127863
54 127975
54 128032
54 128161
54 128167
54 128256
54 128612
54 128619
54 128734
54 128737
54 128896
54 128975
54 129284
54 129345
54 129517
54 129568
54 129595
54 129659
54 129705
54 129748
54 129751
54 130009
54 130084
54 130132
54 130206
54 130213
54 130244
54 130287
54 130324
54 130348
54 130463
54 130497
54 130763
54 130895
54 130973
54 130974
54 130986
54 131080
54 131168
54 131223
54 131341
54 131471
54 131536
54 131640
54 131901
54 132038
54 132165
54 132481
54 132591
54 132691
54 132699
54 132931
54 132999
54 133303
54 133354
54 133457
54 133507
54 133523
54 133664
54 133674
54 133686
54 133721
54 133722
54 133799
54 133800
54 133855
54 133916
54 133927
54 134111
54 134136
54 134300
54 134393
54 134503
54 134523
54 134577
54 134589
54 134882
54 134897
54 134950
54 135051
54 135105
54 135446
54 135536
54 135586
54 135626
54 135794
54 135825
54 135896
54 135920
54 135923
54 136103
54 136183
54 136787
54 136798
54 136875
54 137101
54 137247
54 137257
54 137401
54 137414
54 137420
54 137524
54 137624
54 137835
54 137993
54 138079
54 138143
54 138193
54 138378
54 138454
54 139077
54 139288
54 139589
54 139591
54 139647
54 139780
54 139792
54 139859
54 139878
54 139942
54 139966
54 139971
54 139980
54 140088
54 140282
54 140465
54 140477
54 140478
54 140537
54 140543
54 140666
54 140672
54 140703
54 140760
54 141000
54 141079
54 141101
54 141212
54 141675
54 141677
54 141694
54 141716
54 141722
54 141783
54 141821
54 141866
54 141968
54 142043
54 142120
54 142197
54 142226
54 142356
54 142474
54 142553
54 142576
54 142582
54 142761
54 142908
54 143058
54 143195
54 143240
54 143486
54 143493
54 143585
54 143611
54 143730
54 143892
54 143926
54 143938
54 144027
54 144182
54 144257
54 144333
54 144350
54 144353
54 144539
54 144543
54 144546
54 144682
54 144915
54 144953
54 145120
54 145132
54 145364
54 145377
54 145455
54 145709
54 145723
54 145755
54 145779
54 145892
54 146025
54 146060
54 146162
54 146225
54 146380
54 146382
54 146407
54 146493
54 146564
54 146610
54 147093
54 147158
54 147192
54 147210
54 147238
54 147366
54 147370
54 147444
54 147734
54 147771
54 148000
54 148142
54 148220
54 148376
54 148509
54 148641
54 148708
54 148805
54 148875
54 148887
54 149173
54 149270
54 149292
54 149363
54 149365
54 149592
54 149650
54 149665
54 149717
54 149887
54 149895
54 149940
54 150042
54 150055
54 150108
54 150181
54 150225
54 150241
54 150243
54 150285
54 150312
54 150423
54 150574
54 150658
54 150784
54 150798
54 150822
54 150929
54 151237
54 151439
54 151505
54 151577
54 151695
54 151736
54 151738
54 151885
54 151896
54 152014
54 152063
54 152086
54 152144
54 152152
54 152417
54 152552
54 152561
54 152644
54 152712
54 152808
54 152871
54 152873
54 152911
54 152931
54 152951
54 153023
54 153051
54 153128
54 153241
54 153339
54 153423
54 153431
54 153651
54 153675
54 153771
54 153854
54 154008
54 154011
54 154032
54 154165
54 154237
54 154300
54 154316
54 154511
54 154563
54 154705
54 155040
54 155275
54 155318
54 155354
54 155459
54 155475
54 155494
54 155518
54 155525
54 155540
54 155671
54 155684
54 155686
54 155730
54 155735
54 155794
54 155842
54 155851
54 155856
54 155894
54 155958
54 156006
54 156067
54 156147
54 156211
54 156582
54 156590
54 156620
54 156653
54 156698
54 156761
54 156881
54 156932
54 157083
54 157259
54 157447
54 157563
54 157701
54 157768
54 157820
54 157922
54 158043
54 158238
54 158242
54 158339
54 158386
54 158412
54 158651
54 158654
54 158832
54 159004
54 159045
54 159094
54 159148
54 159187
54 159366
54 159619
54 159684
54 159724
54 160171
54 160172
54 160414
54 160470
54 160697
54 160698
54 160718
54 160742
54 160788
54 160789
54 160897
54 160963
54 160987
54 160991
54 161023
54 161042
54 161105
54 161112
54 161252
54 161270
54 161323
54 161388
54 161616
54 161826
54 161869
54 161997
54 162031
54 162088
54 162225
54 162258
54 162273
54 162315
54 162425
54 162447
54 162472
54 162602
54 162605
54 162776
54 162903
54 162986
54 163007
54 163164
54 163274
54 163299
54 163351
54 163525
54 163602
54 163617
54 164023
54 164047
54 164288
54 164454
54 164460
54 164498
54 164539
54 164621
54 164642
54 164909
54 164972
54 165017
54 165051
54 165153
54 165275
54 165332
54 165370
54 165524
54 165565
54 165601
54 165936
54 165968
54 166046
54 166088
54 166127
54 166139
54 166239
54 166261
54 166295
54 166318
54 166487
54 166625
54 167092
54 167268
54 167275
54 167307
54 167366
54 167392
54 167449
54 167522
54 167575
54 167655
54 167765
54 167933
54 168040
54 168091
54 168391
54 168438
54 168473
54 168502
54 168568
54 168679
54 168757
54 168790
54 168924
54 168965
54 168985
54 169450
54 169594
54 169828
54 169853
54 169883
63 14
63 53
63 67
63 332
63 450
63 455
63 551
63 756
63 866
63 894
63 1111
63 1165
63 1257
63 1317
63 1461
63 1566
63 1601
63 1626
63 1873
63 1905
63 1980
63 2212
63 2362
63 2682
63 2809
63 2928
63 2992
63 3116
63 3153
63 3197
63 3566
63 4087
63 4292
63 4421
63 4833
63 4992
63 5020
63 5200
63 5335
63 5382
63 5510
63 5531
63 5587
63 5852
63 5881
63 6100
63 6353
63 6624
63 6707
63 7000
63 7069
63 7100
63 7300
63 7321
63 7332
63 7633
63 7724
63 7829
63 7963
63 8081
63 8186
63 8641
63 8673
63 8897
63 8899
63 8977
63 8980
63 8987
63 9162
63 9288
63 9314
63 9421
63 9661
63 9763
63 9799
63 9808
63 9831
63 9851
63 10091
63 10126
63 10238
63 10457
63 10562
63 10599
63 10642
63 11087
63 11172
63 11188
63 11321
63 11401
63 11639
63 11723
63 11767
63 11864
63 12157
63 12159
63 12309
63 12397
63 12479
63 12588
63 12729
63 12853
63 13190
63 13230
63 13481
63 13528
63 13529
63 13576
63 13611
63 13631
63 13665
63 13874
63 13918
63 13926
63 13970
63 13983
63 13985
63 14412
63 14640
63 14757
63 14795
63 14911
63 14922
63 14944
63 15465
63 15581
63 15781
63 15793
63 15919
63 16050
63 16154
63 16285
63 16315
63 16425
63 16438
63 16454
63 16496
63 16563
63 16864
63 16903
63 17060
63 17106
63 17232
63 17332
63 17447
63 17659
63 17804
63 17843
63 17889
63 17991
63 18072
63 18073
63 18365
63 18703
63 18818
63 18950
63 19317
63 19387
63 19861
63 19946
63 20021
63 20030
63 20105
63 20206
63 20244
63 20265
63 21014
63 21247
63 21254
63 21326
63 21627
63 21756
63 21972
63 22558
63 22651
63 22792
63 22874
63 23006
63 23040
63 23432
63 23468
63 23718
63 23891
63 24541
63 24681
63 24701
63 24759
63 25082
63 25401
63 25464
63 25604
63 25721
63 25729
63 25748
63 25786
63 25945
63 26016
63 26210
63 26248
63 26319
63 26386
63 26569
63 26644
63 26647
63 26674
63 26738
63 26772
63 26870
63 27588
63 27589
63 27689
63 27775
63 27950
63 27979
63 28325
63 28345
63 28432
63 28463
63 28737
63 28856
63 28867
63 28940
63 28987
63 29027
63 29097
63 29163
63 29214
63 29234
63 29756
63 29777
63 29809
63 29848
63 30105
63 30150
63 30246
63 30358
63 30511
63 30685
63 31057
63 31126
63 31207
63 31468
63 31498
63 31723
63 31872
63 32187
63 32466
63 32475
63 32560
63 32698
63 32712
63 32819
63 32870
63 33004
63 33260
63 33384
63 33432
63 33619
63 33896
63 33947
63 34110
63 34253
63 34270
63 34428
63 34508
63 34831
63 35146
63 35147
63 35214
63 35516
63 35735
63 35817
63 35861
63 36008
63 36090
63 36113
63 36139
63 36141
63 36195
63 36296
63 36336
63 36342
63 36470
63 36556
63 36631
63 36668
63 37052
63 37068
63 37476
63 37498
63 37540
63 37591
63 37831
63 38233
63 38520
63 38576
63 38671
63 38788
63 38878
63 38931
63 39118
63 39301
63 39441
63 39753
63 39757
63 39805
63 40136
63 40227
63 40231
63 40555
63 40575
63 40610
63 40927
63 40984
63 41138
63 41256
63 41394
63 41444
63 41446
63 41469
63 41495
63 41590
63 41771
63 42015
63 42196
63 42386
63 42410
63 42550
63 42816
63 43061
63 43265
63 43401
63 43421
63 43596
63 43663
63 43853
63 43917
63 44071
63 44282
63 44402
63 44540
63 44687
63 44830
63 44856
63 44912
63 45051
63 45103
63 45171
63 45192
63 45222
63 45358
63 45543
63 45695
63 45718
63 45958
63 46016
63 46082
63 46179
63 46434
63 46440
63 46619
63 46677
63 46803
63 46935
63 47084
63 47092
63 47232
63 47300
63 47412
63 47460
63 47962
63 47977
63 48048
63 48371
63 48506
63 48539
63 48701
63 48915
63 49163
63 49210
63 49372
63 49625
63 49642
63 49811
63 49913
63 49922
63 50118
63 51061
63 51199
63 51221
63 51397
63 51660
63 51759
63 51908
63 52069
63 52162
63 52296
63 52314
63 52450
63 52718
63 52753
63 52808
63 52812
63 53033
63 53111
63 53178
63 53318
63 53424
63 53473
63 54105
63 54532
63 54639
63 54671
63 54771
63 54826
63 54866
63 55040
63 55810
63 55917
63 55975
63 55981
63 56004
63 56094
63 56226
63 56313
63 56537
63 56966
63 57687
63 57893
63 57906
63 58017
63 58238
63 58253
63 58275
63 58501
63 58562
63 58900
63 58963
63 59085
63 59157
63 59420
63 59439
63 59661
63 60037
63 60078
63 60271
63 60317
63 60439
63 60636
63 60640
63 60819
63 60892
63 61111
63 61174
63 61312
63 61385
63 61733
63 62055
63 62057
63 62285
63 62324
63 62329
63 62580
63 62588
63 62641
63 62702
63 62751
63 62775
63 62868
63 62897
63 63105
63 63130
63 63591
63 63638
63 63690
63 63820
63 63859
63 64099
63 64239
63 64342
63 64345
63 64411
63 64436
63 64445
63 64530
63 64538
63 64645
63 64817
63 64951
63 65182
63 65329
63 65547
63 65645
63 65682
63 65887
63 65912
63 65991
63 66071
63 66143
63 66339
63 66365
63 66482
63 66707
63 66757
63 66862
63 66998
63 67134
63 67226
63 67354
63 67768
63 67770
63 67866
63 68225
63 68371
63 68414
63 68701
63 68707
63 69008
63 69024
63 69332
63 69376
63 69515
63 69703
63 69717
63 69724
63 69941
63 70130
63 70202
63 70247
63 70479
63 70548
63 70591
63 70746
63 71269
63 71270
63 71373
63 71396
63 71468
63 71530
63 72096
63 72332
63 72333
63 72617
63 73518
63 73584
63 73631
63 73684
63 73732
63 73875
63 74356
63 74557
63 74801
63 74825
63 74856
63 75014
63 75306
63 75330
63 75358
63 75602
63 75641
63 75827
63 75831
63 75840
63 75859
63 76108
63 76298
63 77623
63 77941
63 78163
63 78346
63 78357
63 78799
63 79183
63 79361
63 80288
63 80556
63 80667
63 80924
63 81053
63 81083
63 81453
63 81587
63 81689
63 81757
63 81818
63 81957
63 82288
63 82471
63 82524
63 82819
63 82850
63 82856
63 82898
63 83028
63 83228
63 83267
63 83826
63 83835
63 84029
63 84055
63 84109
63 84113
63 84125
63 84235
63 84309
63 84316
63 84372
63 84408
63 84862
63 85292
63 85375
63 85480
63 85783
63 85869
63 85878
63 85966
63 86268
63 86292
63 86433
63 86478
63 86528
63 86789
63 86885
63 87205
63 87242
63 87270
63 87299
63 87542
63 87840
63 88299
63 88322
63 88481
63 88509
63 88564
63 88674
63 88902
63 89073
63 89510
63 89699
63 89761
63 89874
63 90140
63 90199
63 90231
63 90324
63 90354
63 90551
63 90623
63 90683
63 90709
63 90733
63 91013
63 91274
63 91322
63 91535
63 91596
63 91644
63 91647
63 91676
63 91870
63 91888
63 91907
63 92042
63 92216
63 92228
63 92255
63 92319
63 92462
63 92922
63 93271
63 93483
63 93514
63 93711
63 93723
63 93837
63 94152
63 94430
63 94512
63 94559
63 94609
63 94737
63 94797
63 94843
63 94856
63 94933
63 94998
63 95127
63 95233
63 95393
63 95437
63 96024
63 96128
63 96276
63 96324
63 96838
63 96906
63 97122
63 97161
63 97230
63 97417
63 97636
63 97680
63 97793
63 97970
63 98193
63 98241
63 98427
63 98474
63 98649
63 98679
63 98712
63 98830
63 98867
63 98868
63 98931
63 99006
63 99072
63 99177
63 99321
63 99411
63 99532
63 99573
63 99666
63 99675
63 99695
63 99732
63 100057
63 100091
63 100111
63 100197
63 100323
63 100359
63 100645
63 100827
63 100836
63 100920
63 101057
63 101098
63 101466
63 101874
63 101939
63 101956
63 102027
63 102175
63 102235
63 102262
63 102293
63 102310
63 102387
63 102512
63 102642
63 102683
63 102696
63 102770
63 102774
63 103136
63 103294
63 103334
63 103541
63 103621
63 104144
63 104244
63 104287
63 104596
63 104810
63 105138
63 105220
63 105225
63 105227
63 105372
63 105533
63 105551
63 105645
63 105824
63 105875
63 105917
63 105991
63 106058
63 106088
63 106226
63 106408
63 106415
63 107012
63 107078
63 107301
63 107455
63 107742
63 107796
63 107797
63 107836
63 107890
63 107936
63 107953
63 108069
63 108119
63 108122
63 108131
63 108197
63 108410
63 108439
63 108484
63 108893
63 109007
63 109127
63 109210
63 109372
63 109585
63 109777
63 109813
63 109862
63 109910
63 109920
63 110156
63 110161
63 110231
63 110237
63 110311
63 110327
63 110572
63 110613
63 110728
63 110776
63 110793
63 110794
63 110818
63 111067
63 111070
63 111083
63 111157
63 111182
63 111548
63 111736
63 112050
63 112184
63 112464
63 112543
63 112576
63 112618
63 112680
63 112942
63 113008
63 113055
63 113087
63 113155
63 113214
63 113680
63 113686
63 113805
63 113902
63 113971
63 113990
63 114002
63 114092
63 114342
63 114378
63 114556
63 114713
63 114810
63 114958
63 115013
63 115045
63 115107
63 115264
63 115554
63 115671
63 115811
63 116079
63 116117
63 116132
63 116207
63 116287
63 116535
63 116685
63 116696
63 116784
63 116871
63 116880
63 116900
63 116941
63 116985
63 116996
63 117369
63 117371
63 117780
63 117815
63 117816
63 117871
63 118007
63 118010
63 118052
63 118149
63 118154
63 118246
63 118445
63 118571
63 118586
63 118627
63 118637
63 118703
63 118784
63 118816
63 118924
63 119308
63 119873
63 120251
63 120300
63 120373
63 120509
63 120567
63 120600
63 120723
63 120810
63 120841
63 120874
63 120894
63 120908
63 121035
63 121331
63 121398
63 121543
63 121568
63 121741
63 121770
63 121874
63 122340
63 122348
63 122504
63 122545
63 122662
63 122710
63 122823
63 122895
63 123583
63 123924
63 123972
63 124073
63 124362
63 124374
63 124419
63 124487
63 124509
63 124561
63 124660
63 124705
63 124710
63 124742
63 124910
63 125035
63 125104
63 125464
63 125471
63 125651
63 125701
63 125797
63 126234
63 126440
63 126578
63 126582
63 126675
63 126806
63 126841
63 127010
63 127190
63 127460
63 127624
63 127855
63 127866
63 128101
63 128121
63 128287
63 128565
63 128591
63 128599
63 128669
63 128954
63 129213
63 129321
63 129386
63 129466
63 129613
63 130037
63 130056
63 130085
63 130127
63 130159
63 130302
63 130375
63 130500
63 130716
63 130762
63 131428
63 131445
63 131595
63 131637
63 131843
63 131857
63 132082
63 132092
63 132243
63 132383
63 132915
63 133040
63 133073
63 133152
63 133403
63 133708
63 133821
63 133943
63 134228
63 134341
63 134567
63 134644
63 134772
63 134810
63 134840
63 135038
63 135304
63 135494
63 135496
63 135567
63 135632
63 135775
63 135802
63 135889
63 136380
63 136401
63 136721
63 136787
63 136899
63 136948
63 137113
63 137285
63 137291
63 137315
63 137596
63 137669
63 137879
63 137881
63 137961
63 138136
63 138217
63 138365
63 138462
63 138762
63 138950
63 139061
63 139255
63 139300
63 139331
63 139677
63 139741
63 139795
63 139916
63 139965
63 139985
63 140033
63 140052
63 140280
63 140432
63 140462
63 140495
63 140707
63 140909
63 140949
63 141119
63 141303
63 141520
63 141545
63 141567
63 141834
63 141843
63 142036
63 142090
63 142155
63 142271
63 142350
63 142410
63 142657
63 142671
63 142676
63 142762
63 142898
63 143093
63 143199
63 143542
63 143573
63 143679
63 143712
63 143765
63 143776
63 143959
63 144151
63 144228
63 144375
63 144674
63 144954
63 145002
63 145134
63 145155
63 145293
63 145460
63 145819
63 145910
63 146051
63 146254
63 146294
63 146311
63 146637
63 146716
63 146934
63 147243
63 147414
63 147452
63 147485
63 147735
63 147741
63 147779
63 147848
63 148097
63 148137
63 148673
63 148698
63 148807
63 148816
63 148846
63 148890
63 149238
63 149359
63 149411
63 149459
63 149501
63 149504
63 149632
63 149666
63 149737
63 149813
63 149914
63 149948
63 149979
63 150069
63 150087
63 150459
63 150467
63 150610
63 150721
63 150733
63 150785
63 150941
63 151044
63 151148
63 151150
63 151312
63 151414
63 151505
63 151509
63 151679
63 151817
63 151825
63 151894
63 151898
63 151919
63 151968
63 152243
63 152253
63 152347
63 152385
63 152717
63 152826
63 152939
63 153036
63 153151
63 153433
63 153474
63 153584
63 153597
63 153617
63 153757
63 153820
63 153911
63 154034
63 154047
63 154169
63 154183
63 154200
63 154311
63 154347
63 154613
63 154761
63 155082
63 155280
63 155409
63 155626
63 155919
63 156000
63 156141
63 156347
63 156638
63 156656
63 156667
63 156722
63 156768
63 156955
63 156985
63 157166
63 157206
63 157298
63 157695
63 157747
63 157912
63 158101
63 158621
63 158649
63 158754
63 158758
63 158850
63 158882
63 159164
63 159302
63 159427
63 159490
63 159710
63 159899
63 160047
63 160180
63 160261
63 160483
63 160795
63 160973
63 161013
63 161180
63 161278
63 161378
63 161547
63 161811
63 161975
63 162547
63 162727
63 163007
63 163037
63 163213
63 163282
63 163335
63 163413
63 163468
63 163612
63 163638
63 163839
63 163911
63 164257
63 164266
63 164352
63 164411
63 164617
63 164772
63 164837
63 165137
63 165150
63 165603
63 165861
63 166025
63 166340
63 166360
63 166391
63 166407
63 166600
63 166755
63 166882
63 166908
63 167495
63 167598
63 168014
63 168102
63 168203
63 169172
63 169361
63 169503
63 170261
63 170276
63 170312
63 170340
63 170356
63 170551
63 170832
63 170890
63 171189
63 171501
63 171582
63 171626
63 171638
63 171766
63 171808
63 171811
63 171870
63 171892
63 171986
63 171992
63 172128
63 172208
63 172302
63 172493
63 172561
63 172570
63 172690
63 172998
63 173020
63 173215
63 173245
63 173249
63 173291
63 173300
63 173493
63 173528
63 173678
63 173800
63 173816
63 173826
63 173882
63 173956
63 174148
63 174172
63 174546
63 174547
63 174586
63 174708
63 174719
63 174779
63 174824
63 174857
63 174974
63 175065
63 175191
63 175314
63 175318
63 175376
63 175499
63 175515
63 175569
63 175633
63 175683
63 175802
63 175883
63 176001
63 176483
63 176554
63 177119
63 177133
63 177145
63 177391
63 177414
63 177554
63 177851
63 177931
63 178006
63 178382
63 178453
63 178481
63 178528
63 178572
63 178639
63 178863
63 178865
63 178936
63 179000
63 179049
63 179137
63 179299
63 179383
63 179495
63 179595
63 180148
63 180211
63 180215
63 180369
63 180513
63 180538
63 180566
63 180576
63 180594
63 180775
63 180856
63 181150
63 181212
63 181406
63 181568
63 181583
63 181739
63 181780
63 181874
63 181960
63 181993
63 182073
63 182260
63 182269
63 182433
63 182435
63 182499
63 182509
63 182514
63 182577
63 182642
63 182843
63 182965
63 183078
63 183169
63 183468
63 183525
63 183659
63 183786
63 183814
63 183841
63 183866
63 184075
63 184080
63 184095
63 184120
63 184294
63 184306
63 184591
63 184758
63 185056
63 185092
63 185132
63 185140
63 185344
63 185380
63 185421
63 185520
63 185604
63 185610
63 185699
63 185907
63 186012
63 186072
63 186327
63 186979
63 187122
63 187331
63 187524
63 187593
63 187601
63 187613
63 187677
63 187971
63 188089
63 188395
63 188678
63 188777
63 188809
63 188973
63 188998
63 189019
63 189256
63 189585
63 189705
63 189728
63 189794
63 189807
63 190438
63 190484
63 190541
63 190660
63 190819
63 191034
63 191070
63 191141
63 191380
63 191584
63 191783
63 191784
63 191984
63 192055
63 192075
63 192138
63 192156
63 192186
63 192998
63 193050
63 193118
63 193226
63 193234
63 193319
63 193354
63 193359
63 193412
63 193470
63 193569
63 193687
63 194204
63 194232
63 194250
63 194268
63 194515
63 194751
63 194820
63 194825
63 194956
63 194958
63 194970
63 195065
63 195286
63 195368
63 195387
63 195514
63 195715
63 195840
63 195901
63 195905
63 195929
63 196155
63 196249
63 196351
63 196415
63 196464
63 196474
63 196608
63 196770
63 196771
63 196928
63 196975
63 197016
63 197139
63 197190
63 197366
63 197394
63 197507
63 197649
63 197804
63 197972
63 197997
63 198287
63 198370
63 198412
63 198430
63 198503
63 198504
63 198654
63 198720
63 198829
63 198840
63 199051
63 199219
63 199260
63 199311
63 199938
63 200256
63 200283
63 200409
63 200419
63 200720
63 200957
63 201174
63 201598
63 201664
63 201701
63 201947
63 202287
63 202403
63 202679
63 202815
63 202848
63 202904
63 202942
63 203049
63 203087
63 203105
63 203179
63 203286
63 203508
63 203510
63 203678
63 203783
63 204051
63 204239
63 204258
63 204307
63 204319
63 204359
63 204725
63 204770
63 204897
63 205056
63 205208
63 205232
63 205289
63 205373
63 205418
63 205571
63 205737
63 205905
63 205983
63 206070
63 206132
63 206153
63 206305
63 206306
63 206434
63 206741
63 206770
63 206865
63 206976
63 207148
63 207220
63 207243
63 207272
63 207280
63 207372
63 207417
63 207540
63 207601
63 207617
63 207653
63 208028
63 208052
63 208194
63 208260
63 208407
63 208442
63 208610
63 208741
63 208797
63 208799
63 208853
63 208998
63 209075
63 209267
63 209292
63 209503
63 209552
63 209568
63 209578
63 209617
63 209718
63 209734
63 209779
63 209864
63 209968
63 209969
63 210009
63 210119
63 210184
63 210226
63 210330
63 210374
63 210534
63 210730
63 210744
63 210901
63 211093
63 211275
63 211340
63 211666
63 211744
63 211852
63 212130
63 212161
63 212792
63 212972
63 213008
63 213071
63 213172
63 213174
63 213249
63 213295
63 213486
63 213561
63 213583
63 213816
63 213831
63 213864
63 213890
63 213966
63 213984
63 213990
63 214045
63 214138
63 214184
63 214577
63 214734
63 214760
63 215034
63 215587
63 215812
63 215963
63 216162
63 216170
63 216171
63 216357
63 216473
63 216494
63 216804
63 216873
63 216911
63 216942
63 217374
63 217408
63 217461
63 217517
63 217526
63 217720
63 217732
63 217763
63 217772
63 217812
63 218094
63 218162
63 218166
63 218247
63 218317
63 218353
63 218631
63 218700
63 218704
63 218752
63 218871
63 218945
63 218990
63 219006
63 219060
63 219143
63 219144
63 219167
63 219205
63 219367
63 219402
63 219405
63 219409
63 219772
64 101
64 172
64 182
64 191
64 212
64 214
64 249
64 317
64 423
64 493
64 501
64 687
64 693
64 793
64 880
64 907
64 1077
64 1449
64 1566
64 1713
64 1733
64 1735
64 1774
64 1900
64 2040
64 2041
64 2065
64 2116
64 2138
64 2277
64 2299
64 2450
64 2924
64 2994
64 3204
64 3338
64 3494
64 3564
64 3599
64 3663
64 3679
64 3865
64 3965
64 3973
64 4050
64 4296
64 4404
64 4470
64 4658
64 4714
64 4718
64 4813
64 4898
64 4918
64 4984
64 5412
64 5445
64 5513
64 5554
64 5643
64 5694
64 5737
64 5753
64 5844
64 5845
64 5955
64 6062
64 6069
64 6074
64 6317
64 6429
64 6447
64 6505
64 6580
64 6798
64 6876
64 6908
64 7026
64 7115
64 7198
64 7226
64 7277
64 7307
64 7314
64 7425
64 7529
64 8173
64 8241
64 8280
64 8331
64 8566
64 8589
64 9313
64 9405
64 9415
64 9491
64 9585
64 9613
64 9729
64 9805
64 9944
64 10050
64 10095
64 10210
64 10313
64 10412
64 10418
64 10475
64 10593
64 10689
64 11100
64 11226
64 11288
64 11438
64 11648
64 11679
64 11720
64 12205
64 12430
64 12621
64 12629
64 12690
64 12754
64 12925
64 12965
64 12975
64 13115
64 13209
64 13263
64 13264
64 13396
64 13400
64 13676
64 13731
64 13734
64 13792
64 13818
64 14123
64 14145
64 14157
64 14279
64 14422
64 14433
64 14473
64 14560
64 14684
64 14692
64 14711
64 15110
64 15483
64 16244
64 16264
64 16274
64 16409
64 16492
64 16517
64 16843
64 16848
64 16853
64 16946
64 16955
64 16962
64 17143
64 17379
64 17481
64 17495
64 17637
64 17848
64 17934
64 18009
64 18199
64 18299
64 18303
64 18312
64 18345
64 18366
64 18523
64 18774
64 18828
64 19127
64 19231
64 19338
64 19386
64 19548
64 19591
64 19814
64 19932
64 20123
64 20157
64 20333
64 20459
64 20508
64 21212
64 21280
64 21399
64 21442
64 21493
64 21812
64 21821
64 21933
64 22107
64 22449
64 22463
64 22490
64 22646
64 22713
64 22882
64 22954
64 22989
64 23108
64 23154
64 23295
64 23305
64 23377
64 23396
64 23452
64 23523
64 23526
64 23634
64 23727
64 23918
64 23987
64 24134
64 24156
64 24464
64 24737
64 24805
64 25151
64 25209
64 25256
64 25352
64 25436
64 25584
64 25638
64 25712
64 25838
64 25908
64 26079
64 26083
64 26396
64 26411
64 26501
64 26590
64 26650
64 26988
64 27071
64 27121
64 27268
64 27284
64 27376
64 27508
64 27612
64 27675
64 27696
64 27708
64 27754
64 27788
64 27797
64 27800
64 27844
64 28269
64 28298
64 28486
64 28533
64 28554
64 28781
64 28797
64 28833
64 28981
64 29015
64 29175
64 29312
64 29343
64 29420
64 29765
64 29797
64 29878
64 29906
64 29969
64 29973
64 29975
64 29983
64 30126
64 30136
64 30137
64 30157
64 30342
64 30439
64 30450
64 30607
64 30903
64 30959
64 31009
64 31229
64 31285
64 31388
64 32061
64 32092
64 32146
64 32169
64 32191
64 32282
64 32472
64 32523
64 32616
64 32696
64 32835
64 32934
64 33013
64 33054
64 33358
64 33367
64 33390
64 33547
64 33679
64 33913
64 33954
64 34122
64 34371
64 34574
64 34782
64 34904
64 35089
64 35100
64 35149
64 35718
64 35827
64 36052
64 36426
64 36501
64 36721
64 36755
64 36898
64 37225
64 37488
64 37491
64 38007
64 38131
64 38164
64 38199
64 38338
64 38876
64 39134
64 39236
64 39528
64 39533
64 39543
64 39606
64 39659
64 39758
64 40039
64 40126
64 40510
64 40549
64 40622
64 40695
64 40789
64 40879
64 40916
64 40971
64 41161
64 41254
64 41277
64 41378
64 41502
64 41594
64 41727
64 41760
64 41769
64 41996
64 42004
64 42034
64 42074
64 42221
64 42293
64 42316
64 42597
64 42755
64 42994
64 43129
64 43255
64 43289
64 43697
64 43798
64 43877
64 43906
64 44016
64 44201
64 44416
64 44500
64 44525
64 44560
64 44645
64 44648
64 44719
64 44872
64 44887
64 45012
64 45093
64 45116
64 45122
64 45241
64 45288
64 45292
64 45467
64 45472
64 45577
64 45663
64 45831
64 46085
64 46088
64 46131
64 46176
64 46277
64 46294
64 46336
64 46445
64 46500
64 46559
64 46645
64 46792
64 46987
64 47339
64 47401
64 47475
64 47894
64 47987
64 47993
64 48025
64 48077
64 48096
64 48442
64 48454
64 48611
64 48623
64 48643
64 48657
64 48853
64 48974
64 49260
64 49308
64 49449
64 49471
64 49537
64 49864
64 49895
64 49973
64 50028
64 50143
64 50378
64 50425
64 50506
64 50545
64 50661
64 50796
64 50904
64 50959
64 51043
64 51058
64 51210
64 51672
64 52029
64 52250
64 52270
64 52400
64 52670
64 52883
64 52958
64 53010
64 53056
64 53123
64 53185
64 53249
64 53351
64 53597
64 53812
64 53817
64 53913
64 54552
64 54817
64 54918
64 55062
64 55194
64 55285
64 55440
64 55475
64 55499
64 55943
64 55966
64 56279
64 56475
64 57433
64 57436
64 57521
64 57593
64 57664
64 57698
64 57846
64 57858
64 57932
64 58014
64 58045
64 58221
64 58245
64 58393
64 58624
64 58691
64 58765
64 58783
64 58929
64 58941
64 58989
64 59038
64 59046
64 59158
64 59628
64 59839
64 59973
64 60191
64 60387
64 60546
64 60757
64 60783
64 60811
64 60844
64 60942
64 60994
64 61081
64 61274
64 61296
64 61515
64 61651
64 61742
64 61774
64 61882
64 62161
64 62215
64 62255
64 62322
64 62422
64 62534
64 62816
64 62863
64 63013
64 63102
64 63157
64 63211
64 63252
64 63283
64 63498
64 63582
64 63621
64 63669
64 63828
64 64103
64 64198
64 64352
64 64777
64 64787
64 64820
64 64835
64 64900
64 64902
64 64977
64 65163
64 65280
64 65563
64 65583
64 65647
64 65747
64 65818
64 65938
64 65943
64 66175
64 66195
64 66245
64 66263
64 66542
64 66704
64 66717
64 66752
64 66884
64 66908
64 67273
64 67296
64 67702
64 67828
64 67925
64 68543
64 68574
64 68588
64 68662
64 68787
64 68908
64 69278
64 69759
64 69807
64 69882
64 70197
64 70260
64 70430
64 70527
64 71195
64 71456
64 71475
64 71484
64 71581
64 71936
64 72025
64 72337
64 72362
64 72495
64 72545
64 72815
64 72825
64 72937
64 72995
64 73179
64 73234
64 73522
64 73737
64 74313
64 74446
64 74447
64 74573
64 74688
64 74836
64 74947
64 75109
64 75199
64 75227
64 75500
64 75636
64 75683
64 76048
64 76102
64 76115
64 76147
64 76170
64 76331
64 76893
64 76903
64 77003
64 77412
64 77539
64 77606
64 77609
64 77680
64 77779
64 78180
64 78543
64 78565
64 78668
64 79194
64 79547
64 79603
64 79606
64 79760
64 79783
64 80516
64 80708
64 80728
64 80752
64 80889
64 80986
64 81147
64 81205
64 81694
64 81976
64 82124
64 82420
64 82477
64 82497
64 82791
64 82795
64 82816
64 82977
64 83220
64 83416
64 83462
64 83591
64 83609
64 83717
64 84057
64 84266
64 84372
64 84442
64 84474
64 84480
64 84540
64 84582
64 84839
64 85036
64 85041
64 86354
64 86372
64 86617
64 86826
64 87120
64 87171
64 87234
64 87259
64 87525
64 87578
64 87763
64 87915
64 88196
64 88674
64 88756
64 88763
64 88877
64 89096
64 89345
64 89421
64 89476
64 89577
64 89682
64 90000
64 90044
64 90217
64 90558
64 90620
64 90655
64 90697
64 90823
64 90923
64 90961
64 91117
64 91510
64 91527
64 91822
64 91866
64 91886
64 91991
64 92010
64 92159
64 92482
64 92663
64 92727
64 92831
64 92851
64 92943
64 93034
64 93162
64 93301
64 93446
64 93591
64 93633
64 93862
64 93944
64 94375
64 94501
64 94562
64 94897
64 95121
64 95597
64 95646
64 95955
64 96046
64 96229
64 96345
64 96410
64 96419
64 96531
64 96553
64 96654
64 96781
64 96849
64 96906
64 97612
64 97722
64 97754
64 97830
64 97840
64 97899
64 98125
64 98214
64 98397
64 98439
64 98462
64 98557
64 98667
64 98847
64 98895
64 99108
64 99125
64 99439
64 99464
64 100078
64 100130
64 100196
64 100250
64 100295
64 100470
64 100478
64 100504
64 100606
64 100650
64 101071
64 101105
64 101150
64 101265
64 101286
64 101370
64 101593
64 101813
64 101865
64 102008
64 102033
64 102300
64 102389
64 102447
64 102595
64 102629
64 102644
64 102659
64 102734
64 102819
64 102855
64 102905
64 102926
64 102939
64 103375
64 103541
64 103607
64 103737
64 103766
64 104004
64 104205
64 104208
64 104289
64 104649
64 104678
64 104943
64 104944
64 105028
64 105168
64 105197
64 105498
64 105984
64 106000
64 106074
64 106194
64 106200
64 106314
64 106331
64 106384
64 106435
64 106462
64 106494
64 106597
64 106822
64 107095
64 107118
64 107312
64 107395
64 107532
64 107672
64 107757
64 107883
64 107962
64 108055
64 108060
64 108253
64 108378
64 108413
64 108453
64 108551
64 108746
64 109091
64 109102
64 109290
64 109558
64 109635
64 109728
64 109734
64 109809
64 109830
64 109871
64 110037
64 110285
64 110433
64 110525
64 110716
64 110887
64 111087
64 111093
64 111142
64 111348
64 111431
64 111542
64 111634
64 111684
64 111709
64 111751
64 111840
64 112231
64 112445
64 112556
64 112655
64 112756
64 113149
64 113297
64 113424
64 113483
64 113509
64 113664
64 113689
64 113694
64 113812
64 113910
64 113956
64 113969
64 114022
64 114389
64 114537
64 114770
64 114848
64 114974
64 115084
64 115253
64 115335
64 115344
64 115459
64 115476
64 115493
64 115805
64 115886
64 115892
64 115927
64 116050
64 116129
64 116161
64 116234
64 116312
64 116420
64 116421
64 116452
64 116515
64 116522
64 116535
64 116695
64 116743
64 116747
64 116778
64 116804
64 116816
64 116938
64 117262
64 118019
64 118180
64 118235
64 118244
64 118389
64 119019
64 119090
64 119182
64 119299
64 119429
64 119497
64 119573
64 119626
64 119706
64 119771
64 119776
64 119895
64 119899
64 120279
64 120316
64 120415
64 120588
64 120602
64 120757
64 120891
64 120916
64 120936
64 120967
64 120972
64 121122
64 121167
64 121313
64 121643
64 121942
64 121974
64 122098
64 122206
64 122500
64 122747
64 122811
64 123022
64 123608
64 123615
64 123635
64 123762
64 123856
64 124064
64 124249
64 124261
64 124276
64 124301
64 124406
64 124416
64 124446
64 124801
64 125094
64 125131
64 125309
64 125324
64 125442
64 125511
64 125520
64 125886
64 125981
64 126281
64 126384
64 126434
64 126705
64 126733
64 126767
64 126898
64 126957
64 126958
64 127039
64 127218
64 127311
64 127329
64 127450
64 127451
64 127470
64 127730
64 127816
64 127998
64 128094
64 128145
64 128156
64 128190
64 128381
64 128428
64 128762
64 128903
64 128959
64 128980
64 129098
64 129230
64 129317
64 129322
64 129343
64 130099
64 130126
64 130283
64 130450
64 130545
64 131002
64 131061
64 131215
64 131359
64 131559
64 131607
64 131796
64 131806
64 131821
64 132148
64 132151
64 132182
64 132218
64 132352
64 132741
64 132803
64 132811
64 132977
64 133031
64 133038
64 133054
64 133131
64 133215
64 133539
64 133702
64 133743
64 133913
64 134196
64 134315
64 134396
64 134413
64 134485
64 134637
64 134826
64 134837
64 135071
64 135213
64 135346
64 135389
64 135469
64 135524
64 135637
64 135705
64 135783
64 135939
64 135997
64 136026
64 136118
64 136145
64 136455
64 136601
64 136689
64 136723
64 136731
64 136797
64 136842
64 137176
64 137264
64 137266
64 137507
64 137822
64 137925
64 138076
64 138170
64 138407
64 138622
64 138702
64 138704
64 139009
64 139214
64 139258
64 139310
64 139619
64 139666
64 139733
64 139746
64 139907
64 139981
64 140216
64 140248
64 140374
64 140450
64 140581
64 141353
64 141413
64 141562
64 141789
64 142296
64 142306
64 142410
64 142517
64 142579
64 142683
64 142754
64 142971
64 143165
64 143229
64 143411
64 143612
64 143651
64 143713
64 143776
64 143829
64 143994
64 144386
64 144511
64 144545
64 144569
64 144579
64 144629
64 144679
64 144718
64 144773
64 144956
64 145164
64 145256
64 145347
64 145447
64 145794
64 145802
64 146036
64 146093
64 146102
64 146110
64 146293
64 146334
64 146516
64 146519
64 146550
64 146648
64 146658
64 146759
64 146799
64 146854
64 146868
64 146873
64 146954
64 147412
64 147433
64 147487
64 147667
64 147705
64 147950
64 147962
64 147969
64 147979
64 148008
64 148263
64 148446
64 148666
64 148685
64 148789
64 148790
64 148851
64 148884
64 148965
64 149098
64 149100
64 149148
64 149205
64 149277
64 149289
64 149323
64 149420
64 149439
64 149526
64 149600
64 149899
64 150043
64 150152
64 150181
64 150187
64 150235
64 150287
64 150321
64 150337
64 150589
64 150701
64 150708
64 150839
64 150910
64 151000
64 151188
64 151400
64 151750
64 151833
64 152161
64 152168
64 152182
64 152654
64 152759
64 152986
64 153086
64 153670
64 153770
64 154089
64 154296
64 154336
64 154384
64 154431
64 154511
64 154561
64 154596
64 154630
64 154916
64 154935
64 155367
64 155397
64 155662
64 155708
64 155837
64 156076
64 156087
64 156114
64 156125
64 156294
64 156565
64 156596
64 156705
64 156729
64 156789
64 156848
64 156912
64 157041
64 157206
64 157265
64 157296
64 157386
64 157557
64 157757
64 157782
64 157979
64 158082
64 158097
64 158195
64 158215
64 158223
64 158253
64 158437
64 158446
64 158486
64 158690
64 158752
64 158828
64 159104
64 159288
64 159556
64 159560
64 159573
64 159678
64 159745
64 159895
64 160118
64 160184
64 160297
64 160565
64 160596
64 160659
64 160672
64 160836
64 160898
64 160910
64 160961
64 160971
64 161172
64 161223
64 161257
64 161436
64 161802
64 162047
64 162063
64 162110
64 162119
64 162120
64 162131
64 162398
64 162425
64 162611
64 162902
64 162964
64 163032
64 163097
64 163190
64 163350
64 163358
64 163423
64 163494
64 163728
64 163763
64 164073
64 164173
64 164220
64 164303
64 164434
64 164501
64 164619
64 164636
64 164681
64 164773
64 164909
64 164921
64 165010
64 165097
64 165336
64 165453
64 165942
64 165948
64 166003
64 166046
64 166080
64 166177
64 166219
64 166246
64 166318
64 166348
64 166376
64 166416
64 166443
64 166467
64 166721
64 166751
64 167095
64 167288
64 167302
64 167402
64 167494
64 167509
64 167784
64 167849
64 167977
64 168011
64 168131
64 168180
64 168242
64 168341
64 168447
64 168587
64 168646
64 168773
64 168811
64 168852
64 168865
64 169066
64 169072
64 169092
64 169096
64 169424
64 169748
64 169778
64 169862
64 169949
64 170006
64 170256
64 170298
64 170582
64 170627
64 170850
64 171014
64 171243
64 171283
64 171511
64 171531
64 171618
64 171638
64 171933
64 172025
64 172125
64 172134
64 172179
64 172370
64 172406
64 172656
64 172778
64 172964
64 173007
64 173045
64 173221
64 173372
64 173466
64 173531
64 173545
64 173769
64 173905
64 174071
64 174173
64 174308
64 174703
64 174819
64 174877
64 175033
64 175183
64 175290
64 175391
64 175601
64 175718
64 175858
64 176216
64 176248
64 176267
64 176281
64 176546
64 176774
64 176946
64 176971
64 177115
64 177443
64 177567
64 177589
64 177652
64 177815
64 178086
64 178420
64 178452
64 178483
64 178842
64 179084
64 179134
64 179166
64 179414
64 179741
64 180041
64 180062
64 180087
64 180308
64 180328
64 180691
64 180735
64 181143
64 181175
64 181539
64 181627
64 181657
64 181755
64 181783
64 181794
64 181892
64 181977
64 182109
64 182455
64 182484
64 182566
64 182663
64 182874
64 182885
64 183031
64 183051
64 183155
64 183163
64 183340
64 183380
64 183470
64 183542
64 183592
64 183649
64 183835
64 183865
64 183962
64 184000
64 184014
64 184016
64 184099
64 184283
64 184390
64 184660
64 184743
64 184792
64 184816
64 184855
64 184857
64 184874
64 185262
64 185279
64 185289
64 185589
64 185615
64 185651
64 185864
64 185876
64 185907
64 185982
64 186022
64 186138
64 186144
64 186319
64 186350
64 186418
64 186484
64 186565
64 186572
64 186592
64 186610
64 186675
64 186926
64 187114
64 187407
64 187506
64 187631
64 187828
64 187871
64 188020
64 188038
64 188225
64 188287
64 188296
64 188314
64 188619
64 188741
64 188833
64 188984
64 189013
64 189129
64 189207
64 189833
64 189935
64 189985
64 189997
64 189998
64 190154
64 190197
64 190552
64 191055
64 191151
64 191154
64 191215
64 191501
64 191577
64 191854
64 192017
64 192033
64 192046
64 192407
64 192525
64 192552
64 192659
64 192696
64 192850
64 192898
64 193015
64 193097
64 193130
64 193302
64 193443
64 193468
64 193547
64 193748
64 193901
64 193960
64 194004
64 194291
64 194399
64 194414
64 194482
64 194550
64 194579
64 194598
64 194641
64 194728
64 194759
64 194806
64 194921
64 195006
64 195038
64 195295
64 195510
64 195517
64 195526
64 195541
64 195671
64 195677
64 195858
64 195919
64 195940
64 196167
64 196170
64 196242
64 196266
64 196365
64 196506
64 196593
64 196876
64 196884
64 196991
64 197335
64 197564
64 197591
64 197762
64 197792
64 197924
64 198009
64 198055
64 198289
64 198332
64 198442
64 198510
64 198832
64 199213
64 199318
64 199565
64 199657
64 199772
64 199929
64 200054
64 200091
64 200139
64 200379
64 200517
64 201172
64 201175
64 201181
64 201232
64 201306
64 201392
64 201572
64 201647
64 201765
64 201855
64 201937
64 202042
64 202060
64 202124
64 202146
64 202172
64 202258
64 202419
64 202511
64 202514
64 202981
64 203371
64 203604
64 203767
64 203826
64 203929
64 203955
64 204000
64 204150
64 204390
64 204475
64 204588
64 204606
64 204888
64 205083
64 205296
64 205342
64 205528
64 205553
64 205723
64 205825
64 205902
64 205914
64 205955
64 206129
64 206130
64 206141
64 206207
64 206249
64 206268
64 206318
64 206319
64 206363
64 206468
64 206531
64 206559
64 206605
64 206634
64 206692
64 206729
64 206781
64 206953
64 207032
64 207154
64 207230
64 207320
64 207337
64 207524
64 207552
64 207598
64 207814
64 207910
64 207933
64 207953
64 207962
64 208002
64 208226
64 208457
64 208682
64 208959
64 208982
64 209152
64 209266
64 209420
64 209531
64 209541
64 209582
64 209653
64 209675
64 209716
64 209724
64 209863
64 209867
64 209877
64 209889
64 209973
64 210045
64 210281
64 210388
64 210551
64 210614
64 210646
64 210907
64 211148
64 211183
64 211446
64 211557
64 211575
64 211656
64 211793
64 211819
64 211919
64 212427
64 212453
64 212666
64 212719
64 212820
64 212951
64 213055
64 213180
64 214044
64 214048
64 214180
64 214299
64 214305
64 214384
64 214401
64 214461
64 214587
64 214775
64 214812
64 214976
64 215289
64 215353
64 215427
64 215450
64 215567
64 215586
64 215592
64 215708
64 215713
64 215732
64 215764
64 215892
64 216351
64 216413
64 216610
64 217083
64 217126
64 217155
64 217302
64 217332
64 217449
64 217533
64 217742
64 217767
64 217776
64 217970
64 218767
64 218772
64 218892
64 218959
64 219082
64 219423
64 219433
64 219521
64 219607
64 219735
64 219846
64 219871
64 219931
64 219991
64 220015
64 220108
64 220311
64 220401
64 220756
64 220793
64 220858
64 221159
64 221164
64 221304
64 221352
64 221366
64 221467
64 221516
64 221553
64 221699
64 221881
64 221999
64 222209
64 222250
64 222299
64 222435
64 222468
64 222479
64 222707
64 222770
64 222771
64 222787
64 222807
64 222830
64 222948
64 223031
64 223310
64 223316
64 223370
64 223712
64 223802
64 223817
64 223912
64 224245
64 224249
64 224414
64 224506
64 224651
64 224663
64 224950
64 225050
64 225081
64 225191
64 225328
64 226269
64 226271
64 226302
64 226313
64 226351
64 226369
64 226472
64 226626
64 226714
64 227339
64 227428
64 227857
64 228259
64 228332
64 228773
64 229082
64 229255
64 229337
64 229382
64 229621
64 229697
64 229803
64 229818
64 229866
64 229947
64 230055
64 230107
64 230583
64 230597
64 231594
64 231648
64 231665
64 231758
64 231875
64 232025
64 232089
64 232178
64 232227
64 232329
64 232345
64 232377
64 232383
64 232439
64 232543
64 232617
64 232745
64 232755
64 232770
64 232999
64 233036
64 233043
64 233272
64 233350
64 233597
64 233669
64 233819
64 234411
64 234525
64 234649
64 234740
64 234775
64 235167
64 235430
64 235655
64 235892
64 235936
64 236007
64 236253
64 236271
64 236326
64 236397
64 236502
64 236674
64 236868
64 236892
64 237186
64 237260
64 237299
64 237472
64 237509
64 237580
64 237749
64 237932
64 237944
64 238144
64 238212
64 238252
64 238362
64 238407
64 238410
64 238504
64 238584
64 238621
64 238857
64 238992
64 239010
64 239301
64 239307
64 239660
64 239786
64 239968
64 240260
64 240304
64 240477
64 240566
64 240757
64 241252
64 241610
64 241717
64 242099
64 242302
64 242409
64 242748
64 243354
64 243373
64 243388
64 243425
64 243464
64 243556
64 243720
64 244014
64 244138
64 244282
64 244318
64 244482
64 244640
64 244830
64 244917
64 245126
64 245405
64 245778
64 245818
64 245839
64 246243
64 246508
64 246555
64 246571
64 246577
64 246586
64 246653
64 246672
64 246721
64 246948
64 246953
64 246997
64 247075
64 247118
64 247122
64 247274
64 247318
64 247387
64 247740
64 247752
64 248292
64 248316
64 248377
64 248459
64 248627
64 249081
64 249128
64 249298
64 249600
64 249625
64 249714
64 249884
64 249887
64 249974
64 250199
64 250261
64 250313
64 250563
64 250572
64 250813
64 250871
64 250927
64 251041
64 251047
64 251069
64 251182
64 251250
64 251387
64 251473
64 251776
64 251962
64 251971
64 252000
64 252129
64 252600
64 252757
64 252799
64 252821
64 252893
