53 59
53 64
53 135
53 143
53 183
53 283
53 303
53 377
53 406
53 483
53 529
53 534
53 564
53 579
53 743
53 866
53 928
53 973
53 978
53 1006
53 1364
53 1367
53 1382
53 1420
53 1478
53 1566
53 1572
53 1583
53 1642
53 1650
53 1653
53 1737
53 1985
53 1999
53 2119
53 2291
53 2363
53 2444
53 2498
53 2504
53 2579
53 2591
53 2703
53 2713
53 2879
53 2889
53 2944
53 3055
53 3094
53 3112
53 3182
53 3380
53 3478
53 3487
53 3496
53 3650
53 3725
53 3844
53 3909
53 3986
53 4019
53 4050
53 4055
53 4057
53 4141
53 4242
53 4250
53 4341
53 4411
53 4447
53 4526
53 4608
53 4636
53 4659
53 4822
53 4857
53 5012
53 5065
53 5083
53 5108
53 5152
53 5157
53 5496
53 5502
53 5511
53 5571
53 5783
53 6067
53 6145
53 6153
53 6168
53 6173
53 6490
53 6681
53 6716
53 6723
53 6851
53 6896
53 6961
53 6989
53 7108
53 7143
53 7166
53 7375
53 7434
53 7494
53 7521
53 7556
53 7608
53 7680
53 7722
53 7827
53 8020
53 8045
53 8228
53 8295
53 8328
53 8382
53 8400
53 8636
53 8641
53 8689
53 8898
53 8944
53 9257
53 9353
53 9464
53 9487
53 9700
53 9722
53 9798
53 9848
53 9989
53 10062
53 10159
53 10190
53 10258
53 10340
53 10348
53 10354
53 10374
53 10539
53 10546
53 10590
53 10619
53 10656
53 10667
53 10872
53 10924
53 10939
53 10940
53 11022
53 11074
53 11109
53 11120
53 11157
53 11294
53 11381
53 11616
53 11635
53 11793
53 11895
53 12008
53 12018
53 12062
53 12080
53 12086
53 12099
53 12101
53 12157
53 12250
53 12351
53 12447
53 12701
53 12736
53 12780
53 12868
53 12887
53 12971
53 13041
53 13118
53 13323
53 13353
53 13420
53 13522
53 13613
53 13627
53 13738
53 13805
53 13859
53 14049
53 14094
53 14167
53 14175
53 14214
53 14294
53 14355
53 14402
53 14590
53 14658
53 14669
53 14728
53 14899
53 15139
53 15238
53 15356
53 15370
53 15411
53 15431
53 15614
53 15789
53 15816
53 15830
53 15837
53 15869
53 15991
53 16193
53 16203
50 376
50 460
50 568
50 628
50 731
50 742
50 808
50 905
50 1114
50 1333
50 1437
50 1485
50 1527
50 1615
50 1641
50 1675
50 1688
50 1716
50 1783
50 1786
50 2020
50 2122
50 2232
50 2408
50 2423
50 2510
50 2514
50 2730
50 2878
50 2939
50 3017
50 3066
50 3265
50 3271
50 3351
50 3407
50 3512
50 3631
50 3688
50 3735
50 3743
50 3892
50 3971
50 4297
50 4829
50 4888
50 5004
50 5322
50 5344
50 5426
50 5533
50 5616
50 5704
50 5882
50 5941
50 6026
50 6037
50 6072
50 6116
50 6126
50 6228
50 6278
50 6309
50 6402
50 6521
50 6574
50 6585
50 6791
50 6913
50 7100
50 7173
50 7244
50 7341
50 7580
50 7584
50 7660
50 7752
50 7819
50 7831
50 7868
50 7906
50 8012
50 8063
50 8075
50 8080
50 8095
50 8129
50 8315
50 8345
50 8500
50 8627
50 8636
50 8662
50 8814
50 8918
50 8990
50 9027
50 9180
50 9260
50 9312
50 9320
50 9327
50 9394
50 9540
50 9568
50 9595
50 9841
50 9916
50 9936
50 9952
50 9956
50 9996
50 10000
50 10059
50 10138
50 10158
50 10224
50 10274
50 10327
50 10434
50 10451
50 10453
50 10472
50 10575
50 10629
50 10645
50 10721
50 10887
50 10962
50 11038
50 11047
50 11077
50 11305
50 11306
50 11492
50 11515
50 11535
50 11566
50 11569
50 11634
50 11640
50 11773
50 11919
50 11927
50 12152
50 12365
50 12376
50 12408
50 12457
50 12514
50 12526
50 12663
50 12737
50 12822
50 12824
50 12865
50 12882
50 12905
50 12941
50 12948
50 12973
50 13073
50 13083
50 13106
50 13280
50 13347
50 13349
50 13369
50 13500
50 13639
50 13640
50 13689
50 13876
50 13950
50 14072
50 14146
50 14151
50 14213
50 14285
50 14343
50 14359
50 14405
50 14429
50 14432
50 14705
50 14728
50 14741
50 14767
50 14911
50 15196
50 15299
50 15359
50 15466
50 15595
50 15626
50 15648
50 15675
50 15696
50 15861
50 15872
50 15942
50 16055
50 16109
50 16129
50 16221
50 16252
50 16318
50 16322
50 16325
50 16436
50 16676
50 16678
50 16738
50 16753
50 16764
50 16859
50 17015
50 17053
50 17070
50 17089
50 17117
50 17236
50 17260
50 17284
50 17379
50 17385
50 17393
50 17412
50 17456
50 17468
50 17604
50 17607
50 17610
50 17625
50 17639
50 17647
50 17698
50 17703
50 17915
50 17960
50 18017
50 18049
50 18094
50 18110
50 18189
50 18221
50 18338
50 18552
50 18601
50 18650
50 18678
50 18719
50 18787
50 18962
50 18973
50 19003
50 19009
50 19062
50 19205
50 19242
50 19509
50 19530
50 19544
50 19605
50 19791
50 19882
50 20103
50 20116
50 20132
50 20164
50 20177
50 20263
50 20286
50 20308
50 20331
50 20395
50 20532
50 20539
50 20553
50 20607
50 20623
50 20724
50 20758
50 20795
50 20833
50 20996
50 21113
50 21122
50 21170
50 21370
50 21464
50 21569
50 21914
50 21922
50 21961
50 22169
50 22232
50 22348
50 22362
50 22398
50 22528
50 22640
50 22673
50 22924
50 23070
50 23090
50 23238
50 23274
50 23424
50 23527
50 23581
50 23621
50 23710
50 23745
50 23776
50 23950
50 24000
50 24129
50 24235
50 24340
50 24410
50 24471
50 24690
50 24692
50 24821
50 24822
50 24836
50 25093
50 25177
50 25226
50 25261
50 25344
50 25416
50 25449
50 25605
50 25668
50 25680
50 25741
50 25990
50 26028
50 26054
50 26081
50 26124
50 26216
50 26283
50 26332
50 26333
50 26414
50 26453
50 26470
50 26528
50 26540
50 26550
50 26763
50 26840
50 26955
50 27010
50 27088
50 27106
50 27147
50 27168
50 27169
50 27182
50 27222
50 27224
50 27359
50 27445
50 27540
50 27557
50 27588
50 27658
50 27708
50 27711
50 27720
50 27751
50 27805
50 27809
50 28071
50 28132
50 28235
50 28342
50 28521
50 28575
50 28849
50 28892
50 28926
50 29049
50 29078
50 29152
50 29274
50 29328
50 29372
50 29454
50 29582
50 29662
50 29706
50 29877
50 29892
50 29934
50 29969
50 29987
50 30001
50 30002
50 30012
50 30069
50 30090
50 30140
50 30191
50 30280
50 30321
50 30372
50 30385
50 30575
50 30674
50 30768
50 31240
50 31284
50 31292
50 31333
50 31375
50 31451
50 31461
50 31465
50 31516
50 31519
50 31592
50 31678
50 31867
50 31926
50 32032
50 32055
50 32080
50 32191
50 32289
50 32476
50 32535
50 32624
50 32630
50 32632
50 32658
50 32702
65 98
65 210
65 219
65 298
65 383
65 464
65 484
65 854
65 865
65 945
65 959
65 977
65 1029
65 1046
65 1081
65 1200
65 1374
65 1400
65 1714
65 1787
65 1905
65 2175
65 2183
65 2367
65 2761
65 3040
65 3197
65 3411
65 3430
65 3656
65 3674
65 3739
65 3747
65 3763
65 3782
65 3846
65 3866
65 3914
65 3968
65 3983
65 4066
65 4143
65 4340
65 4420
65 4426
65 4500
65 4578
65 4603
65 4753
65 4811
65 4847
65 4850
65 4872
65 5087
65 5167
65 5232
65 5280
65 5448
65 5504
65 5521
65 5595
65 5603
65 5631
65 5675
65 5730
65 5735
65 5804
65 5834
65 6038
65 6045
65 6061
65 6079
65 6161
65 6180
65 6359
65 6421
65 6460
65 6518
65 6523
65 6630
65 6682
65 6749
65 6890
65 6996
65 7147
65 7171
65 7223
65 7389
65 7435
65 7481
65 7516
65 7545
65 7622
65 7638
65 7668
65 7722
65 7729
65 7828
65 7833
65 7881
65 8031
65 8038
65 8064
65 8160
65 8162
65 8220
65 8231
65 8250
65 8354
65 8362
65 8381
65 8383
65 8440
65 8557
65 8606
65 8688
65 8784
65 8840
65 8854
65 9084
65 9108
65 9149
65 9183
65 9196
65 9243
65 9286
65 9323
65 9493
65 9525
65 9530
65 9544
65 9560
65 9566
65 9614
65 9621
65 9634
65 9645
65 9869
65 9897
65 9904
65 10101
65 10160
65 10162
65 10238
65 10294
65 10318
65 10353
65 10404
65 10421
65 10466
65 10513
65 10548
65 10636
65 10649
65 10669
65 10801
65 10820
65 10880
65 10916
65 10949
65 11005
65 11219
65 11273
65 11286
65 11290
65 11293
65 11319
65 11513
65 11525
65 11606
65 11636
65 11640
65 11645
65 11661
65 11717
65 11888
65 11993
65 12118
65 12166
65 12177
65 12284
65 12290
65 12307
65 12388
65 12412
65 12483
65 12692
65 12721
65 12727
65 12783
65 12815
65 12840
65 12897
65 12899
65 12943
65 12946
65 12964
65 13093
65 13107
65 13201
65 13209
65 13214
65 13231
65 13239
65 13301
65 13428
65 13516
65 13563
65 13665
65 13677
65 13738
65 13755
65 13829
65 13836
65 13859
65 13894
65 13929
65 14388
65 14455
65 14580
65 14703
65 14788
65 14800
65 14964
65 14974
65 15023
65 15107
65 15111
65 15144
65 15180
65 15203
65 15255
65 15459
65 15534
65 15642
65 15672
65 15683
65 15750
65 15769
65 15782
65 15805
65 15828
65 15867
65 15912
65 15971
65 16106
65 16127
65 16402
65 16455
65 16540
65 16554
65 16566
65 16647
65 16731
65 16838
65 16959
65 16966
65 16982
65 17047
65 17059
65 17098
65 17118
65 17167
65 17185
65 17347
65 17360
65 17382
65 17481
65 17488
65 17546
65 17602
65 17606
65 17628
65 17742
65 17948
65 17951
65 18037
65 18173
65 18181
65 18226
65 18324
65 18351
65 18563
65 18627
65 18698
65 18720
65 18779
65 18812
65 18836
65 18956
65 18993
65 19155
65 19260
65 19306
65 19363
65 19490
65 19502
65 19586
65 19638
65 19687
65 19720
65 19721
65 19786
65 19825
65 19828
65 19862
65 19875
65 19890
65 19913
65 19915
65 19942
65 19944
65 20013
65 20022
65 20097
65 20152
65 20232
65 20282
65 20325
65 20328
65 20384
65 20435
65 20539
65 20567
65 20591
65 20600
65 20670
65 20779
65 20793
65 20879
65 20915
65 21057
65 21098
65 21134
65 21234
65 21300
65 21365
65 21372
65 21407
65 21428
65 21447
65 21491
65 21572
65 21602
65 21676
65 21789
65 21831
65 21839
65 21898
65 21915
65 22043
65 22081
65 22098
65 22110
65 22119
65 22122
65 22149
65 22160
65 22203
65 22253
65 22461
65 22464
65 22477
65 22616
65 22734
65 22748
65 22953
65 23191
65 23204
65 23237
65 23245
65 23250
65 23326
65 23357
65 23366
65 23402
65 23417
65 23478
65 23521
65 23544
65 23635
65 23668
65 23687
65 23701
65 23731
65 23794
65 23808
65 23834
65 23973
65 24077
65 24081
65 24113
65 24126
65 24209
65 24385
65 24546
65 24689
65 24704
65 24728
65 24790
65 24880
65 24895
65 24991
65 25006
65 25017
65 25089
65 25281
65 25295
65 25301
65 25328
65 25361
65 25440
65 25546
65 25583
65 25603
65 25689
65 25734
65 25750
65 25814
65 25818
65 25997
65 26046
65 26202
65 26316
65 26334
65 26366
65 26368
65 26384
65 26434
65 26487
65 26492
65 26565
65 26567
65 26640
65 26672
65 26744
65 26816
65 26863
65 26908
65 26984
65 27004
65 27006
65 27042
65 27156
65 27203
65 27288
65 27312
65 27344
65 27351
65 27389
65 27462
65 27506
65 27548
65 27754
65 27778
65 27836
65 27907
65 27925
65 27927
65 27968
65 28086
65 28246
65 28252
65 28294
65 28304
65 28336
65 28341
65 28568
65 28569
65 28610
65 28639
65 28677
65 28699
65 28715
65 28774
65 28848
65 28861
65 28862
65 28870
65 29026
65 29166
65 29196
65 29322
65 29333
65 29340
65 29392
65 29423
65 29435
65 29449
65 29535
65 29608
65 29693
65 29695
65 29738
65 29747
65 29937
65 30182
65 30241
65 30297
65 30362
65 30395
65 30426
65 30457
65 30490
65 30642
65 30679
65 30874
65 31431
65 31900
65 31936
65 31940
65 32040
65 32144
65 32146
65 32170
65 32174
65 32200
65 32247
65 32282
65 32310
65 32516
65 32566
65 32743
65 32800
65 32827
65 32830
65 33280
65 33314
65 33318
65 33331
65 33356
65 33449
65 33456
65 33462
65 33528
65 33529
65 33557
65 33656
65 33702
65 33763
65 33790
65 33889
65 33901
65 33945
65 33955
65 33986
65 34148
65 34368
65 34422
65 34441
65 34475
65 34505
65 34599
65 34635
65 34688
65 34727
65 34744
65 34761
65 34763
65 34764
65 34853
65 34856
65 34932
65 35114
65 35133
65 35299
65 35399
65 35494
65 35499
65 35503
65 35573
65 35620
65 35637
65 35684
65 35719
65 35723
65 35762
65 35765
65 35770
65 35892
65 35912
65 35927
65 36161
65 36342
65 36352
65 36391
65 36446
65 36461
65 36467
65 36481
65 36497
65 36525
65 36553
65 36572
65 36580
65 36583
65 36592
65 36691
65 36713
65 36717
65 36724
65 36725
65 36746
65 36753
65 36768
65 36808
65 36829
65 37051
65 37109
65 37168
65 37198
65 37268
65 37325
65 37364
65 37392
65 37475
65 37491
65 37517
65 37598
65 37605
65 37620
65 37649
65 37689
65 37702
65 37787
65 37805
65 37819
65 37896
65 37927
65 38025
65 38044
65 38059
65 38066
65 38091
65 38166
65 38178
65 38259
65 38525
65 38543
65 38562
65 38599
65 38712
65 38803
65 38847
65 38889
65 38891
65 38966
65 38979
65 38984
65 39038
65 39101
65 39134
65 39257
65 39272
65 39305
65 39319
65 39393
65 39414
65 39449
65 39503
65 39517
65 39618
65 39626
65 39644
65 39689
65 39732
65 39756
65 39778
65 39811
65 39841
65 39846
65 39847
65 39852
65 39872
65 40053
65 40108
65 40268
65 40397
65 40433
65 40470
65 40660
65 40699
65 40789
65 40797
65 40823
65 40887
65 40938
65 40993
65 41011
65 41053
65 41220
65 41276
65 41328
65 41368
65 41378
65 41394
65 41574
65 41607
65 41637
65 41738
65 41795
65 41852
65 42008
65 42027
65 42051
65 42053
65 42069
65 42161
65 42206
65 42365
65 42393
65 42426
65 42429
65 42452
65 42632
65 42657
65 42667
65 42684
65 42897
65 42963
65 42987
65 43143
65 43293
65 43305
65 43356
65 43374
65 43410
65 43456
65 43468
65 43558
65 43605
65 43812
65 43835
65 43930
65 43949
65 43984
65 44129
65 44149
65 44222
65 44250
65 44394
65 44396
65 44447
65 44578
65 44596
65 44616
65 44683
65 44698
65 44779
65 44861
65 44874
65 44887
65 45041
65 45200
65 45422
65 45467
65 45615
65 45628
65 45692
65 45693
65 45731
65 45750
65 45791
65 45834
65 45848
65 45938
65 46004
65 46010
65 46113
65 46180
65 46201
65 46232
65 46283
65 46402
65 46437
65 46441
65 46528
65 46573
65 46584
65 46626
65 46708
65 46714
65 46851
65 46883
65 46947
65 46949
65 47065
65 47081
65 47114
65 47155
65 47316
65 47339
65 47362
65 47371
65 47417
65 47583
65 47688
65 47807
65 47819
65 47862
65 47955
65 48020
65 48035
65 48078
65 48107
65 48176
65 48185
65 48220
65 48224
65 48237
65 48346
65 48424
65 48455
65 48560
65 48749
65 48773
65 48842
65 48893
65 48936
65 49063
65 49065
65 49069
65 49089
65 49096
65 49120
65 49126
65 49151
65 49298
65 49302
65 49347
65 49439
65 49534
65 49590
65 49681
65 49728
65 49775
65 49790
65 49875
65 49906
65 50022
65 50086
65 50109
65 50124
65 50163
65 50179
65 50241
65 50347
65 50358
65 50363
65 50410
65 50439
65 50451
57 118
57 143
57 186
57 291
57 366
57 374
57 404
57 422
57 571
57 577
57 606
57 619
57 623
57 708
57 992
57 1028
57 1043
57 1093
57 1094
57 1102
57 1242
57 1295
57 1368
57 1473
57 1478
57 1514
57 1558
57 1600
57 1687
57 1767
57 1770
57 1832
57 1834
57 1845
57 1903
57 1944
57 2072
57 2277
57 2282
57 2346
57 2389
57 2413
57 2438
57 2569
57 2609
57 2640
57 2694
57 2823
57 2833
57 2842
57 2909
57 2937
57 3141
57 3224
57 3271
57 3437
57 3474
57 3493
57 3511
57 3551
57 3642
57 3811
57 3984
57 4019
57 4050
57 4128
57 4181
57 4193
57 4202
57 4618
57 4623
57 4689
57 4703
57 4707
57 4711
57 4768
57 4916
57 5008
57 5024
57 5025
57 5116
57 5213
57 5239
57 5283
57 5327
57 5384
57 5418
57 5442
57 5456
57 5462
57 5480
57 5560
57 5631
57 5641
57 5733
57 5830
57 5834
57 6046
57 6178
57 6272
57 6348
57 6436
57 6500
57 6528
57 6554
57 6562
57 6679
57 6731
57 6841
57 7016
57 7287
57 7318
57 7361
57 7550
57 7616
57 7642
57 7789
57 7879
57 7956
57 7957
57 7962
57 8071
57 8163
57 8218
57 8228
57 8259
57 8604
57 8639
57 8745
57 8758
57 8868
57 8904
57 8927
57 8987
57 9225
57 9294
57 9387
57 9395
57 9461
57 9496
57 9520
57 9585
57 9656
57 9712
57 9720
57 9780
57 9895
57 9945
57 10144
57 10241
57 10332
57 10348
57 10448
57 10461
57 10467
57 10492
57 10574
57 10589
57 10683
57 10868
57 10904
57 10980
57 11026
57 11290
57 11385
57 11457
57 11669
57 11683
57 11800
57 11806
57 11822
57 11837
57 12202
57 12240
57 12252
57 12277
57 12318
57 12421
57 12426
57 12551
57 12610
57 12660
57 12733
57 12875
57 12913
57 12927
57 12952
57 13005
57 13109
57 13134
57 13167
57 13270
57 13657
57 13668
57 13710
57 13816
57 13826
57 13836
57 13988
57 14048
57 14134
57 14292
57 14396
57 14488
57 14622
57 14636
57 14663
57 14680
57 14830
57 14886
57 14887
57 14904
57 15003
57 15094
57 15102
57 15310
57 15322
57 15394
57 15397
57 15536
57 15542
57 15582
57 15631
57 15749
57 15763
57 15831
57 15904
57 15950
57 16011
57 16094
57 16127
57 16147
57 16199
57 16362
57 16392
57 16394
57 16417
57 16566
57 16577
57 16948
57 17018
57 17034
57 17083
57 17161
57 17241
57 17262
57 17317
57 17420
57 17433
57 17629
57 17717
57 17831
57 17838
57 17912
57 17914
57 17928
57 18020
57 18047
57 18094
57 18129
57 18144
57 18251
57 18294
57 18297
57 18362
57 18421
57 18571
57 18640
57 18661
57 18680
57 18722
57 18735
57 18826
57 18847
57 18942
57 18967
57 18995
57 19036
57 19184
57 19450
57 19470
57 19521
57 19591
57 19692
57 19706
57 19804
57 19939
57 19976
57 20051
57 20094
57 20111
57 20125
57 20204
57 20234
57 20250
57 20259
57 20346
57 20376
57 20383
57 20455
57 20631
57 20803
57 20830
57 20883
57 20942
57 20984
57 21075
57 21130
57 21165
57 21212
57 21246
57 21411
57 21489
57 21548
57 21558
57 21574
57 21645
57 21674
57 21801
57 21928
57 21985
57 22009
57 22083
57 22148
57 22166
57 22169
57 22173
57 22332
57 22387
57 22468
57 22546
57 22687
57 22704
57 22721
57 22949
57 22994
57 23105
57 23119
57 23329
57 23333
57 23337
57 23396
57 23466
57 23521
57 23614
57 23787
57 23806
57 23820
57 23822
57 23986
57 24119
57 24161
57 24245
57 24281
57 24350
57 24363
57 24388
57 24700
57 24825
57 24887
57 24921
57 24961
57 25142
57 25150
57 25158
57 25201
57 25284
57 25340
57 25364
57 25406
57 25494
57 25520
57 25627
57 25836
57 26114
57 26192
57 26204
57 26254
57 26330
57 26418
57 26593
57 26602
57 26637
57 26674
57 26686
57 26708
57 26780
57 26905
57 27039
57 27165
57 27213
57 27303
57 27457
57 27530
57 27583
57 27740
57 27805
57 27852
57 27927
57 27939
57 27953
57 28080
57 28094
57 28107
57 28460
57 28475
57 28600
57 28647
57 28833
57 28928
57 29061
57 29091
57 29123
57 29191
57 29279
57 29289
57 29292
57 29306
57 29375
57 29637
57 29656
57 29660
57 29680
57 29699
57 29719
57 29764
57 30209
57 30242
57 30259
57 30269
57 30270
57 30323
57 30430
57 30589
57 30614
57 30627
57 30630
57 30710
57 30825
57 30887
57 30979
57 31475
57 31490
57 31553
57 31744
57 31806
57 31844
57 31874
57 32038
57 32087
57 32191
57 32215
57 32342
57 32358
57 32442
57 32682
57 32802
57 32851
57 32856
57 32877
57 32910
57 32955
57 32993
57 33102
57 33137
57 33185
57 33305
57 33491
57 33727
57 33746
57 33816
57 33858
57 33913
57 33990
57 34020
57 34056
57 34175
57 34307
57 34316
57 34319
57 34375
57 34460
57 34475
57 34555
57 34640
57 34643
57 34747
57 34756
57 34862
57 34864
57 34880
57 34892
57 34906
57 35082
57 35090
57 35115
57 35141
57 35172
57 35198
57 35444
57 35494
57 35510
57 35564
57 35568
57 35627
57 35796
57 35805
57 35871
57 35936
57 36006
57 36013
57 36046
57 36054
57 36084
57 36170
57 36177
57 36193
57 36205
57 36327
57 36330
57 36347
57 36374
57 36830
57 36874
57 37102
57 37115
57 37234
57 37294
57 37400
57 37643
57 37709
57 37764
57 37765
57 37801
57 37858
57 37986
57 37992
57 38002
57 38086
57 38103
57 38215
57 38321
57 38481
57 38545
57 38667
57 38710
57 38769
57 38779
57 38925
57 38965
57 39116
57 39121
57 39230
57 39250
57 39293
57 39363
57 39422
57 39462
57 39488
57 39495
57 39546
57 39574
57 39606
57 39639
57 39643
57 39722
57 39781
57 39819
57 39843
57 40132
57 40159
57 40340
57 40377
57 40492
57 40547
57 40550
57 40715
57 40722
57 40751
57 40857
57 40884
57 40995
57 41047
57 41075
57 41162
57 41190
57 41224
57 41383
57 41464
57 41567
57 41593
57 41779
57 41891
57 41948
57 42076
57 42236
57 42385
57 42462
57 42600
57 42632
57 42705
57 42852
57 42882
57 43014
57 43030
57 43133
57 43185
57 43198
57 43214
57 43242
57 43373
57 43383
57 43400
57 43495
57 43500
57 43528
57 43541
57 43555
57 43559
57 43599
57 43712
57 43745
57 43794
57 43850
57 43878
57 43898
57 44119
57 44143
57 44198
57 44281
57 44307
57 44599
57 44613
57 44688
57 44721
57 44827
57 44918
57 45078
57 45099
57 45101
57 45182
57 45184
57 45272
57 45282
57 45287
57 45387
57 45508
57 45592
57 45667
57 45671
57 45683
57 45793
57 45930
57 45949
57 46055
57 46149
57 46184
57 46206
57 46325
57 46422
57 46440
57 46463
57 46541
57 46569
57 46637
57 46922
57 46942
57 46955
57 47089
57 47292
57 47398
57 47433
57 47634
57 47719
57 47869
57 48040
57 48106
57 48373
57 48543
57 48725
57 48727
57 48832
57 48915
57 48960
57 49053
57 49275
57 49359
57 49377
57 49460
57 49481
57 49540
57 49545
57 49552
57 49569
57 49620
57 49646
57 49758
57 49798
57 49941
57 49974
57 50003
57 50059
57 50104
57 50253
57 50280
57 50350
57 50381
57 50382
57 50403
57 50421
57 50453
57 50525
57 50662
57 50677
57 50690
57 50766
57 50990
57 51017
57 51019
57 51259
57 51305
57 51320
57 51327
57 51397
57 51407
57 51658
57 51767
57 51842
57 51883
57 51968
57 52038
57 52150
57 52343
57 52439
57 52475
57 52600
57 52605
57 52607
57 52689
57 52698
57 52755
57 52820
57 52987
57 53124
57 53128
57 53159
57 53213
57 53224
57 53281
57 55238
52 18
52 76
52 99
52 239
52 244
52 250
52 285
52 411
52 532
52 547
52 549
52 754
52 775
52 908
52 965
52 972
52 996
52 1053
52 1063
52 1087
52 1190
52 1365
52 1561
52 1635
52 1695
52 1737
52 2012
52 2060
52 2202
52 2249
52 2290
52 2328
52 2332
52 2501
52 2569
52 2580
52 2884
52 2904
52 3064
52 3185
52 3225
52 3241
52 3264
52 3435
52 3546
52 3601
52 3813
52 3901
52 3953
52 3963
52 4051
52 4066
52 4160
52 4215
52 4244
52 4294
52 4327
52 4393
52 4411
52 4434
52 4442
52 4617
52 4651
52 4967
52 4989
52 5033
52 5152
52 5208
52 5268
52 5322
52 5334
52 5452
52 5688
52 5873
52 5920
52 5942
52 5954
52 5957
52 6073
52 6110
52 6232
52 6363
52 6394
52 6405
52 6408
52 6524
52 6554
52 6588
52 6597
52 6807
52 6881
52 6888
52 7031
52 7050
52 7101
52 7117
52 7343
52 7541
52 7675
52 7839
52 7887
52 7909
52 7949
52 7994
52 8131
52 8182
52 8351
52 8353
52 8366
52 8533
52 8543
52 8592
52 8628
52 8641
52 8695
52 8878
52 9017
52 9074
52 9101
52 9106
52 9249
52 9309
52 9365
52 9417
52 9554
52 9627
52 9711
52 9746
52 9789
52 9878
52 9930
52 9981
52 9991
52 10183
52 10184
52 10245
52 10346
52 10507
52 10637
52 10643
52 10722
52 10820
52 10893
52 11015
52 11205
52 11447
52 11450
52 11604
52 11609
52 11695
52 11738
52 12101
52 12313
52 12317
52 12336
52 12360
52 12385
52 12504
52 12553
52 12629
52 12731
52 12740
52 12772
52 12935
52 12961
52 13071
52 13087
52 13106
52 13107
52 13155
52 13281
52 13331
52 13578
52 13592
52 13668
52 13735
52 13737
52 13852
52 13935
52 14004
52 14053
52 14070
52 14186
52 14266
52 14324
52 14328
52 14421
52 14445
52 14521
52 14582
52 14654
52 14692
52 14737
52 14871
52 15053
52 15113
52 15114
52 15442
52 15461
52 15666
52 15714
52 15900
52 16088
52 16108
52 16132
52 16155
52 16199
52 16231
52 16285
52 16395
52 16469
52 16523
52 16590
52 16617
52 16791
52 16999
52 17094
52 17119
52 17211
52 17469
52 17506
52 17612
52 17711
52 17738
52 17752
52 17788
52 17819
52 17913
52 18011
52 18192
52 18257
52 18270
52 18459
52 18562
52 18578
52 18612
52 18747
52 18768
52 18769
52 18811
52 18874
52 18959
52 19003
52 19039
52 19110
52 19207
52 19232
52 19305
52 19403
52 19520
52 19554
52 19895
52 19974
52 20029
52 20040
52 20116
52 20153
52 20204
52 20252
52 20265
52 20380
52 20445
52 20494
52 20538
52 20589
52 20699
52 20704
52 20716
52 20836
52 20885
52 20926
52 21079
52 21107
52 21327
52 21357
52 21567
52 21805
52 21826
52 21994
52 22025
52 22218
52 22342
52 22472
52 22492
52 22582
52 22598
52 22600
52 22629
52 22753
52 22761
52 22794
52 22983
52 23129
52 23302
52 23455
52 23502
52 23587
52 23615
52 23660
52 23673
52 23715
52 23784
52 24080
52 24194
52 24256
52 24287
52 24342
52 24711
52 24802
52 24901
52 25034
52 25090
52 25138
52 25175
52 25261
52 25281
52 25401
52 25444
52 25593
52 25596
52 25635
52 25670
52 25689
52 25753
52 25946
52 26091
52 26128
52 26163
52 26217
52 26315
52 26356
52 26437
52 26508
52 26513
52 26550
52 26603
52 26617
52 26718
52 26835
52 26905
52 27117
52 27236
52 27311
52 27338
52 27402
52 27467
52 27522
52 27594
52 27604
52 27618
52 27662
52 27746
52 27796
52 27938
52 28002
52 28044
52 28228
52 28294
52 28455
52 28534
52 28673
52 28782
52 28853
52 28874
52 28949
52 29077
52 29204
52 29264
52 29265
52 29279
52 29281
52 29303
52 29329
52 29339
52 29355
52 29432
52 29480
52 29496
52 29545
52 29555
52 29743
52 29819
52 29853
52 29938
52 30012
52 30376
52 30639
52 30788
52 30924
52 31011
52 31033
52 31070
52 31292
52 31313
52 31355
52 31602
52 31647
52 31672
52 31787
52 31795
52 31805
52 31833
52 31874
52 31973
52 32049
52 32110
52 32216
52 32347
52 32353
52 32372
52 32582
52 32817
52 32865
52 33042
52 33185
52 33235
52 33319
52 33408
52 33594
52 33701
52 33775
52 33915
52 33957
52 34138
52 34159
52 34400
52 34520
52 34593
52 34658
52 34690
52 34734
52 34766
52 34955
52 34989
52 34995
52 34999
52 35033
52 35069
52 35120
52 35203
52 35306
52 35461
52 35644
52 35819
52 35861
52 35948
52 35949
52 35974
52 36193
52 36202
52 36256
52 36326
52 36444
52 36508
52 36556
52 36646
52 36685
52 36759
52 36809
52 36889
52 36906
52 37311
52 37424
52 37456
52 37646
52 37670
52 37725
52 37737
52 37954
52 37976
52 37985
52 37991
52 38129
52 38201
52 38228
52 38430
52 38456
52 38465
52 38520
52 38679
52 38811
52 38884
52 38987
52 39039
52 39181
52 39267
52 39289
52 39360
52 39573
52 39637
52 39661
52 39745
52 39753
52 40028
52 40168
52 40259
52 40360
52 40365
52 40487
52 40498
52 40901
52 40957
52 40964
52 40972
52 40996
52 41003
52 41070
52 41192
52 41321
52 41349
52 41369
52 41370
52 41478
52 41624
52 41648
52 41773
52 42006
52 42036
52 42037
52 42039
52 42480
52 42569
52 42678
52 42736
52 42797
52 42856
52 42889
52 42938
52 43032
52 43066
52 43138
52 43155
52 43379
52 43431
52 43436
52 43612
52 43657
52 43672
52 43711
52 43723
52 43726
52 43738
52 44801
52 45125
52 45156
52 45359
52 45834
52 45961
52 46020
52 46039
52 46061
52 46075
52 46086
52 46305
52 46337
52 46455
52 46538
52 46587
52 46651
52 46753
52 46820
52 46824
52 46901
52 46981
52 47057
52 47101
52 47122
52 47223
52 47249
52 47276
52 47354
52 47368
52 47370
52 47513
52 47700
52 47853
52 47883
52 47924
52 47933
52 48122
52 48384
52 48409
52 48415
52 48630
52 48636
52 48763
52 49024
52 49039
52 49091
52 49195
52 49236
52 49237
52 49285
52 49415
52 49547
52 49654
52 49657
52 49683
52 49759
52 49771
52 49910
52 49926
52 50052
52 50102
52 50137
52 50220
52 50407
52 50522
52 50595
52 50625
52 50658
52 50718
52 50757
52 50768
52 50828
52 50856
52 50911
52 51041
52 51132
52 51161
52 51175
52 51182
52 51280
52 51601
52 51639
52 51652
52 51708
52 51776
52 51893
52 52011
52 52074
52 52168
52 52237
52 52325
52 52449
52 52633
52 52710
52 52737
52 52858
52 52944
52 52948
52 53122
52 53227
52 53230
52 53274
52 53401
52 53732
52 53831
52 53860
52 53941
52 54205
52 54223
52 54237
52 54289
52 54360
52 54456
52 54620
52 54627
52 54736
52 54825
52 54837
52 54863
52 54925
52 54968
52 54998
52 55082
52 55123
52 55229
52 55262
52 55310
52 55448
52 55465
52 55853
52 55877
52 55911
52 56005
52 56070
52 56072
52 56167
52 56170
52 56211
52 56249
52 56288
52 56322
52 56447
52 56606
52 56623
52 56651
52 56663
52 56768
52 56818
52 56853
52 56877
52 57053
52 57063
52 57094
52 57097
52 57120
52 57141
52 57199
52 57285
52 57586
52 57601
52 57612
52 57825
52 57860
52 57886
52 57909
52 58001
52 58220
52 58223
52 58266
52 58544
52 58556
52 58577
52 58578
52 58618
52 58768
52 58792
52 58915
52 58961
52 59002
52 59009
52 59093
52 59142
52 59219
52 59274
52 59361
52 59368
52 59379
52 59404
52 59423
52 59441
52 59443
52 59456
52 59534
52 59546
52 59738
52 59758
52 59857
52 59928
52 60014
52 60079
52 60250
52 60556
52 60616
52 60635
52 60844
52 60864
52 60918
52 60967
52 61181
52 61313
52 61338
52 61365
52 61399
52 61497
52 61517
52 61522
52 61811
52 61916
52 61940
52 61942
52 62003
52 62172
52 62294
52 62319
52 62328
52 62366
52 62394
52 62615
52 62649
52 62662
52 62775
52 62991
52 63058
52 63155
52 63185
52 63297
52 63316
52 63346
52 63400
52 63464
52 63544
52 63772
52 63998
52 64290
52 64325
52 64349
52 64370
52 64436
52 64478
52 64589
52 64594
52 64720
52 64830
52 64897
52 64917
52 64973
52 64997
52 65066
52 65078
52 65138
52 65185
52 65343
52 65388
52 65656
52 65785
52 65806
52 66038
52 66088
52 66369
52 66415
58 520
58 810
58 1041
58 1085
58 1088
58 1124
58 1138
58 1293
58 1304
58 1383
58 1513
58 1628
58 1901
58 2008
58 2056
58 2214
58 2215
58 2228
58 2447
58 2541
58 2561
58 2700
58 2702
58 2732
58 2913
58 2962
58 2964
58 3105
58 3212
58 3320
58 3398
58 3453
58 3641
58 3692
58 3753
58 3902
58 4021
58 4083
58 4214
58 4316
58 4551
58 4558
58 4791
58 4863
58 4900
58 4928
58 4941
58 5025
58 5110
58 5195
58 5561
58 5993
58 6602
58 6679
58 6681
58 6725
58 6759
58 6894
58 6906
58 7088
58 7128
58 7226
58 7297
58 7378
58 7424
58 7445
58 7556
58 7598
58 7625
58 7968
58 8083
58 8099
58 8238
58 8244
58 8279
58 8311
58 8445
58 8520
58 8524
58 8554
58 8686
58 8749
58 8920
58 8977
58 8997
58 9037
58 9047
58 9124
58 9212
58 9268
58 9432
58 9463
58 9578
58 9715
58 9730
58 9731
58 9745
58 9764
58 9895
58 10069
58 10076
58 10093
58 10191
58 10204
58 10223
58 10243
58 10250
58 10264
58 10310
58 10312
58 10331
58 10373
58 10561
58 10578
58 10626
58 10697
58 10743
58 10816
58 10878
58 10961
58 11023
58 11041
58 11054
58 11069
58 11157
58 11191
58 11267
58 11293
58 11400
58 11466
58 11467
58 11472
58 11580
58 11645
58 11681
58 11874
58 11876
58 11993
58 12138
58 12183
58 12195
58 12288
58 12312
58 12323
58 12356
58 12452
58 12456
58 12508
58 12509
58 12567
58 12669
58 12710
58 12846
58 12866
58 13121
58 13134
58 13169
58 13178
58 13293
58 13417
58 13419
58 13432
58 13480
58 13571
58 13579
58 13603
58 13625
58 13704
58 13802
58 13908
58 14010
58 14396
58 14398
58 14505
58 14537
58 14576
58 14681
58 14759
58 14820
58 14856
58 14884
58 14900
58 14995
58 15019
58 15269
58 15278
58 15303
58 15312
58 15369
58 15379
58 15405
58 15414
58 15565
58 15850
58 15856
58 15912
58 16028
58 16110
58 16241
58 16307
58 16318
58 16355
58 16456
58 16590
58 16606
58 16653
58 16741
58 16776
58 16881
58 16883
58 16925
58 16957
58 17006
58 17029
58 17076
58 17144
58 17353
58 17429
58 17465
58 17497
58 17626
58 17670
58 17833
58 17884
58 17897
58 17998
58 18005
58 18029
58 18058
58 18197
58 18362
58 18415
58 18438
58 18570
58 18666
58 18843
58 18924
58 18995
58 19062
58 19130
58 19185
58 19293
58 19407
58 19574
58 19597
58 19601
58 19602
58 19718
58 19787
58 19897
58 20026
58 20061
58 20091
58 20445
58 20452
58 20484
58 20512
58 20620
58 20635
58 20638
58 20665
58 20674
58 20723
58 20802
58 20814
58 20907
58 20916
58 20934
58 20961
58 20963
58 21016
58 21066
58 21103
58 21133
58 21175
58 21191
58 21197
58 21198
58 21217
58 21229
58 21281
58 21376
58 21377
58 21403
58 21478
58 21504
58 21517
58 21582
58 21745
58 21893
58 22014
58 22138
58 22141
58 22143
58 22221
58 22313
58 22374
58 22398
58 22410
58 22417
58 22432
58 22593
58 22687
58 22698
58 22703
58 22777
58 22927
58 22930
58 22938
58 23211
58 23222
58 23245
58 23455
58 23595
58 23691
58 23770
58 23953
58 24034
58 24093
58 24132
58 24235
58 24265
58 24329
58 24376
58 24416
58 24448
58 24468
58 24548
58 24761
58 24807
58 24932
58 25026
58 25078
58 25188
58 25247
58 25256
58 25319
58 25501
58 25693
58 25831
58 26022
58 26091
58 26144
58 26155
58 26182
58 26318
58 26580
58 26626
58 26632
58 26657
58 26708
58 26761
58 26861
58 26976
58 27071
58 27153
58 27226
58 27349
58 27370
58 27371
58 27507
58 27593
58 27673
58 27676
58 27793
58 27823
58 27841
58 27852
58 27992
58 28041
58 28141
58 28185
58 28227
58 28242
58 28315
58 28376
58 28445
58 28459
58 28499
58 28510
58 28584
58 28596
58 28643
58 28681
58 28760
58 28789
58 28846
58 28999
58 29030
58 29174
58 29217
58 29258
58 29332
58 29516
58 29583
58 29958
58 29990
58 30044
58 30219
58 30362
58 30416
58 30467
58 30538
58 30598
58 30670
58 30728
58 30757
58 30818
58 30869
58 30944
58 31266
58 31277
58 31336
58 31491
58 31548
58 31565
58 31566
58 31687
58 31866
58 31875
58 31927
58 32041
58 32054
58 32109
58 32170
58 32179
58 32188
58 32301
58 32309
58 32588
58 32624
58 32676
58 32699
58 32714
58 32727
58 32752
58 32756
58 32765
58 32891
58 32903
58 33111
58 33312
58 33388
58 33545
58 33639
58 33797
58 33836
58 33874
58 33884
58 33899
58 33937
58 34137
58 34189
58 34349
58 34382
58 34527
58 34583
58 34607
58 34785
58 34842
58 34985
58 35038
58 35254
58 35302
58 35311
58 35312
58 35446
58 35573
58 35580
58 35710
58 35748
58 35818
58 35820
58 35842
58 35892
58 36146
58 36150
58 36253
58 36332
58 36364
58 36874
58 36977
58 37178
58 37350
58 37429
58 37450
58 37547
58 37606
58 37703
58 37834
58 38146
58 38251
58 38335
58 38462
58 38630
58 38680
58 38900
58 39088
58 39224
58 39234
58 39267
58 39281
58 39356
58 39463
58 39577
58 39696
58 39737
58 39770
58 39936
58 39966
58 39995
58 40023
58 40024
58 40030
58 40079
58 40156
58 40161
58 40204
58 40233
58 40264
58 40316
58 40396
58 40416
58 40484
58 40538
58 40705
58 40805
58 40839
58 40953
58 40955
58 41046
58 41053
58 41071
58 41084
58 41172
58 41209
58 41286
58 41376
58 41378
58 41401
58 41440
58 41473
58 41830
58 41836
58 41991
58 42038
58 42075
58 42113
58 42164
58 42211
58 42316
58 42358
58 42382
58 42432
58 42470
58 42535
58 42635
58 42693
58 42733
58 42821
58 42841
58 42957
58 43016
58 43058
58 43129
58 43164
58 43227
58 43271
58 43328
58 43397
58 43466
58 43508
58 43565
58 43606
58 43786
58 43808
58 43834
58 43935
58 43937
58 44065
58 44317
58 44335
58 44360
58 44458
58 44531
58 44708
58 44713
58 44736
58 44805
58 44813
58 45105
58 45136
58 45211
58 45249
58 45366
58 45370
58 45558
58 45582
58 45591
58 45628
58 45843
58 45888
58 45905
58 45975
58 45982
58 46083
58 46166
58 46167
58 46263
58 46287
58 46300
58 46310
58 46387
58 46389
58 46411
58 46434
58 46587
58 46742
58 46749
58 46753
58 46873
58 46915
58 47187
58 47258
58 47299
58 47467
58 47671
58 47813
58 47861
58 48075
58 48093
58 48096
58 48113
58 48118
58 48160
58 48181
58 48263
58 48297
58 48346
58 48381
58 48438
58 48493
58 48544
58 48651
58 48686
58 48752
58 48794
58 48866
58 48936
58 48948
58 49003
58 49007
58 49042
58 49225
58 49324
58 49392
58 49418
58 49432
58 49462
58 49570
58 49691
58 49703
58 49720
58 49736
58 49737
58 49847
58 49855
58 49866
58 49882
58 49943
58 49967
58 50030
58 50078
58 50211
58 50293
58 50303
58 50424
58 50504
58 50765
58 50982
58 51006
58 51011
58 51061
58 51114
58 51177
58 51234
58 51377
58 51418
58 51483
58 51508
58 51527
58 51541
58 51573
58 51713
58 51731
58 51765
58 51791
58 51851
58 51853
58 51984
58 52030
58 52035
58 52058
58 52088
58 52092
58 52130
58 52203
58 52283
58 52297
58 52404
58 52469
58 52544
58 52599
58 52667
58 52708
58 52740
58 52831
58 52895
58 52984
58 53123
58 53177
58 53385
58 53400
58 53642
58 53703
58 53736
58 53802
58 53807
58 53878
58 53986
58 54007
58 54060
58 54210
58 54223
58 54246
58 54310
58 54326
58 54414
58 54536
58 54617
58 54647
58 54677
58 54707
58 54959
58 55014
58 55129
58 55150
58 55247
58 55288
58 55401
58 55403
58 55633
58 55780
58 55803
58 55823
58 55825
58 55838
58 55939
58 55968
58 56065
58 56089
58 56108
58 56255
58 56410
58 56461
58 56464
58 56488
58 56543
58 56563
58 56580
58 56610
58 56742
58 57006
58 57229
58 57265
58 57368
58 57437
58 57650
58 57691
58 57696
58 57728
58 57809
58 57867
58 57937
58 57938
58 58009
58 58038
58 58048
58 58109
58 58112
58 58175
58 58288
58 58406
58 58427
58 58457
58 58502
58 58622
58 58693
58 58697
58 58722
58 58756
58 58792
58 58821
58 58953
58 59053
58 59142
58 59195
58 59381
58 59555
58 59621
58 59668
58 59774
58 59836
58 59851
58 59864
58 59896
58 59972
58 60175
58 60189
58 60247
58 60277
58 60289
58 60380
58 60392
58 60395
58 60636
58 60690
58 60894
58 60913
58 60917
58 61023
58 61030
58 61099
58 61198
58 61314
58 61346
58 61502
58 61677
58 61777
58 61838
58 61847
58 61863
58 62050
58 62107
58 62177
58 62250
58 62370
58 62396
58 62426
58 62447
58 62623
58 62629
58 62709
58 62891
58 62979
58 62986
58 63021
58 63044
58 63053
58 63096
58 63121
58 63133
58 63197
58 63199
58 63215
58 63296
58 63362
58 63436
58 63481
58 63553
58 63579
58 63584
58 63642
58 63821
58 63839
58 63845
58 63916
58 63962
58 64082
58 64321
58 64437
58 64508
58 64511
58 64513
58 64569
58 64686
58 64701
58 64729
58 64766
58 64788
58 64831
58 64851
58 64891
58 64899
58 64904
58 65068
58 65150
58 65162
58 65187
58 65196
58 65211
58 65271
58 65316
58 65373
58 65416
58 65594
58 65614
58 65657
58 65666
58 65671
58 65769
58 65832
58 65975
58 66027
58 66060
58 66061
58 66114
58 66124
58 66226
58 66227
58 66261
58 66275
58 66302
58 66308
58 66513
58 66603
58 66640
58 66727
58 66880
58 66886
58 66904
58 66940
58 66955
58 67045
58 67068
58 67164
58 67292
58 67319
58 67424
58 67437
58 67603
58 67703
58 67794
58 68016
58 68198
58 68218
58 68512
58 68542
58 68635
58 68665
58 68675
58 68697
58 68774
58 68797
58 68820
58 68841
58 68882
58 69005
58 69027
58 69195
58 69200
58 69267
58 69298
58 69342
58 69369
58 69447
58 69549
58 69566
58 69598
58 69599
58 69715
58 69792
58 69877
58 69907
58 69949
58 69954
58 69960
58 70004
58 70233
58 70247
58 70265
58 70374
58 70439
58 70482
58 70488
58 70555
58 70680
58 70706
58 70749
58 70980
58 71051
58 71168
58 71248
58 71291
58 71294
58 71295
58 71326
58 71445
58 71462
58 71559
58 71581
58 71704
58 71759
58 71761
58 71832
58 71905
58 72028
58 72090
58 72095
58 72214
58 72242
58 72277
58 72399
58 72426
58 72436
58 72437
58 72540
58 72606
58 72639
58 72748
58 72833
58 72918
58 72924
58 72936
58 72970
58 73001
58 73038
58 73155
58 73206
58 73265
58 73308
58 73397
58 73475
58 73598
58 73631
58 73690
58 73696
58 73761
58 73774
58 73840
58 73854
58 73967
58 74011
58 74054
58 74067
58 74071
58 74111
58 74120
58 74132
58 74188
58 74339
58 74445
58 74453
58 74733
58 74735
58 74779
58 74781
58 74981
58 75117
58 75149
58 75217
58 75226
58 75235
58 75306
58 75464
58 75468
58 75522
58 75525
58 75538
58 75725
58 75744
58 75819
58 75887
58 75977
58 76014
58 76043
58 76160
58 76283
58 76287
58 76291
58 76449
58 76685
58 76692
58 76799
58 76855
58 76896
58 76939
58 77291
58 77316
58 77365
58 77429
58 77542
58 77644
58 77664
58 77697
58 77718
58 77742
58 77839
58 77890
58 77957
58 78182
58 78244
58 78410
58 78509
58 78593
58 78674
58 78745
58 78889
58 78952
58 78960
58 79064
58 79216
58 79363
58 79464
58 79553
58 79657
58 79704
58 79768
58 79773
58 79792
58 79935
58 79971
58 80114
58 80139
58 80166
58 80169
58 80218
58 80229
58 80419
58 80561
58 80693
58 80772
58 80841
58 80945
58 81008
58 81277
58 81386
58 81457
58 81501
58 81666
58 81737
58 81769
58 81893
58 81909
58 81975
58 81977
58 81981
58 81996
58 82209
58 82334
58 82546
58 82641
58 82646
58 82686
58 82775
58 82778
58 82810
58 82953
58 82956
58 83183
58 83200
58 83240
58 83245
58 83287
58 83402
58 83631
58 83670
58 83771
58 83897
58 83910
58 83965
58 84126
58 84152
58 84208
58 84237
58 84330
58 84365
58 84413
58 84544
58 84564
58 84602
58 84628
58 84717
58 84728
58 84782
58 84828
58 84850
58 84884
58 84974
58 84985
58 84993
58 85141
58 85289
58 85311
58 85367
58 85450
58 85468
58 85471
58 85519
58 85575
58 85603
58 85627
58 85724
58 85891
58 86105
58 86229
58 86343
58 86525
58 86565
58 86566
58 86684
58 86694
58 86930
58 87176
58 87370
58 87383
58 87391
58 87529
58 87599
58 87875
58 87907
58 88140
58 88143
58 88175
58 88206
58 88255
58 88380
58 88419
58 88508
58 88619
58 88629
58 88691
58 88727
58 88876
58 88902
58 88927
58 88945
58 88951
58 88998
58 89146
58 89204
58 89306
58 89342
58 89467
58 89505
58 89596
58 89632
58 89689
58 89860
58 90005
58 90017
58 90019
58 90023
58 90025
58 90125
58 90134
58 90140
58 90147
58 90174
58 90226
58 90348
58 90472
58 90546
58 90619
58 90656
58 90731
58 90812
58 90892
58 90896
58 90932
58 90948
58 90970
58 91010
58 91207
58 91259
58 91287
58 91299
58 91370
58 91616
58 91686
58 91768
58 91809
58 91950
58 92013
58 92040
58 92078
58 92114
58 92129
58 92143
58 92240
58 92420
58 92432
58 92491
58 92628
58 92663
58 92878
58 92884
58 92908
58 92956
58 93155
58 93193
58 93235
58 93246
58 93404
58 93466
58 93489
58 93501
58 93543
58 93595
58 93605
58 93837
58 93883
58 93886
58 93930
58 93966
58 93971
58 94023
58 94069
58 94071
58 94201
58 94219
58 94362
58 94404
58 94434
58 94502
58 94503
58 94554
58 94571
58 94727
58 94755
58 95012
58 95071
58 95085
58 95087
58 95171
58 95269
58 95343
58 95365
58 95393
58 95399
58 95419
58 95545
58 95549
58 95602
58 95613
58 95647
58 95656
58 95677
58 95816
58 95824
58 95852
58 95882
58 95902
58 95968
58 95973
58 96074
58 96099
58 96127
58 96267
58 96340
58 96443
58 96448
58 96654
58 96854
58 96862
58 96927
58 96983
58 97019
58 97065
58 97067
58 97160
58 97190
58 97197
58 97202
58 97228
58 97313
58 97397
58 97466
58 97507
58 97511
58 97563
58 97646
58 97737
58 97744
58 97841
58 97879
58 97968
58 98150
58 98164
58 98189
58 98209
58 98520
58 98597
58 98643
58 98728
58 98764
58 98785
58 98792
58 98827
58 98949
58 99000
58 99034
58 99050
58 99062
58 99067
58 99104
58 99109
58 99202
58 99249
58 99252
58 99302
58 99484
58 99516
58 99556
58 99635
58 99710
58 99741
58 99745
58 99802
58 99812
58 99901
58 99996
58 100043
58 100144
58 100575
58 100632
58 100634
58 100638
58 100700
58 100988
58 101152
58 101189
58 101319
58 101550
58 101687
58 101724
58 101788
58 102137
58 102176
58 102198
58 102205
58 102286
58 102291
58 102376
58 102415
58 102530
58 102676
58 102803
58 103033
58 103140
58 103294
58 103547
58 103626
58 103642
58 103673
58 103690
58 103691
58 103710
58 103913
58 103965
58 104137
58 104265
58 104269
58 104298
58 104332
58 104409
58 104585
58 104592
58 104614
58 104652
58 104861
58 105132
58 105142
58 105178
58 105276
58 105577
58 105716
58 105787
58 105872
58 105925
58 106019
58 106158
58 106176
58 106210
58 106219
58 106353
58 106379
58 106479
58 106551
58 106556
58 106944
58 106955
58 106966
58 107019
58 107134
58 107504
58 107610
58 107730
58 107747
58 107769
58 107934
58 108086
58 108213
58 108267
58 108290
58 108354
58 108467
58 108477
58 108564
58 108654
58 108742
58 109120
58 109164
58 109177
58 109188
58 109196
58 109272
58 109376
58 109425
58 109665
58 109709
58 109785
58 109795
58 109924
58 109926
58 110094
58 110162
58 110251
58 110372
58 110374
58 110390
58 110473
58 110501
58 110560
58 110598
58 110621
58 110649
58 110915
58 110985
58 111020
58 111050
58 111068
58 111110
58 111123
58 111288
58 111323
58 111350
58 111369
58 111439
58 111493
58 111545
58 111610
58 111731
58 111885
58 111913
58 112008
58 112110
58 112112
58 112298
58 112372
58 112439
58 112445
58 112568
58 112570
58 112614
58 112638
58 112651
58 112841
58 112857
58 112890
58 113093
58 113120
58 113292
58 113341
58 113454
58 113497
58 113515
58 113636
58 113880
58 114073
58 114128
58 114169
58 114248
58 114261
58 114412
58 114463
58 114465
58 114503
58 114635
58 114715
58 114780
58 114873
58 115033
58 115225
58 115247
58 115268
58 115271
58 115287
58 115345
58 115408
58 115473
58 115488
58 115502
58 115515
58 115662
58 115720
58 115773
58 116149
58 116194
58 116277
58 116308
58 116523
58 116650
58 116653
58 116720
58 116781
58 116940
58 117001
58 117160
58 117210
58 117301
58 117345
58 117390
58 117406
58 117457
58 117550
58 117556
58 117706
58 117755
58 117760
58 117797
58 117838
58 117848
58 117896
58 118050
58 118085
58 118269
58 118279
58 118284
58 118368
58 118474
58 118644
58 118792
58 118809
58 118833
58 118835
58 119083
58 119106
58 119114
58 119123
58 119141
58 119175
58 119311
58 119324
58 119339
58 119498
58 119525
58 119527
58 119649
58 119893
58 119894
58 119956
58 120271
58 120374
58 120623
58 120764
58 120874
58 120913
58 120973
58 121006
58 121134
58 121169
58 121202
58 121210
58 121269
58 121454
58 121507
58 121563
58 121607
58 121608
58 121634
58 121635
58 121758
58 121800
58 121948
58 121976
58 122087
58 122267
58 122307
58 122340
58 122355
58 122379
58 122415
58 122436
58 122481
58 122554
58 122625
58 122746
58 122776
58 122823
58 122841
58 122857
58 122980
58 123054
58 123118
58 123306
58 123394
58 123416
58 123492
58 123547
58 124044
58 124286
58 124410
58 124491
58 124514
58 124550
58 124633
58 124700
58 124742
58 124746
58 124763
58 124813
58 124816
58 124975
58 125021
58 125045
58 125183
58 125186
58 125230
58 125236
58 125258
58 125354
58 125439
58 125857
58 125931
58 125936
58 126014
58 126049
58 126215
58 126334
58 126374
58 126566
58 126727
58 126765
58 126829
58 126890
58 126894
58 127029
58 127085
58 127151
58 127272
58 127280
58 127411
58 127461
58 127484
58 127545
58 127609
58 127816
58 127828
58 127936
58 128115
58 128197
58 128206
58 128272
58 128298
58 128375
58 128629
58 128637
58 128695
58 128703
58 128852
58 128924
58 128980
58 128983
58 129013
58 129067
58 129089
58 129097
58 129101
58 129112
58 129139
58 129167
58 129206
58 129242
58 129263
58 129272
58 129321
58 129465
58 129642
58 129757
58 129999
58 130010
58 130053
58 130101
58 130404
58 130444
58 130458
58 130622
58 130757
58 131054
58 131067
58 131304
58 131405
58 131549
58 131667
58 131706
58 131806
58 131854
58 131879
58 131923
58 131945
58 131976
58 132007
58 132022
58 132033
58 132034
58 132047
58 132092
58 132194
58 132204
58 132268
58 132292
58 132299
58 132370
58 132401
58 132577
58 132730
58 132835
58 132961
58 133061
58 133159
58 133204
58 133351
58 133360
58 133735
58 133774
58 133839
58 133898
58 134152
58 134236
60 60
60 91
60 139
60 163
60 166
60 177
60 212
60 260
60 263
60 284
60 328
60 415
60 426
60 511
60 522
60 660
60 710
60 761
60 792
60 806
60 908
60 918
60 966
60 994
60 1035
60 1276
60 1355
60 1374
60 1413
60 1422
60 1455
60 1470
60 1514
60 1526
60 1612
60 1621
60 1730
60 1756
60 1771
60 1795
60 1805
60 1993
60 2004
60 2126
60 2144
60 2273
60 2277
60 2296
60 2319
60 2333
60 2389
60 2474
60 2649
60 2655
60 2770
60 3215
60 3538
60 3544
60 3552
60 3579
60 3611
60 3805
60 3856
60 3879
60 3918
60 3957
60 3992
60 4017
60 4062
60 4270
60 4275
60 4445
60 4532
60 4548
60 4580
60 4768
60 4835
60 4919
60 4971
60 4976
60 5023
60 5198
60 5315
60 5344
60 5380
60 5429
60 5587
60 5673
60 5840
60 5954
60 5957
60 6009
60 6015
60 6222
60 6225
60 6259
60 6371
60 6381
60 6406
60 6431
60 6555
60 6594
60 6708
60 6763
60 6785
60 6816
60 6916
60 6967
60 7033
60 7054
60 7101
60 7120
60 7279
60 7308
60 7342
60 7535
60 7553
60 7590
60 7832
60 7861
60 7870
60 7911
60 8091
60 8110
60 8111
60 8161
60 8233
60 8305
60 8369
60 8406
60 8479
60 8560
60 8672
60 8815
60 8846
60 8960
60 9305
60 9346
60 9365
60 9501
60 9605
60 9728
60 9740
60 9871
60 9919
60 10085
60 10102
60 10125
60 10148
60 10258
60 10421
60 10458
60 10538
60 10584
60 10588
60 10867
60 10948
60 10957
60 11011
60 11039
60 11136
60 11225
60 11249
60 11282
60 11302
60 11323
60 11334
60 11381
60 11399
60 11524
60 11614
60 11628
60 11830
60 11845
60 11855
60 11891
60 11994
60 12069
60 12112
60 12424
60 12797
60 12842
60 12865
60 12874
60 12883
60 12949
60 13009
60 13211
60 13258
60 13373
60 13446
60 13624
60 13715
60 13721
60 13743
60 13745
60 13858
60 13870
60 14147
60 14306
60 14342
60 14352
60 14453
60 14460
60 14579
60 14648
60 14697
60 14846
60 14942
60 14943
60 14993
60 15291
60 15317
60 15398
60 15493
60 15594
60 15629
60 15658
60 15661
60 15699
60 16012
60 16026
60 16108
60 16379
60 16398
60 16432
60 16582
60 16634
60 16667
60 16781
60 16826
60 16869
60 16889
60 16949
60 16976
60 17072
60 17228
60 17261
60 17409
60 17415
60 17520
60 17536
60 17544
60 17587
60 17618
60 17698
60 17769
60 17952
60 18002
60 18083
60 18156
60 18197
60 18200
60 18291
60 18374
60 18387
60 18454
60 18608
60 18701
60 18706
60 18843
60 18978
60 19019
60 19125
60 19193
60 19234
60 19243
60 19316
60 19458
60 19511
60 19584
60 19683
60 19740
60 19797
60 19801
60 19828
60 19875
60 19915
60 20060
60 20061
60 20091
60 20209
60 20359
60 20625
60 20697
60 20878
60 21089
60 21414
60 21440
60 21490
60 21867
60 22029
60 22191
60 22230
60 22348
60 22414
60 22416
60 22452
60 22453
60 22598
60 22688
60 22701
60 22753
60 22803
60 23008
60 23036
60 23070
60 23095
60 23097
60 23108
60 23123
60 23142
60 23196
60 23468
60 23493
60 23626
60 23672
60 23774
60 23877
60 24064
60 24086
60 24114
60 24345
60 24448
60 24462
60 24561
60 24620
60 24687
60 24690
60 24769
60 24897
60 25004
60 25026
60 25080
60 25158
60 25204
60 25210
60 25213
60 25268
60 25274
60 25282
60 25314
60 25329
60 25375
60 25509
60 25615
60 25635
60 25659
60 25774
60 25862
60 25894
60 26045
60 26077
60 26138
60 26376
60 26475
60 26486
60 26519
60 26584
60 26732
60 26809
60 26859
60 26901
60 27027
60 27071
60 27076
60 27119
60 27289
60 27327
60 27416
60 27521
60 27618
60 27626
60 27709
60 27787
60 27922
60 28043
60 28102
60 28255
60 28311
60 28317
60 28448
60 28827
60 28860
60 28907
60 28987
60 29070
60 29198
60 29287
60 29302
60 29378
60 29392
60 29519
60 29667
60 29728
60 29822
60 30057
60 30099
60 30153
60 30305
60 30403
60 30497
60 30557
60 30787
60 30927
60 30935
60 30951
60 30984
60 31333
60 31364
60 31478
60 31527
60 31529
60 31647
60 31767
60 31866
60 31952
60 31955
60 31976
60 32000
60 32192
60 32322
60 32344
60 32371
60 32372
60 32468
60 32620
60 32621
60 32784
60 33021
60 33056
60 33092
60 33286
60 33349
60 33514
60 33580
60 33581
60 33739
60 33747
60 33985
60 34152
60 34157
60 34182
60 34338
60 34415
60 34566
60 34670
60 34672
60 34740
60 34764
60 34802
60 34890
60 34914
60 34916
60 34926
60 34996
60 35062
60 35071
60 35143
60 35159
60 35210
60 35287
60 35327
60 35349
60 35424
60 35588
60 35619
60 35741
60 35761
60 35799
60 35930
60 36005
60 36013
60 36162
60 36166
60 36253
60 36327
60 36354
60 36437
60 36458
60 36548
60 36649
60 36782
60 36798
60 36830
60 36970
60 36979
60 36987
60 37004
60 37178
60 37192
60 37312
60 37323
60 37340
60 37405
60 37601
60 37617
60 37683
60 37765
60 37818
60 38142
60 38267
60 38376
60 38457
60 38537
60 38586
60 38767
60 38922
60 38996
60 39354
60 39532
60 39558
60 39654
60 39662
60 39713
60 39853
60 39856
60 39867
60 39942
60 40152
60 40259
60 40432
60 40542
60 40713
60 40762
60 40898
60 41077
60 41087
60 41116
60 41131
60 41283
60 41367
60 41459
60 41619
60 41685
60 41697
60 41821
60 41822
60 41989
60 42021
60 42067
60 42221
60 42223
60 42366
60 42427
60 42436
60 42440
60 42495
60 42604
60 42666
60 42689
60 42694
60 42985
60 43058
60 43069
60 43176
60 43191
60 43587
60 43612
60 43783
60 44180
60 44197
60 44256
60 44349
60 44387
60 44567
60 44673
60 44782
60 44809
60 44981
60 45102
60 45133
60 45228
60 45256
60 45359
60 45542
60 45608
60 45633
60 45646
60 45662
60 45884
60 45919
60 46009
60 46049
60 46125
60 46175
60 46203
60 46208
60 46259
60 46263
60 46277
60 46322
60 46342
60 46484
60 46527
60 46576
60 46605
60 46697
60 46762
60 46874
60 46987
60 47003
60 47054
60 47084
60 47153
60 47175
60 47361
60 47391
60 47466
60 47506
60 47568
60 47606
60 47649
60 47755
60 47761
60 47815
60 47827
60 47840
60 47857
60 48025
60 48037
60 48048
60 48078
60 48174
60 48198
60 48205
60 48258
60 48324
60 48411
60 48438
60 48484
60 48554
60 48570
60 48648
60 48763
60 48805
60 49020
60 49035
60 49046
60 49051
60 49180
60 49181
60 49255
60 49376
60 49487
60 49556
60 49587
60 49631
60 49667
60 49704
60 49741
60 49837
60 50107
60 50214
60 50323
60 50419
60 50425
60 50433
60 50522
60 50562
60 50666
60 50705
60 50848
60 50898
60 51064
60 51066
60 51163
60 51223
60 51407
60 51522
60 51693
60 51726
60 51842
60 51852
60 51958
60 52109
60 52142
60 52155
60 52268
60 52327
60 52342
60 52396
60 52473
60 52533
60 52686
60 52695
60 52729
60 52735
60 52759
60 52765
60 52862
60 52930
60 52952
60 52994
60 53027
60 53035
60 53165
60 53187
60 53293
60 53298
60 53300
60 53415
60 53507
60 53517
60 53534
60 53543
60 53550
60 53648
60 53693
60 53733
60 53751
60 53775
60 54026
60 54082
60 54107
60 54281
60 54295
60 54352
60 54452
60 54523
60 54569
60 54619
60 54625
60 54665
60 54702
60 54908
60 55000
60 55099
60 55131
60 55210
60 55252
60 55254
60 55408
60 55516
60 55604
60 55617
60 55658
60 55866
60 55951
60 55991
60 56264
60 56286
60 56309
60 56359
60 56412
60 56654
60 56705
60 56780
60 56833
60 56887
60 56899
60 57031
60 57143
60 57177
60 57325
60 57630
60 57640
60 57649
60 57699
60 57754
60 57805
60 57846
60 57873
60 57878
60 58166
60 58253
60 58281
60 58473
60 58513
60 58560
60 58618
60 58631
60 58644
60 58695
60 58779
60 58828
60 58843
60 58888
60 58910
60 58968
60 59016
60 59055
60 59144
60 59184
60 59271
60 59287
60 59299
60 59311
60 59490
60 59513
60 59534
60 59547
60 59555
60 59603
60 59611
60 59810
60 59880
60 59930
60 60048
60 60285
60 60312
60 60554
60 60756
60 60787
60 60814
60 60954
60 60959
60 60968
60 61081
60 61242
60 61263
60 61291
60 61308
60 61318
60 61524
60 61591
60 61681
60 61694
60 61713
60 61737
60 61791
60 61957
60 62074
60 62244
60 62294
60 62468
60 62476
60 62529
60 62792
60 62816
60 62899
60 62967
60 63049
60 63051
60 63193
60 63382
60 63411
60 63464
60 63465
60 63476
60 63522
60 63549
60 63556
60 63597
60 63662
60 63756
60 63792
60 63962
60 64138
60 64186
60 64207
60 64211
60 64360
60 64377
60 64390
60 64465
60 64467
60 64570
60 64618
60 64646
60 64761
60 64981
60 65082
60 65169
60 65237
60 65262
60 65299
60 65314
60 65337
60 65367
60 65383
60 65389
60 65401
60 65624
60 65877
60 65920
60 66105
60 66178
60 66271
60 66298
60 66309
60 66334
60 66356
60 66507
60 66624
60 66820
60 66854
60 66855
60 66897
60 66962
60 67009
60 67344
60 67452
60 67455
60 67492
60 67503
60 67536
60 67579
60 67618
60 67718
60 67911
60 67952
60 68130
60 68309
60 68499
60 68501
60 68503
60 68525
60 68559
60 68565
60 68676
60 68752
60 68774
60 68880
60 68904
60 69068
60 69152
60 69232
60 69240
60 69243
60 69326
60 69384
60 69569
60 69614
60 69643
60 69648
60 69739
60 69754
60 69847
60 69933
60 69960
60 70044
60 70068
60 70128
60 70157
60 70176
60 70209
60 70217
60 70219
60 70275
60 70342
60 70380
60 70453
60 70511
60 70547
60 70605
60 70707
60 70747
60 70758
60 70801
60 70892
60 71121
60 71179
60 71223
60 71258
60 71280
60 71495
60 71563
60 71586
60 71695
60 71743
60 71771
60 71795
60 71814
60 71922
60 71927
60 71962
60 72051
60 72082
60 72100
60 72172
60 72343
60 72358
60 72406
60 72512
60 72602
60 72649
60 72680
60 72729
60 72747
60 72796
60 72984
60 73075
60 73119
60 73126
60 73178
60 73209
60 73480
60 73517
60 73561
60 73592
60 73773
60 73850
60 73897
60 73912
60 74148
60 74302
60 74323
60 74355
60 74409
60 74438
60 74459
60 74469
60 74560
60 74597
60 74655
60 74720
60 74768
60 74816
60 74839
60 75045
60 75060
60 75093
60 75104
60 75121
60 75139
60 75182
60 75422
60 75459
60 75694
60 75885
60 75914
60 75937
60 75942
60 75975
60 76173
60 76176
60 76179
60 76274
60 76332
60 76367
60 76446
60 76453
60 76565
60 76624
60 76630
60 76671
60 76712
60 76759
60 76928
60 76958
60 77214
60 77234
60 77253
60 77382
60 77489
60 77571
60 77750
60 77830
60 77840
60 77943
60 77964
60 78056
60 78090
60 78168
60 78335
60 78427
60 78571
60 78677
60 78712
60 78874
60 79129
60 79173
60 79183
60 79186
60 79197
60 79324
60 79371
60 79392
60 79394
60 79493
60 79700
60 79753
60 79844
60 79931
60 80010
60 80054
60 80071
60 80161
60 80183
60 80338
60 80374
60 80405
60 80471
60 80696
60 80705
60 80721
60 80774
60 80821
60 80824
60 80842
60 80873
60 81116
60 81157
60 81280
60 81287
60 81308
60 81370
60 81389
60 81406
60 81471
60 81573
60 81612
60 81644
60 81678
60 81761
60 81773
60 81778
60 81996
60 82065
60 82111
60 82124
60 82158
60 82302
60 82320
60 82321
60 82427
60 82521
60 82525
60 82547
60 82556
60 82642
60 82812
60 82920
60 82946
60 82973
60 82996
60 83145
60 83180
60 83196
60 83225
60 83312
60 83431
60 83468
60 83593
60 83639
60 83758
60 83773
60 83781
60 83829
60 83910
60 84084
60 84108
60 84179
60 84432
60 84653
60 84691
60 84833
60 84869
60 84927
60 85370
60 85484
60 85533
60 85541
60 85559
60 85579
60 85592
60 85692
60 85700
60 85719
60 85726
60 85740
60 85756
60 85931
60 86024
60 86085
60 86099
60 86113
60 86205
60 86219
60 86309
60 86341
60 86407
60 86425
60 86519
60 86652
60 86710
60 86734
60 86807
60 86825
60 86865
60 86878
60 86919
60 86932
60 87026
60 87149
60 87218
60 87447
60 87478
60 87598
60 87638
60 87676
60 88005
60 88031
60 88112
60 88138
60 88160
60 88163
60 88275
60 88308
60 88383
60 88475
60 88535
60 88559
60 88767
60 88774
60 88893
60 88898
60 89043
60 89141
60 89144
60 89162
60 89184
60 89224
60 89278
60 89315
60 89338
60 89446
60 89517
60 89606
60 89646
60 89731
60 89778
60 89910
60 89978
60 90010
60 90073
60 90102
60 90107
60 90293
60 90317
60 90339
60 90362
60 90407
60 90436
60 90522
60 90614
60 90628
60 90780
60 90786
60 90823
60 90945
60 90953
60 90971
60 91015
60 91091
60 91153
60 91194
60 91208
60 91244
60 91355
60 91377
60 91398
60 91488
60 91640
60 91717
60 91736
60 91745
60 91822
60 91916
60 91976
60 91996
60 92126
60 92215
60 92262
60 92300
60 92318
60 92352
60 92505
60 92610
60 92621
60 92695
60 92850
60 93070
60 93340
60 93365
60 93532
60 93633
60 93716
60 93720
60 93882
60 94053
60 94262
60 94274
60 94278
60 94302
60 94493
60 94815
60 94943
60 94987
60 95017
60 95024
60 95063
60 95087
60 95110
60 95279
60 95296
60 95408
60 95443
60 95772
60 95818
60 95856
60 95888
60 96039
60 96149
60 96190
60 96342
60 96501
60 96638
60 96749
60 96854
60 96906
60 97048
60 97050
60 97054
60 97110
60 97112
60 97139
60 97229
60 97262
60 97283
60 97318
60 97346
60 97400
60 97424
60 97626
60 97668
60 97691
60 97756
60 97783
60 97809
60 97843
60 97930
60 97962
60 98127
60 98202
60 98307
60 98349
60 98361
60 98365
60 98418
60 98419
60 98524
60 98545
60 98572
60 98601
60 98628
60 98916
60 98982
60 99002
60 99060
60 99293
60 99295
60 99346
60 99438
60 99460
60 99468
60 99511
60 99597
60 99641
60 99710
60 99724
60 99898
60 99905
60 99925
60 99936
60 99941
60 100248
60 100253
60 100258
60 100396
60 100449
60 100506
60 100537
60 100622
60 100657
60 100807
60 100856
60 100870
60 100933
60 100997
60 101043
60 101099
60 101136
60 101228
60 101287
60 101351
60 101381
60 101560
60 101592
60 101626
60 101657
60 101749
60 101977
60 101989
60 101993
60 101999
60 102070
60 102075
60 102080
60 102110
60 102213
60 102223
60 102246
60 102393
60 102617
60 102655
60 102814
60 103055
60 103134
60 103366
60 103375
60 103384
60 103419
60 103548
60 103610
60 103667
60 103760
60 103833
60 104029
60 104124
60 104131
60 104137
60 104259
60 104293
60 104310
60 104319
60 104377
60 104378
60 104421
60 104440
60 104514
60 104753
60 104769
60 105077
60 105086
60 105121
60 105158
60 105447
60 105483
60 105501
60 105535
60 105564
60 105641
60 105649
60 105660
60 105679
60 105755
60 105790
60 105814
60 106021
60 106030
60 106082
60 106086
60 106142
60 106211
60 106271
60 106299
60 106388
60 106395
60 106418
60 106441
60 106592
60 106630
60 106639
60 106748
60 106760
60 106930
60 106947
60 106991
60 107006
60 107076
60 107117
60 107124
60 107190
60 107251
60 107260
60 107273
60 107284
60 107325
60 107353
60 107392
60 107451
60 107527
60 107624
60 107687
60 107705
60 107802
60 107806
60 107898
60 108090
60 108107
60 108172
60 108220
60 108486
60 108491
60 108528
60 108680
60 108682
60 108696
60 108727
60 108815
60 108858
60 108896
60 108935
60 109338
60 109448
60 109528
60 109545
60 109576
60 109722
60 109759
60 109772
60 109823
60 109857
60 109963
60 109965
60 110047
60 110048
60 110505
60 110572
60 110709
60 110830
60 110851
60 110870
60 110886
60 110921
60 110966
60 111001
60 111052
60 111060
60 111339
60 111355
60 111426
60 111663
60 111676
60 111706
60 111737
60 111854
60 111857
60 111876
60 111894
60 111939
60 111956
60 112025
60 112054
60 112070
60 112178
60 112394
60 112459
60 112484
60 112533
60 112576
60 112601
60 112619
60 112916
60 112991
60 113075
60 113136
60 113291
60 113299
60 113492
60 113510
60 113574
60 113808
60 113885
60 113996
60 114021
60 114040
60 114106
60 114120
60 114203
60 114297
60 114413
60 114565
60 114739
60 114742
60 114774
60 114783
60 115025
60 115051
60 115173
60 115220
60 115262
60 115320
60 115348
60 115378
60 115574
60 115595
60 115609
60 115724
60 115854
60 115889
60 115902
60 115990
60 116027
60 116067
60 116092
60 116098
60 116108
60 116245
60 116340
60 116351
60 116422
60 116607
60 116657
60 116693
60 116845
60 116849
60 116851
60 116921
60 117010
60 117071
60 117075
60 117077
60 117302
60 117303
60 117306
60 117320
60 117350
60 117365
60 117366
60 117375
60 117492
60 117514
60 117725
60 117901
60 118009
60 118017
60 118141
60 118189
60 118202
60 118229
60 118252
60 118745
60 118751
60 118772
60 118806
60 118824
60 118913
60 118920
60 119100
60 119113
60 119183
60 119391
60 119401
60 119548
60 119592
60 119637
60 119752
60 120047
60 120187
60 120203
60 120219
60 120290
60 120380
60 120536
60 120667
60 120791
60 120860
60 120863
60 120969
60 120998
60 121261
60 121329
60 121364
60 121405
60 121522
60 121593
60 121623
60 121715
60 121735
60 121801
60 121883
60 121926
60 121936
60 122046
60 122056
60 122176
60 122217
60 122251
60 122261
60 122278
60 122377
60 122557
60 122697
60 122702
60 122723
60 122742
60 122909
60 122951
60 122997
60 123011
60 123041
60 123319
60 123418
60 123431
60 123481
60 123511
60 123627
60 123656
60 123679
60 123720
60 123824
60 123842
60 123855
60 124023
60 124074
60 124133
60 124167
60 124177
60 124308
60 124397
60 124510
60 124520
60 124615
60 124653
60 124677
60 124693
60 124793
60 124822
60 124840
60 124896
60 125115
60 125161
60 125180
60 125269
60 125281
60 125474
60 125516
60 125528
60 125550
60 125576
60 125589
60 125627
60 125636
60 125691
60 125954
60 126005
60 126141
60 126184
60 126239
60 126321
60 126360
60 126532
60 126564
60 126716
60 126785
60 126859
60 127219
60 127508
60 127524
60 127609
60 127632
60 127730
60 127831
60 127856
60 127867
60 127958
60 127966
60 128032
60 128037
60 128292
60 128320
60 128415
60 128460
60 128546
60 128551
60 128827
60 128895
60 129028
60 129253
60 129302
60 129308
60 129322
60 129462
60 129474
60 129498
60 129727
60 129805
60 129821
60 129864
60 129875
60 130043
60 130055
60 130092
60 130093
60 130177
60 130248
60 130274
60 130407
60 130495
60 130498
60 130598
60 130635
60 130700
60 130799
60 130810
60 130893
60 131363
60 131524
60 131697
60 131782
60 131891
60 131981
60 132013
60 132098
60 132115
60 132158
60 132291
60 132337
60 132562
60 132576
60 132630
60 132641
60 132748
60 132805
60 132852
60 132894
60 132919
60 133104
60 133128
60 133169
60 133387
60 133446
60 133478
60 133484
60 133525
60 133567
60 133654
60 133724
60 133739
60 133831
60 133893
60 133961
60 133989
60 134096
60 134139
60 134274
60 134450
60 134503
60 134509
60 134577
60 134578
60 134628
60 134667
60 134694
60 134793
60 134800
60 134875
60 134948
60 134970
60 135181
60 135235
60 135266
60 135283
60 135295
60 135305
60 135474
60 135575
60 135596
60 135682
60 135768
60 135797
60 135821
60 135862
60 135990
60 136062
60 136230
60 136258
60 136275
60 136283
60 136322
60 136341
60 136353
60 136357
60 136371
60 136408
60 136428
60 136476
60 136516
60 136614
60 136847
60 136854
60 136872
60 136905
60 136979
60 137103
60 137170
60 137291
60 137300
60 137337
60 137369
60 137444
60 137475
60 137531
60 137641
60 137679
60 137701
60 137736
60 137874
60 137919
60 137972
60 138037
60 138052
60 138085
60 138205
60 138299
60 138335
60 138397
60 138412
60 138545
60 138694
60 138726
60 138731
60 138795
60 138988
60 138994
60 138996
60 139073
60 139105
60 139327
60 139408
60 139598
60 139691
60 139709
60 139784
60 139792
60 139797
60 139826
60 139856
60 140088
60 140113
60 140126
56 1
56 35
56 96
56 245
56 392
56 412
56 870
56 1035
56 1148
56 1546
56 1572
56 1594
56 1686
56 1773
56 1807
56 1821
56 1831
56 1834
56 1845
56 1887
56 1961
56 1987
56 2086
56 2155
56 2210
56 2386
56 2402
56 2511
56 2527
56 2586
56 2784
56 2972
56 3006
56 3025
56 3235
56 3258
56 3328
56 3417
56 3467
56 3540
56 3568
56 3632
56 3671
56 3715
56 3783
56 3837
56 3862
56 3907
56 3912
56 4161
56 4293
56 4439
56 4448
56 4454
56 4511
56 4534
56 4563
56 4644
56 4815
56 4851
56 4905
56 5018
56 5046
56 5120
56 5280
56 5341
56 5440
56 5478
56 5572
56 5671
56 5763
56 5858
56 5875
56 5905
56 5907
56 5935
56 6005
56 6051
56 6063
56 6176
56 6263
56 6503
56 6643
56 6887
56 6911
56 7006
56 7165
56 7199
56 7220
56 7279
56 7449
56 7487
56 7603
56 7632
56 7633
56 7650
56 7769
56 7940
56 8064
56 8271
56 8334
56 8349
56 8387
56 8483
56 8607
56 8611
56 8656
56 8660
56 8788
56 8824
56 8861
56 8889
56 8966
56 8995
56 9083
56 9212
56 9242
56 9267
56 9344
56 9408
56 9601
56 9623
56 9646
56 9669
56 9852
56 10047
56 10175
56 10417
56 10488
56 10503
56 10513
56 10553
56 10681
56 10702
56 10703
56 10705
56 10734
56 10736
56 10848
56 10887
56 10918
56 10953
56 11003
56 11018
56 11096
56 11157
56 11192
56 11352
56 11393
56 11414
56 11511
56 11527
56 11605
56 11875
56 11972
56 12040
56 12095
56 12126
56 12300
56 12302
56 12305
56 12322
56 12358
56 12374
56 12385
56 12420
56 12571
56 12593
56 12600
56 12763
56 12845
56 12869
56 12937
56 12955
56 12981
56 13042
56 13159
56 13169
56 13187
56 13230
56 13234
56 13262
56 13280
56 13390
56 13571
56 13846
56 13850
56 13958
56 14079
56 14156
56 14540
56 14546
56 14556
56 14604
56 14631
56 14694
56 14795
56 14858
56 14909
56 15024
56 15053
56 15132
56 15203
56 15261
56 15512
56 15568
56 15611
56 15612
56 15625
56 15667
56 15723
56 15772
56 15790
56 15980
56 16038
56 16181
56 16219
56 16356
56 16398
56 16455
56 16604
56 16619
56 16657
56 16820
56 16896
56 16925
56 16989
56 16997
56 17033
56 17047
56 17088
56 17094
56 17208
56 17284
56 17365
56 17423
56 17432
56 17509
56 17554
56 17556
56 17595
56 17668
56 17688
56 17690
56 17707
56 17728
56 17831
56 17843
56 17968
56 18090
56 18175
56 18220
56 18310
56 18363
56 18583
56 18661
56 18743
56 18752
56 18996
56 19005
56 19007
56 19043
56 19192
56 19225
56 19240
56 19637
56 19641
56 19668
56 19687
56 19808
56 19823
56 20083
56 20088
56 20130
56 20139
56 20310
56 20355
56 20437
56 20537
56 20609
56 20699
56 20713
56 20750
56 20800
56 20898
56 20899
56 20900
56 20991
56 21051
56 21112
56 21132
56 21260
56 21373
56 21465
56 21538
56 21683
56 21843
56 21937
56 22032
56 22088
56 22187
56 22410
56 22442
56 22607
56 22615
56 22665
56 22670
56 22835
56 22837
56 22972
56 22979
56 23047
56 23110
56 23261
56 23294
56 23323
56 23333
56 23345
56 23410
56 23437
56 23488
56 23517
56 23643
56 23677
56 23685
56 23694
56 23901
56 23920
56 23993
56 24025
56 24083
56 24245
56 24305
56 24355
56 24389
56 24550
56 24618
56 24740
56 24934
56 24936
56 24941
56 24978
56 25026
56 25080
56 25148
56 25171
56 25227
56 25429
56 25446
56 25512
56 25517
56 25705
56 25757
56 25805
56 25843
56 25930
56 25937
56 26044
56 26115
56 26183
56 26228
56 26259
56 26299
56 26341
56 26391
56 26501
56 26585
56 26589
56 26627
56 26858
56 26906
56 26985
56 27108
56 27122
56 27333
56 27435
56 27439
56 27470
56 27558
56 27565
56 27619
56 27707
56 27726
56 27784
56 27799
56 27852
56 27910
56 27989
56 28000
56 28024
56 28050
56 28116
56 28166
56 28195
56 28200
56 28298
56 28354
56 28355
56 28399
56 28417
56 28486
56 28534
56 28626
56 28634
56 28657
56 28752
56 28780
56 28804
56 28831
56 29047
56 29122
56 29166
56 29285
56 29316
56 29573
56 29679
56 29710
56 29713
56 29893
56 29934
56 29959
56 29986
56 29992
56 30040
56 30151
56 30315
56 30334
56 30411
56 30412
56 30445
56 30485
56 30553
56 30562
56 30609
56 30617
56 30658
56 30699
56 30808
56 30878
56 30938
56 30989
56 31045
56 31101
56 31122
56 31267
56 31308
56 31395
56 31468
56 31589
56 31594
56 31618
56 31686
56 31693
56 31716
56 31765
56 31778
56 31834
56 31885
56 31891
56 32027
56 32124
56 32126
56 32291
56 32326
56 32380
56 32395
56 32479
56 32514
56 32541
56 32558
56 32571
56 32664
56 32670
56 32698
56 32724
56 32742
56 32832
56 32940
56 32963
56 32990
56 33046
56 33066
56 33079
56 33118
56 33257
56 33369
56 33371
56 33383
56 33385
56 33561
56 33685
56 33713
56 33721
56 33754
56 33878
56 33879
56 33934
56 33970
56 34036
56 34077
56 34085
56 34156
56 34213
56 34243
56 34268
56 34333
56 34360
56 34397
56 34459
56 34471
56 34672
56 34918
56 34954
56 35012
56 35027
56 35082
56 35088
56 35176
56 35227
56 35282
56 35339
56 35340
56 35562
56 35704
56 35720
56 35770
56 35810
56 35883
56 36035
56 36039
56 36052
56 36092
56 36343
56 36391
56 36419
56 36489
56 36619
56 36737
56 36773
56 36805
56 36851
56 36912
56 37089
56 37092
56 37509
56 37558
56 37594
56 37658
56 37692
56 37984
56 38031
56 38121
56 38137
56 38138
56 38183
56 38193
56 38219
56 38318
56 38333
56 38424
56 38918
56 38981
56 39218
56 39267
56 39330
56 39349
56 39354
56 39399
56 39480
56 39508
56 39569
56 39581
56 39591
56 39617
56 39620
56 39632
56 39660
56 39669
56 39727
56 39788
56 39860
56 39894
56 39928
56 40024
56 40036
56 40097
56 40107
56 40301
56 40450
56 40550
56 40639
56 40687
56 40691
56 40716
56 40769
56 40820
56 40856
56 41054
56 41079
56 41225
56 41340
56 41416
56 41572
56 41603
56 41605
56 41819
56 41868
56 41888
56 42015
56 42108
56 42232
56 42409
56 42410
56 42611
56 42724
56 42786
56 42901
56 42940
56 43163
56 43260
56 43287
56 43320
56 43357
56 43490
56 43531
56 43571
56 43730
56 43765
56 43794
56 43907
56 43926
56 43950
56 44019
56 44071
56 44164
56 44170
56 44417
56 44421
56 44447
56 44450
56 44451
56 44591
56 44612
56 44629
56 44836
56 44844
56 44856
56 44869
56 44881
56 44993
56 45003
56 45010
56 45022
56 45050
56 45068
56 45133
56 45472
56 45533
56 45538
56 45563
56 45634
56 45636
56 45706
56 45774
56 45821
56 45875
56 45999
56 46024
56 46047
56 46050
56 46082
56 46141
56 46172
56 46204
56 46208
56 46270
56 46340
56 46391
56 46436
56 46467
56 46476
56 46597
56 46713
56 46758
56 46768
56 46800
56 46872
56 46910
56 46944
56 47082
56 47087
56 47145
56 47310
56 47411
56 47420
56 47449
56 47780
56 47858
56 47886
56 47940
56 48016
56 48058
56 48076
56 48086
56 48138
56 48240
56 48362
56 48365
56 48455
56 48492
56 48664
56 48702
56 48810
56 48858
56 48942
56 48947
56 48959
56 48973
56 48993
56 49035
56 49066
56 49252
56 49404
56 49520
56 49636
56 49681
56 49694
56 49717
56 49901
56 49924
56 49988
56 50063
56 50086
56 50117
56 50118
56 50193
56 50257
56 50387
56 50493
56 50630
56 50682
56 50709
56 50895
56 50913
56 50969
56 51089
56 51094
56 51152
56 51216
56 51249
56 51286
56 51327
56 51396
56 51412
56 51567
56 51674
56 51851
56 51894
56 51921
56 52034
56 52133
56 52222
56 52295
56 52411
56 52415
56 52428
56 52431
56 52460
56 52527
56 52679
56 52701
56 52788
56 52885
56 52976
56 53011
56 53227
56 53271
56 53359
56 53420
56 53495
56 53594
56 53731
56 53825
56 53863
56 54025
56 54160
56 54213
56 54291
56 54440
56 54459
56 54569
56 54641
56 54696
56 54701
56 54750
56 54760
56 54783
56 54800
56 54870
56 54913
56 55006
56 55283
56 55421
56 55526
56 55532
56 55546
56 55565
56 55578
56 55584
56 55588
56 55646
56 55714
56 55715
56 55873
56 55898
56 55988
56 56031
56 56034
56 56065
56 56080
56 56094
56 56131
56 56183
56 56202
56 56242
56 56355
56 56460
56 56482
56 56489
56 56542
56 56661
56 56734
56 56737
56 56820
56 56845
56 56987
56 57245
56 57271
56 57295
56 57300
56 57319
56 57390
56 57621
56 57632
56 57644
56 57685
56 57709
56 57713
56 57761
56 57809
56 57957
56 58029
56 58162
56 58171
56 58189
56 58286
56 58340
56 58392
56 58516
56 58571
56 58614
56 58734
56 58774
56 58861
56 59020
56 59042
56 59189
56 59208
56 59270
56 59310
56 59429
56 59495
56 59530
56 59591
56 59616
56 59645
56 59734
56 59745
56 59820
56 59864
56 60039
56 60100
56 60101
56 60327
56 60373
56 60498
56 60507
56 60635
56 60684
56 60761
56 61053
56 61175
56 61304
56 61306
56 61343
56 61427
56 61460
56 61462
56 61465
56 61491
56 61556
56 61696
56 61810
56 61892
56 61909
56 61958
56 61968
56 62071
56 62285
56 62304
56 62446
56 62461
56 62647
56 62682
56 62865
56 62871
56 63034
56 63129
56 63226
56 63404
56 63424
56 63530
56 63579
56 63712
56 63729
56 63774
56 63939
56 63974
56 64040
56 64211
56 64263
56 64265
56 64470
56 64534
56 64565
56 64975
56 65034
56 65108
56 65315
56 65332
56 65390
56 65444
56 65471
56 65646
56 65662
56 65663
56 65699
56 65709
56 65934
56 66004
56 66023
56 66115
56 66339
56 66355
56 66377
56 66466
56 66510
56 66614
56 66622
56 66645
56 66723
56 67054
56 67132
56 67175
56 67304
56 67320
56 67376
56 67393
56 67411
56 67461
56 67516
56 67561
56 67790
56 67828
56 68042
56 68070
56 68126
56 68183
56 68222
56 68339
56 68347
56 68378
56 68468
56 68498
56 68506
56 68588
56 68626
56 68675
56 68684
56 68714
56 68717
56 68979
56 69009
56 69040
56 69193
56 69205
56 69271
56 69273
56 69336
56 69387
56 69395
56 69446
56 69471
56 69472
56 69675
56 69807
56 69866
56 69930
56 70018
56 70163
56 70223
56 70342
56 70374
56 70412
56 70425
56 70536
56 70585
56 70596
56 70629
56 70635
56 70667
56 70744
56 70784
56 70787
56 70866
56 70874
56 70875
56 70876
56 70900
56 70910
56 70983
56 71110
56 71187
56 71383
56 71515
56 71886
56 71960
56 71975
56 72010
56 72015
56 72025
56 72059
56 72092
56 72162
56 72261
56 72322
56 72377
56 72634
56 72885
56 72975
56 73421
56 73434
56 73645
56 73898
56 73954
56 74026
56 74307
56 74446
56 74858
56 74920
56 75161
56 75295
56 75323
56 75543
56 75576
56 75784
56 75882
56 75963
56 76012
56 76032
56 76111
56 76255
56 76280
56 76464
56 76557
56 76705
56 76708
56 76861
56 76862
56 76882
56 76920
56 76939
56 77182
56 77316
56 77355
56 77483
56 77505
56 77522
56 77593
56 77843
56 77979
56 77983
56 78061
56 78069
56 78075
56 78162
56 78471
56 78543
56 78594
56 78621
56 78630
56 78652
56 78677
56 78706
56 79088
56 79146
56 79172
56 79227
56 79294
56 79478
56 79491
56 79502
56 79517
56 79545
56 79552
56 79582
56 79638
56 79673
56 79772
56 79812
56 79889
56 79905
56 79930
56 80024
56 80125
56 80250
56 80421
56 80487
56 80548
56 80596
56 80709
56 80713
56 80742
56 80760
56 80814
56 81016
56 81036
56 81040
56 81166
56 81194
56 81223
56 81264
56 81277
56 81314
56 81349
56 81397
56 81544
56 81546
56 81567
56 81605
56 81614
56 81709
56 81781
56 81790
56 81834
56 81850
56 81884
56 81921
56 82003
56 82004
56 82069
56 82092
56 82222
56 82286
56 82398
56 82593
56 82596
56 82600
56 82618
56 82621
56 82691
56 82716
56 82724
56 82766
56 82940
56 83053
56 83071
56 83181
56 83296
56 83300
56 83317
56 83430
56 83467
56 83506
56 83565
56 83612
56 83742
56 83754
56 83767
56 83853
56 83940
56 84046
56 84116
56 84249
56 84305
56 84446
56 84449
56 84484
56 84569
56 84706
56 84822
56 84883
56 84996
56 85049
56 85079
56 85122
56 85193
56 85237
56 85288
56 85289
56 85322
56 85372
56 85546
56 85569
56 85608
56 85748
56 85768
56 85841
56 85910
56 86035
56 86384
56 86435
56 86464
56 86509
56 86593
56 86616
56 86625
56 86916
56 86966
56 87017
56 87021
56 87054
56 87097
56 87104
56 87256
56 87260
56 87272
56 87291
56 87348
56 87405
56 87445
56 87510
56 87570
56 87611
56 87639
56 87846
56 87864
56 87939
56 87960
56 88217
56 88229
56 88272
56 88290
56 88394
56 88415
56 88448
56 88490
56 88524
56 88537
56 88654
56 88691
56 88783
56 88862
56 88972
56 89052
56 89172
56 89211
56 89294
56 89384
56 89593
56 89622
56 89647
56 89758
56 89759
56 89833
56 89840
56 90125
56 90130
56 90212
56 90213
56 90222
56 90226
56 90274
56 90311
56 90363
56 90367
56 90568
56 90596
56 90610
56 90616
56 90667
56 90837
56 90879
56 90996
56 91037
56 91143
56 91169
56 91276
56 91372
56 91564
56 91594
56 91618
56 91830
56 91841
56 91868
56 91921
56 91922
56 92112
56 92239
56 92255
56 92356
56 92379
56 92435
56 92455
56 92474
56 92525
56 92526
56 92532
56 92650
56 92689
56 92700
56 92713
56 92847
56 92914
56 92947
56 92985
56 93037
56 93049
56 93109
56 93221
56 93222
56 93369
56 93406
56 93437
56 93497
56 93572
56 93605
56 93865
56 93889
56 93947
56 93981
56 94064
56 94259
56 94337
56 94397
56 94526
56 94529
56 94552
56 94695
56 94822
56 95012
56 95013
56 95073
56 95139
56 95241
56 95316
56 95331
56 95430
56 95433
56 95474
56 95536
56 95590
56 95768
56 95776
56 95795
56 95836
56 95849
56 95912
56 95917
56 95929
56 96007
56 96019
56 96127
56 96169
56 96173
56 96195
56 96300
56 96313
56 96346
56 96413
56 96541
56 96581
56 96609
56 96712
56 96834
56 96843
56 96852
56 96885
56 96915
56 97041
56 97251
56 97465
56 97681
56 97815
56 97844
56 97870
56 97939
56 97948
56 98032
56 98065
56 98097
56 98364
56 98369
56 98467
56 98508
56 98651
56 98745
56 98975
56 98982
56 98983
56 98996
56 99048
56 99071
56 99301
56 99302
56 99313
56 99369
56 99399
56 99409
56 99627
56 99631
56 99740
56 99783
56 99884
56 99923
56 99967
56 100083
56 100397
56 100473
56 100740
56 100772
56 100884
56 100914
56 101017
56 101040
56 101168
56 101172
56 101176
56 101179
56 101494
56 101572
56 101624
56 101695
56 101758
56 101759
56 101783
56 101901
56 101916
56 101944
56 102258
56 102285
56 102336
56 102363
56 102400
56 102411
56 102534
56 102567
56 102776
56 102845
56 102859
56 102886
56 103014
56 103022
56 103049
56 103117
56 103124
56 103216
56 103259
56 103356
56 103501
56 103510
56 103544
56 103591
56 103628
56 103750
56 103768
56 103810
56 103821
56 103828
56 103833
56 103844
56 103993
56 104042
56 104045
56 104078
56 104104
56 104136
56 104137
56 104202
56 104353
56 104364
56 104437
56 104474
56 104480
56 104696
56 104987
56 105000
56 105019
56 105028
56 105055
56 105173
56 105177
56 105202
56 105211
56 105235
56 105326
56 105364
56 105412
56 105483
56 105496
56 105568
56 105654
56 105686
56 105815
56 105858
56 105866
56 106089
56 106136
56 106146
56 106188
56 106191
56 106240
56 106335
56 106432
56 106617
56 106636
56 106654
56 106699
56 106707
56 106709
56 106771
56 106838
56 106860
56 106896
56 106926
56 107076
56 107139
56 107169
56 107170
56 107229
56 107253
56 107364
56 107728
56 107739
56 107809
56 108131
56 108230
56 108283
56 108328
56 108333
56 108413
56 108511
56 108555
56 108597
56 108626
56 108674
56 108697
56 108710
56 108751
56 108807
56 108946
56 108986
56 109009
56 109037
56 109059
56 109126
56 109203
56 109300
56 109423
56 109466
56 109485
56 109571
56 109600
56 109608
56 109718
56 109764
56 109768
56 109779
56 110029
56 110053
56 110105
56 110107
56 110122
56 110135
56 110239
56 110265
56 110304
56 110311
56 110412
56 110423
56 110446
56 110576
56 110592
56 110609
56 110673
56 110769
56 110975
56 110977
56 110991
56 111018
56 111042
56 111180
56 111380
56 111409
56 111413
56 111419
56 111506
56 111515
56 111639
56 111715
56 111743
56 111848
56 111893
56 111931
56 112072
56 112104
56 112109
56 112290
56 112324
56 112326
56 112391
56 112447
56 112448
56 112467
56 112511
56 112589
56 112591
56 112641
56 112643
56 112675
56 112676
56 112756
56 112771
56 112798
56 112868
56 113135
56 113235
56 113274
56 113505
56 113561
56 113599
56 113614
56 113815
56 113852
56 113936
56 113979
56 114014
56 114027
56 114064
56 114068
56 114093
56 114165
56 114339
56 114368
56 114398
56 114405
56 114494
56 114514
56 114675
56 114916
56 115105
56 115195
56 115247
56 115272
56 115398
56 115401
56 115502
56 115555
56 115596
56 115639
56 115691
56 115699
56 115755
56 116277
56 116278
56 116430
56 116481
56 116613
56 116685
56 116742
56 116758
56 116776
56 116827
56 116985
56 116998
56 117113
56 117402
56 117434
56 117557
56 117568
56 117619
56 117633
56 117651
56 117694
56 118117
56 118175
56 118181
56 118304
56 118388
56 118498
56 118591
56 118607
56 118768
56 118797
56 118895
56 118948
56 119004
56 119105
56 119193
56 119228
56 119237
56 119256
56 119323
56 119608
56 119727
56 119789
56 119854
56 119948
56 119976
56 120004
56 120098
56 120102
56 120172
56 120209
56 120227
56 120343
56 120598
56 120630
56 120722
56 120727
56 120864
56 120885
56 120951
56 121046
56 121073
56 121168
56 121293
56 121368
56 121435
56 121760
56 121825
56 121870
56 121917
56 121982
56 121993
56 122067
56 122097
56 122285
56 122460
56 122577
56 122609
56 122752
56 122784
56 122823
56 122893
56 122944
56 122968
56 123009
56 123023
56 123025
56 123040
56 123189
56 123194
56 123221
56 123284
56 123292
56 123339
56 123387
56 123518
56 123603
56 123668
56 123740
56 123747
56 123791
56 123900
56 123909
56 123934
56 124200
56 124373
56 124494
56 124737
56 124739
56 124758
56 124802
56 124804
56 124947
56 124990
56 125072
56 125166
56 125244
56 125378
56 125393
56 125538
56 125579
56 125662
56 125738
56 125828
56 125900
56 125954
56 126014
56 126045
56 126085
56 126087
56 126099
56 126100
56 126218
56 126275
56 126315
56 126389
56 126402
56 126592
56 126752
56 126855
56 126879
56 126928
56 126954
56 127023
56 127034
56 127084
56 127105
56 127302
56 127406
56 127409
56 127442
56 127475
56 127519
56 127603
56 127716
56 127736
56 127867
56 127883
56 128029
56 128196
56 128362
56 128364
56 128482
56 128506
56 128516
56 128545
56 128558
56 128570
56 128662
56 128807
56 128834
56 129059
56 129075
56 129178
56 129181
56 129185
56 129229
56 129263
56 129305
56 129334
56 129348
56 129372
56 129407
56 129501
56 129559
56 129649
56 129660
56 129796
56 129823
56 129910
56 130168
56 130209
56 130332
56 130373
56 130375
56 130489
56 130585
56 130595
56 130707
56 130718
56 130953
56 131047
56 131100
56 131156
56 131395
56 131574
56 131593
56 131609
56 131726
56 131863
56 131876
56 131929
56 131939
56 132071
56 132316
56 132414
56 132610
56 132697
56 132725
56 132820
56 132854
56 132869
56 132997
56 133005
56 133048
56 133245
56 133271
56 133373
56 133519
56 133520
56 133560
56 133755
56 133818
56 133982
56 134008
56 134384
56 134468
56 134497
56 134521
56 134599
56 134700
56 134742
56 134784
56 134841
56 134886
56 134914
56 135075
56 135078
56 135084
56 135099
56 135102
56 135109
56 135145
56 135304
56 135340
56 135360
56 135549
56 135762
56 135817
56 135906
56 136088
56 136187
56 136232
56 136400
56 136602
56 136680
56 136681
56 136985
56 137006
56 137046
56 137078
56 137222
56 137280
56 137309
56 137389
56 137412
56 137487
56 137699
56 137724
56 137907
56 137916
56 137985
56 138028
56 138054
56 138162
56 138208
56 138264
56 138428
56 138468
56 138480
56 138497
56 138540
56 138637
56 138677
56 138706
56 138782
56 138822
56 139031
56 139180
56 139196
56 139357
56 139374
56 139451
56 139465
56 139473
56 139492
56 139546
56 139560
56 139584
56 139590
56 139657
56 139744
56 139779
56 139838
56 139935
56 139941
56 140080
56 140217
56 140221
56 140295
56 140299
56 140385
56 140448
56 140589
56 140699
56 140757
56 140795
56 140828
56 140830
56 140856
56 140867
56 140905
56 140945
56 141081
56 141171
56 141196
56 141235
56 141348
56 141381
56 141420
56 141514
56 141585
56 141633
56 141652
56 141680
56 141787
56 141788
56 141839
56 141957
56 141992
56 142005
56 142069
56 142079
56 142200
56 142226
56 142228
56 142368
56 142405
56 142431
56 142616
56 142633
56 142657
56 142694
56 142701
56 142739
56 142807
56 143007
56 143017
56 143133
56 143159
56 143214
56 143248
56 143302
56 143361
56 143460
56 143607
56 143650
56 143687
56 143694
56 143726
56 143735
56 143804
56 143849
56 143867
56 143886
56 143936
56 144066
56 144350
56 144377
56 144392
56 144432
56 144453
56 144562
56 144631
56 144667
56 144703
56 144788
56 144814
56 144862
56 144903
56 144970
56 144975
56 145019
56 145145
56 145230
56 145304
56 145376
56 145469
56 145518
56 145527
56 145728
56 145893
56 145919
56 145967
56 145998
56 146108
56 146111
56 146215
56 146353
56 146509
56 146528
56 146556
56 146585
56 146682
56 146717
56 146762
56 146837
56 146899
56 146947
56 146987
56 147046
56 147125
56 147144
56 147205
56 147280
56 147305
56 147366
56 147374
56 147418
56 147547
56 147602
56 147638
56 147842
56 147873
56 147926
56 148052
56 148215
56 148255
56 148375
56 148395
56 148659
56 148688
56 148707
55 63
55 125
55 215
55 252
55 321
55 322
55 418
55 430
55 469
55 473
55 547
55 562
55 597
55 639
55 708
55 779
55 801
55 892
55 934
55 943
55 1193
55 1318
55 1421
55 1537
55 1567
55 1736
55 1739
55 1816
55 2025
55 2064
55 2156
55 2214
55 2220
55 2288
55 2354
55 2406
55 2429
55 2498
55 2536
55 2550
55 2557
55 2569
55 2571
55 2581
55 2592
55 2700
55 2840
55 2916
55 3016
55 3066
55 3146
55 3170
55 3180
55 3298
55 3357
55 3433
55 3462
55 3652
55 3745
55 3750
55 3821
55 3838
55 3850
55 3913
55 3940
55 4083
55 4122
55 4130
55 4151
55 4166
55 4248
55 4312
55 4431
55 4441
55 4462
55 4562
55 4606
55 4630
55 4917
55 4937
55 4963
55 5299
55 5321
55 5333
55 5337
55 5670
55 5734
55 5907
55 6025
55 6031
55 6034
55 6080
55 6403
55 6537
55 6635
55 6639
55 6768
55 6830
55 6872
55 6874
55 7017
55 7108
55 7142
55 7177
55 7234
55 7235
55 7301
55 7319
55 7357
55 7369
55 7399
55 7505
55 7518
55 7539
55 7599
55 7677
55 7726
55 7840
55 7844
55 7869
55 7930
55 7947
55 7999
55 8059
55 8194
55 8221
55 8246
55 8479
55 8496
55 8641
55 8646
55 8786
55 8796
55 8879
55 8990
55 9092
55 9151
55 9159
55 9321
55 9349
55 9531
55 9640
55 9711
55 9748
55 9783
55 9793
55 9872
55 9895
55 9998
55 10088
55 10236
55 10263
55 10285
55 10319
55 10390
55 10407
55 10415
55 10419
55 10552
55 10581
55 10674
55 10682
55 10734
55 10815
55 10932
55 10964
55 10981
55 11025
55 11082
55 11203
55 11262
55 11289
55 11481
55 11601
55 11619
55 11690
55 11720
55 11740
55 11762
55 11789
55 12071
55 12783
55 12802
55 12854
55 12959
55 13128
55 13197
55 13351
55 13369
55 13563
55 13666
55 13765
55 13771
55 13779
55 13822
55 13858
55 13910
55 14260
55 14389
55 14481
55 14570
55 14871
55 15007
55 15028
55 15052
55 15105
55 15166
55 15260
55 15316
55 15377
55 15542
55 15545
55 15553
55 15577
55 15606
55 15641
55 15721
55 15776
55 15802
55 15912
55 15965
55 16058
55 16106
55 16149
55 16253
55 16332
55 16344
55 16362
55 16401
55 16452
55 16534
55 16575
55 16638
55 16690
55 16950
55 16991
55 17246
55 17269
55 17278
55 17324
55 17332
55 17352
55 17417
55 17440
55 17486
55 17491
55 17544
55 17609
55 17611
55 17612
55 17647
55 17661
55 17693
55 17697
55 17771
55 17801
55 17819
55 17992
55 18081
55 18260
55 18310
55 18395
55 18430
55 18467
55 18622
55 18746
55 18768
55 18806
55 18831
55 18850
55 18860
55 18877
55 18936
55 18993
55 18998
55 19016
55 19084
55 19185
55 19239
55 19266
55 19316
55 19323
55 19377
55 19420
55 19458
55 19837
55 20236
55 20282
55 20434
55 20504
55 20514
55 20545
55 20606
55 20842
55 21014
55 21078
55 21095
55 21203
55 21234
55 21290
55 21447
55 21584
55 21665
55 21727
55 21772
55 21819
55 21875
55 21884
55 22124
55 22139
55 22140
55 22343
55 22411
55 22439
55 22532
55 22673
55 22784
55 22791
55 22801
55 22866
55 22993
55 23002
55 23047
55 23048
55 23059
55 23117
55 23136
55 23328
55 23343
55 23371
55 23380
55 23394
55 23520
55 23584
55 23657
55 23666
55 23698
55 23907
55 23974
55 24018
55 24172
55 24237
55 24367
55 24419
55 24428
55 24475
55 24508
55 24601
55 24689
55 24840
55 25002
55 25006
55 25059
55 25105
55 25202
55 25317
55 25338
55 25378
55 25413
55 25427
55 25497
55 25559
55 25694
55 25824
55 25906
55 25957
55 26022
55 26024
55 26162
55 26308
55 26400
55 26512
55 26585
55 26587
55 26666
55 26724
55 26808
55 26814
55 26878
55 26906
55 27034
55 27057
55 27065
55 27268
55 27271
55 27275
55 27291
55 27324
55 27330
55 27412
55 27463
55 27489
55 27558
55 27787
55 27816
55 27970
55 28007
55 28145
55 28267
55 28278
55 28326
55 28407
55 28413
55 28692
55 28693
55 28837
55 28905
55 28963
55 29248
55 29262
55 29322
55 29383
55 29400
55 29429
55 29479
55 29627
55 29669
55 29788
55 29798
55 29856
55 29967
55 29995
55 30006
55 30138
55 30212
55 30242
55 30315
55 30412
55 30442
55 30499
55 30531
55 30573
55 30726
55 30786
55 30874
55 30913
55 31060
55 31109
55 31140
55 31208
55 31227
55 31352
55 31358
55 31431
55 31504
55 31505
55 31514
55 31548
55 31655
55 31763
55 31767
55 31819
55 31871
55 32467
55 32563
55 32841
55 32925
55 32927
55 33251
55 33362
55 33568
55 33721
55 33730
55 33863
55 34050
55 34129
55 34131
55 34303
55 34327
55 34643
55 34648
55 34695
55 34747
55 35011
55 35054
55 35064
55 35073
55 35224
55 35416
55 35678
55 35785
55 35807
55 35815
55 35851
55 35968
55 35984
55 36010
55 36130
55 36133
55 36314
55 36346
55 36513
55 36802
55 36816
55 36841
55 36852
55 36974
55 37011
55 37029
55 37041
55 37057
55 37504
55 37540
55 37588
55 37649
55 37680
55 37786
55 37892
55 37967
55 38067
55 38073
55 38125
55 38137
55 38295
55 38329
55 38521
55 38533
55 38562
55 38609
55 38718
55 39107
55 39136
55 39184
55 39209
55 39246
55 39407
55 39434
55 39475
55 39681
55 39701
55 39734
55 39748
55 39779
55 39844
55 39852
55 39923
55 40151
55 40175
55 40211
55 40291
55 40366
55 40615
55 40724
55 40870
55 40893
55 40954
55 40965
55 41056
55 41118
55 41351
55 41360
55 41394
55 41442
55 41519
55 41619
55 41668
55 41698
55 41723
55 41785
55 41820
55 41836
55 41953
55 41966
55 41973
55 41992
55 42242
55 42272
55 42278
55 42340
55 42381
55 42531
55 42553
55 42780
55 42786
55 42799
55 42823
55 42888
55 42953
55 43057
55 43154
55 43190
55 43200
55 43267
55 43287
55 43305
55 43403
55 43500
55 43526
55 43566
55 43726
55 43845
55 43994
55 44019
55 44036
55 44074
55 44084
55 44110
55 44279
55 44305
55 44324
55 44379
55 44399
55 44435
55 44483
55 44492
55 44553
55 44809
55 44958
55 45301
55 45463
55 45538
55 45565
55 45764
55 45985
55 46224
55 46263
55 46601
55 46720
55 46779
55 46780
55 46789
55 46812
55 46851
55 47062
55 47127
55 47152
55 47281
55 47445
55 47521
55 47574
55 47602
55 47626
55 47710
55 47724
55 47786
55 47868
55 47879
55 48043
55 48232
55 48304
55 48353
55 48429
55 48622
55 48650
55 48655
55 48741
55 48757
55 48761
55 48792
55 48852
55 48960
55 49049
55 49072
55 49231
55 49256
55 49392
55 49414
55 49520
55 49539
55 49585
55 49627
55 49727
55 50048
55 50049
55 50081
55 50239
55 50240
55 50259
55 50290
55 50388
55 50399
55 50641
55 50720
55 50797
55 50933
55 51073
55 51136
55 51137
55 51164
55 51252
55 51296
55 51395
55 51442
55 51456
55 51481
55 51485
55 51525
55 51537
55 51649
55 51662
55 51689
55 51756
55 51785
55 51811
55 51903
55 52089
55 52152
55 52277
55 52335
55 52369
55 52440
55 52463
55 52486
55 52691
55 52741
55 52820
55 52897
55 52939
55 53012
55 53060
55 53285
55 53433
55 53468
55 53568
55 53634
55 53636
55 53676
55 53678
55 53879
55 53896
55 53951
55 53958
55 53963
55 54077
55 54313
55 54339
55 54378
55 54438
55 54491
55 54574
55 54577
55 54722
55 54797
55 54810
55 54859
55 55102
55 55283
55 55499
55 55519
55 55533
55 55551
55 55614
55 55636
55 55691
55 55707
55 55734
55 55745
55 55792
55 55945
55 56079
55 56254
55 56358
55 56383
55 56393
55 56449
55 56517
55 56519
55 56610
55 56642
55 56656
55 56664
55 56721
55 56742
55 56762
55 56786
55 56791
55 56846
55 56854
55 56948
55 57010
55 57049
55 57103
55 57105
55 57125
55 57186
55 57230
55 57298
55 57366
55 57370
55 57419
55 57538
55 57575
55 57618
55 57784
55 57850
55 57854
55 57892
55 57904
55 57922
55 58059
55 58218
55 58293
55 58478
55 58519
55 58627
55 58686
55 58696
55 58709
55 58864
55 58879
55 59028
55 59231
55 59489
55 59558
55 59766
55 60077
55 60115
55 60122
55 60162
55 60224
55 60244
55 60348
55 60367
55 60397
55 60462
55 60586
55 60593
55 60650
55 60694
55 60761
55 60825
55 60945
55 61007
55 61011
55 61072
55 61166
55 61256
55 61385
55 61391
55 61398
55 61415
55 61509
55 61548
55 61671
55 61674
55 61698
55 61762
55 61854
55 61922
55 61953
55 61991
55 61999
55 62090
55 62127
55 62295
55 62364
55 62426
55 62454
55 62491
55 62495
55 62520
55 62715
55 62768
55 62839
55 62849
55 62859
55 62952
55 62984
55 63000
55 63004
55 63010
55 63040
55 63083
55 63098
55 63240
55 63379
55 63429
55 63681
55 63707
55 63753
55 63887
55 63930
55 63964
55 64016
55 64036
55 64181
55 64206
55 64218
55 64222
55 64301
55 64327
55 64543
55 64644
55 64845
55 65231
55 65249
55 65500
55 65553
55 65649
55 65852
55 65886
55 66016
55 66042
55 66120
55 66251
55 66284
55 66307
55 66331
55 66399
55 66418
55 66425
55 66443
55 66488
55 66640
55 66719
55 66755
55 66819
55 66919
55 66925
55 66928
55 67003
55 67049
55 67118
55 67238
55 67488
55 67558
55 67698
55 67763
55 67817
55 68016
55 68346
55 68348
55 68462
55 68487
55 68711
55 68740
55 68905
55 68911
55 68940
55 69031
55 69216
55 69330
55 69572
55 69584
55 69594
55 69608
55 69642
55 69813
55 70163
55 70208
55 70269
55 70298
55 70413
55 70425
55 70482
55 70615
55 70625
55 70738
55 70797
55 70849
55 70874
55 70884
55 71041
55 71082
55 71099
55 71157
55 71184
55 71366
55 71418
55 71632
55 71726
55 71741
55 71812
55 72027
55 72050
55 72180
55 72195
55 72253
55 72254
55 72361
55 72363
55 72469
55 72481
55 72585
55 72593
55 72605
55 72619
55 72768
55 72861
55 72979
55 73003
55 73214
55 73309
55 73317
55 73443
55 73599
55 73619
55 73684
55 73756
55 73847
55 73932
55 74018
55 74023
55 74201
55 74440
55 74477
55 74612
55 74782
55 74831
55 74977
55 75018
55 75083
55 75098
55 75116
55 75259
55 75548
55 75561
55 75701
55 75760
55 75801
55 75904
55 75910
55 75946
55 75996
55 76102
55 76119
55 76148
55 76169
55 76204
55 76332
55 76484
55 76679
55 76743
55 76752
55 76777
55 76853
55 76862
55 76875
55 76894
55 76918
55 77092
55 77278
55 77558
55 77588
55 77590
55 77642
55 77805
55 77861
55 77908
55 77922
55 77934
55 77948
55 78115
55 78196
55 78255
55 78464
55 78480
55 78526
55 78688
55 78697
55 78702
55 78719
55 78732
55 78798
55 78816
55 78910
55 78988
55 79022
55 79193
55 79275
55 79496
55 79550
55 79553
55 79565
55 79589
55 79686
55 79792
55 79853
55 80053
55 80067
55 80298
55 80321
55 80324
55 80350
55 80396
55 80508
55 80649
55 80745
55 80765
55 80796
55 80970
55 81015
55 81072
55 81207
55 81335
55 81356
55 81437
55 81554
55 81703
55 81720
55 81821
55 81846
55 81957
55 81981
55 82021
55 82030
55 82033
55 82077
55 82083
55 82088
55 82104
55 82119
55 82163
55 82168
55 82171
55 82193
55 82209
55 82272
55 82274
55 82637
55 82669
55 82673
55 82813
55 82939
55 82940
55 82974
55 83164
55 83206
55 83226
55 83228
55 83279
55 83448
55 83465
55 83475
55 83611
55 83716
55 83795
55 83863
55 83902
55 83906
55 83919
55 83956
55 84026
55 84065
55 84085
55 84155
55 84159
55 84251
55 84272
55 84285
55 84329
55 84474
55 84553
55 84599
55 84602
55 84623
55 84898
55 84967
55 85048
55 85068
55 85120
55 85195
55 85259
55 85354
55 85482
55 85507
55 85780
55 85788
55 85806
55 85854
55 85862
55 86035
55 86062
55 86117
55 86196
55 86249
55 86255
55 86356
55 86446
55 86490
55 86544
55 86630
55 86715
55 86723
55 86750
55 86828
55 86917
55 86960
55 87119
55 87229
55 87302
55 87313
55 87355
55 87442
55 87487
55 87503
55 87571
55 87691
55 87702
55 87727
55 87896
55 87932
55 87983
55 88011
55 88218
55 88248
55 88267
55 88425
55 88545
55 88649
55 88654
55 88703
55 88809
55 88872
55 88916
55 88965
55 88987
55 88993
55 89043
55 89131
55 89231
55 89336
55 89403
55 89431
55 89452
55 89495
55 89505
55 89547
55 89579
55 89775
55 89907
55 90024
55 90233
55 90375
55 90440
55 90456
55 90832
55 90921
55 91158
55 91206
55 91216
55 91243
55 91268
55 91325
55 91383
55 91392
55 91419
55 91503
55 91566
55 91579
55 91659
55 91687
55 91812
55 91893
55 91963
55 92332
55 92485
55 92517
55 92584
55 92595
55 92661
55 92735
55 92744
55 92820
55 92829
55 92862
55 92882
55 92918
55 92936
55 92945
55 92978
55 93152
55 93157
55 93266
55 93287
55 93336
55 93376
55 93481
55 93508
55 93533
55 93546
55 93564
55 93623
55 93677
55 93691
55 93733
55 93813
55 93997
55 94029
55 94036
55 94107
55 94192
55 94216
55 94364
55 94386
55 94447
55 94516
55 94531
55 94588
55 94658
55 94779
55 94786
55 94817
55 94878
55 95051
55 95081
55 95339
55 95445
55 95456
55 95470
55 95525
55 95564
55 95604
55 95605
55 95970
55 96140
55 96192
55 96659
55 96668
55 96844
55 96897
55 96967
55 96969
55 97002
55 97020
55 97032
55 97034
55 97154
55 97226
55 97434
55 97719
55 97901
55 97913
55 98090
55 98094
55 98239
55 98314
55 98331
55 98444
55 98504
55 98545
55 98598
55 98747
55 98815
55 98860
55 98915
55 98992
55 99152
55 99202
55 99247
55 99253
55 99540
55 99554
55 99903
55 99911
55 99929
55 99958
55 99969
55 100007
55 100034
55 100050
55 100058
55 100172
55 100228
55 100232
55 100545
55 100618
55 100686
55 100688
55 100700
55 100749
55 100760
55 100765
55 100796
55 100887
55 100955
55 101104
55 101284
55 101292
55 101311
55 101313
55 101381
55 101473
55 101591
55 101702
55 101722
55 101760
55 101902
55 102164
55 102211
55 102218
55 102231
55 102266
55 102278
55 102401
55 102473
55 102554
55 102629
55 102793
55 103007
55 103134
55 103162
55 103237
55 103277
55 103294
55 103321
55 103514
55 103617
55 103708
55 103837
55 103870
55 103919
55 103923
55 103974
55 103981
55 103995
55 104079
55 104164
55 104288
55 104320
55 104513
55 104516
55 104676
55 104729
55 104925
55 104988
55 105088
55 105192
55 105499
55 105553
55 105751
55 105767
55 105773
55 105854
55 105891
55 105946
55 105978
55 106098
55 106245
55 106266
55 106279
55 106381
55 106401
55 106423
55 106425
55 106455
55 106471
55 106525
55 106534
55 106583
55 106610
55 106721
55 106728
55 106791
55 106832
55 106867
55 106974
55 107027
55 107302
55 107344
55 107414
55 107506
55 107533
55 107632
55 107680
55 107893
55 107906
55 107973
55 107997
55 108034
55 108049
55 108067
55 108124
55 108138
55 108378
55 108393
55 108481
55 108590
55 108854
55 108894
55 108922
55 108964
55 108982
55 109089
55 109172
55 109214
55 109216
55 109298
55 109335
55 109384
55 109502
55 109736
55 109750
55 109889
55 109933
55 110159
55 110163
55 110192
55 110259
55 110265
55 110268
55 110292
55 110430
55 110508
55 110751
55 110810
55 110853
55 110867
55 111026
55 111049
55 111268
55 111326
55 111328
55 111432
55 111433
55 111553
55 111681
55 111696
55 111935
55 111949
55 112058
55 112076
55 112096
55 112156
55 112290
55 112324
55 112410
55 112446
55 112459
55 112639
55 112707
55 112846
55 112861
55 112928
55 112939
55 113010
55 113103
55 113131
55 113132
55 113148
55 113167
55 113299
55 113307
55 113318
55 113332
55 113386
55 113514
55 113557
55 113597
55 113616
55 113822
55 114035
55 114058
55 114103
55 114264
55 114349
55 114388
55 114558
55 114589
55 114646
55 114772
55 114901
55 115173
55 115242
55 115293
55 115314
55 115380
55 115382
55 115550
55 115567
55 115644
55 115665
55 115671
55 115701
55 115783
55 115844
55 115918
55 115931
55 116022
55 116087
55 116158
55 116256
55 116267
55 116346
55 116529
55 116658
55 116748
55 116837
55 116887
55 116906
55 116979
55 117002
55 117032
55 117042
55 117105
55 117255
55 117296
55 117437
55 117561
55 117754
55 117810
55 117838
55 117851
55 117899
55 117994
55 118039
55 118071
55 118213
55 118220
55 118283
55 118324
55 118329
55 118454
55 118778
55 118791
55 118932
55 118939
55 118992
55 118998
55 119023
55 119031
55 119096
55 119138
55 119262
55 119403
55 119546
55 119588
55 119768
55 119835
55 120030
55 120044
55 120065
55 120099
55 120182
55 120282
55 120283
55 120353
55 120506
55 120524
55 120610
55 120623
55 120764
55 120939
55 121016
55 121103
55 121170
55 121293
55 121296
55 121315
55 121436
55 121476
55 121667
55 121809
55 121889
55 121952
55 122155
55 122175
55 122263
55 122270
55 122554
55 122712
55 122847
55 122866
55 122891
55 122937
55 122995
55 123017
55 123115
55 123323
55 123389
55 123443
55 123490
55 123576
55 123686
55 123716
55 123718
55 123742
55 123832
55 123836
55 123930
55 123938
55 123947
55 123960
55 123973
55 124107
55 124132
55 124178
55 124206
55 124244
55 124366
55 124515
55 124539
55 124566
55 124614
55 124686
55 124780
55 124813
55 124947
55 124966
55 125388
55 125427
55 125534
55 125647
55 125796
55 125807
55 125842
55 125869
55 125911
55 126067
55 126128
55 126222
55 126232
55 126250
55 126600
55 126772
55 126966
55 127002
55 127144
55 127168
55 127253
55 127269
55 127331
55 127333
55 127476
55 127477
55 127548
55 127576
55 127586
55 127609
55 127687
55 127711
55 127754
55 127805
55 128030
55 128069
55 128098
55 128114
55 128127
55 128225
55 128444
55 128539
55 128720
55 128827
55 128911
55 128937
55 128974
55 129173
55 129228
55 129265
55 129347
55 129544
55 129602
55 129620
55 129628
55 129665
55 129676
55 129685
55 129781
55 130305
55 130315
55 130331
55 130333
55 130345
55 130385
55 130387
55 130449
55 130515
55 130524
55 130553
55 130633
55 130658
55 130816
55 130877
55 131018
55 131044
55 131125
55 131131
55 131149
55 131198
55 131254
55 131271
55 131452
55 131525
55 131565
55 131572
55 131610
55 131667
55 131696
55 131770
55 131915
55 131935
55 132046
55 132060
55 132074
55 132084
55 132177
55 132186
55 132332
55 132366
55 132426
55 132483
55 132608
55 132622
55 132633
55 132644
55 132655
55 132745
55 132836
55 132920
55 133028
55 133323
55 133380
55 133395
55 133407
55 133484
55 133485
55 133498
55 133515
55 133523
55 133560
55 133598
55 133956
55 134125
55 134202
55 134389
55 134413
55 134468
55 134595
55 134609
55 134770
55 134783
55 134920
55 134950
55 135062
55 135069
55 135082
55 135088
55 135128
55 135222
55 135316
55 135373
55 135471
55 135564
55 135626
55 135653
55 135669
55 135703
55 135949
55 136075
55 136118
55 136174
55 136371
55 136560
55 136569
55 136751
55 136773
55 136816
55 136820
55 136937
55 137186
55 137319
55 137353
55 137361
55 137437
55 137447
55 137487
55 137488
55 137614
55 137679
55 137763
55 138053
55 138069
55 138148
55 138211
55 138215
55 138340
55 138345
55 138365
55 138377
55 138398
55 138450
55 138503
55 138506
55 138533
55 138850
55 138871
55 138930
55 139090
55 139099
55 139117
55 139268
55 139489
55 139617
55 139654
55 139722
55 139797
55 139899
55 139955
55 140077
55 140251
55 140363
55 140372
55 140391
55 140401
55 140432
55 140528
55 140607
55 140746
55 140749
55 140799
55 140827
55 140914
55 140974
55 140982
55 141119
55 141146
55 141351
55 141803
55 141822
55 141977
55 142116
55 142171
55 142303
55 142462
55 142476
55 142493
55 142524
55 142759
55 142763
55 143277
55 143352
55 143396
55 143663
55 143668
55 143736
55 143766
55 143807
55 144060
55 144114
55 144195
55 144285
55 144334
55 144372
55 144403
55 144555
55 144614
55 144698
55 144718
55 144822
55 144890
55 145028
55 145078
55 145234
55 145312
55 145354
55 145446
55 145462
55 145467
55 145542
55 145632
55 145646
55 145699
55 145738
55 145759
55 145883
55 146073
55 146153
55 146187
55 146257
55 146321
55 146330
55 146374
55 146405
55 146411
55 146482
55 146575
55 146644
55 146686
55 146690
55 146706
55 146821
55 147014
55 147030
55 147264
55 147269
55 147341
55 147404
55 147443
55 147503
55 147525
55 147624
55 147640
55 147645
55 147733
55 147781
55 147926
55 147960
55 148092
55 148112
55 148207
55 148353
55 148379
55 148381
55 148405
55 148548
55 148557
55 148603
55 148620
55 148748
55 148935
55 149009
55 149476
55 149519
55 149646
55 149650
55 149791
55 149826
55 149878
59 30
59 59
59 89
59 111
59 123
59 276
59 353
59 528
59 550
59 573
59 574
59 575
59 774
59 792
59 912
59 937
59 1115
59 1184
59 1249
59 1274
59 1286
59 1294
59 1316
59 1322
59 1439
59 1520
59 1595
59 1598
59 1609
59 1616
59 1660
59 1727
59 1764
59 1868
59 1947
59 1966
59 2038
59 2462
59 2558
59 2587
59 2678
59 2697
59 2736
59 2943
59 2962
59 3126
59 3174
59 3193
59 3211
59 3297
59 3326
59 3333
59 3477
59 3519
59 3570
59 3597
59 3657
59 3715
59 3722
59 3809
59 3822
59 3850
59 3860
59 4012
59 4014
59 4125
59 4291
59 4373
59 4423
59 4463
59 4498
59 4581
59 4617
59 4815
59 4854
59 5099
59 5117
59 5130
59 5164
59 5223
59 5296
59 5300
59 5359
59 5372
59 5377
59 5378
59 5423
59 5450
59 5521
59 5569
59 5573
59 5577
59 5654
59 5702
59 5765
59 5887
59 5908
59 5929
59 5973
59 6016
59 6043
59 6233
59 6271
59 6300
59 6318
59 6478
59 6578
59 6650
59 6654
59 6674
59 6713
59 6823
59 6840
59 6912
59 6952
59 7008
59 7101
59 7362
59 7414
59 7437
59 7452
59 7469
59 7494
59 7607
59 8066
59 8079
59 8220
59 8248
59 8250
59 8257
59 8265
59 8274
59 8360
59 8453
59 8649
59 8729
59 8824
59 8925
59 9099
59 9106
59 9200
59 9226
59 9432
59 9512
59 9514
59 9523
59 9607
59 9619
59 9621
59 9626
59 9654
59 9715
59 9756
59 9803
59 9844
59 10003
59 10014
59 10041
59 10054
59 10058
59 10112
59 10324
59 10357
59 10416
59 10603
59 10682
59 10693
59 10721
59 10777
59 10785
59 10825
59 10846
59 10855
59 10887
59 10897
59 10920
59 10969
59 11135
59 11172
59 11304
59 11350
59 11376
59 11482
59 11490
59 11569
59 11602
59 11638
59 11683
59 11714
59 11781
59 11817
59 11846
59 11909
59 11987
59 12057
59 12078
59 12079
59 12120
59 12165
59 12422
59 12549
59 12567
59 12592
59 12722
59 12867
59 12952
59 12963
59 12965
59 12976
59 13020
59 13092
59 13227
59 13287
59 13313
59 13349
59 13364
59 13388
59 13471
59 13490
59 13600
59 13633
59 13637
59 13674
59 13699
59 13838
59 13869
59 13897
59 13935
59 14094
59 14111
59 14134
59 14259
59 14268
59 14287
59 14362
59 14406
59 14503
59 14665
59 14678
59 14721
59 14726
59 14778
59 14806
59 14818
59 14843
59 14845
59 14959
59 14964
59 14998
59 15056
59 15078
59 15123
59 15177
59 15257
59 15271
59 15330
59 15508
59 15526
59 15619
59 15658
59 15671
59 15698
59 15709
59 15768
59 15835
59 15910
59 15925
59 16027
59 16031
59 16094
59 16126
59 16151
59 16176
59 16399
59 16505
59 16560
59 16686
59 16913
59 17054
59 17152
59 17306
59 17322
59 17371
59 17388
59 17515
59 17588
59 17607
59 17627
59 17774
59 17889
59 17902
59 17936
59 17972
59 17999
59 18073
59 18539
59 18821
59 18866
59 18942
59 19268
59 19301
59 19315
59 19356
59 19431
59 19467
59 19525
59 19544
59 19547
59 19614
59 19650
59 19800
59 19801
59 19803
59 19956
59 19980
59 20010
59 20032
59 20184
59 20209
59 20455
59 20468
59 20499
59 20505
59 20536
59 20654
59 20690
59 20693
59 20743
59 20782
59 21073
59 21150
59 21158
59 21176
59 21235
59 21274
59 21332
59 21355
59 21361
59 21390
59 21414
59 21648
59 21753
59 21791
59 21938
59 21952
59 22058
59 22068
59 22086
59 22116
59 22136
59 22163
59 22219
59 22273
59 22425
59 22506
59 22650
59 22730
59 22810
59 22909
59 22927
59 23062
59 23112
59 23179
59 23365
59 23372
59 23384
59 23476
59 23514
59 23517
59 23534
59 23571
59 23694
59 24012
59 24053
59 24056
59 24063
59 24137
59 24250
59 24311
59 24617
59 24692
59 24698
59 24742
59 24747
59 24830
59 24898
59 24968
59 25019
59 25033
59 25094
59 25167
59 25183
59 25337
59 25355
59 25686
59 25712
59 25723
59 25742
59 25875
59 25948
59 26342
59 26493
59 26646
59 26839
59 26978
59 27021
59 27072
59 27205
59 27298
59 27340
59 27461
59 27471
59 27554
59 27680
59 27699
59 27717
59 27759
59 27817
59 27819
59 27828
59 27893
59 27958
59 28248
59 28340
59 28383
59 28441
59 28452
59 28478
59 28510
59 28541
59 28643
59 28648
59 28679
59 28693
59 28758
59 28798
59 28799
59 28880
59 28997
59 29309
59 29312
59 29322
59 29334
59 29416
59 29537
59 29554
59 29567
59 29579
59 29607
59 29808
59 29827
59 29894
59 29947
59 30002
59 30057
59 30145
59 30171
59 30345
59 30453
59 30704
59 30833
59 30924
59 31048
59 31138
59 31169
59 31188
59 31316
59 31330
59 31394
59 31498
59 31506
59 31683
59 31879
59 31908
59 31960
59 32047
59 32100
59 32105
59 32196
59 32244
59 32580
59 32587
59 32719
59 32947
59 33125
59 33356
59 33458
59 33589
59 33742
59 33790
59 33951
59 34095
59 34146
59 34175
59 34234
59 34260
59 34375
59 34419
59 34435
59 34443
59 34555
59 34567
59 34578
59 34603
59 34764
59 35165
59 35180
59 35222
59 35282
59 35351
59 35425
59 35442
59 35523
59 35533
59 35574
59 35750
59 35764
59 35815
59 35899
59 35915
59 35960
59 35968
59 35993
59 36128
59 36224
59 36235
59 36376
59 36463
59 36530
59 36682
59 36730
59 36899
59 36964
59 37193
59 37312
59 37398
59 37425
59 37601
59 37606
59 37608
59 37609
59 37671
59 37693
59 37751
59 37913
59 37925
59 37983
59 37989
59 38000
59 38076
59 38084
59 38121
59 38139
59 38230
59 38244
59 38273
59 38293
59 38294
59 38299
59 38351
59 38494
59 38562
59 38656
59 38676
59 38755
59 38767
59 38786
59 38790
59 38956
59 39105
59 39191
59 39344
59 39495
59 39521
59 39627
59 39639
59 39684
59 39847
59 40063
59 40196
59 40354
59 40600
59 40634
59 40636
59 40689
59 40694
59 40733
59 40945
59 40964
59 41005
59 41084
59 41201
59 41208
59 41273
59 41350
59 41359
59 41430
59 41602
59 41653
59 41659
59 41681
59 41682
59 41684
59 41743
59 41825
59 41903
59 42071
59 42190
59 42340
59 42586
59 42643
59 42647
59 42774
59 42839
59 42847
59 42889
59 43040
59 43056
59 43078
59 43081
59 43208
59 43214
59 43307
59 43320
59 43329
59 43467
59 43555
59 43578
59 43656
59 43779
59 43841
59 43934
59 44043
59 44168
59 44186
59 44189
59 44256
59 44276
59 44290
59 44431
59 44483
59 44501
59 44530
59 44543
59 44569
59 44738
59 44747
59 44756
59 44836
59 44860
59 44907
59 44987
59 45122
59 45130
59 45266
59 45297
59 45364
59 45406
59 45503
59 45516
59 45542
59 45555
59 45587
59 45608
59 45623
59 45735
59 45751
59 45769
59 45808
59 45875
59 45881
59 45898
59 45954
59 45988
59 46052
59 46090
59 46188
59 46212
59 46413
59 46418
59 46467
59 46579
59 46802
59 46898
59 46945
59 46971
59 47070
59 47097
59 47112
59 47142
59 47603
59 47606
59 47622
59 47623
59 47740
59 47749
59 47955
59 48057
59 48214
59 48219
59 48226
59 48277
59 48352
59 48456
59 48489
59 48504
59 48522
59 48791
59 48807
59 48816
59 48958
59 49071
59 49189
59 49388
59 49454
59 49470
59 49580
59 49681
59 49739
59 49757
59 49768
59 49808
59 49817
59 49944
59 49946
59 49996
59 49999
59 50028
59 50064
59 50066
59 50141
59 50160
59 50221
59 50227
59 50335
59 50369
59 50378
59 50497
59 50565
59 50681
59 50873
59 50916
59 51084
59 51103
59 51343
59 51426
59 51551
59 51555
59 51594
59 51622
59 51624
59 51632
59 51700
59 51752
59 51753
59 51773
59 51829
59 51849
59 52173
59 52224
59 52240
59 52285
59 52307
59 52314
59 52320
59 52323
59 52341
59 52347
59 52351
59 52403
59 52455
59 52657
59 52709
59 53098
59 53170
59 53390
59 53480
59 53602
59 53676
59 54043
59 54146
59 54225
59 54226
59 54286
59 54289
59 54365
59 54366
59 54372
59 54378
59 54462
59 54621
59 54669
59 54707
59 54758
59 54787
59 54939
59 54996
59 55027
59 55052
59 55202
59 55321
59 55365
59 55550
59 55710
59 55850
59 56170
59 56225
59 56226
59 56247
59 56358
59 56457
59 56533
59 56627
59 56734
59 56752
59 56772
59 56806
59 56906
59 56923
59 57000
59 57230
59 57237
59 57314
59 57610
59 57642
59 57811
59 58147
59 58165
59 58172
59 58201
59 58263
59 58364
59 58371
59 58393
59 58410
59 58425
59 58443
59 58476
59 58502
59 58530
59 58738
59 58774
59 58784
59 58834
59 58884
59 58919
59 59009
59 59048
59 59065
59 59151
59 59167
59 59433
59 59441
59 59486
59 59660
59 59723
59 59852
59 59946
59 60031
59 60045
59 60351
59 60354
59 60416
59 60453
59 60698
59 60721
59 60752
59 60922
59 61144
59 61168
59 61178
59 61231
59 61321
59 61350
59 61362
59 61448
59 61477
59 61580
59 61584
59 61751
59 61767
59 61847
59 61895
59 61988
59 62007
59 62009
59 62027
59 62028
59 62229
59 62298
59 62483
59 62627
59 62671
59 62832
59 62843
59 62875
59 62901
59 62932
59 63073
59 63175
59 63253
59 63284
59 63314
59 63521
59 63538
59 63606
59 63614
59 63652
59 63744
59 63782
59 63837
59 63840
59 63841
59 63858
59 63901
59 63940
59 63969
59 64241
59 64246
59 64481
59 64673
59 64888
59 65191
59 65328
59 65330
59 65338
59 65353
59 65405
59 65419
59 65444
59 65478
59 65548
59 65566
59 65567
59 65779
59 65927
59 65987
59 66008
59 66019
59 66135
59 66153
59 66249
59 66275
59 66299
59 66385
59 66467
59 66571
59 66595
59 66638
59 66651
59 66662
59 66672
59 66692
59 66701
59 66719
59 66776
59 66869
59 66874
59 67062
59 67112
59 67202
59 67274
59 67529
59 67615
59 67702
59 67729
59 67884
59 67933
59 68060
59 68072
59 68079
59 68099
59 68121
59 68320
59 68365
59 68426
59 68487
59 68595
59 68626
59 68635
59 68682
59 68745
59 68871
59 69086
59 69119
59 69129
59 69153
59 69205
59 69480
59 69538
59 69566
59 69600
59 69668
59 69958
59 69975
59 70038
59 70214
59 70285
59 70544
59 70548
59 70578
59 70661
59 70686
59 70755
59 70807
59 70876
59 70949
59 71060
59 71126
59 71207
59 71212
59 71263
59 71427
59 71450
59 71475
59 71614
59 71635
59 71669
59 71691
59 71712
59 71731
59 71891
59 71910
59 71912
59 71969
59 72048
59 72106
59 72307
59 72341
59 72347
59 72708
59 72768
59 72772
59 73182
59 73240
59 73329
59 73419
59 73663
59 73708
59 73765
59 73783
59 73855
59 74081
59 74263
59 74357
59 74541
59 74542
59 74547
59 74584
59 74596
59 74604
59 74656
59 74697
59 74705
59 74816
59 74871
59 75043
59 75124
59 75201
59 75238
59 75282
59 75337
59 75502
59 75557
59 75562
59 75671
59 75743
59 75775
59 75884
59 75892
59 75894
59 75910
59 75927
59 76039
59 76297
59 76528
59 76574
59 76586
59 76637
59 76685
59 76699
59 76727
59 76729
59 76748
59 76819
59 76822
59 76844
59 76882
59 76986
59 77033
59 77087
59 77131
59 77223
59 77333
59 77387
59 77424
59 77484
59 77552
59 77627
59 77979
59 78003
59 78150
59 78271
59 78273
59 78391
59 78464
59 78662
59 78743
59 78805
59 78823
59 78845
59 78847
59 78852
59 78854
59 78948
59 78952
59 79037
59 79056
59 79300
59 79422
59 79496
59 79537
59 79545
59 79633
59 79635
59 79730
59 79773
59 79826
59 79887
59 79906
59 79949
59 80011
59 80063
59 80158
59 80504
59 80515
59 80675
59 80736
59 80799
59 80809
59 80810
59 80835
59 80840
59 81040
59 81069
59 81101
59 81147
59 81263
59 81338
59 81579
59 81722
59 81951
59 81982
59 82090
59 82118
59 82184
59 82258
59 82284
59 82352
59 82364
59 82439
59 82489
59 82574
59 82667
59 82730
59 82742
59 82789
59 82912
59 83106
59 83143
59 83509
59 83574
59 83741
59 83778
59 83805
59 83936
59 83946
59 83988
59 84120
59 84220
59 84314
59 84443
59 84448
59 84601
59 84627
59 84665
59 84799
59 84867
59 84876
59 84887
59 85157
59 85314
59 85466
59 85490
59 85509
59 85568
59 85588
59 85731
59 85745
59 85782
59 85877
59 85987
59 86164
59 86216
59 86381
59 86475
59 86550
59 86632
59 86723
59 86809
59 86900
59 86902
59 86933
59 86986
59 87008
59 87019
59 87046
59 87183
59 87236
59 87299
59 87378
59 87385
59 87388
59 87477
59 87559
59 87560
59 87566
59 87625
59 87627
59 87654
59 87674
59 87741
59 87750
59 87871
59 88025
59 88043
59 88089
59 88162
59 88426
59 88498
59 88502
59 88524
59 88583
59 88689
59 88835
59 88878
59 88906
59 88969
59 88985
59 89011
59 89072
59 89090
59 89243
59 89244
59 89327
59 89578
59 89774
59 89809
59 89918
59 89977
59 90150
59 90176
59 90193
59 90305
59 90545
59 90702
59 90712
59 90724
59 90760
59 90798
59 90824
59 90911
59 90922
59 90931
59 90968
59 91029
59 91245
59 91271
59 91309
59 91374
59 91455
59 91487
59 91488
59 91527
59 91585
59 91674
59 91696
59 91804
59 91827
59 91834
59 91860
59 92114
59 92193
59 92270
59 92422
59 92442
59 92589
59 92616
59 92627
59 92651
59 92655
59 92708
59 92922
59 92951
59 92970
59 93039
59 93056
59 93062
59 93148
59 93236
59 93267
59 93355
59 93571
59 93696
59 93725
59 93726
59 93789
59 93844
59 93929
59 94002
59 94008
59 94249
59 94299
59 94504
59 94546
59 94711
59 94713
59 94728
59 94758
59 95044
59 95082
59 95115
59 95193
59 95219
59 95267
59 95327
59 95456
59 95458
59 95476
59 95603
59 95687
59 95689
59 95740
59 95782
59 95870
59 95968
59 96027
59 96051
59 96171
59 96210
59 96263
59 96292
59 96306
59 96385
59 96470
59 96650
59 96696
59 96770
59 96806
59 96838
59 97054
59 97095
59 97137
59 97139
59 97164
59 97249
59 97299
59 97318
59 97321
59 97392
59 97430
59 97462
59 97488
59 97517
59 97525
59 97537
59 97658
59 97677
59 97880
59 98036
59 98040
59 98072
59 98160
59 98185
59 98294
59 98355
59 98371
59 98406
59 98561
59 98767
59 98777
59 98825
59 98827
59 98831
59 98856
59 98862
59 98977
59 98978
59 99016
59 99146
59 99246
59 99362
59 99451
59 99548
59 99557
59 99694
59 99697
59 99700
59 99733
59 99740
59 99892
59 99921
59 100034
59 100133
59 100224
59 100231
59 100323
59 100347
59 100448
59 100559
59 100597
59 100629
59 100670
59 100713
59 100725
59 100874
59 100891
59 100996
59 101102
59 101289
59 101299
59 101324
59 101376
59 101471
59 101538
59 101551
59 101631
59 101691
59 101873
59 101992
59 102081
59 102140
59 102141
59 102239
59 102473
59 102487
59 102581
59 102650
59 102713
59 102782
59 102933
59 102997
59 102999
59 103122
59 103137
59 103186
59 103343
59 103357
59 103389
59 103485
59 103511
59 103552
59 103566
59 103582
59 103584
59 103745
59 103775
59 103805
59 103887
59 103896
59 103921
59 103972
59 103976
59 104099
59 104322
59 104419
59 104463
59 104527
59 104746
59 104756
59 104885
59 104975
59 105027
59 105028
59 105121
59 105150
59 105236
59 105366
59 105378
59 105401
59 105476
59 105513
59 105734
59 105754
59 105783
59 105810
59 105850
59 105873
59 105925
59 105994
59 106085
59 106358
59 106432
59 106567
59 106671
59 106796
59 106812
59 106820
59 106884
59 106893
59 106896
59 106965
59 107097
59 107106
59 107209
59 107300
59 107302
59 107533
59 107605
59 107665
59 107703
59 107706
59 107713
59 107746
59 107814
59 107836
59 107850
59 108002
59 108071
59 108133
59 108173
59 108529
59 108601
59 108689
59 108800
59 108842
59 108896
59 108908
59 109008
59 109037
59 109046
59 109155
59 109167
59 109375
59 109376
59 109485
59 109566
59 109572
59 109692
59 109786
59 109873
59 110022
59 110062
59 110164
59 110184
59 110187
59 110192
59 110288
59 110339
59 110673
59 110684
59 110705
59 110740
59 110942
59 111001
59 111014
59 111071
59 111084
59 111089
59 111130
59 111155
59 111227
59 111250
59 111257
59 111332
59 111360
59 111447
59 111492
59 111519
59 111566
59 111599
59 111710
59 111734
59 111772
59 111780
59 111834
59 111980
59 111985
59 112049
59 112087
59 112114
59 112280
59 112575
59 112627
59 112696
59 112719
59 112740
59 112753
59 112787
59 112908
59 113000
59 113139
59 113161
59 113203
59 113334
59 113390
59 113475
59 113508
59 113516
59 113604
59 113623
59 113645
59 113716
59 113902
59 113972
59 113995
59 114016
59 114086
59 114118
59 114155
59 114174
59 114364
59 114369
59 114375
59 114378
59 114571
59 114633
59 114677
59 114690
59 114774
59 114793
59 114858
59 115049
59 115120
59 115134
59 115186
59 115207
59 115244
59 115316
59 115435
59 115447
59 115537
59 115563
59 115612
59 115696
59 115772
59 115828
59 115860
59 115877
59 115882
59 115970
59 116078
59 116079
59 116140
59 116175
59 116206
59 116258
59 116379
59 116544
59 116737
59 116801
59 116949
59 117004
59 117041
59 117049
59 117051
59 117093
59 117110
59 117123
59 117157
59 117242
59 117258
59 117259
59 117313
59 117354
59 117558
59 117606
59 117614
59 117713
59 117771
59 117785
59 117975
59 118058
59 118141
59 118144
59 118145
59 118149
59 118174
59 118322
59 118370
59 118386
59 118430
59 118443
59 118459
59 118494
59 118618
59 118649
59 118655
59 118687
59 118859
59 119007
59 119020
59 119077
59 119140
59 119212
59 119342
59 119445
59 119589
59 119666
59 119689
59 119727
59 119767
59 119880
59 120016
59 120155
59 120203
59 120206
59 120311
59 120355
59 120374
59 120461
59 120531
59 120573
59 120676
59 120751
59 120846
59 120960
59 121030
59 121066
59 121132
59 121262
59 121290
59 121411
59 121559
59 121712
59 121753
59 121794
59 121852
59 121853
59 121868
59 121872
59 121924
59 121965
59 122018
59 122047
59 122207
59 122250
59 122271
59 122307
59 122408
59 122578
59 122644
59 122673
59 122698
59 122747
59 122759
59 122778
59 122781
59 122783
59 122911
59 123333
59 123357
59 123431
59 123446
59 123468
59 123510
59 123530
59 123532
59 123548
59 123740
59 123966
59 123995
59 124009
59 124042
59 124048
59 124181
59 124235
59 124265
59 124361
59 124389
59 124395
59 124413
59 124415
59 124524
59 124531
59 124655
59 124665
59 124747
59 124755
59 124854
59 124865
59 124877
59 124893
59 124904
59 124967
59 125016
59 125141
59 125170
59 125219
59 125261
59 125316
59 125362
59 125423
59 125509
59 125520
59 125639
59 125662
59 125739
59 125934
59 125974
59 126019
59 126135
59 126256
59 126298
59 126346
59 126493
59 126538
59 126549
59 126647
59 126747
59 126803
59 126859
59 126891
59 127006
59 127211
59 127340
59 127439
59 127464
59 127516
59 127596
59 127788
59 127884
59 127893
59 128016
59 128020
59 128038
59 128059
59 128068
59 128238
59 128319
59 128488
59 128507
59 128562
59 128579
59 128678
59 128692
59 128697
59 128709
59 128763
59 128881
59 128909
59 128944
59 129020
59 129090
59 129202
59 129204
59 129591
59 129638
59 129666
59 129704
59 129708
59 129786
59 129794
59 129806
59 129849
59 130020
59 130111
59 130188
59 130272
59 130274
59 130299
59 130554
59 130666
59 130721
59 130894
59 131378
59 131460
59 131924
59 132094
59 132195
59 132248
59 132265
59 132306
59 132528
59 132530
59 132545
59 132932
59 133108
59 133109
59 133152
59 133209
59 133258
59 133380
59 133424
59 133441
59 133513
59 133527
59 133539
59 133623
59 133741
59 133802
59 133815
59 134014
59 134025
59 134049
59 134294
59 134367
59 134371
59 134444
59 134508
59 134510
59 134598
59 134608
59 134689
59 134813
59 134867
59 134962
59 134998
59 135082
59 135187
59 135210
59 135415
59 135448
59 135568
59 135581
59 135676
59 135729
59 135773
59 135778
59 135880
59 135931
59 135982
59 136019
59 136058
59 136090
59 136093
59 136105
59 136154
59 136203
59 136285
59 136435
59 136488
59 136674
59 136688
59 136694
59 136851
59 136860
59 136926
59 136962
59 136993
59 137017
59 137110
59 137164
59 137279
59 137416
59 137421
59 137559
59 137646
59 137858
59 138098
59 138186
59 138233
59 138269
59 138399
59 138402
59 138431
59 138478
59 138502
59 138589
59 138663
59 138796
59 138799
59 138883
59 138891
59 138989
59 139002
59 139040
59 139057
59 139063
59 139068
59 139298
59 139307
59 139351
59 139504
59 139532
59 139608
59 139647
59 139758
59 139770
59 139784
59 139812
59 139862
59 139927
59 139989
59 140137
59 140169
59 140209
59 140217
59 140303
59 140331
59 140340
59 140351
59 140480
59 140501
59 140589
59 140631
59 140750
59 140753
59 140852
59 140860
59 140912
59 141126
59 141147
59 141202
59 141622
59 141651
59 141656
59 141713
59 141785
59 141790
59 141829
59 141897
59 141973
59 141995
59 142018
59 142193
59 142210
59 142215
59 142221
59 142477
59 142507
59 142678
59 142691
59 142783
59 142829
59 142869
59 142967
59 142983
59 143099
59 143124
59 143172
59 143322
59 143350
59 143395
59 143396
59 143436
59 143477
59 143652
59 143653
59 143685
59 143687
59 143843
59 143948
59 143954
59 144106
59 144118
59 144142
59 144150
59 144234
59 144286
59 144469
59 144491
59 144493
59 144497
59 144503
59 144505
59 144645
59 144671
59 144735
59 144749
59 144750
59 144773
59 144787
59 144908
59 144942
59 145036
59 145149
59 145448
59 145454
59 145566
59 145590
59 145625
59 145683
59 145726
59 145741
59 145761
59 145927
59 145971
59 146087
59 146106
59 146137
59 146283
59 146313
59 146332
59 146434
59 146788
59 146830
59 146902
59 146990
59 147180
59 147542
59 147597
59 147621
59 147702
59 147718
59 147816
59 147910
59 147939
59 147970
59 148061
59 148072
59 148102
59 148205
59 148221
59 148430
59 148478
59 148564
59 148632
59 148735
59 149186
59 149215
59 149272
59 149304
59 149421
59 149428
59 149437
59 149523
59 149563
59 149607
59 149873
59 149939
59 150134
59 150157
59 150274
59 150290
59 150406
59 150441
59 150527
59 150541
59 150553
59 150569
59 150596
59 150664
59 150812
59 150860
59 150906
59 151027
59 151234
59 151410
59 151438
59 151441
59 151543
59 151654
59 151703
59 151729
59 151735
59 151769
59 151820
59 151829
59 151922
59 151930
59 152073
59 152109
59 152127
59 152302
59 152379
59 152388
59 152422
59 152456
59 152510
59 152566
59 152572
59 152642
59 152679
59 152692
59 152807
59 152939
59 152984
59 153084
59 153089
59 153127
59 153165
59 153185
59 153222
59 153236
59 153304
59 153330
59 153368
59 153432
59 153435
59 153454
59 153488
59 153548
59 153755
59 153836
59 153874
59 153876
59 153922
59 153982
59 154003
59 154010
59 154070
59 154096
59 154146
59 154366
59 154476
59 154511
59 154626
59 154703
59 154799
59 154976
59 155093
59 155189
59 155321
59 155336
59 155460
59 155601
59 155608
59 155709
59 155748
59 156078
59 156230
59 156292
59 156534
59 156536
49 22
49 84
49 86
49 164
49 181
49 306
49 472
49 550
49 585
49 765
49 788
49 793
49 811
49 882
49 976
49 984
49 1061
49 1118
49 1141
49 1203
49 1249
49 1255
49 1369
49 1410
49 1516
49 1543
49 1561
49 1583
49 1703
49 1790
49 1811
49 1920
49 1924
49 2082
49 2148
49 2178
49 2383
49 2678
49 2706
49 2730
49 2798
49 2811
49 2884
49 2894
49 2925
49 3071
49 3149
49 3178
49 3260
49 3261
49 3272
49 3306
49 3379
49 3445
49 3634
49 3733
49 3734
49 3781
49 3853
49 3887
49 3904
49 4027
49 4107
49 4177
49 4239
49 4282
49 4400
49 4478
49 4608
49 4741
49 4881
49 5027
49 5076
49 5262
49 5379
49 5413
49 5431
49 5534
49 5555
49 5644
49 5655
49 5694
49 5728
49 6076
49 6147
49 6156
49 6178
49 6200
49 6208
49 6230
49 6258
49 6273
49 6471
49 6639
49 6833
49 6916
49 6945
49 7092
49 7349
49 7401
49 7483
49 7557
49 7595
49 7695
49 7774
49 7809
49 7966
49 8014
49 8155
49 8170
49 8340
49 8366
49 8504
49 8517
49 8586
49 8622
49 8714
49 8824
49 8876
49 8947
49 9043
49 9062
49 9118
49 9235
49 9372
49 9418
49 9426
49 9523
49 9574
49 9624
49 9690
49 9692
49 9762
49 9801
49 9927
49 10126
49 10147
49 10178
49 10225
49 10266
49 10454
49 10467
49 10512
49 10574
49 10620
49 10680
49 10779
49 10919
49 10961
49 10996
49 11021
49 11024
49 11065
49 11093
49 11190
49 11247
49 11271
49 11308
49 11346
49 11475
49 11641
49 11644
49 11647
49 11771
49 11795
49 11836
49 11905
49 12023
49 12069
49 12100
49 12117
49 12149
49 12586
49 12615
49 12789
49 12810
49 12934
49 13012
49 13068
49 13085
49 13111
49 13164
49 13173
49 13279
49 13335
49 13352
49 13560
49 13745
49 13750
49 14074
49 14133
49 14231
49 14403
49 14498
49 14531
49 14546
49 14626
49 14827
49 14857
49 14922
49 14983
49 15015
49 15050
49 15061
49 15244
49 15322
49 15341
49 15344
49 15427
49 15589
49 15623
49 15703
49 15712
49 15755
49 15955
49 15960
49 16067
49 16095
49 16126
49 16158
49 16231
49 16281
49 16292
49 16406
49 16416
49 16473
49 16510
49 16543
49 16578
49 16853
49 16964
49 16970
49 17027
49 17118
49 17204
49 17366
49 17453
49 17487
49 17661
49 17882
49 17931
49 17935
49 17954
49 18102
49 18243
49 18278
49 18300
49 18303
49 18361
49 18371
49 18437
49 18463
49 18528
49 18702
49 18780
49 19008
49 19013
49 19092
49 19176
49 19220
49 19396
49 19462
49 19596
49 19639
49 19640
49 19685
49 19737
49 19773
49 19939
49 19992
49 20050
49 20221
49 20333
49 20499
49 20625
49 20634
49 20677
49 20774
49 20805
49 20809
49 21136
49 21201
49 21210
49 21303
49 21330
49 21380
49 21517
49 21532
49 21640
49 21666
49 21669
49 21881
49 21909
49 22082
49 22282
49 22295
49 22340
49 22363
49 22401
49 22674
49 22716
49 22740
49 22757
49 22876
49 22927
49 22936
49 22949
49 23042
49 23093
49 23367
49 23388
49 23475
49 23519
49 23578
49 23606
49 23726
49 23742
49 23753
49 23820
49 23920
49 24167
49 24315
49 24408
49 24425
49 24470
49 24522
49 24603
49 24962
49 25029
49 25113
49 25313
49 25368
49 25447
49 25484
49 25570
49 25627
49 25724
49 25826
49 25988
49 26102
49 26183
49 26227
49 26422
49 26555
49 26640
49 26654
49 26871
49 26890
49 26943
49 27060
49 27067
49 27144
49 27258
49 27264
49 27425
49 27559
49 27633
49 27757
49 27772
49 27998
49 28048
49 28166
49 28271
49 28342
49 28368
49 28397
49 28482
49 28524
49 28539
49 28684
49 28700
49 28786
49 28835
49 28839
49 28849
49 28953
49 29008
49 29084
49 29102
49 29146
49 29163
49 29173
49 29422
49 29583
49 29615
49 29705
49 29783
49 30108
49 30152
49 30191
49 30224
49 30337
49 30468
49 30636
49 30662
49 30729
49 30862
49 30899
49 30933
49 30936
49 30994
49 31457
49 31524
49 31529
49 31608
49 31695
49 31788
49 32118
49 32180
49 32327
49 32406
49 32457
49 32461
49 32487
49 32576
49 32687
49 32748
49 32755
49 32833
49 32914
49 32922
49 32927
49 32974
49 33065
49 33120
49 33123
49 33140
49 33182
49 33203
49 33267
49 33273
49 33406
49 33472
49 33492
49 33687
49 33839
49 33925
49 34098
49 34141
49 34156
49 34274
49 34313
49 34329
49 34347
49 34392
49 34608
49 34618
49 34748
49 34846
49 34888
49 34981
49 34996
49 35040
49 35363
49 35535
49 35734
49 35775
49 35887
49 35957
49 36108
49 36197
49 36311
49 36359
49 36520
49 36524
49 36972
49 37195
49 37241
49 37283
49 37332
49 37353
49 37411
49 37428
49 37549
49 37579
49 37606
49 37690
49 37788
49 37851
49 37858
49 38016
49 38127
49 38201
49 38308
49 38424
49 38711
49 38823
49 38826
49 38872
49 38958
49 38982
49 39003
49 39045
49 39127
49 39154
49 39173
49 39185
49 39234
49 39264
49 39270
49 39276
49 39408
49 39582
49 39611
49 39630
49 39893
49 39917
49 40038
49 40050
49 40168
49 40189
49 40192
49 40207
49 40217
49 40284
49 40307
49 40356
49 40373
49 40471
49 40801
49 40966
49 40973
49 40989
49 41086
49 41103
49 41117
49 41173
49 41232
49 41329
49 41505
49 41549
49 41564
49 41752
49 41911
49 42145
49 42310
49 42332
49 42350
49 42462
49 42510
49 42585
49 42619
49 42682
49 42766
49 42969
49 42977
49 43024
49 43100
49 43117
49 43229
49 43230
49 43320
49 43340
49 43367
49 43424
49 43497
49 43539
49 43692
49 43833
49 44214
49 44309
49 44323
49 44340
49 44372
49 44433
49 44490
49 44518
49 44662
49 44718
49 44781
49 44799
49 44806
49 44976
49 45148
49 45149
49 45188
49 45226
49 45350
49 45366
49 45393
49 45610
49 45672
49 45677
49 45713
49 45754
49 45793
49 46061
49 46146
49 46184
49 46351
49 46353
49 46394
49 46455
49 46543
49 46559
49 46565
49 46586
49 46818
49 46908
49 46960
49 46984
49 47093
49 47107
49 47143
49 47200
49 47262
49 47300
49 47351
49 47373
49 47510
49 47527
49 47561
49 47623
49 47667
49 47690
49 47708
49 47711
49 47721
49 47750
49 47921
49 47984
49 48034
49 48325
49 48383
49 48655
49 48764
49 48866
49 48883
49 48899
49 48976
49 49059
49 49130
49 49183
49 49295
49 49327
49 49389
49 49551
49 49564
49 49618
49 49652
49 49706
49 49712
49 49739
49 49741
49 49747
49 49784
49 49808
49 49832
49 49846
49 49910
49 49916
49 50012
49 50066
49 50150
49 50180
49 50213
49 50436
49 50485
49 50682
49 50781
49 50833
49 50839
49 50916
49 50988
49 50997
49 51036
49 51256
49 51327
49 51390
49 51461
49 52035
49 52159
49 52189
49 52224
49 52250
49 52313
49 52365
49 52434
49 52537
49 52652
49 52865
49 52880
49 52881
49 52958
49 53017
49 53039
49 53090
49 53108
49 53315
49 53597
49 53616
49 53645
49 53687
49 53696
49 53816
49 53856
49 53861
49 53958
49 54067
49 54173
49 54186
49 54286
49 54378
49 54417
49 54419
49 54428
49 54546
49 54597
49 54662
49 54688
49 54700
49 54871
49 54886
49 54992
49 55008
49 55022
49 55212
49 55241
49 55263
49 55313
49 55395
49 55401
49 55560
49 55658
49 55801
49 55887
49 55968
49 55970
49 56054
49 56083
49 56103
49 56402
49 56462
49 56494
49 56561
49 56605
49 56623
49 56824
49 56878
49 56915
49 56978
49 57096
49 57123
49 57140
49 57211
49 57228
49 57306
49 57335
49 57341
49 57370
49 57573
49 57584
49 57691
49 57720
49 57725
49 57819
49 57835
49 57863
49 57868
49 57913
49 58015
49 58044
49 58048
49 58075
49 58306
49 58363
49 58375
49 58393
49 58410
49 58413
49 58414
49 58751
49 58837
49 58953
49 58960
49 58979
49 58990
49 59009
49 59104
49 59105
49 59226
49 59552
49 59560
49 59644
49 59671
49 59694
49 59701
49 59919
49 60016
49 60125
49 60172
49 60271
49 60276
49 60493
49 60889
49 60899
49 61071
49 61179
49 61252
49 61270
49 61293
49 61333
49 61348
49 61434
49 61488
49 61518
49 61641
49 61822
49 61841
49 61846
49 61848
49 62201
49 62258
49 62273
49 62369
49 62375
49 62430
49 62437
49 62452
49 62484
49 62538
49 62539
49 62558
49 62654
49 62663
49 62666
49 62776
49 62778
49 62781
49 62908
49 62919
49 62957
49 63077
49 63087
49 63161
49 63292
49 63302
49 63402
49 63455
49 63495
49 63506
49 63533
49 63858
49 63915
49 63999
49 64048
49 64184
49 64228
49 64359
49 64364
49 64439
49 64465
49 64807
49 64822
49 64905
49 64964
49 65038
49 65148
49 65162
49 65164
49 65194
49 65229
49 65342
49 65495
49 65516
49 65522
49 65598
49 65742
49 65974
49 66045
49 66066
49 66314
49 66337
49 66537
49 66649
49 66741
49 66770
49 66839
49 67043
49 67079
49 67121
49 67158
49 67196
49 67207
49 67296
49 67327
49 67364
49 67419
49 67445
49 67573
49 67578
49 67617
49 67648
49 67733
49 67872
49 67932
49 67967
49 68012
49 68057
49 68150
49 68180
49 68226
49 68251
49 68402
49 68689
49 68884
49 68988
49 69010
49 69020
49 69079
49 69222
49 69384
49 69393
49 69669
49 69764
49 69820
49 69994
49 70147
49 70245
49 70256
49 70298
49 70428
49 70635
49 70694
49 70715
49 70874
49 71021
49 71169
49 71179
49 71204
49 71302
49 71492
49 71506
49 71539
49 71575
49 71577
49 71605
49 71648
49 71696
49 71712
49 71747
49 71796
49 71805
49 71849
49 71884
49 71901
49 71968
49 72009
49 72109
49 72169
49 72194
49 72246
49 72266
49 72499
49 72589
49 72647
49 72723
49 72853
49 72984
49 73002
49 73139
49 73242
49 73339
49 73542
49 73569
49 73641
49 73780
49 73791
49 73830
49 73851
49 73862
49 73945
49 73957
49 74147
49 74306
49 74544
49 74766
49 74809
49 74876
49 75025
49 75028
49 75053
49 75094
49 75135
49 75311
49 75350
49 75381
49 75505
49 75511
49 75524
49 75532
49 75548
49 75637
49 75708
49 75962
49 75977
49 76108
49 76123
49 76145
49 76229
49 76307
49 76348
49 76468
49 76615
49 76660
49 76671
49 76715
49 76814
49 77034
49 77058
49 77181
49 77202
49 77218
49 77325
49 77465
49 77745
49 77842
49 77857
49 78033
49 78177
49 78252
49 78270
49 78459
49 78542
49 78564
49 78598
49 78658
49 78685
49 78717
49 78738
49 78807
49 79086
49 79135
49 79237
49 79252
49 79382
49 79493
49 79524
49 79565
49 79740
49 79777
49 79796
49 79818
49 79836
49 80020
49 80156
49 80177
49 80271
49 80449
49 80462
49 80466
49 80506
49 80531
49 80570
49 80624
49 80657
49 80729
49 80771
49 80907
49 80936
49 81020
49 81215
49 81268
49 81282
49 81399
49 81417
49 81419
49 81508
49 81640
49 81745
49 81758
49 81762
49 81811
49 81869
49 82065
49 82175
49 82276
49 82385
49 82543
49 82598
49 82689
49 82694
49 82796
49 82825
49 82975
49 83016
49 83039
49 83112
49 83257
49 83345
49 83359
49 83368
49 83405
49 83522
49 83524
49 83530
49 83593
49 83606
49 83654
49 83754
49 83881
49 84052
49 84082
49 84088
49 84140
49 84159
49 84173
49 84288
49 84552
49 84656
49 84736
49 84814
49 84872
49 84875
49 84887
49 85009
49 85037
49 85053
49 85159
49 85261
49 85292
49 85321
49 85328
49 85386
49 85411
49 85459
49 85472
49 85657
49 85765
49 85873
49 85912
49 85948
49 86037
49 86090
49 86120
49 86217
49 86227
49 86309
49 86367
49 86400
49 86492
49 86545
49 86626
49 86645
49 86699
49 86717
49 86722
49 86801
49 86898
49 86907
49 86940
49 86974
49 87036
49 87054
49 87146
49 87273
49 87294
49 87344
49 87492
49 87575
49 87579
49 87699
49 87729
49 87735
49 87760
49 87953
49 87954
49 87961
49 87967
49 88025
49 88066
49 88072
49 88193
49 88231
49 88321
49 88531
49 88557
49 88688
49 88782
49 88894
49 88897
49 88940
49 89044
49 89295
49 89319
49 89326
49 89347
49 89539
49 89687
49 89734
49 89829
49 89897
49 89929
49 89958
49 89986
49 90043
49 90109
49 90249
49 90258
49 90299
49 90305
49 90361
49 90371
49 90428
49 90547
49 90568
49 90625
49 90634
49 90766
49 90770
49 90877
49 90943
49 90950
49 90972
49 91005
49 91567
49 91619
49 91641
49 91771
49 91792
49 91833
49 92102
49 92202
49 92208
49 92466
49 92499
49 92621
49 92641
49 92693
49 92739
49 92768
49 92947
49 93013
49 93030
49 93089
49 93482
49 93533
49 93541
49 93621
49 93659
49 93870
49 93969
49 94039
49 94047
49 94051
49 94128
49 94131
49 94134
49 94197
49 94358
49 94362
49 94369
49 94389
49 94508
49 94540
49 94575
49 94708
49 94857
49 94892
49 94925
49 94931
49 94934
49 94946
49 95031
49 95059
49 95082
49 95217
49 95274
49 95300
49 95405
49 95517
49 95530
49 95594
49 95716
49 95733
49 95830
49 95863
49 95927
49 95940
49 95955
49 96064
49 96071
49 96087
49 96125
49 96158
49 96180
49 96198
49 96201
49 96209
49 96446
49 96506
49 96545
49 96547
49 96577
49 96687
49 97012
49 97018
49 97058
49 97092
49 97098
49 97158
49 97315
49 97347
49 97378
49 97395
49 97396
49 97775
49 97880
49 98059
49 98066
49 98085
49 98190
49 98332
49 98443
49 98474
49 98496
49 98545
49 98569
49 98615
49 98808
49 98909
49 98912
49 98939
49 98973
49 99113
49 99133
49 99206
49 99265
49 99347
49 99398
49 99428
49 99486
49 99525
49 99571
49 99660
49 99731
49 99837
49 99857
49 99957
49 100064
49 100125
49 100160
49 100272
49 100398
49 100407
49 100603
49 100645
49 100699
49 100746
49 100765
49 101019
49 101039
49 101100
49 101109
49 101314
49 101380
49 101437
49 101525
49 101563
49 101626
49 101664
49 101746
49 101821
49 101829
49 101894
49 101935
49 101966
49 101969
49 102119
49 102184
49 102191
49 102207
49 102239
49 102262
49 102303
49 102363
49 102406
49 102497
49 102513
49 102569
49 102595
49 102636
49 102759
49 102800
49 102846
49 102869
49 102975
49 103114
49 103217
49 103425
49 103541
49 103586
49 103598
49 103626
49 103674
49 103676
49 103816
49 103847
49 103858
49 103915
49 103952
49 104052
49 104103
49 104161
49 104187
49 104381
49 104451
49 104679
49 104742
49 104752
49 104857
49 104874
49 104880
49 104968
49 104994
49 105019
49 105079
49 105080
49 105153
49 105220
49 105236
49 105283
49 105329
49 105396
49 105432
49 105742
49 105749
49 105798
49 105842
49 105861
49 105895
49 105970
49 105980
49 105982
49 106146
49 106410
49 106562
49 106597
49 106678
49 106688
49 106756
49 106759
49 106816
49 106918
49 107033
49 107171
49 107217
49 107220
49 107292
49 107419
49 107458
49 107469
49 107565
49 107569
49 107618
49 107668
49 107813
49 107945
49 108174
49 108210
49 108350
49 108361
49 108423
49 108463
49 108471
49 108538
49 108606
49 108610
49 108614
49 108649
49 108659
49 108665
49 108696
49 108787
49 108915
49 108934
49 109065
49 109118
49 109139
49 109169
49 109253
49 109346
49 109355
49 109372
49 109377
49 109460
49 109491
49 109504
49 109580
49 109585
49 109651
49 109766
49 109806
49 109904
49 109949
49 110031
49 110093
49 110121
49 110192
49 110656
49 110685
49 110775
49 110878
49 111059
49 111101
49 111110
49 111193
49 111580
49 111615
49 111645
49 111713
49 111858
49 111953
49 111970
49 112170
49 112206
49 112209
49 112235
49 112249
49 112327
49 112402
49 112527
49 112578
49 112644
49 112646
49 112715
49 112755
49 112882
49 112887
49 112926
49 112989
49 113036
49 113046
49 113216
49 113277
49 113283
49 113304
49 113607
49 113611
49 113811
49 113841
49 113863
49 113871
49 113894
49 113949
49 113983
49 114073
49 114098
49 114282
49 114329
49 114335
49 114368
49 114369
49 114381
49 114389
49 114421
49 114474
49 114543
49 114680
49 114708
49 114709
49 114717
49 114894
49 114989
49 115048
49 115060
49 115125
49 115236
49 115414
49 115451
49 115490
49 115624
49 115798
49 115835
49 115848
49 115990
49 116066
49 116245
49 116425
49 116507
49 116693
49 116829
49 117097
49 117197
49 117226
49 117311
49 117350
49 117413
49 117463
49 117536
49 117593
49 117598
49 117625
49 117639
49 117643
49 117649
49 117732
49 117825
49 117841
49 117852
49 117912
49 117992
49 118066
49 118145
49 118179
49 118260
49 118593
49 118644
49 118671
49 118742
49 118803
49 118814
49 118825
49 118890
49 118927
49 119076
49 119125
49 119401
49 119454
49 119583
49 119623
49 119644
49 119737
49 119756
49 119811
49 119860
49 119939
49 120027
49 120164
49 120169
49 120236
49 120376
49 120566
49 120568
49 120580
49 120603
49 120634
49 120699
49 120821
49 121100
49 121155
49 121188
49 121257
49 121280
49 121330
49 121400
49 121424
49 121434
49 121452
49 121671
49 121744
49 121877
49 121951
49 121956
49 122044
49 122093
49 122109
49 122263
49 122291
49 122314
49 122438
49 122521
49 122594
49 122610
49 122617
49 122661
49 122802
49 122888
49 122996
49 123166
49 123208
49 123294
49 123408
49 123465
49 123642
49 123828
49 123912
49 123994
49 124130
49 124145
49 124157
49 124239
49 124346
49 124383
49 124388
49 124569
49 124579
49 124696
49 124723
49 124887
49 124936
49 125131
49 125180
49 125206
49 125248
49 125264
49 125394
49 125450
49 125864
49 125922
49 125963
49 126001
49 126032
49 126052
49 126071
49 126326
49 126433
49 126523
49 126683
49 126811
49 126875
49 126944
49 126953
49 127028
49 127104
49 127274
49 127338
49 127370
49 127382
49 127422
49 127430
49 127491
49 127604
49 127652
49 127684
49 127723
49 127728
49 127753
49 127801
49 127813
49 127903
49 127993
49 128084
49 128132
49 128149
49 128361
49 128626
49 128633
49 128643
49 128718
49 128815
49 128968
49 129005
49 129097
49 129152
49 129204
49 129259
49 129504
49 129505
49 129531
49 129589
49 129698
49 129710
49 129793
49 129861
49 129964
49 130140
49 130145
49 130213
49 130371
49 130395
49 130457
49 130524
49 130562
49 130640
49 130680
49 131072
49 131109
49 131203
49 131283
49 131329
49 131402
49 131507
49 131601
49 131624
49 131640
49 131687
49 131937
49 132022
49 132193
49 132369
49 132402
49 132432
49 132559
49 132594
49 132631
49 132685
49 132972
49 132974
49 132988
49 133162
49 133271
49 133279
49 133316
49 133319
49 133426
49 133652
49 133660
49 133711
49 133743
49 133744
49 133907
49 133915
49 133951
49 134107
49 134128
49 134354
49 134386
49 134466
49 134541
49 134663
49 134676
49 134690
49 134771
49 134806
49 134847
49 134904
49 135006
49 135096
49 135295
49 135317
49 135529
49 135668
49 135700
49 135838
49 135983
49 136016
49 136062
49 136071
49 136202
49 136276
49 136295
49 136320
49 136388
49 136484
49 136580
49 136601
49 136652
49 136654
49 136731
49 136733
49 136787
49 136812
49 136972
49 137000
49 137148
49 137229
49 137346
49 137372
49 137451
49 137471
49 137555
49 137663
49 137668
49 137765
49 137831
49 137841
49 137910
49 137921
49 137929
49 137961
49 137971
49 138060
49 138135
49 138288
49 138344
49 138507
49 138509
49 138568
49 138635
49 138638
49 138705
49 138742
49 138823
49 138827
49 138907
49 139082
49 139107
49 139131
49 139257
49 139264
49 139292
49 139329
49 139367
49 139545
49 139768
49 139798
49 139812
49 139869
49 139878
49 139962
49 140012
49 140024
49 140050
49 140195
49 140232
49 140305
49 140308
49 140340
49 140400
49 140558
49 140612
49 140731
49 140739
49 140868
49 140921
49 141263
49 141294
49 141314
49 141337
49 141466
49 141690
49 141715
49 141730
49 141752
49 141753
49 142142
49 142150
49 142244
49 142381
49 142385
49 142441
49 142464
49 142564
49 142569
49 142688
49 142752
49 142770
49 142839
49 142886
49 142939
49 143178
49 143328
49 143387
49 143435
49 143742
49 143963
49 144051
49 144075
49 144078
49 144195
49 144277
49 144430
49 144482
49 144689
49 144997
49 145012
49 145103
49 145163
49 145207
49 145307
49 145397
49 145426
49 145552
49 145564
49 145593
49 145599
49 145790
49 145877
49 146037
49 146122
49 146187
49 146474
49 146575
49 146598
49 146718
49 146736
49 146910
49 146968
49 147070
49 147154
49 147552
49 147622
49 147630
49 147722
49 147729
49 147751
49 147756
49 147784
49 147788
49 147790
49 147880
49 147913
49 147950
49 147982
49 148103
49 148194
49 148208
49 148267
49 148294
49 148309
49 148311
49 148345
49 148623
49 148662
49 148697
49 148815
49 148922
49 148933
49 148957
49 148988
49 148989
49 149019
49 149041
49 149054
49 149284
49 149297
49 149413
49 149471
49 149537
49 149624
49 149664
49 149680
49 149798
49 149803
49 149900
49 150055
49 150081
49 150104
49 150135
49 150153
49 150341
49 150527
49 150601
49 150604
49 150716
49 150756
49 150813
49 150963
49 150984
49 150994
49 151032
49 151061
49 151083
49 151097
49 151182
49 151188
49 151202
49 151383
49 151607
49 151642
49 151800
49 151834
49 151854
49 151893
49 152029
49 152046
49 152259
49 152286
49 152471
49 152529
49 152639
49 152723
49 152725
49 152786
49 152874
49 152908
49 152970
49 153137
49 153147
49 153251
49 153392
49 153405
49 153545
49 153630
49 153679
49 153692
49 153745
49 153752
49 153824
49 154124
49 154175
49 154253
49 154274
49 154278
49 154366
49 154498
49 154573
49 154823
49 154845
49 154882
49 154961
49 155036
49 155069
49 155322
49 155444
49 155496
49 155512
49 155528
49 155550
49 155619
49 155620
49 155643
49 155786
49 155791
49 155793
49 155848
49 156095
49 156195
49 156199
49 156206
49 156233
49 156303
49 156336
49 156489
49 156665
49 156672
49 156885
49 157008
49 157022
49 157073
49 157266
49 157268
49 157367
49 157374
49 157382
49 157521
49 157717
49 157725
49 157773
49 157825
49 157843
49 158144
49 158232
49 158234
49 158556
49 158817
49 158876
49 158933
49 159028
49 159135
49 159180
49 159308
49 159405
49 159424
49 159425
49 159458
49 159511
49 159536
49 159599
49 159624
49 159771
49 159813
49 159824
49 159849
49 159919
49 160066
49 160228
49 160265
49 160381
49 160549
49 160591
49 160678
49 160806
49 160943
49 160965
49 160973
49 161140
49 161175
49 161193
49 161285
49 161294
49 161366
49 161369
49 161450
49 161468
49 161609
49 161655
49 161676
49 161761
49 161835
49 161907
61 5
61 30
61 81
61 85
61 86
61 106
61 127
61 176
61 226
61 290
61 366
61 511
61 530
61 544
61 720
61 745
61 770
61 880
61 901
61 920
61 943
61 1073
61 1290
61 1402
61 1424
61 1486
61 1529
61 1543
61 1546
61 1586
61 1858
61 1913
61 2177
61 2286
61 2365
61 2512
61 2707
61 2740
61 2788
61 2957
61 3299
61 3326
61 3359
61 3425
61 3430
61 3469
61 3494
61 3508
61 3628
61 3838
61 4009
61 4071
61 4119
61 4218
61 4248
61 4468
61 4522
61 4576
61 4679
61 4775
61 4793
61 4886
61 5096
61 5119
61 5132
61 5152
61 5158
61 5185
61 5203
61 5210
61 5283
61 5287
61 5336
61 5454
61 5518
61 5544
61 5557
61 5610
61 5772
61 5779
61 5883
61 5896
61 6054
61 6226
61 6439
61 6451
61 6517
61 6764
61 6795
61 6814
61 6860
61 6982
61 7020
61 7075
61 7076
61 7158
61 7288
61 7309
61 7425
61 7430
61 7456
61 7481
61 7531
61 7606
61 7703
61 7760
61 7821
61 7839
61 7883
61 7901
61 8002
61 8004
61 8006
61 8029
61 8153
61 8282
61 8305
61 8313
61 8393
61 8399
61 8530
61 8562
61 8573
61 8604
61 8758
61 8769
61 8774
61 8830
61 8949
61 8991
61 9077
61 9248
61 9299
61 9305
61 9345
61 9385
61 9399
61 9402
61 9519
61 9880
61 9885
61 9963
61 10002
61 10106
61 10156
61 10189
61 10194
61 10226
61 10287
61 10405
61 10410
61 10449
61 10493
61 10520
61 10593
61 10607
61 10608
61 10625
61 10629
61 10729
61 10827
61 10903
61 10921
61 11012
61 11028
61 11036
61 11070
61 11089
61 11092
61 11371
61 11393
61 11456
61 11592
61 11649
61 11745
61 11750
61 11786
61 11833
61 11975
61 12077
61 12157
61 12280
61 12286
61 12501
61 12679
61 12715
61 12792
61 12858
61 13001
61 13069
61 13113
61 13221
61 13243
61 13252
61 13367
61 13512
61 13553
61 13569
61 13673
61 13717
61 13747
61 13754
61 13783
61 13823
61 13945
61 13974
61 14016
61 14034
61 14038
61 14073
61 14133
61 14378
61 14464
61 14472
61 14487
61 14498
61 14749
61 14761
61 14770
61 14775
61 14816
61 14830
61 15088
61 15117
61 15317
61 15377
61 15442
61 15565
61 15710
61 15722
61 15769
61 15825
61 15849
61 15941
61 16004
61 16076
61 16176
61 16227
61 16327
61 16414
61 16466
61 16632
61 16650
61 16681
61 16755
61 16783
61 16927
61 17043
61 17065
61 17118
61 17140
61 17315
61 17357
61 17401
61 17415
61 17481
61 17547
61 17574
61 17593
61 17594
61 17695
61 17728
61 17737
61 17751
61 17798
61 17852
61 17875
61 17881
61 17912
61 18183
61 18200
61 18358
61 18367
61 18368
61 18382
61 18414
61 18485
61 18490
61 18675
61 18758
61 18788
61 18892
61 19075
61 19113
61 19180
61 19392
61 19397
61 19400
61 19429
61 19482
61 19493
61 19505
61 19555
61 19569
61 19697
61 19712
61 19741
61 19820
61 19826
61 19959
61 19964
61 20041
61 20067
61 20082
61 20088
61 20167
61 20193
61 20208
61 20214
61 20252
61 20400
61 20530
61 20542
61 20543
61 20645
61 20669
61 20752
61 20778
61 20867
61 20878
61 20954
61 20982
61 21023
61 21169
61 21216
61 21292
61 21341
61 21354
61 21366
61 21443
61 21609
61 21859
61 21893
61 22065
61 22136
61 22263
61 22423
61 22428
61 22506
61 22521
61 22533
61 22696
61 22786
61 22790
61 22814
61 22865
61 22942
61 22989
61 23022
61 23036
61 23136
61 23151
61 23166
61 23187
61 23191
61 23235
61 23395
61 23408
61 23486
61 23499
61 23598
61 23623
61 23686
61 23721
61 23825
61 23836
61 23844
61 24065
61 24101
61 24277
61 24372
61 24447
61 24451
61 24461
61 24468
61 24584
61 24636
61 24801
61 24802
61 24878
61 24914
61 25042
61 25048
61 25101
61 25119
61 25131
61 25289
61 25368
61 25394
61 25413
61 25435
61 25483
61 25534
61 25539
61 25542
61 25576
61 25638
61 25673
61 25749
61 25786
61 25798
61 25844
61 25988
61 26069
61 26190
61 26273
61 26485
61 26540
61 26605
61 26760
61 27113
61 27148
61 27206
61 27211
61 27225
61 27317
61 27412
61 27420
61 27426
61 27459
61 27567
61 27670
61 27769
61 27781
61 27788
61 27827
61 27860
61 27960
61 27971
61 28257
61 28357
61 28358
61 28380
61 28458
61 28510
61 28514
61 28876
61 28973
61 28986
61 29071
61 29151
61 29277
61 29466
61 29613
61 29621
61 29738
61 29758
61 29797
61 30207
61 30208
61 30214
61 30338
61 30391
61 30392
61 30550
61 30565
61 30622
61 30642
61 30661
61 30666
61 30669
61 30720
61 30794
61 31036
61 31146
61 31305
61 31484
61 31569
61 31620
61 31659
61 31688
61 31713
61 31792
61 31793
61 31820
61 32050
61 32127
61 32138
61 32197
61 32341
61 32585
61 32587
61 32589
61 32918
61 33024
61 33029
61 33048
61 33075
61 33084
61 33104
61 33196
61 33197
61 33245
61 33262
61 33350
61 33365
61 33375
61 33403
61 33434
61 33634
61 33721
61 33745
61 33754
61 33788
61 33834
61 33898
61 33915
61 34032
61 34087
61 34132
61 34152
61 34504
61 34550
61 34576
61 34780
61 35007
61 35016
61 35020
61 35079
61 35273
61 35568
61 35781
61 35840
61 35925
61 35927
61 35957
61 36106
61 36164
61 36263
61 36278
61 36349
61 36352
61 36622
61 36820
61 36845
61 36862
61 36878
61 37065
61 37083
61 37085
61 37091
61 37168
61 37326
61 37370
61 37377
61 37383
61 37523
61 37541
61 37682
61 37688
61 37846
61 37904
61 37996
61 38108
61 38171
61 38480
61 38484
61 38495
61 38497
61 38570
61 38701
61 38781
61 38811
61 38847
61 38896
61 38937
61 38995
61 39104
61 39324
61 39334
61 39433
61 39508
61 39518
61 39553
61 39767
61 39954
61 40007
61 40127
61 40352
61 40543
61 40616
61 40722
61 40757
61 40759
61 40866
61 41017
61 41077
61 41099
61 41305
61 41311
61 41370
61 41542
61 41584
61 41806
61 41814
61 41827
61 41999
61 42135
61 42190
61 42271
61 42354
61 42427
61 42544
61 42551
61 42626
61 42642
61 42646
61 42737
61 42760
61 42968
61 43041
61 43107
61 43202
61 43308
61 43376
61 43377
61 43433
61 43495
61 43507
61 43540
61 43637
61 43728
61 43744
61 43783
61 43853
61 43983
61 44031
61 44145
61 44166
61 44171
61 44257
61 44270
61 44321
61 44363
61 44364
61 44428
61 44439
61 44605
61 44648
61 44669
61 44687
61 44773
61 44867
61 44998
61 45193
61 45256
61 45280
61 45323
61 45331
61 45476
61 45566
61 45573
61 45758
61 45966
61 46000
61 46096
61 46145
61 46241
61 46302
61 46326
61 46428
61 46431
61 46573
61 46626
61 46820
61 46822
61 46927
61 47037
61 47151
61 47206
61 47235
61 47240
61 47332
61 47516
61 47561
61 47570
61 47770
61 47837
61 47872
61 48141
61 48153
61 48190
61 48249
61 48319
61 48329
61 48342
61 48440
61 48494
61 48543
61 48760
61 48830
61 48833
61 48972
61 49296
61 49458
61 49470
61 49472
61 49674
61 49691
61 49722
61 49839
61 49887
61 49969
61 50117
61 50187
61 50240
61 50340
61 50425
61 50625
61 50676
61 50754
61 50789
61 50973
61 50984
61 51237
61 51242
61 51346
61 51625
61 51640
61 51673
61 51735
61 51895
61 51966
61 52011
61 52088
61 52089
61 52109
61 52117
61 52288
61 52326
61 52368
61 52393
61 52410
61 52635
61 52767
61 52859
61 52880
61 52954
61 52970
61 52982
61 53002
61 53356
61 53362
61 53385
61 53460
61 53464
61 53485
61 53582
61 53601
61 53685
61 53689
61 53752
61 53844
61 53891
61 54038
61 54238
61 54327
61 54362
61 54375
61 54465
61 54631
61 54790
61 54837
61 54913
61 54960
61 55049
61 55061
61 55139
61 55170
61 55393
61 55457
61 55486
61 55498
61 55520
61 55529
61 55552
61 55634
61 55796
61 55954
61 56025
61 56042
61 56056
61 56124
61 56193
61 56270
61 56497
61 56502
61 56608
61 56612
61 56692
61 56845
61 56872
61 56907
61 56957
61 56965
61 57040
61 57083
61 57139
61 57182
61 57212
61 57235
61 57288
61 57322
61 57365
61 57392
61 57417
61 57452
61 57471
61 57579
61 57620
61 57660
61 57705
61 57875
61 57879
61 57881
61 58150
61 58176
61 58196
61 58249
61 58276
61 58338
61 58339
61 58496
61 58776
61 58796
61 58864
61 58921
61 58955
61 59078
61 59120
61 59136
61 59186
61 59290
61 59442
61 59531
61 59624
61 59704
61 59797
61 59799
61 59811
61 59832
61 59897
61 59926
61 59966
61 60065
61 60100
61 60137
61 60229
61 60273
61 60298
61 60365
61 60393
61 60501
61 60504
61 60563
61 60591
61 60630
61 60707
61 60831
61 60991
61 61050
61 61102
61 61144
61 61159
61 61171
61 61218
61 61688
61 61701
61 61771
61 61831
61 61858
61 61860
61 61871
61 61875
61 61884
61 61904
61 61942
61 62204
61 62258
61 62314
61 62317
61 62385
61 62394
61 62416
61 62417
61 62496
61 62510
61 62512
61 62627
61 62647
61 62747
61 62920
61 62930
61 63000
61 63037
61 63063
61 63090
61 63174
61 63302
61 63320
61 63323
61 63460
61 63504
61 63520
61 63538
61 63811
61 63852
61 63916
61 63958
61 63965
61 64038
61 64133
61 64162
61 64211
61 64317
61 64323
61 64324
61 64333
61 64407
61 64418
61 64423
61 64448
61 64471
61 64528
61 64703
61 64715
61 64774
61 64863
61 64929
61 65095
61 65100
61 65191
61 65227
61 65296
61 65304
61 65488
61 65546
61 65565
61 65610
61 65714
61 65748
61 65831
61 65837
61 65855
61 66030
61 66210
61 66274
61 66436
61 66488
61 66595
61 66678
61 66754
61 66866
61 66906
61 66954
61 67103
61 67210
61 67255
61 67533
61 67544
61 67714
61 67831
61 67880
61 67911
61 68063
61 68114
61 68188
61 68208
61 68279
61 68317
61 68405
61 68587
61 68649
61 68677
61 68702
61 68733
61 68782
61 68866
61 68913
61 68987
61 68994
61 69020
61 69048
61 69074
61 69081
61 69112
61 69118
61 69121
61 69217
61 69310
61 69409
61 69571
61 69592
61 69625
61 69870
61 69924
61 69987
61 70095
61 70155
61 70292
61 70313
61 70334
61 70365
61 70380
61 70393
61 70520
61 70579
61 70656
61 70685
61 70788
61 70842
61 70844
61 70902
61 70955
61 70958
61 71044
61 71058
61 71220
61 71285
61 71288
61 71341
61 71345
61 71419
61 71496
61 71544
61 71570
61 71614
61 71644
61 71727
61 71819
61 71914
61 71930
61 71962
61 72012
61 72108
61 72199
61 72202
61 72260
61 72321
61 72373
61 72409
61 72428
61 72451
61 72482
61 72647
61 72784
61 72817
61 72818
61 72936
61 72955
61 73035
61 73049
61 73148
61 73165
61 73183
61 73224
61 73285
61 73416
61 73491
61 73548
61 73577
61 73579
61 73677
61 73713
61 73790
61 73835
61 73936
61 73941
61 73949
61 73959
61 74107
61 74133
61 74171
61 74195
61 74269
61 74415
61 74438
61 74552
61 74647
61 74854
61 74961
61 74997
61 75117
61 75351
61 75407
61 75433
61 75507
61 75593
61 75602
61 75672
61 75723
61 75764
61 75793
61 75842
61 75844
61 75912
61 75913
61 75924
61 76050
61 76082
61 76251
61 76393
61 76472
61 76510
61 76521
61 76683
61 76762
61 76926
61 76999
61 77024
61 77230
61 77396
61 77510
61 77543
61 77656
61 77685
61 77777
61 77880
61 77937
61 78002
61 78021
61 78158
61 78183
61 78204
61 78251
61 78259
61 78574
61 78606
61 78707
61 78768
61 78944
61 79021
61 79090
61 79194
61 79200
61 79205
61 79231
61 79312
61 79327
61 79335
61 79363
61 79379
61 79423
61 79537
61 79625
61 79632
61 79765
61 79863
61 79870
61 79940
61 80016
61 80035
61 80053
61 80156
61 80193
61 80262
61 80265
61 80298
61 80450
61 80454
61 80522
61 80604
61 80647
61 80713
61 80806
61 80818
61 80848
61 80852
61 80893
61 80970
61 81029
61 81038
61 81164
61 81169
61 81216
61 81249
61 81305
61 81388
61 81437
61 81474
61 81574
61 81665
61 81711
61 81747
61 81789
61 81995
61 82073
61 82110
61 82144
61 82174
61 82204
61 82292
61 82307
61 82444
61 82549
61 82636
61 82731
61 82773
61 82816
61 82824
61 82845
61 82878
61 83005
61 83123
61 83610
61 83635
61 83717
61 83845
61 83984
61 84070
61 84071
61 84105
61 84161
61 84308
61 84326
61 84396
61 84538
61 84542
61 84624
61 84683
61 84688
61 84775
61 84841
61 84896
61 84905
61 85066
61 85101
61 85134
61 85244
61 85282
61 85632
61 85709
61 85784
61 85825
61 85870
61 85996
61 86012
61 86045
61 86079
61 86140
61 86317
61 86342
61 86353
61 86366
61 86420
61 86445
61 86466
61 86518
61 86651
61 86794
61 86919
61 87035
61 87056
61 87099
61 87207
61 87224
61 87258
61 87280
61 87281
61 87440
61 87698
61 87905
61 88082
61 88167
61 88317
61 88333
61 88345
61 88397
61 88402
61 88444
61 88500
61 88501
61 88573
61 88598
61 88665
61 88688
61 88758
61 88769
61 88809
61 88934
61 89018
61 89049
61 89137
61 89144
61 89191
61 89216
61 89224
61 89315
61 89341
61 89388
61 89427
61 89527
61 89676
61 89737
61 89882
61 89905
61 89964
61 90010
61 90012
61 90021
61 90043
61 90079
61 90305
61 90307
61 90357
61 90370
61 90373
61 90375
61 90400
61 90503
61 90509
61 90547
61 90571
61 90652
61 90880
61 90967
61 91004
61 91061
61 91257
61 91319
61 91386
61 91446
61 91449
61 91568
61 91579
61 91625
61 91835
61 91955
61 92001
61 92086
61 92097
61 92142
61 92362
61 92377
61 92384
61 92441
61 92453
61 92473
61 92534
61 92607
61 92795
61 92837
61 92866
61 92941
61 93009
61 93041
61 93129
61 93147
61 93176
61 93239
61 93296
61 93300
61 93316
61 93395
61 93400
61 93466
61 93474
61 93628
61 93634
61 93651
61 93669
61 93695
61 93698
61 94010
61 94094
61 94136
61 94177
61 94264
61 94474
61 94488
61 94566
61 94599
61 94708
61 94785
61 94817
61 94951
61 94992
61 95325
61 95393
61 95481
61 95522
61 95529
61 95566
61 95815
61 95826
61 95833
61 95859
61 95907
61 95921
61 95948
61 96020
61 96070
61 96238
61 96372
61 96383
61 96488
61 96522
61 96537
61 96567
61 96600
61 96676
61 96840
61 96872
61 96964
61 97069
61 97071
61 97077
61 97185
61 97394
61 97424
61 97426
61 97473
61 97534
61 97583
61 97935
61 97946
61 97953
61 98088
61 98190
61 98233
61 98279
61 98298
61 98338
61 98369
61 98421
61 98423
61 98444
61 98454
61 98546
61 98688
61 98794
61 98855
61 98926
61 98942
61 99004
61 99068
61 99090
61 99281
61 99288
61 99289
61 99453
61 99483
61 99628
61 99891
61 99925
61 100015
61 100042
61 100061
61 100079
61 100093
61 100116
61 100264
61 100494
61 100594
61 100596
61 100643
61 100675
61 100677
61 100686
61 100753
61 100790
61 100806
61 100830
61 100848
61 100920
61 100995
61 101157
61 101199
61 101202
61 101237
61 101335
61 101369
61 101370
61 101388
61 101457
61 101495
61 101562
61 101710
61 101765
61 101932
61 101955
61 102092
61 102179
61 102546
61 102566
61 102623
61 102650
61 102654
61 102663
61 102715
61 102764
61 102852
61 102934
61 102964
61 103187
61 103259
61 103273
61 103312
61 103321
61 103364
61 103388
61 103419
61 103472
61 103478
61 103508
61 103543
61 103544
61 103557
61 103585
61 103869
61 103918
61 103924
61 103933
61 103952
61 103994
61 104008
61 104010
61 104022
61 104205
61 104385
61 104474
61 104479
61 104667
61 104702
61 104703
61 104737
61 104902
61 105020
61 105077
61 105150
61 105294
61 105391
61 105412
61 105420
61 105489
61 105501
61 105581
61 105657
61 105745
61 105970
61 105982
61 106060
61 106126
61 106174
61 106191
61 106197
61 106229
61 106248
61 106267
61 106301
61 106489
61 106544
61 106572
61 106705
61 106782
61 106801
61 106957
61 106971
61 107006
61 107106
61 107309
61 107356
61 107475
61 107480
61 107684
61 107686
61 107832
61 107840
61 107919
61 108208
61 108226
61 108261
61 108350
61 108365
61 108631
61 108734
61 108800
61 108805
61 108987
61 109052
61 109189
61 109273
61 109307
61 109431
61 109467
61 109531
61 109610
61 109681
61 109709
61 109800
61 109830
61 109924
61 110006
61 110043
61 110225
61 110304
61 110330
61 110449
61 110640
61 110643
61 110727
61 110735
61 110975
61 110990
61 111015
61 111142
61 111176
61 111206
61 111218
61 111330
61 111347
61 111391
61 111408
61 111480
61 111610
61 111649
61 111758
61 111811
61 111848
61 111943
61 111952
61 112076
61 112082
61 112115
61 112189
61 112255
61 112324
61 112441
61 112449
61 112470
61 112529
61 112622
61 112715
61 112731
61 112766
61 112784
61 112827
61 112846
61 112912
61 112944
61 113058
61 113088
61 113093
61 113250
61 113252
61 113269
61 113433
61 113474
61 113551
61 113569
61 113570
61 113585
61 113645
61 113726
61 113792
61 113820
61 113835
61 113844
61 113864
61 113903
61 113957
61 113984
61 114192
61 114280
61 114381
61 114468
61 114586
61 114672
61 114687
61 114716
61 114822
61 114914
61 115022
61 115089
61 115127
61 115168
61 115550
61 115599
61 115621
61 115622
61 115644
61 115707
61 115737
61 115798
61 115895
61 115940
61 115976
61 116012
61 116093
61 116166
61 116269
61 116270
61 116352
61 116427
61 116534
61 116556
61 116609
61 116621
61 116623
61 116635
61 116684
61 116721
61 116746
61 116837
61 116855
61 116922
61 117203
61 117252
61 117318
61 117360
61 117396
61 117544
61 117546
61 117588
61 117623
61 117745
61 117813
61 117939
61 117994
61 118011
61 118069
61 118181
61 118290
61 118401
61 118555
61 118567
61 118581
61 118588
61 118723
61 118724
61 118789
61 119095
61 119157
61 119354
61 119472
61 119518
61 119551
61 119558
61 119621
61 119709
61 119714
61 119956
61 120021
61 120106
61 120207
61 120273
61 120369
61 120421
61 120429
61 120453
61 120508
61 120709
61 120793
61 120853
61 120866
61 120890
61 120904
61 120996
61 121228
61 121244
61 121292
61 121317
61 121366
61 121477
61 121896
61 121975
61 122007
61 122074
61 122091
61 122321
61 122369
61 122451
61 122553
61 122561
61 122625
61 122636
61 122663
61 122717
61 122750
61 122769
61 122823
61 122853
61 122964
61 123065
61 123093
61 123193
61 123296
61 123309
61 123322
61 123327
61 123401
61 123402
61 123635
61 123645
61 123684
61 123785
61 123825
61 123907
61 123937
61 123944
61 123966
61 124089
61 124096
61 124101
61 124126
61 124184
61 124339
61 124381
61 124497
61 124514
61 124744
61 124767
61 124834
61 125086
61 125188
61 125365
61 125522
61 125560
61 125626
61 125779
61 125804
61 125819
61 125848
61 125924
61 126058
61 126093
61 126109
61 126308
61 126330
61 126333
61 126362
61 126368
61 126473
61 126504
61 126620
61 126682
61 126714
61 126828
61 126844
61 126921
61 126968
61 126979
61 127322
61 127359
61 127538
61 127669
61 127692
61 127771
61 127831
61 127842
61 127863
61 127933
61 127938
61 128238
61 128302
61 128356
61 128464
61 128478
61 128584
61 128704
61 128782
61 128915
61 128946
61 128992
61 129212
61 129292
61 129319
61 129382
61 129502
61 129526
61 129711
61 129804
61 129815
61 129842
61 129844
61 129867
61 129912
61 129958
61 129995
61 130032
61 130072
61 130289
61 130352
61 130356
61 130424
61 130491
61 130508
61 130820
61 130824
61 130870
61 130925
61 131047
61 131074
61 131113
61 131248
61 131319
61 131387
61 131394
61 131417
61 131462
61 131588
61 131590
61 131600
61 131607
61 131679
61 131770
61 131776
61 131784
61 132075
61 132099
61 132111
61 132140
61 132166
61 132246
61 132339
61 132356
61 132408
61 132422
61 132498
61 132523
61 132551
61 132599
61 132615
61 132639
61 132671
61 132745
61 132752
61 132831
61 132910
61 132986
61 132990
61 133000
61 133048
61 133067
61 133191
61 133196
61 133209
61 133245
61 133266
61 133325
61 133374
61 133403
61 133405
61 133430
61 133563
61 133623
61 133631
61 133637
61 133639
61 133687
61 133689
61 133819
61 133984
61 134032
61 134060
61 134096
61 134110
61 134317
61 134327
61 134349
61 134459
61 134493
61 134500
61 134556
61 134579
61 134583
61 134590
61 134842
61 134989
61 135009
61 135017
61 135037
61 135300
61 135574
61 135639
61 135642
61 135690
61 135697
61 135728
61 135793
61 135959
61 136002
61 136067
61 136076
61 136083
61 136208
61 136223
61 136284
61 136330
61 136580
61 136628
61 136634
61 136737
61 136807
61 136899
61 136993
61 137012
61 137144
61 137172
61 137261
61 137263
61 137273
61 137291
61 137295
61 137322
61 137326
61 137462
61 137558
61 137692
61 137701
61 137732
61 137787
61 137876
61 138000
61 138051
61 138154
61 138211
61 138230
61 138338
61 138400
61 138669
61 138680
61 138791
61 138811
61 138849
61 138860
61 138882
61 138917
61 138932
61 138964
61 139090
61 139102
61 139108
61 139253
61 139321
61 139330
61 139521
61 139577
61 139734
61 139792
61 139866
61 139912
61 140148
61 140183
61 140216
61 140338
61 140400
61 140454
61 140472
61 140620
61 140760
61 140772
61 140800
61 141125
61 141155
61 141240
61 141297
61 141587
61 141608
61 141858
61 141860
61 141880
61 141885
61 141927
61 142362
61 142406
61 142482
61 142641
61 142725
61 142783
61 142933
61 143060
61 143086
61 143126
61 143160
61 143164
61 143190
61 143393
61 143597
61 143611
61 143736
61 143787
61 143890
61 143909
61 144209
61 144240
61 144376
61 144466
61 144544
61 144652
61 144726
61 144741
61 144870
61 144917
61 144983
61 144986
61 145125
61 145171
61 145181
61 145260
61 145375
61 145416
61 145447
61 145523
61 145529
61 145546
61 145736
61 145745
61 145754
61 145885
61 146031
61 146054
61 146126
61 146178
61 146187
61 146268
61 146433
61 146482
61 146499
61 146523
61 146565
61 146673
61 146704
61 146814
61 146921
61 146928
61 147021
61 147033
61 147050
61 147092
61 147162
61 147247
61 147263
61 147314
61 147522
61 147526
61 147745
61 147911
61 147916
61 148012
61 148174
61 148199
61 148261
61 148294
61 148342
61 148348
61 148418
61 148584
61 148609
61 148756
61 148898
61 148908
61 148936
61 148944
61 148957
61 148982
61 149076
61 149312
61 149766
61 149886
61 149939
61 149947
61 149952
61 149997
61 150019
61 150168
61 150216
61 150400
61 150484
61 150489
61 150538
61 150607
61 150631
61 150727
61 150742
61 150788
61 150838
61 150914
61 150920
61 151077
61 151093
61 151239
61 151300
61 151340
61 151347
61 151352
61 151359
61 151381
61 151417
61 151468
61 151482
61 151588
61 151666
61 151707
61 151833
61 151898
61 152115
61 152143
61 152197
61 152307
61 152385
61 152410
61 152413
61 152480
61 152540
61 152770
61 152864
61 152865
61 152873
61 152932
61 152943
61 153078
61 153088
61 153229
61 153317
61 153387
61 153496
61 153536
61 153556
61 153574
61 153600
61 153630
61 153650
61 153726
61 153798
61 153805
61 153837
61 153838
61 153914
61 153972
61 154225
61 154331
61 154338
61 154354
61 154376
61 154394
61 154412
61 154537
61 154539
61 154650
61 155037
61 155186
61 155275
61 155288
61 155417
61 155471
61 155477
61 155489
61 155603
61 155692
61 155780
61 155821
61 155861
61 155906
61 155964
61 156118
61 156148
61 156172
61 156180
61 156228
61 156407
61 156769
61 156775
61 156890
61 156904
61 156913
61 157179
61 157286
61 157316
61 157354
61 157419
61 157424
61 157531
61 157652
61 157713
61 157795
61 157805
61 157856
61 157867
61 157883
61 158179
61 158230
61 158414
61 158468
61 158497
61 158732
61 159270
61 159295
61 159319
61 159430
61 159554
61 159576
61 159593
61 159675
61 159753
61 159800
61 159971
61 159975
61 160049
61 160131
61 160165
61 160192
61 160229
61 160233
61 160298
61 160314
61 160315
61 160420
61 160540
61 160572
61 160895
61 160965
61 160998
61 161016
61 161048
61 161090
61 161326
61 161344
61 161360
61 161574
61 161641
61 161757
61 161833
61 161903
61 161934
61 162117
61 162118
61 162159
61 162213
61 162289
61 162317
61 162380
61 162404
61 162493
61 162504
61 162603
61 162661
61 162694
61 162744
61 162777
61 162887
61 162890
61 163010
61 163030
61 163072
61 163078
61 163106
61 163182
61 163228
51 12
51 144
51 155
51 215
51 289
51 352
51 431
51 432
51 641
51 825
51 873
51 946
51 1026
51 1039
51 1217
51 1293
51 1295
51 1363
51 1453
51 1472
51 1531
51 1560
51 1642
51 1646
51 1721
51 1727
51 1880
51 1924
51 1989
51 2207
51 2213
51 2285
51 2352
51 2468
51 2570
51 2577
51 2711
51 2909
51 2990
51 3126
51 3139
51 3285
51 3340
51 3378
51 3388
51 3515
51 3526
51 3711
51 3719
51 3900
51 3975
51 3976
51 4031
51 4210
51 4332
51 4344
51 4412
51 4446
51 4527
51 4560
51 4653
51 4791
51 4831
51 4860
51 5048
51 5102
51 5224
51 5238
51 5257
51 5378
51 5449
51 5602
51 5613
51 5755
51 5933
51 5976
51 5993
51 6016
51 6047
51 6182
51 6243
51 6532
51 6796
51 6811
51 6914
51 7131
51 7170
51 7185
51 7305
51 7349
51 7380
51 7414
51 7422
51 7579
51 7762
51 7798
51 7976
51 7986
51 8030
51 8119
51 8328
51 8398
51 8422
51 8509
51 8693
51 8715
51 9007
51 9030
51 9057
51 9080
51 9558
51 9807
51 9819
51 9991
51 10047
51 10102
51 10234
51 10394
51 10497
51 10507
51 10533
51 10543
51 10553
51 10601
51 10644
51 10680
51 10740
51 10775
51 10969
51 11087
51 11207
51 11233
51 11255
51 11363
51 11443
51 11475
51 11499
51 11673
51 12023
51 12322
51 12420
51 12448
51 12533
51 12556
51 12583
51 12709
51 12816
51 12837
51 12852
51 13001
51 13148
51 13191
51 13194
51 13258
51 13375
51 13392
51 13473
51 13524
51 13584
51 13603
51 13669
51 13782
51 13937
51 13963
51 14061
51 14136
51 14147
51 14271
51 14325
51 14397
51 14460
51 14462
51 14537
51 14589
51 14629
51 14776
51 14868
51 14926
51 15002
51 15058
51 15209
51 15258
51 15491
51 15619
51 15712
51 15774
51 15780
51 15849
51 15874
51 15920
51 15936
51 15942
51 16013
51 16041
51 16140
51 16151
51 16191
51 16298
51 16334
51 16494
51 16520
51 16536
51 16557
51 16582
51 16927
51 16974
51 16985
51 17063
51 17104
51 17131
51 17149
51 17276
51 17336
51 17444
51 17499
51 17537
51 17649
51 17866
51 17897
51 17932
51 18147
51 18315
51 18357
51 18371
51 18615
51 18633
51 18714
51 18724
51 19082
51 19268
51 19311
51 19318
51 19616
51 19692
51 19723
51 19762
51 19820
51 19960
51 20046
51 20093
51 20219
51 20396
51 20442
51 20455
51 20500
51 20648
51 20678
51 20791
51 20888
51 20952
51 20982
51 21010
51 21020
51 21125
51 21205
51 21417
51 21532
51 21544
51 21675
51 21726
51 21968
51 21969
51 22028
51 22130
51 22171
51 22261
51 22289
51 22323
51 22454
51 22517
51 22781
51 22795
51 23091
51 23318
51 23358
51 23387
51 23398
51 23444
51 23459
51 23764
51 23861
51 23865
51 23885
51 23918
51 23963
51 24117
51 24135
51 24161
51 24179
51 24201
51 24247
51 24280
51 24298
51 24339
51 24580
51 24848
51 24892
51 24902
51 24980
51 24999
51 25045
51 25048
51 25241
51 25280
51 25454
51 25469
51 25513
51 25599
51 25697
51 25805
51 25885
51 26009
51 26042
51 26099
51 26151
51 26330
51 26334
51 26461
51 26481
51 26579
51 26754
51 26821
51 26929
51 27084
51 27155
51 27190
51 27209
51 27309
51 27443
51 27552
51 27643
51 27679
51 27738
51 27856
51 27878
51 27887
51 27924
51 28002
51 28020
51 28082
51 28133
51 28378
51 28425
51 28458
51 28510
51 28601
51 28605
51 28914
51 28943
51 28963
51 29074
51 29078
51 29141
51 29291
51 29325
51 29514
51 29525
51 29547
51 29555
51 29658
51 29760
51 29795
51 29807
51 29849
51 29948
51 30056
51 30077
51 30134
51 30158
51 30169
51 30313
51 30376
51 30710
51 30803
51 30847
51 30904
51 30963
51 30969
51 31160
51 31182
51 31186
51 31370
51 31510
51 31579
51 31874
51 31924
51 31972
51 31993
51 32125
51 32270
51 32327
51 32357
51 32366
51 32367
51 32500
51 32652
51 32667
51 32713
51 32906
51 32919
51 33075
51 33107
51 33113
51 33244
51 33252
51 33265
51 33366
51 33401
51 33612
51 33653
51 33860
51 33946
51 34093
51 34153
51 34213
51 34274
51 34280
51 34312
51 34340
51 34362
51 34412
51 34419
51 34430
51 34461
51 34495
51 34503
51 34511
51 34631
51 34643
51 34648
51 34659
51 34706
51 34749
51 34750
51 34859
51 34874
51 34880
51 34935
51 34981
51 35253
51 35269
51 35312
51 35334
51 35374
51 35389
51 35557
51 35720
51 35728
51 35743
51 35825
51 35922
51 36057
51 36320
51 36370
51 36430
51 36499
51 36592
51 36606
51 36623
51 36689
51 36693
51 36739
51 36748
51 36779
51 36788
51 36838
51 36890
51 37003
51 37039
51 37062
51 37122
51 37411
51 37416
51 37531
51 37538
51 37542
51 37656
51 37676
51 37680
51 37709
51 37733
51 37735
51 37747
51 37809
51 37892
51 37952
51 38000
51 38070
51 38116
51 38117
51 38159
51 38219
51 38220
51 38371
51 38400
51 38547
51 38627
51 38653
51 38836
51 38939
51 38971
51 38982
51 38987
51 39108
51 39150
51 39162
51 39197
51 39236
51 39414
51 39455
51 39478
51 39589
51 39614
51 39709
51 39810
51 39839
51 39870
51 40116
51 40245
51 40310
51 40315
51 40652
51 40676
51 40742
51 40825
51 40831
51 40876
51 40882
51 41040
51 41062
51 41123
51 41378
51 41454
51 41495
51 41500
51 41612
51 41622
51 41645
51 41671
51 41683
51 41712
51 41715
51 41728
51 41815
51 42025
51 42061
51 42104
51 42152
51 42221
51 42396
51 42439
51 42683
51 42705
51 42718
51 42799
51 42824
51 42843
51 42845
51 42968
51 43282
51 43340
51 43345
51 43447
51 43449
51 43503
51 43555
51 43621
51 43735
51 43852
51 43974
51 44018
51 44186
51 44276
51 44303
51 44308
51 44334
51 44342
51 44389
51 44516
51 44576
51 44657
51 44719
51 45100
51 45190
51 45192
51 45208
51 45258
51 45262
51 45342
51 45405
51 45449
51 45582
51 45621
51 45642
51 45715
51 45879
51 45942
51 46010
51 46055
51 46118
51 46126
51 46136
51 46227
51 46228
51 46245
51 46248
51 46316
51 46393
51 46419
51 46549
51 46814
51 46830
51 46852
51 46865
51 46884
51 46894
51 46975
51 46999
51 47052
51 47093
51 47287
51 47342
51 47410
51 47456
51 47457
51 47601
51 47934
51 48162
51 48176
51 48217
51 48334
51 48342
51 48354
51 48491
51 48505
51 48570
51 48698
51 48738
51 48739
51 48816
51 48851
51 48972
51 49051
51 49055
51 49107
51 49226
51 49309
51 49387
51 49555
51 49642
51 49659
51 49696
51 49715
51 49904
51 50073
51 50075
51 50089
51 50117
51 50122
51 50182
51 50257
51 50300
51 50534
51 50655
51 50687
51 50696
51 50754
51 50776
51 50805
51 50861
51 50969
51 51052
51 51357
51 51378
51 51487
51 51557
51 51609
51 51661
51 51825
51 51832
51 51867
51 51996
51 52019
51 52202
51 52297
51 52309
51 52400
51 52402
51 52514
51 52546
51 52555
51 52574
51 52576
51 52839
51 53037
51 53187
51 53201
51 53213
51 53232
51 53238
51 53257
51 53327
51 53401
51 53445
51 53505
51 53757
51 53828
51 54011
51 54083
51 54094
51 54125
51 54318
51 54360
51 54466
51 54677
51 54794
51 54859
51 54863
51 54869
51 55113
51 55172
51 55204
51 55265
51 55286
51 55404
51 55421
51 55471
51 55474
51 55492
51 55658
51 55684
51 55686
51 55691
51 55759
51 55787
51 55885
51 56001
51 56086
51 56124
51 56164
51 56221
51 56369
51 56389
51 56489
51 56713
51 56761
51 56881
51 56969
51 57048
51 57103
51 57312
51 57384
51 57388
51 57490
51 57545
51 57631
51 57737
51 57804
51 57942
51 57991
51 58103
51 58143
51 58299
51 58301
51 58335
51 58344
51 58353
51 58436
51 58549
51 58561
51 58592
51 58637
51 58686
51 58798
51 58979
51 59000
51 59031
51 59056
51 59066
51 59107
51 59183
51 59229
51 59377
51 59504
51 59533
51 59584
51 59588
51 59590
51 59714
51 59886
51 59942
51 59997
51 60026
51 60093
51 60100
51 60111
51 60219
51 60250
51 60263
51 60334
51 60350
51 60370
51 60470
51 60471
51 60529
51 60573
51 60629
51 60911
51 60947
51 60960
51 61068
51 61085
51 61203
51 61204
51 61267
51 61319
51 61343
51 61445
51 61450
51 61501
51 61506
51 61566
51 61579
51 61587
51 61602
51 61773
51 61787
51 61802
51 61891
51 61926
51 62031
51 62181
51 62215
51 62331
51 62393
51 62411
51 62488
51 62511
51 62661
51 62762
51 62830
51 62948
51 62970
51 62974
51 62999
51 63010
51 63018
51 63203
51 63400
51 63530
51 63556
51 63573
51 63616
51 63711
51 63718
51 63798
51 63877
51 63913
51 64017
51 64104
51 64111
51 64119
51 64196
51 64305
51 64350
51 64365
51 64423
51 64436
51 64467
51 64479
51 64485
51 64521
51 64523
51 64649
51 64718
51 64742
51 64863
51 64890
51 64920
51 64924
51 65069
51 65179
51 65213
51 65222
51 65284
51 65358
51 65360
51 65419
51 65424
51 65565
51 65630
51 65736
51 65804
51 65809
51 65845
51 65875
51 65914
51 66032
51 66145
51 66193
51 66201
51 66226
51 66227
51 66272
51 66376
51 66432
51 66550
51 66690
51 66747
51 66795
51 66841
51 66858
51 66896
51 67047
51 67070
51 67170
51 67224
51 67259
51 67280
51 67308
51 67380
51 67595
51 67607
51 67632
51 67649
51 67854
51 67855
51 67908
51 68069
51 68070
51 68091
51 68129
51 68240
51 68284
51 68294
51 68397
51 68497
51 68603
51 68605
51 68660
51 68729
51 68844
51 68909
51 68966
51 68971
51 68999
51 69061
51 69091
51 69108
51 69151
51 69157
51 69223
51 69282
51 69419
51 69435
51 69453
51 69472
51 69554
51 69565
51 69673
51 69706
51 69763
51 69800
51 69851
51 69939
51 69950
51 70049
51 70057
51 70076
51 70278
51 70336
51 70382
51 70437
51 70506
51 70619
51 70621
51 70715
51 70782
51 70798
51 70876
51 70954
51 70987
51 71012
51 71089
51 71112
51 71259
51 71312
51 71322
51 71334
51 71338
51 71601
51 71626
51 71745
51 71833
51 71939
51 72017
51 72096
51 72121
51 72153
51 72193
51 72228
51 72229
51 72384
51 72534
51 72623
51 72743
51 72791
51 72806
51 72899
51 72969
51 72989
51 73009
51 73156
51 73179
51 73279
51 73410
51 73478
51 73485
51 73546
51 73598
51 73599
51 73659
51 73693
51 74185
51 74357
51 74393
51 74441
51 74505
51 74510
51 74528
51 74593
51 74689
51 74717
51 74777
51 74799
51 74904
51 75055
51 75091
51 75092
51 75366
51 75388
51 75410
51 75445
51 75466
51 75811
51 75821
51 75841
51 75893
51 76192
51 76252
51 76254
51 76264
51 76287
51 76320
51 76444
51 76544
51 76567
51 76818
51 76848
51 76882
51 76900
51 77027
51 77046
51 77111
51 77316
51 77342
51 77388
51 77414
51 77438
51 77441
51 77681
51 77787
51 77854
51 77920
51 77969
51 78009
51 78146
51 78149
51 78254
51 78290
51 78343
51 78427
51 78483
51 78541
51 78561
51 78580
51 78658
51 78725
51 78817
51 78844
51 78857
51 79005
51 79108
51 79177
51 79208
51 79246
51 79264
51 79279
51 79371
51 79477
51 79510
51 79673
51 79712
51 79714
51 79761
51 79829
51 79870
51 80077
51 80101
51 80239
51 80329
51 80363
51 80368
51 80506
51 80568
51 80654
51 80734
51 80736
51 80749
51 80977
51 81057
51 81110
51 81130
51 81291
51 81294
51 81365
51 81427
51 81593
51 81635
51 81662
51 81710
51 81809
51 81866
51 81973
51 82016
51 82048
51 82198
51 82254
51 82316
51 82330
51 82364
51 82460
51 82463
51 82489
51 82587
51 82869
51 82909
51 82920
51 83086
51 83162
51 83190
51 83229
51 83388
51 83420
51 83431
51 83462
51 83503
51 83615
51 83715
51 83716
51 83737
51 83770
51 83782
51 83817
51 83925
51 83947
51 84053
51 84154
51 84251
51 84268
51 84322
51 84410
51 84597
51 84662
51 84704
51 84784
51 84835
51 84884
51 84922
51 84990
51 85026
51 85273
51 85279
51 85337
51 85366
51 85423
51 85550
51 85560
51 85588
51 85646
51 85782
51 85795
51 85809
51 86007
51 86235
51 86408
51 86429
51 86503
51 86589
51 86917
51 87149
51 87219
51 87359
51 87551
51 87631
51 87799
51 87837
51 87900
51 87925
51 88030
51 88082
51 88135
51 88157
51 88182
51 88188
51 88203
51 88494
51 88611
51 88637
51 88639
51 88672
51 88714
51 88876
51 88915
51 89012
51 89026
51 89068
51 89157
51 89169
51 89269
51 89289
51 89429
51 89513
51 89691
51 89729
51 89840
51 89890
51 89970
51 89971
51 90117
51 90126
51 90255
51 90268
51 90304
51 90326
51 90367
51 90450
51 90477
51 90518
51 90535
51 90538
51 90682
51 90730
51 91042
51 91211
51 91289
51 91502
51 91541
51 91545
51 91720
51 91752
51 91862
51 91868
51 91873
51 91976
51 92133
51 92195
51 92316
51 92376
51 92433
51 92644
51 92712
51 92949
51 93054
51 93077
51 93101
51 93130
51 93234
51 93358
51 93414
51 93579
51 93718
51 93726
51 93766
51 93769
51 93809
51 93976
51 94246
51 94405
51 94409
51 94498
51 94623
51 94634
51 94650
51 94682
51 94799
51 94982
51 95051
51 95160
51 95276
51 95282
51 95381
51 95431
51 95548
51 95895
51 96029
51 96035
51 96193
51 96328
51 96343
51 96356
51 96498
51 96578
51 96710
51 96779
51 96900
51 96954
51 96961
51 97157
51 97607
51 97850
51 97910
51 98080
51 98090
51 98134
51 98301
51 98490
51 98512
51 98518
51 98582
51 98714
51 98760
51 98764
51 98823
51 98921
51 98987
51 99268
51 99311
51 99427
51 99461
51 99493
51 99521
51 99581
51 99820
51 99936
51 99960
51 100004
51 100022
51 100035
51 100075
51 100083
51 100152
51 100309
51 100414
51 100491
51 100639
51 100674
51 100702
51 100827
51 100848
51 100905
51 100985
51 101001
51 101018
51 101203
51 101249
51 101260
51 101275
51 101291
51 101343
51 101348
51 101384
51 101386
51 101414
51 101422
51 101446
51 101812
51 101829
51 101840
51 101984
51 102007
51 102074
51 102254
51 102321
51 102505
51 102619
51 102646
51 102669
51 102801
51 102902
51 102961
51 103136
51 103175
51 103246
51 103256
51 103384
51 103387
51 103493
51 103660
51 103775
51 103780
51 103894
51 103957
51 104030
51 104040
51 104111
51 104170
51 104198
51 104220
51 104269
51 104296
51 104425
51 104476
51 104495
51 104696
51 104736
51 104738
51 104914
51 104928
51 104971
51 105000
51 105037
51 105126
51 105424
51 105497
51 105546
51 105672
51 105715
51 105907
51 106063
51 106069
51 106263
51 106292
51 106466
51 106510
51 106666
51 106671
51 106675
51 106683
51 106693
51 106742
51 106862
51 106906
51 106949
51 106961
51 107220
51 107257
51 107382
51 107731
51 108046
51 108071
51 108083
51 108088
51 108116
51 108119
51 108126
51 108250
51 108294
51 108362
51 108431
51 108435
51 108630
51 108713
51 108858
51 109042
51 109076
51 109103
51 109109
51 109159
51 109211
51 109245
51 109443
51 109447
51 109497
51 109514
51 109537
51 109681
51 109726
51 109743
51 109834
51 109956
51 109967
51 110038
51 110051
51 110133
51 110146
51 110200
51 110232
51 110348
51 110417
51 110443
51 110457
51 110535
51 110774
51 110906
51 110924
51 110962
51 111067
51 111155
51 111355
51 111375
51 111450
51 111468
51 111538
51 111548
51 111730
51 111801
51 111867
51 111930
51 111958
51 111988
51 112078
51 112102
51 112154
51 112182
51 112274
51 112283
51 112357
51 112596
51 112621
51 112955
51 113034
51 113070
51 113099
51 113145
51 113162
51 113217
51 113230
51 113264
51 113327
51 113341
51 113346
51 113355
51 113443
51 113586
51 113742
51 113821
51 113874
51 113967
51 114017
51 114089
51 114149
51 114236
51 114273
51 114446
51 114669
51 114741
51 114803
51 114835
51 114848
51 114913
51 114954
51 115031
51 115037
51 115055
51 115057
51 115088
51 115133
51 115186
51 115243
51 115298
51 115325
51 115332
51 115457
51 115607
51 115679
51 115772
51 115786
51 115789
51 115804
51 115910
51 115961
51 116014
51 116145
51 116197
51 116203
51 116204
51 116208
51 116273
51 116389
51 116545
51 116571
51 116580
51 116583
51 116619
51 116769
51 116914
51 116946
51 117101
51 117133
51 117142
51 117209
51 117256
51 117329
51 117406
51 117591
51 117604
51 117706
51 117725
51 117857
51 117906
51 117911
51 117977
51 118050
51 118107
51 118222
51 118244
51 118309
51 118400
51 118502
51 118728
51 118779
51 118823
51 118875
51 118925
51 118993
51 119072
51 119082
51 119123
51 119136
51 119169
51 119363
51 119405
51 119413
51 119478
51 119493
51 119564
51 119568
51 119595
51 119789
51 119790
51 119792
51 119836
51 119853
51 120025
51 120185
51 120350
51 120454
51 120490
51 120596
51 120778
51 120783
51 120807
51 120846
51 120858
51 120921
51 120926
51 121102
51 121132
51 121146
51 121179
51 121413
51 121459
51 121497
51 121500
51 121629
51 121693
51 121792
51 121858
51 121975
51 121978
51 122134
51 122164
51 122279
51 122331
51 122382
51 122405
51 122638
51 122674
51 122704
51 123023
51 123063
51 123077
51 123279
51 123355
51 123378
51 123439
51 123463
51 123546
51 123548
51 123578
51 123603
51 123631
51 123874
51 124018
51 124115
51 124139
51 124200
51 124296
51 124315
51 124639
51 124742
51 124819
51 124888
51 124933
51 125025
51 125227
51 125235
51 125358
51 125361
51 125404
51 125449
51 125520
51 125548
51 126037
51 126114
51 126140
51 126258
51 126268
51 126318
51 126323
51 126459
51 126551
51 126648
51 126812
51 126888
51 126935
51 126959
51 126991
51 126995
51 127055
51 127078
51 127125
51 127146
51 127164
51 127350
51 127422
51 127551
51 127589
51 127610
51 127885
51 128008
51 128076
51 128272
51 128372
51 128400
51 128496
51 128539
51 128637
51 128713
51 128727
51 129372
51 129443
51 129515
51 129698
51 129779
51 129800
51 129801
51 129860
51 130002
51 130132
51 130250
51 130264
51 130311
51 130396
51 130435
51 130447
51 130451
51 130639
51 130737
51 130761
51 130955
51 131111
51 131162
51 131177
51 131352
51 131389
51 131508
51 131547
51 131575
51 131737
51 131764
51 131825
51 131959
51 132007
51 132011
51 132068
51 132071
51 132129
51 132165
51 132242
51 132255
51 132266
51 132324
51 132385
51 132437
51 132521
51 132599
51 132680
51 132713
51 132735
51 132874
51 132899
51 132911
51 132937
51 133042
51 133122
51 133243
51 133317
51 133376
51 133379
51 133465
51 133473
51 133701
51 133713
51 133739
51 133793
51 133968
51 134108
51 134110
51 134127
51 134132
51 134153
51 134237
51 134244
51 134258
51 134527
51 134614
51 134828
51 134829
51 135170
51 135244
51 135621
51 135690
51 135733
51 135770
51 135869
51 135883
51 135886
51 135911
51 135943
51 136143
51 136154
51 136180
51 136267
51 136387
51 136429
51 136601
51 136638
51 136698
51 136740
51 136800
51 136895
51 136914
51 136920
51 137294
51 137524
51 137664
51 137713
51 137969
51 138083
51 138094
51 138099
51 138144
51 138161
51 138240
51 138292
51 138371
51 138477
51 138650
51 138856
51 138866
51 138998
51 139027
51 139068
51 139100
51 139116
51 139184
51 139257
51 139398
51 139402
51 139406
51 139601
51 139668
51 139687
51 139756
51 140085
51 140217
51 140362
51 140393
51 140418
51 140493
51 140498
51 140525
51 140727
51 140736
51 140819
51 140838
51 140850
51 140995
51 141057
51 141245
51 141433
51 141526
51 141730
51 141796
51 141956
51 142153
51 142220
51 142274
51 142285
51 142358
51 142381
51 142446
51 142507
51 142547
51 142697
51 142800
51 142912
51 143042
51 143100
51 143264
51 143325
51 143392
51 143486
51 143529
51 143631
51 143689
51 143779
51 143794
51 143820
51 143899
51 143909
51 143921
51 144033
51 144088
51 144219
51 144284
51 144305
51 144367
51 144437
51 144585
51 144600
51 144806
51 144849
51 145053
51 145061
51 145100
51 145189
51 145297
51 145376
51 145506
51 145508
51 145574
51 145588
51 145767
51 145830
51 145877
51 145924
51 146163
51 146195
51 146244
51 146382
51 146578
51 146697
51 146731
51 147166
51 147221
51 147269
51 147325
51 147377
51 147382
51 147384
51 147410
51 147483
51 147708
51 147725
51 147735
51 148087
51 148127
51 148196
51 148410
51 148414
51 148443
51 148511
51 148561
51 148576
51 148725
51 148794
51 148989
51 148997
51 149003
51 149071
51 149119
51 149153
51 149156
51 149168
51 149374
51 149687
51 149702
51 149760
51 149842
51 149857
51 149865
51 149942
51 149961
51 149998
51 150145
51 150337
51 150349
51 150415
51 150437
51 150555
51 150609
51 150625
51 150742
51 150916
51 150982
51 151103
51 151153
51 151413
51 151620
51 151652
51 151685
51 151789
51 151795
51 151827
51 151838
51 151881
51 151899
51 151969
51 152027
51 152143
51 152157
51 152405
51 152491
51 152508
51 152593
51 152599
51 152605
51 152624
51 152694
51 152751
51 152803
51 152828
51 153057
51 153073
51 153219
51 153221
51 153226
51 153274
51 153374
51 153484
51 153534
51 153639
51 153763
51 153992
51 154045
51 154192
51 154269
51 154270
51 154284
51 154311
51 154380
51 154468
51 154490
51 154579
51 154627
51 154805
51 154860
51 154908
51 154916
51 154940
51 155172
51 155228
51 155310
51 155347
51 155370
51 155447
51 155458
51 155636
51 155640
51 155743
51 155747
51 155981
51 155984
51 156035
51 156168
51 156169
51 156201
51 156210
51 156645
51 156854
51 156989
51 157074
51 157122
51 157196
51 157358
51 157645
51 157851
51 158005
51 158113
51 158136
51 158196
51 158238
51 158429
51 158433
51 158613
51 158749
51 158757
51 158828
51 158888
51 159029
51 159054
51 159105
51 159181
51 159236
51 159250
51 159278
51 159325
51 159401
51 159445
51 159448
51 159462
51 159623
51 159631
51 159667
51 159718
51 159728
51 159928
51 159967
51 160032
51 160147
51 160450
51 160496
51 160945
51 160965
51 161095
51 161208
51 161266
51 161301
51 161336
51 161374
51 161594
51 161616
51 161656
51 161666
51 161735
51 161759
51 161791
51 161876
51 161915
51 161936
51 162134
51 162161
51 162196
51 162238
51 162275
51 162365
51 162410
51 162435
51 162545
51 162550
51 162619
51 162769
51 162773
51 162839
51 162888
51 162900
51 162995
51 163035
51 163063
51 163104
51 163150
51 163328
51 163331
51 163407
51 163451
51 163520
51 163524
51 163542
51 163607
51 163885
51 163951
51 164015
51 164095
51 164118
51 164136
51 164168
51 164210
51 164238
51 164246
51 164325
51 164392
51 164419
51 164610
51 164614
51 164661
51 164706
51 164813
51 164821
51 164845
51 164859
51 164866
51 165009
51 165106
51 165159
51 165179
51 165192
51 165214
51 165216
51 165322
51 165548
51 165593
51 165676
51 165760
51 165947
51 165953
51 166002
51 166009
51 166175
51 166188
51 166189
51 166223
51 166241
51 166368
51 166458
51 166480
51 166537
54 90
54 131
54 156
54 229
54 235
54 334
54 392
54 473
54 488
54 513
54 578
54 626
54 663
54 1007
54 1096
54 1112
54 1519
54 1571
54 1612
54 1666
54 1739
54 1781
54 1840
54 2009
54 2305
54 2360
54 2530
54 2535
54 2570
54 2683
54 2713
54 2724
54 2852
54 2881
54 2914
54 2998
54 3098
54 3176
54 3187
54 3224
54 3286
54 3300
54 3342
54 3370
54 3440
54 3491
54 3549
54 3562
54 3619
54 3647
54 3706
54 3727
54 3927
54 3939
54 4219
54 4223
54 4403
54 4425
54 4490
54 4546
54 4804
54 4853
54 4874
54 4973
54 5010
54 5014
54 5126
54 5171
54 5396
54 5490
54 5576
54 5703
54 5795
54 5888
54 5954
54 6076
54 6087
54 6279
54 6314
54 6353
54 6497
54 6503
54 6648
54 6760
54 6831
54 6882
54 6886
54 6898
54 6922
54 6967
54 6986
54 7041
54 7112
54 7123
54 7350
54 7382
54 7453
54 7541
54 7732
54 7813
54 7984
54 8008
54 8036
54 8124
54 8126
54 8205
54 8255
54 8406
54 8836
54 9133
54 9301
54 9354
54 9365
54 9565
54 9586
54 9602
54 9628
54 9752
54 9776
54 9792
54 9836
54 9918
54 10160
54 10205
54 10241
54 10271
54 10454
54 10528
54 10578
54 10671
54 10734
54 10769
54 10822
54 10901
54 11073
54 11194
54 11369
54 11568
54 11598
54 11624
54 11800
54 11831
54 11968
54 12099
54 12243
54 12247
54 12267
54 12409
54 12439
54 12444
54 12530
54 12590
54 12611
54 12687
54 12754
54 12785
54 12904
54 13143
54 13157
54 13197
54 13232
54 13481
54 13524
54 13597
54 13662
54 13733
54 13903
54 13949
54 14065
54 14150
54 14263
54 14320
54 14327
54 14492
54 14826
54 14878
54 14881
54 14929
54 14950
54 15077
54 15155
54 15174
54 15175
54 15278
54 15358
54 15452
54 15484
54 15543
54 15549
54 15555
54 15570
54 15624
54 15689
54 15714
54 15723
54 15729
54 15747
54 15847
54 15969
54 16075
54 16214
54 16261
54 16320
54 16397
54 16431
54 16498
54 16501
54 16540
54 16669
54 16829
54 16844
54 16885
54 16909
54 16978
54 16991
54 16996
54 17011
54 17050
54 17115
54 17139
54 17200
54 17263
54 17279
54 17378
54 17404
54 17461
54 17513
54 17573
54 17682
54 17880
54 18010
54 18022
54 18075
54 18121
54 18147
54 18363
54 18381
54 18453
54 18581
54 18670
54 18729
54 18797
54 18876
54 18888
54 19008
54 19066
54 19225
54 19301
54 19337
54 19338
54 19341
54 19448
54 19492
54 19528
54 19536
54 19716
54 19825
54 19927
54 19954
54 20055
54 20105
54 20133
54 20167
54 20207
54 20237
54 20246
54 20247
54 20315
54 20347
54 20477
54 20603
54 20617
54 20810
54 20811
54 21020
54 21024
54 21073
54 21304
54 21307
54 21389
54 21444
54 21470
54 21624
54 21661
54 21746
54 21769
54 21823
54 21967
54 21978
54 22063
54 22153
54 22239
54 22440
54 22475
54 22632
54 22690
54 22714
54 22716
54 22737
54 22738
54 22746
54 22968
54 23055
54 23058
54 23264
54 23279
54 23358
54 23455
54 23554
54 23565
54 23723
54 23800
54 23827
54 23832
54 24024
54 24111
54 24183
54 24226
54 24263
54 24316
54 24372
54 24448
54 24502
54 24612
54 24848
54 24864
54 24866
54 24950
54 25026
54 25072
54 25117
54 25149
54 25248
54 25442
54 25562
54 25817
54 26058
54 26141
54 26221
54 26272
54 26298
54 26344
54 26393
54 26464
54 26600
54 26734
54 26771
54 26904
54 26983
54 27103
54 27135
54 27223
54 27272
54 27356
54 27397
54 27549
54 27615
54 27660
54 27809
54 27846
54 28082
54 28204
54 28266
54 28293
54 28593
54 28608
54 28681
54 28735
54 28792
54 28841
54 28912
54 29373
54 29380
54 29500
54 29517
54 29551
54 29571
54 29599
54 29614
54 29624
54 29718
54 29742
54 29752
54 29770
54 29783
54 29800
54 29920
54 30088
54 30137
54 30179
54 30223
54 30275
54 30288
54 30406
54 30518
54 30633
54 30734
54 30836
54 30923
54 30963
54 30981
54 31102
54 31151
54 31271
54 31287
54 31404
54 31502
54 31534
54 31543
54 31724
54 31726
54 31887
54 32053
54 32160
54 32271
54 32281
54 32363
54 32364
54 32383
54 32514
54 32682
54 32774
54 32810
54 32955
54 33071
54 33118
54 33126
54 33210
54 33321
54 33340
54 33481
54 33530
54 33641
54 33718
54 33762
54 33781
54 33927
54 34227
54 34259
54 34393
54 34456
54 34474
54 34545
54 34646
54 34648
54 34839
54 34935
54 34937
54 34956
54 35041
54 35320
54 35337
54 35601
54 35652
54 35736
54 35842
54 35904
54 36025
54 36132
54 36152
54 36209
54 36684
54 36700
54 36827
54 36833
54 36945
54 36967
54 37057
54 37067
54 37094
54 37165
54 37171
54 37213
54 37218
54 37273
54 37364
54 37365
54 37458
54 37569
54 37586
54 37645
54 37656
54 37701
54 37799
54 37817
54 37829
54 37844
54 37869
54 37940
54 38000
54 38082
54 38110
54 38274
54 38372
54 38415
54 38473
54 38523
54 38655
54 38701
54 38744
54 38910
54 39108
54 39109
54 39120
54 39165
54 39188
54 39398
54 39426
54 39454
54 39527
54 39570
54 39588
54 39848
54 39926
54 39976
54 40011
54 40094
54 40198
54 40200
54 40213
54 40286
54 40381
54 40409
54 40431
54 40588
54 40682
54 40694
54 40826
54 40881
54 40895
54 40899
54 40918
54 41059
54 41111
54 41142
54 41186
54 41255
54 41311
54 41335
54 41450
54 41504
54 41552
54 41587
54 41653
54 41656
54 41695
54 41725
54 42086
54 42139
54 42362
54 42429
54 42537
54 42627
54 42817
54 42862
54 42989
54 43000
54 43068
54 43140
54 43306
54 43378
54 43398
54 43441
54 43494
54 43503
54 43548
54 43599
54 43648
54 43663
54 43991
54 44104
54 44407
54 44436
54 44510
54 44733
54 44762
54 44909
54 44918
54 44973
54 44982
54 44985
54 45026
54 45108
54 45512
54 45568
54 45583
54 45636
54 45675
54 45758
54 45787
54 45810
54 45821
54 45895
54 45936
54 46006
54 46034
54 46183
54 46225
54 46363
54 46383
54 46658
54 46676
54 46788
54 46919
54 47089
54 47176
54 47215
54 47344
54 47421
54 47446
54 47447
54 47860
54 48030
54 48099
54 48105
54 48136
54 48157
54 48250
54 48293
54 48478
54 48503
54 48528
54 48695
54 48774
54 48836
54 48843
54 48858
54 48970
54 49008
54 49043
54 49078
54 49108
54 49196
54 49265
54 49400
54 49419
54 49438
54 49504
54 49525
54 49657
54 49687
54 49705
54 49750
54 49840
54 49906
54 49947
54 49948
54 50039
54 50122
54 50193
54 50216
54 50237
54 50248
54 50266
54 50390
54 50432
54 50464
54 50508
54 50585
54 50701
54 50783
54 50802
54 50869
54 50879
54 50978
54 51044
54 51246
54 51249
54 51328
54 51343
54 51376
54 51434
54 51462
54 51470
54 51488
54 51503
54 51763
54 51820
54 51835
54 51856
54 51868
54 51916
54 51924
54 51988
54 52016
54 52047
54 52146
54 52224
54 52273
54 52307
54 52330
54 52606
54 52682
54 52700
54 52810
54 52875
54 52898
54 53008
54 53022
54 53277
54 53286
54 53321
54 53335
54 53364
54 53415
54 53442
54 53516
54 53537
54 53551
54 53587
54 53673
54 53748
54 53751
54 53785
54 53809
54 53838
54 53861
54 54028
54 54057
54 54058
54 54089
54 54094
54 54131
54 54150
54 54195
54 54259
54 54365
54 54498
54 54697
54 54722
54 54760
54 54808
54 54825
54 54842
54 54910
54 54954
54 55070
54 55106
54 55261
54 55503
54 55511
54 55658
54 55686
54 55728
54 55780
54 55817
54 55840
54 55932
54 55971
54 56116
54 56204
54 56307
54 56310
54 56362
54 56549
54 56675
54 56700
54 56784
54 56809
54 56832
54 56842
54 56895
54 56945
54 57018
54 57024
54 57042
54 57101
54 57119
54 57178
54 57263
54 57336
54 57438
54 57526
54 57530
54 57654
54 57656
54 57794
54 57832
54 57920
54 57965
54 57994
54 58026
54 58041
54 58065
54 58105
54 58123
54 58165
54 58312
54 58553
54 58645
54 58648
54 58687
54 58780
54 58841
54 58870
54 58881
54 58949
54 59022
54 59069
54 59070
54 59106
54 59107
54 59143
54 59242
54 59258
54 59285
54 59291
54 59322
54 59349
54 59375
54 59377
54 59384
54 59641
54 59645
54 59758
54 59762
54 59773
54 59912
54 59989
54 60077
54 60090
54 60199
54 60232
54 60276
54 60358
54 60362
54 60462
54 60467
54 60555
54 60653
54 60656
54 60773
54 60808
54 60890
54 60939
54 60956
54 60967
54 61058
54 61127
54 61244
54 61259
54 61310
54 61500
54 61585
54 61608
54 61611
54 61818
54 61973
54 62199
54 62268
54 62283
54 62295
54 62394
54 62534
54 62564
54 62604
54 62621
54 62650
54 62688
54 62802
54 62810
54 62830
54 62845
54 62878
54 62880
54 62911
54 63052
54 63244
54 63262
54 63379
54 63385
54 63462
54 63542
54 63565
54 63590
54 63727
54 63825
54 63979
54 64006
54 64061
54 64071
54 64182
54 64246
54 64317
54 64470
54 64471
54 64631
54 64668
54 64739
54 64945
54 64956
54 64966
54 64979
54 64981
54 65051
54 65155
54 65175
54 65289
54 65349
54 65394
54 65444
54 65454
54 65480
54 65495
54 65496
54 65539
54 65554
54 65649
54 65734
54 65807
54 65824
54 65899
54 66024
54 66030
54 66036
54 66039
54 66054
54 66119
54 66129
54 66138
54 66185
54 66270
54 66295
54 66378
54 66397
54 66419
54 66546
54 66620
54 66636
54 66898
54 66905
54 66988
54 67207
54 67218
54 67235
54 67305
54 67382
54 67392
54 67602
54 68092
54 68111
54 68158
54 68304
54 68347
54 68408
54 68603
54 68639
54 68739
54 68750
54 68759
54 69004
54 69032
54 69186
54 69278
54 69329
54 69415
54 69561
54 69586
54 69687
54 69707
54 69715
54 69721
54 69772
54 69833
54 69933
54 69970
54 69973
54 70061
54 70068
54 70080
54 70113
54 70154
54 70155
54 70261
54 70287
54 70359
54 70369
54 70430
54 70520
54 70604
54 70638
54 70692
54 70763
54 70771
54 70866
54 70893
54 70899
54 70917
54 71084
54 71273
54 71308
54 71459
54 71614
54 71615
54 71664
54 71682
54 71783
54 71960
54 72002
54 72013
54 72051
54 72166
54 72186
54 72199
54 72221
54 72321
54 72329
54 72358
54 72450
54 72626
54 72627
54 72660
54 72823
54 72966
54 72974
54 73190
54 73224
54 73241
54 73334
54 73364
54 73365
54 73368
54 73433
54 73479
54 73490
54 73601
54 73616
54 73734
54 73743
54 73784
54 73835
54 73839
54 73861
54 73930
54 73933
54 73995
54 74046
54 74329
54 74464
54 74531
54 74532
54 74556
54 74594
54 74638
54 74660
54 74750
54 74755
54 74845
54 74880
54 74887
54 74896
54 74969
54 75249
54 75340
54 75438
54 75460
54 76137
54 76156
54 76158
54 76164
54 76220
54 76245
54 76474
54 76538
54 76643
54 76686
54 76764
54 76861
54 76865
54 76952
54 77021
54 77045
54 77133
54 77210
54 77467
54 77546
54 77598
54 77768
54 77941
54 77954
54 77957
54 78002
54 78068
54 78107
54 78126
54 78148
54 78257
54 78319
54 78369
54 78384
54 78427
54 78456
54 78503
54 78520
54 78579
54 78654
54 78710
54 78714
54 79088
54 79167
54 79236
54 79303
54 79377
54 79506
54 79613
54 79652
54 79672
54 79730
54 79752
54 79981
54 80232
54 80315
54 80352
54 80376
54 80527
54 80594
54 80664
54 80687
54 80702
54 80768
54 80885
54 80969
54 80971
54 80995
54 81033
54 81139
54 81196
54 81250
54 81294
54 81295
54 81316
54 81419
54 81487
54 81508
54 81561
54 81567
54 81657
54 81672
54 81690
54 81885
54 82030
54 82055
54 82264
54 82307
54 82429
54 82447
54 82567
54 82579
54 82656
54 82769
54 82819
54 82843
54 83000
54 83004
54 83006
54 83007
54 83119
54 83173
54 83198
54 83237
54 83251
54 83257
54 83258
54 83366
54 83468
54 83666
54 83675
54 83799
54 83885
54 83916
54 83939
54 84049
54 84070
54 84097
54 84114
54 84117
54 84261
54 84297
54 84307
54 84356
54 84506
54 84695
54 84966
54 84995
54 85035
54 85079
54 85086
54 85093
54 85173
54 85350
54 85497
54 85623
54 85761
54 85790
54 85795
54 85884
54 85897
54 85909
54 85947
54 85953
54 86015
54 86086
54 86184
54 86252
54 86337
54 86406
54 86477
54 86735
54 87271
54 87280
54 87313
54 87477
54 87491
54 87701
54 87833
54 87848
54 87860
54 87924
54 87985
54 88016
54 88096
54 88160
54 88171
54 88211
54 88276
54 88278
54 88307
54 88316
54 88328
54 88334
54 88466
54 88577
54 88829
54 89148
54 89252
54 89335
54 89406
54 89575
54 89659
54 89662
54 89712
54 89715
54 89805
54 89923
54 90030
54 90129
54 90197
54 90294
54 90307
54 90455
54 90562
54 90584
54 90629
54 90753
54 90765
54 90855
54 90905
54 90908
54 90917
54 90993
54 91175
54 91414
54 91533
54 91641
54 91700
54 91767
54 91808
54 91855
54 91931
54 91989
54 92016
54 92214
54 92242
54 92291
54 92386
54 92551
54 92847
54 92889
54 92940
54 93092
54 93101
54 93105
54 93107
54 93247
54 93315
54 93367
54 93386
54 93410
54 93542
54 93547
54 93584
54 93642
54 93759
54 93765
54 93832
54 93870
54 93873
54 93883
54 93887
54 93945
54 93960
54 94127
54 94243
54 94260
54 94271
54 94291
54 94393
54 94420
54 94467
54 94508
54 94511
54 94583
54 94652
54 94928
54 94978
54 94991
54 95061
54 95269
54 95288
54 95501
54 95566
54 95623
54 95876
54 95899
54 95964
54 96041
54 96176
54 96316
54 96363
54 96396
54 96598
54 96628
54 96685
54 96826
54 96926
54 96958
54 97131
54 97167
54 97200
54 97229
54 97232
54 97256
54 97258
54 97305
54 97337
54 97769
54 97796
54 97867
54 97868
54 98055
54 98314
54 98427
54 98517
54 98821
54 98929
54 98940
54 99007
54 99024
54 99092
54 99113
54 99331
54 99376
54 99427
54 99440
54 99511
54 99555
54 99584
54 99628
54 99690
54 99753
54 99793
54 99971
54 100090
54 100092
54 100290
54 100308
54 100313
54 100328
54 100392
54 100412
54 100437
54 100439
54 100449
54 100660
54 100750
54 100804
54 100818
54 100904
54 100955
54 100991
54 101023
54 101029
54 101111
54 101158
54 101164
54 101188
54 101231
54 101251
54 101267
54 101353
54 101375
54 101441
54 101457
54 101504
54 101517
54 101646
54 101654
54 101677
54 101685
54 101722
54 101752
54 101783
54 101939
54 101953
54 101957
54 102083
54 102119
54 102133
54 102143
54 102156
54 102157
54 102163
54 102302
54 102306
54 102595
54 102619
54 102739
54 102765
54 102810
54 102841
54 102888
54 102928
54 102943
54 102959
54 103090
54 103150
54 103191
54 103211
54 103250
54 103323
54 103326
54 103375
54 103429
54 103473
54 103543
54 103627
54 103688
54 103742
54 103792
54 103860
54 103902
54 103968
54 104001
54 104074
54 104107
54 104128
54 104173
54 104257
54 104337
54 104404
54 104408
54 104415
54 104473
54 104537
54 104561
54 104572
54 104708
54 104776
54 104777
54 104868
54 105032
54 105042
54 105099
54 105161
54 105261
54 105427
54 105663
54 105774
54 105852
54 105974
54 105976
54 106041
54 106045
54 106054
54 106150
54 106403
54 106572
54 106640
54 106658
54 106761
54 106780
54 106947
54 107116
54 107155
54 107209
54 107227
54 107298
54 107346
54 107459
54 107524
54 107543
54 107617
54 107623
54 107673
54 107772
54 107983
54 107991
54 108262
54 108552
54 108602
54 108611
54 108707
54 108716
54 108868
54 108908
54 109076
54 109127
54 109145
54 109185
54 109215
54 109232
54 109284
54 109332
54 109355
54 109370
54 109508
54 109553
54 109672
54 109687
54 109730
54 109815
54 109927
54 110077
54 110210
54 110214
54 110325
54 110333
54 110377
54 110385
54 110404
54 110423
54 110440
54 110462
54 110618
54 110687
54 110724
54 110772
54 110846
54 110849
54 110874
54 111081
54 111127
54 111170
54 111178
54 111211
54 111217
54 111294
54 111312
54 111331
54 111491
54 111516
54 111524
54 111574
54 111577
54 111660
54 111679
54 111755
54 111795
54 111802
54 111925
54 111929
54 111941
54 111979
54 112062
54 112073
54 112103
54 112132
54 112199
54 112205
54 112215
54 112218
54 112356
54 112358
54 112414
54 112433
54 112443
54 112482
54 112508
54 112610
54 112664
54 112840
54 112856
54 112915
54 112947
54 113055
54 113099
54 113167
54 113259
54 113265
54 113329
54 113389
54 113517
54 113584
54 113590
54 113634
54 113807
54 113850
54 114040
54 114050
54 114093
54 114127
54 114168
54 114284
54 114331
54 114377
54 114425
54 114564
54 114571
54 114598
54 114626
54 114632
54 114634
54 114748
54 114947
54 115152
54 115218
54 115219
54 115329
54 115547
54 115582
54 115622
54 115751
54 115784
54 115905
54 115962
54 116064
54 116193
54 116311
54 116349
54 116407
54 116448
54 116491
54 116597
54 116901
54 116984
54 117077
54 117162
54 117163
54 117168
54 117355
54 117358
54 117513
54 117571
54 117579
54 117630
54 117734
54 117765
54 117828
54 117851
54 117913
54 117996
54 118003
54 118110
54 118217
54 118255
54 118287
54 118448
54 118827
54 118939
54 119155
54 119163
54 119184
54 119185
54 119240
54 119245
54 119292
54 119413
54 119434
54 119440
54 119449
54 119474
54 119508
54 119589
54 119617
54 119684
54 119694
54 119827
54 119852
54 119981
54 120057
54 120075
54 120139
54 120143
54 120162
54 120220
54 120323
54 120417
54 120542
54 120671
54 120721
54 120779
54 120836
54 120854
54 120948
54 121111
54 121116
54 121209
54 121293
54 121305
54 121387
54 121431
54 121542
54 121610
54 121671
54 121677
54 121787
54 121807
54 121872
54 121987
54 121994
54 122134
54 122154
54 122156
54 122221
54 122286
54 122370
54 122465
54 122476
54 122482
54 122530
54 122660
54 122719
54 122793
54 122828
54 122869
54 122896
54 122949
54 122954
54 122976
54 123056
54 123343
54 123350
54 123447
54 123497
54 123528
54 123536
54 123643
54 123681
54 123706
54 123736
54 123870
54 123883
54 123895
54 123908
54 123942
54 123963
54 123976
54 123978
54 123994
54 124042
54 124045
54 124090
54 124121
54 124175
54 124319
54 124364
54 124371
54 124375
54 124492
54 124521
54 124780
54 124838
54 124888
54 124889
54 124905
54 125004
54 125201
54 125281
54 125328
54 125332
54 125335
54 125349
54 125351
54 125354
54 125476
54 125506
54 125678
54 125849
54 125855
54 125890
54 125917
54 125990
54 126191
54 126223
54 126244
54 126316
54 126323
54 126472
54 126502
54 126517
54 126663
54 126722
54 126888
54 126940
54 126968
54 127004
54 127028
54 127041
54 127056
54 127085
54 127136
54 127290
54 127462
54 127523
54 127544
54 127590
54 127621
54 127725
54 127797
54 127889
54 127949
54 127988
54 128013
54 128078
54 128094
54 128177
54 128215
54 128323
54 128576
54 128582
54 128629
54 128707
54 128801
54 128806
54 128978
54 128981
54 128986
54 129026
54 129039
54 129182
54 129189
54 129241
54 129286
54 129298
54 129315
54 129440
54 129451
54 129564
54 129652
54 129669
54 129672
54 129737
54 129830
54 129831
54 129918
54 129924
54 130029
54 130096
54 130231
54 130276
54 130295
54 130398
54 130443
54 130505
54 130531
54 130560
54 130661
54 130926
54 130939
54 131060
54 131093
54 131281
54 131415
54 131441
54 131630
54 131639
54 131656
54 131665
54 131787
54 131909
54 131980
54 132053
54 132102
54 132368
54 132386
54 132449
54 132477
54 132538
54 132585
54 132625
54 132648
54 132690
54 132752
54 132826
54 132830
54 133082
54 133099
54 133137
54 133158
54 133187
54 133201
54 133202
54 133209
54 133251
54 133266
54 133330
54 133369
54 133376
54 133380
54 133420
54 133493
54 133801
54 133846
54 133851
54 133993
54 134049
54 134264
54 134344
54 134374
54 134377
54 134408
54 134425
54 134799
54 134957
54 134980
54 134983
54 135024
54 135158
54 135221
54 135344
54 135352
54 135390
54 135419
54 135422
54 135475
54 135499
54 135616
54 135732
54 135955
54 136070
54 136073
54 136084
54 136089
54 136095
54 136137
54 136223
54 136228
54 136236
54 136239
54 136245
54 136256
54 136292
54 136470
54 136520
54 136524
54 136647
54 136859
54 137023
54 137230
54 137243
54 137288
54 137320
54 137384
54 137428
54 137522
54 137530
54 137562
54 137612
54 137672
54 137700
54 137773
54 137939
54 137980
54 137997
54 138000
54 138015
54 138103
54 138124
54 138311
54 138424
54 138441
54 138483
54 138539
54 138567
54 138621
54 138687
54 138721
54 138722
54 138843
54 139046
54 139067
54 139091
54 139132
54 139273
54 139381
54 139544
54 139609
54 139612
54 139650
54 139706
54 139777
54 139784
54 139955
54 140025
54 140064
54 140127
54 140173
54 140185
54 140195
54 140207
54 140255
54 140325
54 140359
54 140413
54 140436
54 140567
54 140635
54 140709
54 140734
54 140798
54 140887
54 140905
54 140920
54 140946
54 140956
54 141002
54 141007
54 141102
54 141149
54 141156
54 141391
54 141395
54 141492
54 141615
54 141629
54 141690
54 141701
54 141830
54 141941
54 141954
54 142037
54 142095
54 142225
54 142295
54 142345
54 142485
54 142511
54 142643
54 142791
54 142804
54 142817
54 142867
54 142987
54 142998
54 143138
54 143247
54 143271
54 143349
54 143417
54 143495
54 143809
54 143814
54 143874
54 143876
54 143910
54 143923
54 143994
54 144097
54 144155
54 144415
54 144487
54 144566
54 144662
54 144711
54 144768
54 144817
54 144837
54 144963
54 145070
54 145106
54 145206
54 145211
54 145344
54 145460
54 145521
54 145577
54 145620
54 145622
54 145630
54 145648
54 145791
54 145918
54 145938
54 146088
54 146101
54 146127
54 146279
54 146421
54 146426
54 146491
54 146559
54 146581
54 146606
54 146619
54 146651
54 146670
54 146686
54 146700
54 146714
54 146756
54 146763
54 146767
54 146778
54 146893
54 146910
54 147042
54 147081
54 147092
54 147104
54 147115
54 147228
54 147429
54 147520
54 147533
54 147586
54 147632
54 147648
54 147689
54 147697
54 147800
54 147839
54 147851
54 147906
54 147992
54 148127
54 148191
54 148356
54 148377
54 148378
54 148540
54 148660
54 148755
54 148803
54 148818
54 148821
54 148998
54 149040
54 149091
54 149145
54 149338
54 149391
54 149439
54 149480
54 149484
54 149488
54 149496
54 149619
54 149636
54 149818
54 149821
54 149889
54 149980
54 149999
54 150060
54 150079
54 150148
54 150188
54 150255
54 150319
54 150331
54 150357
54 150404
54 150443
54 150815
54 151005
54 151030
54 151038
54 151045
54 151052
54 151111
54 151144
54 151231
54 151247
54 151306
54 151459
54 151466
54 151559
54 151596
54 151639
54 151649
54 151679
54 151831
54 151898
54 151930
54 152016
54 152227
54 152234
54 152240
54 152335
54 152570
54 152836
54 152885
54 152964
54 153147
54 153205
54 153298
54 153380
54 153440
54 153453
54 153499
54 153621
54 153730
54 153781
54 153878
54 153960
54 154251
54 154520
54 154625
54 154733
54 154813
54 154841
54 154992
54 155091
54 155093
54 155124
54 155178
54 155409
54 155446
54 155570
54 155789
54 155821
54 155897
54 155965
54 156363
54 156443
54 156515
54 156546
54 156589
54 156639
54 156670
54 156679
54 156697
54 156699
54 156794
54 156836
54 156891
54 156895
54 156898
54 156911
54 157079
54 157119
54 157173
54 157185
54 157339
54 157380
54 157434
54 157760
54 157774
54 157893
54 157921
54 157938
54 158009
54 158065
54 158174
54 158186
54 158198
54 158250
54 158288
54 158333
54 158353
54 158406
54 158433
54 158436
54 158554
54 158691
54 158754
54 158758
54 158809
54 158880
54 158925
54 158938
54 159075
54 159174
54 159341
54 159461
54 159503
54 159507
54 159559
54 159678
54 159689
54 159733
54 159772
54 159776
54 159792
54 159798
54 159806
54 160026
54 160027
54 160187
54 160205
54 160249
54 160335
54 160354
54 160460
54 160619
54 160766
54 160791
54 160850
54 160958
54 161025
54 161066
54 161107
54 161226
54 161360
54 161511
54 161569
54 161806
54 161936
54 161973
54 162096
54 162120
54 162147
54 162247
54 162294
54 162332
54 162342
54 162374
54 162410
54 162534
54 162633
54 162653
54 162734
54 162925
54 163012
54 163036
54 163183
54 163302
54 163438
54 163456
54 163504
54 163545
54 163584
54 163705
54 163771
54 163788
54 163918
54 163959
54 164057
54 164317
54 164355
54 164360
54 164434
54 164457
54 164500
54 164513
54 164561
54 164565
54 164600
54 164601
54 164605
54 164618
54 164680
54 164689
54 164727
54 164744
54 164771
54 165035
54 165058
54 165122
54 165230
54 165263
54 165279
54 165314
54 165377
54 165432
54 165452
54 165455
54 165617
54 165855
54 165953
54 166202
54 166319
54 166365
54 166389
54 166408
54 166419
54 166427
54 166435
54 166463
54 166464
54 166489
54 166511
54 166753
54 166774
54 166933
54 167008
54 167057
54 167070
54 167117
54 167158
54 167169
54 167186
54 167278
54 167289
54 167394
54 167411
54 167455
54 167574
54 167612
54 167675
54 167888
54 167981
54 168010
54 168055
54 168058
54 168132
54 168154
54 168277
54 168283
54 168392
54 168504
54 168507
54 168590
54 168605
54 168619
54 168665
54 168853
54 168857
54 168873
54 168892
54 168916
54 168981
54 169059
54 169066
54 169070
54 169075
54 169145
54 169156
54 169177
54 169185
54 169201
54 169219
54 169362
54 169369
54 169444
54 169455
54 169532
54 169852
54 169874
63 56
63 220
63 315
63 334
63 459
63 519
63 535
63 597
63 600
63 661
63 672
63 771
63 811
63 861
63 1030
63 1127
63 1130
63 1251
63 1260
63 1271
63 1312
63 1356
63 1527
63 1528
63 1910
63 1911
63 1949
63 2021
63 2051
63 2056
63 2072
63 2113
63 2122
63 2189
63 2237
63 2266
63 2357
63 2399
63 2409
63 2429
63 2481
63 2529
63 2566
63 2736
63 2752
63 2827
63 2879
63 2948
63 2996
63 3105
63 3107
63 3177
63 3214
63 3315
63 3370
63 3406
63 3438
63 3455
63 3500
63 3631
63 3669
63 3766
63 3769
63 3808
63 3855
63 3880
63 3917
63 3945
63 4004
63 4300
63 4312
63 4319
63 4507
63 4546
63 4565
63 4595
63 4670
63 4739
63 4741
63 4840
63 4950
63 4958
63 5161
63 5190
63 5241
63 5285
63 5289
63 5303
63 5325
63 5329
63 5350
63 5428
63 5642
63 5653
63 5695
63 5845
63 5927
63 5985
63 5995
63 6005
63 6017
63 6035
63 6070
63 6139
63 6163
63 6175
63 6231
63 6287
63 6378
63 6385
63 6403
63 6428
63 6535
63 6562
63 6565
63 6599
63 6604
63 6646
63 6783
63 6968
63 6983
63 7048
63 7073
63 7079
63 7116
63 7134
63 7271
63 7356
63 7361
63 7386
63 7445
63 7486
63 7573
63 7639
63 7749
63 7873
63 7957
63 7968
63 8037
63 8138
63 8193
63 8285
63 8306
63 8325
63 8353
63 8383
63 8471
63 8514
63 8546
63 8586
63 8605
63 8845
63 8879
63 8986
63 9001
63 9027
63 9360
63 9382
63 9482
63 9529
63 9768
63 9872
63 9873
63 9874
63 10023
63 10093
63 10096
63 10165
63 10186
63 10563
63 10564
63 10601
63 10658
63 10754
63 10755
63 10972
63 11043
63 11276
63 11319
63 11495
63 11531
63 11654
63 11813
63 11911
63 12321
63 12487
63 12690
63 12816
63 12832
63 12931
63 13341
63 13382
63 13388
63 13638
63 13693
63 13767
63 13881
63 13963
63 14005
63 14041
63 14181
63 14268
63 14294
63 14426
63 14480
63 14550
63 14563
63 14773
63 14891
63 14907
63 14983
63 15180
63 15214
63 15224
63 15269
63 15285
63 15302
63 15367
63 15396
63 15480
63 15534
63 15550
63 15840
63 16003
63 16006
63 16051
63 16228
63 16270
63 16306
63 16323
63 16345
63 16402
63 16440
63 16446
63 16487
63 16604
63 16630
63 16645
63 16660
63 16730
63 16750
63 16763
63 16982
63 17029
63 17034
63 17061
63 17092
63 17164
63 17183
63 17202
63 17245
63 17270
63 17294
63 17299
63 17327
63 17422
63 17450
63 17495
63 17515
63 17528
63 17646
63 17680
63 17789
63 17790
63 17927
63 18058
63 18190
63 18297
63 18302
63 18311
63 18323
63 18326
63 18425
63 18426
63 18457
63 18523
63 18528
63 18626
63 18694
63 18706
63 18774
63 18776
63 18831
63 18865
63 18879
63 18926
63 18983
63 18990
63 19063
63 19066
63 19080
63 19084
63 19100
63 19384
63 19449
63 19471
63 19536
63 19549
63 19593
63 19628
63 19682
63 19817
63 19869
63 20047
63 20090
63 20112
63 20218
63 20241
63 20322
63 20358
63 20442
63 20450
63 20490
63 20492
63 20578
63 20617
63 20699
63 21091
63 21286
63 21333
63 21478
63 21577
63 21625
63 21687
63 21717
63 21760
63 21937
63 21940
63 21953
63 21979
63 22067
63 22137
63 22195
63 22344
63 22506
63 22510
63 22577
63 22674
63 22706
63 22715
63 22734
63 22835
63 23004
63 23061
63 23138
63 23187
63 23318
63 23403
63 23447
63 23470
63 23625
63 23637
63 23707
63 23764
63 23777
63 23779
63 23793
63 23841
63 23935
63 23971
63 24125
63 24153
63 24168
63 24179
63 24257
63 24461
63 24638
63 24741
63 24753
63 24799
63 24814
63 24849
63 24871
63 25078
63 25196
63 25349
63 25390
63 25695
63 25719
63 25731
63 25844
63 25964
63 25977
63 26000
63 26091
63 26173
63 26259
63 26303
63 26360
63 26363
63 26368
63 26390
63 26522
63 26534
63 26571
63 26583
63 26675
63 26792
63 26848
63 26909
63 27072
63 27211
63 27447
63 27532
63 27535
63 27544
63 27573
63 27612
63 27705
63 27713
63 27771
63 27776
63 27923
63 27965
63 27971
63 28000
63 28071
63 28265
63 28343
63 28357
63 28395
63 28415
63 28508
63 28528
63 28577
63 28648
63 28653
63 28678
63 28882
63 28926
63 28950
63 29106
63 29133
63 29232
63 29453
63 29480
63 29696
63 29722
63 29745
63 29804
63 29897
63 29914
63 29955
63 30051
63 30218
63 30221
63 30244
63 30341
63 30361
63 30430
63 30510
63 30552
63 30674
63 30692
63 30900
63 30963
63 31073
63 31079
63 31188
63 31196
63 31294
63 31353
63 31392
63 31650
63 31715
63 31736
63 31743
63 31780
63 31831
63 31844
63 31855
63 31894
63 31904
63 31939
63 31965
63 32019
63 32085
63 32098
63 32106
63 32163
63 32274
63 32302
63 32374
63 32444
63 32558
63 32626
63 32632
63 32649
63 32664
63 32710
63 32787
63 32864
63 32885
63 33008
63 33018
63 33036
63 33091
63 33133
63 33225
63 33262
63 33395
63 33454
63 33545
63 33633
63 33642
63 33734
63 33883
63 33919
63 33928
63 34129
63 34154
63 34175
63 34229
63 34257
63 34393
63 34496
63 34835
63 34840
63 34908
63 34931
63 35018
63 35088
63 35163
63 35164
63 35343
63 35357
63 35360
63 35373
63 35377
63 35379
63 35406
63 35410
63 35490
63 35502
63 35503
63 35685
63 35806
63 35825
63 35839
63 35992
63 36144
63 36222
63 36225
63 36301
63 36304
63 36345
63 36421
63 36435
63 36563
63 36564
63 36625
63 36636
63 36720
63 36760
63 36807
63 36859
63 36871
63 36930
63 36962
63 37015
63 37066
63 37096
63 37252
63 37274
63 37341
63 37345
63 37360
63 37368
63 37459
63 37544
63 37651
63 37676
63 37780
63 37814
63 37963
63 37977
63 38032
63 38058
63 38087
63 38108
63 38140
63 38184
63 38185
63 38197
63 38250
63 38300
63 38314
63 38369
63 38413
63 38439
63 38474
63 38475
63 38491
63 38533
63 38680
63 38690
63 38712
63 38730
63 38742
63 38775
63 39109
63 39114
63 39163
63 39385
63 39399
63 39556
63 39572
63 39642
63 39649
63 39674
63 39737
63 39750
63 39807
63 39969
63 39986
63 40116
63 40148
63 40225
63 40282
63 40377
63 40453
63 40471
63 40511
63 40541
63 40618
63 40639
63 40684
63 40807
63 41100
63 41268
63 41410
63 41462
63 41500
63 41508
63 41588
63 41616
63 41702
63 41757
63 41909
63 41995
63 41998
63 42096
63 42188
63 42245
63 42321
63 42341
63 42358
63 42466
63 42582
63 42617
63 42642
63 42661
63 42727
63 42781
63 42897
63 42972
63 42979
63 43044
63 43091
63 43258
63 43267
63 43279
63 43281
63 43466
63 43495
63 43519
63 43545
63 43655
63 43670
63 43738
63 43795
63 43899
63 43916
63 43930
63 43949
63 44007
63 44089
63 44191
63 44213
63 44395
63 44419
63 44428
63 44554
63 44595
63 44637
63 44676
63 44842
63 44875
63 44918
63 45036
63 45043
63 45079
63 45093
63 45101
63 45141
63 45196
63 45275
63 45286
63 45314
63 45317
63 45322
63 45385
63 45417
63 45504
63 45516
63 45520
63 45526
63 45549
63 45577
63 45596
63 45611
63 45779
63 45824
63 45991
63 46039
63 46224
63 46424
63 46506
63 46522
63 46537
63 46554
63 46707
63 46714
63 46741
63 46744
63 47020
63 47033
63 47046
63 47049
63 47320
63 47368
63 47376
63 47421
63 47422
63 47494
63 47551
63 47646
63 47715
63 47892
63 48002
63 48081
63 48337
63 48428
63 48449
63 48469
63 48608
63 48648
63 48670
63 48678
63 48691
63 48696
63 48761
63 48955
63 48980
63 48998
63 49036
63 49124
63 49186
63 49187
63 49192
63 49380
63 49422
63 49449
63 49471
63 49564
63 49593
63 49606
63 49696
63 49703
63 49723
63 49847
63 49863
63 50057
63 50099
63 50133
63 50155
63 50170
63 50388
63 50511
63 50518
63 50544
63 50545
63 50625
63 50669
63 50744
63 50765
63 50774
63 50865
63 50880
63 50892
63 50923
63 50960
63 50968
63 51013
63 51259
63 51275
63 51302
63 51376
63 51506
63 51553
63 51589
63 51636
63 51653
63 51687
63 51715
63 51747
63 51859
63 51864
63 51945
63 52027
63 52049
63 52120
63 52137
63 52149
63 52169
63 52199
63 52204
63 52368
63 52498
63 52558
63 52609
63 52614
63 52656
63 52671
63 52813
63 52819
63 52825
63 52832
63 52883
63 52886
63 52970
63 53014
63 53020
63 53217
63 53265
63 53327
63 53405
63 53430
63 53435
63 53625
63 53723
63 53754
63 53757
63 53791
63 53911
63 53936
63 54060
63 54072
63 54260
63 54339
63 54371
63 54382
63 54401
63 54409
63 54446
63 54453
63 54624
63 54630
63 54676
63 54679
63 54681
63 54685
63 54698
63 54724
63 54748
63 54779
63 54834
63 54854
63 54892
63 54951
63 55097
63 55102
63 55144
63 55240
63 55254
63 55264
63 55463
63 55671
63 55776
63 55924
63 56010
63 56018
63 56024
63 56038
63 56051
63 56057
63 56191
63 56204
63 56250
63 56261
63 56346
63 56362
63 56526
63 56529
63 56541
63 56574
63 56647
63 56671
63 56706
63 56713
63 56737
63 56843
63 56876
63 56925
63 57003
63 57097
63 57170
63 57353
63 57360
63 57436
63 57537
63 57593
63 57635
63 57768
63 57780
63 57823
63 57866
63 57964
63 58108
63 58148
63 58207
63 58339
63 58363
63 58371
63 58399
63 58476
63 58480
63 58533
63 58566
63 58607
63 58634
63 58723
63 58752
63 58781
63 58808
63 58813
63 59023
63 59086
63 59136
63 59263
63 59303
63 59353
63 59366
63 59542
63 59553
63 59589
63 59662
63 59837
63 59839
63 59847
63 59890
63 59930
63 59947
63 59954
63 60031
63 60142
63 60143
63 60165
63 60263
63 60297
63 60379
63 60393
63 60413
63 60563
63 60598
63 60648
63 60656
63 60889
63 60895
63 61043
63 61104
63 61107
63 61135
63 61142
63 61462
63 61489
63 61567
63 61620
63 61635
63 61718
63 61721
63 61727
63 61775
63 61837
63 61876
63 61961
63 62051
63 62166
63 62296
63 62298
63 62358
63 62398
63 62441
63 62475
63 62476
63 62587
63 62606
63 62608
63 62618
63 62651
63 62686
63 62697
63 62740
63 62771
63 63018
63 63022
63 63064
63 63156
63 63210
63 63563
63 63597
63 63632
63 63691
63 63868
63 64120
63 64248
63 64249
63 64310
63 64450
63 64628
63 64758
63 64851
63 64927
63 64977
63 65027
63 65060
63 65063
63 65081
63 65084
63 65266
63 65300
63 65301
63 65319
63 65508
63 65527
63 65709
63 65826
63 65917
63 65934
63 65940
63 65957
63 65989
63 66063
63 66107
63 66133
63 66153
63 66160
63 66297
63 66324
63 66329
63 66407
63 66445
63 66501
63 66543
63 66654
63 66681
63 66702
63 66726
63 66750
63 66805
63 66853
63 66906
63 66910
63 66941
63 66959
63 66982
63 67001
63 67016
63 67254
63 67256
63 67338
63 67405
63 67417
63 67583
63 67661
63 67702
63 67717
63 67744
63 67759
63 67780
63 67784
63 67802
63 67833
63 67868
63 68025
63 68065
63 68162
63 68204
63 68227
63 68247
63 68270
63 68318
63 68322
63 68343
63 68463
63 68482
63 68635
63 68810
63 68849
63 68910
63 69255
63 69257
63 69312
63 69338
63 69356
63 69374
63 69379
63 69407
63 69417
63 69498
63 69514
63 69568
63 69734
63 69739
63 69766
63 69772
63 69782
63 69878
63 70044
63 70047
63 70198
63 70290
63 70524
63 70593
63 70606
63 70631
63 70645
63 70690
63 70838
63 70858
63 70961
63 70971
63 70977
63 71018
63 71153
63 71161
63 71189
63 71236
63 71299
63 71320
63 71356
63 71361
63 71369
63 71524
63 71527
63 71581
63 71611
63 71787
63 71821
63 71824
63 71890
63 71945
63 72120
63 72410
63 72528
63 72538
63 72632
63 72651
63 72691
63 72812
63 72816
63 72824
63 72836
63 72878
63 72901
63 72926
63 72944
63 73006
63 73034
63 73250
63 73378
63 73528
63 73572
63 73576
63 73675
63 73719
63 73916
63 73944
63 74019
63 74059
63 74096
63 74101
63 74252
63 74426
63 74437
63 74470
63 74483
63 74486
63 74622
63 74634
63 74979
63 74985
63 75019
63 75057
63 75126
63 75135
63 75156
63 75314
63 75324
63 75333
63 75353
63 75429
63 75430
63 75486
63 75595
63 75718
63 75841
63 75848
63 75882
63 75985
63 75997
63 76013
63 76137
63 76220
63 76237
63 76238
63 76344
63 76352
63 76416
63 76491
63 76499
63 76533
63 76579
63 76637
63 76702
63 76706
63 76757
63 76759
63 76808
63 76835
63 76870
63 76883
63 76930
63 76976
63 77172
63 77299
63 77308
63 77359
63 77414
63 77740
63 77800
63 77805
63 78010
63 78099
63 78295
63 78300
63 78385
63 78437
63 78466
63 78482
63 78627
63 78802
63 78823
63 79224
63 79287
63 79570
63 79576
63 79642
63 79693
63 79823
63 79914
63 79943
63 80021
63 80082
63 80199
63 80277
63 80334
63 80400
63 80461
63 80501
63 80553
63 80582
63 80622
63 80707
63 80734
63 80749
63 80850
63 80860
63 80900
63 80943
63 80963
63 81056
63 81103
63 81165
63 81177
63 81178
63 81264
63 81283
63 81397
63 81405
63 81431
63 81545
63 81602
63 81639
63 81693
63 81754
63 81772
63 81858
63 81884
63 81895
63 81916
63 82064
63 82101
63 82134
63 82151
63 82253
63 82400
63 82422
63 82438
63 82446
63 82452
63 82626
63 82638
63 82872
63 82952
63 82999
63 83200
63 83237
63 83250
63 83324
63 83358
63 83401
63 83588
63 83623
63 83729
63 83795
63 83994
63 83996
63 84006
63 84061
63 84115
63 84116
63 84150
63 84275
63 84301
63 84489
63 84501
63 84522
63 84529
63 84965
63 85012
63 85056
63 85081
63 85094
63 85164
63 85237
63 85396
63 85401
63 85422
63 85526
63 85554
63 85573
63 85596
63 85680
63 85721
63 85735
63 85779
63 85787
63 85845
63 85889
63 85929
63 85989
63 86067
63 86083
63 86095
63 86142
63 86152
63 86167
63 86221
63 86246
63 86304
63 86474
63 86511
63 86581
63 86675
63 86763
63 86926
63 86987
63 87060
63 87227
63 87306
63 87346
63 87356
63 87434
63 87541
63 87543
63 87618
63 87791
63 87838
63 87916
63 87927
63 87964
63 87982
63 87988
63 88100
63 88182
63 88203
63 88319
63 88323
63 88431
63 88493
63 88519
63 88574
63 88608
63 88617
63 88733
63 88781
63 88808
63 88853
63 88903
63 89164
63 89178
63 89238
63 89275
63 89282
63 89590
63 89597
63 89617
63 89645
63 89718
63 89741
63 89769
63 89773
63 89967
63 90055
63 90150
63 90174
63 90215
63 90411
63 90429
63 90540
63 90652
63 90695
63 90732
63 90765
63 90874
63 90899
63 90937
63 91058
63 91116
63 91144
63 91291
63 91393
63 91420
63 91436
63 91492
63 91575
63 91594
63 91696
63 91700
63 91743
63 91876
63 91877
63 91906
63 92114
63 92219
63 92250
63 92295
63 92308
63 92478
63 92499
63 92525
63 92608
63 92659
63 92660
63 92663
63 92687
63 92697
63 92753
63 92812
63 92820
63 92833
63 92965
63 93239
63 93488
63 93632
63 93715
63 93754
63 93850
63 93885
63 93937
63 93999
63 94202
63 94221
63 94533
63 94546
63 94608
63 94653
63 94657
63 94807
63 94828
63 95032
63 95061
63 95066
63 95076
63 95102
63 95245
63 95332
63 95384
63 95414
63 95486
63 95578
63 95604
63 95957
63 96004
63 96033
63 96068
63 96079
63 96104
63 96209
63 96256
63 96342
63 96492
63 96500
63 96593
63 96597
63 96608
63 96739
63 96762
63 96847
63 96883
63 96899
63 96938
63 96964
63 97026
63 97072
63 97080
63 97092
63 97145
63 97248
63 97334
63 97406
63 97420
63 97441
63 97444
63 97605
63 97607
63 97809
63 97860
63 97885
63 97917
63 97931
63 98023
63 98033
63 98070
63 98083
63 98093
63 98161
63 98171
63 98234
63 98267
63 98269
63 98274
63 98279
63 98313
63 98426
63 98503
63 98554
63 98661
63 98783
63 98787
63 98793
63 98858
63 98883
63 98890
63 98915
63 98948
63 99080
63 99081
63 99085
63 99088
63 99121
63 99164
63 99279
63 99283
63 99330
63 99393
63 99398
63 99424
63 99464
63 99632
63 99636
63 99684
63 99703
63 99746
63 99838
63 99876
63 99936
63 99947
63 100069
63 100149
63 100286
63 100313
63 100343
63 100393
63 100470
63 100673
63 100678
63 100711
63 100724
63 100756
63 100779
63 100808
63 100844
63 100845
63 100934
63 100955
63 100973
63 100988
63 101058
63 101143
63 101240
63 101246
63 101260
63 101270
63 101279
63 101379
63 101460
63 101461
63 101482
63 101504
63 101546
63 101571
63 101620
63 101631
63 101652
63 101659
63 101873
63 101946
63 101965
63 101983
63 102012
63 102030
63 102031
63 102255
63 102271
63 102294
63 102318
63 102344
63 102362
63 102623
63 102745
63 102820
63 102898
63 102946
63 102960
63 103015
63 103072
63 103091
63 103104
63 103133
63 103200
63 103214
63 103241
63 103263
63 103359
63 103377
63 103429
63 103530
63 103664
63 103688
63 103704
63 103709
63 103737
63 103761
63 103780
63 103879
63 103983
63 104030
63 104082
63 104104
63 104173
63 104196
63 104215
63 104355
63 104441
63 104518
63 104594
63 104619
63 104628
63 104632
63 104705
63 104776
63 104778
63 104813
63 104826
63 104885
63 104887
63 104917
63 105031
63 105283
63 105285
63 105359
63 105421
63 105498
63 105614
63 105681
63 105725
63 105751
63 105806
63 105811
63 105829
63 105837
63 105839
63 105946
63 106141
63 106152
63 106252
63 106346
63 106359
63 106489
63 106555
63 106596
63 106597
63 106664
63 106681
63 106705
63 106914
63 106984
63 107013
63 107019
63 107035
63 107038
63 107119
63 107123
63 107178
63 107189
63 107199
63 107257
63 107272
63 107423
63 107592
63 107596
63 107612
63 107624
63 107658
63 107755
63 107771
63 107826
63 107850
63 107877
63 107938
63 107996
63 108038
63 108039
63 108046
63 108048
63 108097
63 108121
63 108176
63 108256
63 108297
63 108328
63 108386
63 108501
63 108516
63 108594
63 108653
63 108666
63 108765
63 109036
63 109037
63 109052
63 109110
63 109229
63 109238
63 109315
63 109357
63 109400
63 109440
63 109483
63 109498
63 109533
63 109536
63 109592
63 109672
63 109701
63 109710
63 109888
63 109902
63 109922
63 110019
63 110072
63 110102
63 110120
63 110124
63 110176
63 110297
63 110375
63 110389
63 110404
63 110428
63 110461
63 110515
63 110523
63 110532
63 110533
63 110535
63 110543
63 110560
63 110648
63 110656
63 110729
63 110733
63 110761
63 110812
63 110941
63 110943
63 111016
63 111055
63 111108
63 111211
63 111231
63 111260
63 111396
63 111399
63 111436
63 111442
63 111449
63 111498
63 111503
63 111524
63 111566
63 111592
63 111602
63 111665
63 111728
63 111772
63 111916
63 111999
63 112049
63 112129
63 112233
63 112437
63 112520
63 112554
63 112595
63 112612
63 112683
63 112706
63 112725
63 112846
63 112848
63 112878
63 112979
63 112997
63 113000
63 113076
63 113085
63 113115
63 113145
63 113200
63 113239
63 113293
63 113294
63 113432
63 113482
63 113523
63 113549
63 113651
63 113691
63 113786
63 113846
63 113880
63 113914
63 113946
63 113954
63 113981
63 114028
63 114062
63 114073
63 114080
63 114089
63 114205
63 114242
63 114300
63 114318
63 114366
63 114381
63 114424
63 114589
63 114657
63 114662
63 114855
63 114945
63 114985
63 115143
63 115186
63 115220
63 115330
63 115411
63 115460
63 115469
63 115539
63 115572
63 115625
63 115656
63 115674
63 115706
63 115721
63 115744
63 115746
63 115759
63 115883
63 115894
63 115898
63 116012
63 116118
63 116228
63 116240
63 116241
63 116266
63 116300
63 116357
63 116460
63 116468
63 116661
63 116682
63 116713
63 116927
63 117004
63 117204
63 117275
63 117339
63 117363
63 117370
63 117506
63 117578
63 117624
63 117656
63 117679
63 117763
63 117767
63 117814
63 117831
63 117913
63 117967
63 117978
63 118002
63 118060
63 118109
63 118128
63 118144
63 118165
63 118180
63 118317
63 118332
63 118376
63 118409
63 118411
63 118478
63 118505
63 118599
63 118630
63 118666
63 118817
63 118820
63 118826
63 118848
63 118918
63 118933
63 118977
63 118993
63 119009
63 119024
63 119040
63 119112
63 119137
63 119153
63 119225
63 119261
63 119281
63 119455
63 119540
63 119556
63 119620
63 119665
63 119682
63 119705
63 119742
63 119745
63 119783
63 119842
63 119860
63 119949
63 119962
63 119971
63 120005
63 120014
63 120052
63 120093
63 120117
63 120131
63 120149
63 120177
63 120315
63 120646
63 120681
63 120696
63 120813
63 120928
63 120929
63 120948
63 120973
63 120978
63 121001
63 121004
63 121005
63 121012
63 121032
63 121069
63 121092
63 121130
63 121161
63 121260
63 121276
63 121340
63 121393
63 121660
63 121693
63 121841
63 121862
63 121968
63 122024
63 122120
63 122148
63 122209
63 122412
63 122422
63 122443
63 122500
63 122525
63 122537
63 122544
63 122600
63 122632
63 122739
63 122746
63 122910
63 122967
63 122988
63 122991
63 123022
63 123224
63 123359
63 123383
63 123438
63 123495
63 123509
63 123659
63 123692
63 123701
63 123750
63 123899
63 123900
63 124011
63 124056
63 124060
63 124082
63 124137
63 124224
63 124233
63 124359
63 124400
63 124413
63 124440
63 124476
63 124530
63 124558
63 124601
63 124627
63 124675
63 124750
63 124877
63 124923
63 124967
63 125027
63 125085
63 125142
63 125213
63 125250
63 125328
63 125363
63 125396
63 125419
63 125510
63 125632
63 125662
63 125711
63 125741
63 125761
63 125771
63 125787
63 125948
63 125980
63 126019
63 126035
63 126045
63 126052
63 126203
63 126211
63 126214
63 126269
63 126345
63 126359
63 126384
63 126426
63 126489
63 126687
63 126789
63 126879
63 126917
63 126931
63 127008
63 127024
63 127038
63 127056
63 127096
63 127148
63 127168
63 127225
63 127306
63 127381
63 127391
63 127466
63 127481
63 127499
63 127503
63 127516
63 127610
63 127626
63 127671
63 127679
63 127800
63 127830
63 127864
63 128125
63 128146
63 128213
63 128294
63 128387
63 128434
63 128458
63 128529
63 128571
63 128729
63 128734
63 128759
63 128775
63 128777
63 128883
63 128884
63 128885
63 128929
63 129030
63 129215
63 129243
63 129311
63 129334
63 129483
63 129585
63 129608
63 129619
63 129736
63 129737
63 129787
63 129812
63 129860
63 129865
63 129940
63 129944
63 129981
63 130014
63 130029
63 130043
63 130047
63 130073
63 130163
63 130212
63 130214
63 130216
63 130218
63 130244
63 130265
63 130295
63 130457
63 130472
63 130480
63 130520
63 130550
63 130553
63 130617
63 130638
63 130686
63 130761
63 130820
63 130880
63 130902
63 131018
63 131074
63 131101
63 131157
63 131180
63 131240
63 131290
63 131322
63 131342
63 131362
63 131368
63 131499
63 131703
63 131737
63 131775
63 131806
63 132097
63 132146
63 132205
63 132236
63 132365
63 132447
63 132508
63 132518
63 132589
63 132733
63 132786
63 132842
63 133000
63 133015
63 133033
63 133099
63 133184
63 133200
63 133240
63 133262
63 133288
63 133292
63 133376
63 133436
63 133444
63 133505
63 133710
63 133927
63 134157
63 134179
63 134191
63 134300
63 134464
63 134481
63 134509
63 134556
63 134607
63 134688
63 134698
63 134707
63 134818
63 134824
63 134863
63 134968
63 135045
63 135176
63 135269
63 135282
63 135308
63 135313
63 135315
63 135352
63 135417
63 135428
63 135446
63 135468
63 135470
63 135502
63 135574
63 135625
63 135664
63 135700
63 135717
63 135806
63 135878
63 135965
63 135991
63 136050
63 136168
63 136193
63 136284
63 136346
63 136376
63 136434
63 136497
63 136517
63 136569
63 136641
63 136785
63 137012
63 137056
63 137090
63 137091
63 137114
63 137118
63 137130
63 137159
63 137194
63 137223
63 137302
63 137374
63 137375
63 137459
63 137470
63 137658
63 137724
63 137755
63 137781
63 138037
63 138049
63 138103
63 138175
63 138351
63 138415
63 138528
63 138556
63 138827
63 138900
63 138925
63 138951
63 138971
63 139005
63 139163
63 139273
63 139341
63 139374
63 139381
63 139596
63 139597
63 139631
63 139672
63 139695
63 139814
63 139855
63 139928
63 140013
63 140040
63 140104
63 140116
63 140117
63 140160
63 140166
63 140269
63 140317
63 140475
63 140498
63 140573
63 140587
63 140595
63 140602
63 140614
63 140619
63 140642
63 140665
63 140702
63 140732
63 140884
63 140913
63 140955
63 140997
63 141060
63 141117
63 141190
63 141266
63 141417
63 141455
63 141516
63 141584
63 141647
63 141658
63 141677
63 141683
63 141703
63 141828
63 141988
63 142027
63 142161
63 142373
63 142509
63 142590
63 142606
63 142640
63 142740
63 142744
63 142820
63 143020
63 143112
63 143136
63 143166
63 143275
63 143277
63 143297
63 143377
63 143418
63 143492
63 143534
63 143538
63 143569
63 143625
63 143719
63 143810
63 144054
63 144174
63 144199
63 144212
63 144269
63 144299
63 144309
63 144322
63 144327
63 144394
63 144398
63 144399
63 144540
63 144649
63 144701
63 144719
63 144743
63 144754
63 144809
63 144810
63 144883
63 144969
63 145087
63 145090
63 145110
63 145138
63 145185
63 145192
63 145206
63 145243
63 145271
63 145284
63 145332
63 145561
63 145567
63 145576
63 145696
63 145789
63 145820
63 145938
63 145986
63 146003
63 146133
63 146157
63 146246
63 146383
63 146432
63 146623
63 146681
63 146692
63 146699
63 146717
63 146752
63 146776
63 146886
63 146928
63 147083
63 147115
63 147122
63 147180
63 147214
63 147247
63 147255
63 147272
63 147373
63 147375
63 147451
63 147469
63 147487
63 147523
63 147639
63 147663
63 147724
63 147737
63 147834
63 147883
63 147916
63 147921
63 147955
63 147992
63 147999
63 148067
63 148070
63 148114
63 148132
63 148352
63 148382
63 148426
63 148436
63 148495
63 148532
63 148556
63 148590
63 148605
63 148637
63 148715
63 148766
63 148891
63 148910
63 148915
63 148939
63 149049
63 149060
63 149131
63 149138
63 149284
63 149288
63 149301
63 149351
63 149454
63 149492
63 149525
63 149535
63 149682
63 149696
63 149708
63 149768
63 149858
63 149868
63 149911
63 149924
63 149952
63 150055
63 150108
63 150193
63 150208
63 150236
63 150242
63 150375
63 150410
63 150415
63 150435
63 150474
63 150570
63 150587
63 150674
63 150678
63 150719
63 150744
63 150816
63 150933
63 151002
63 151159
63 151217
63 151250
63 151301
63 151371
63 151394
63 151396
63 151403
63 151471
63 151494
63 151562
63 151568
63 151653
63 151682
63 151747
63 151772
63 151773
63 151795
63 151936
63 152081
63 152179
63 152181
63 152207
63 152224
63 152248
63 152305
63 152358
63 152403
63 152405
63 152516
63 152517
63 152525
63 152641
63 152752
63 152769
63 152817
63 152898
63 153014
63 153024
63 153133
63 153213
63 153239
63 153245
63 153336
63 153348
63 153429
63 153483
63 153485
63 153573
63 153629
63 153716
63 153793
63 154007
63 154082
63 154144
63 154161
63 154349
63 154559
63 154571
63 154584
63 154594
63 154610
63 154646
63 154680
63 154913
63 155089
63 155090
63 155111
63 155294
63 155307
63 155356
63 155371
63 155419
63 155431
63 155449
63 155498
63 155610
63 155698
63 155709
63 155732
63 155802
63 155894
63 155972
63 155975
63 155980
63 155987
63 156053
63 156054
63 156134
63 156192
63 156220
63 156299
63 156462
63 156537
63 156567
63 156568
63 156572
63 156613
63 156693
63 156697
63 156705
63 156887
63 156939
63 157016
63 157082
63 157098
63 157417
63 157569
63 157691
63 157755
63 157767
63 157777
63 157819
63 157853
63 157873
63 157927
63 157935
63 157937
63 158043
63 158047
63 158081
63 158139
63 158199
63 158235
63 158250
63 158304
63 158312
63 158381
63 158399
63 158400
63 158409
63 158444
63 158678
63 158834
63 158840
63 159013
63 159014
63 159097
63 159257
63 159258
63 159349
63 159362
63 159367
63 159437
63 159583
63 159611
63 159697
63 159711
63 159742
63 159768
63 159778
63 159868
63 159952
63 159977
63 160003
63 160082
63 160162
63 160172
63 160306
63 160408
63 160457
63 160624
63 160681
63 160787
63 160832
63 160847
63 160938
63 161032
63 161063
63 161089
63 161135
63 161168
63 161192
63 161241
63 161284
63 161301
63 161418
63 161425
63 161517
63 161603
63 161711
63 161750
63 161873
63 161897
63 162028
63 162059
63 162124
63 162275
63 162281
63 162349
63 162359
63 162379
63 162389
63 162406
63 162411
63 162473
63 162495
63 162537
63 162669
63 162679
63 162699
63 162739
63 162754
63 162771
63 162786
63 162789
63 162832
63 162884
63 162961
63 163015
63 163041
63 163115
63 163429
63 163451
63 163457
63 163527
63 163608
63 163758
63 163822
63 163831
63 163846
63 163848
63 164124
63 164160
63 164301
63 164419
63 164705
63 164792
63 164799
63 164883
63 164935
63 165071
63 165095
63 165113
63 165151
63 165173
63 165295
63 165312
63 165326
63 165337
63 165345
63 165391
63 165458
63 165562
63 165575
63 165605
63 165647
63 166091
63 166094
63 166259
63 166274
63 166331
63 166447
63 166465
63 166584
63 166590
63 166647
63 166692
63 166758
63 166804
63 166852
63 167171
63 167294
63 167333
63 167374
63 167388
63 167397
63 167442
63 167445
63 167496
63 167562
63 167642
63 167653
63 167703
63 167730
63 167782
63 167788
63 167805
63 167886
63 167902
63 167908
63 167958
63 167990
63 168129
63 168289
63 168330
63 168346
63 168349
63 168363
63 168370
63 168589
63 168720
63 169166
63 169191
63 169198
63 169272
63 169309
63 169312
63 169342
63 169374
63 169540
63 169596
63 169631
63 169675
63 169829
63 169830
63 169924
63 169998
63 170003
63 170038
63 170091
63 170143
63 170156
63 170243
63 170246
63 170268
63 170318
63 170348
63 170387
63 170601
63 170711
63 170743
63 170783
63 170974
63 171035
63 171150
63 171264
63 171471
63 171539
63 171691
63 171706
63 171759
63 171842
63 171848
63 172153
63 172298
63 172311
63 172343
63 172410
63 172429
63 172449
63 172462
63 172528
63 172539
63 172581
63 172670
63 172758
63 172780
63 172782
63 172856
63 172976
63 173033
63 173065
63 173189
63 173263
63 173270
63 173313
63 173358
63 173378
63 173481
63 173518
63 173539
63 173571
63 173630
63 173659
63 173858
63 173883
63 173966
63 174010
63 174031
63 174044
63 174051
63 174088
63 174334
63 174395
63 174404
63 174428
63 174526
63 174692
63 174785
63 174833
63 175032
63 175180
63 175185
63 175197
63 175262
63 175320
63 175411
63 175632
63 175670
63 175674
63 175684
63 175807
63 175838
63 175846
63 175857
63 175870
63 175897
63 175961
63 176045
63 176055
63 176085
63 176304
63 176341
63 176360
63 176502
63 176505
63 176545
63 176567
63 176670
63 176729
63 176795
63 176913
63 176922
63 177138
63 177245
63 177272
63 177273
63 177315
63 177361
63 177372
63 177374
63 177426
63 177440
63 177487
63 177542
63 177543
63 177545
63 177626
63 177635
63 177656
63 177685
63 177749
63 177786
63 177840
63 177852
63 177864
63 177928
63 178017
63 178019
63 178035
63 178067
63 178141
63 178151
63 178210
63 178369
63 178395
63 178493
63 178582
63 178591
63 178603
63 178614
63 178618
63 178700
63 178712
63 178843
63 178849
63 178891
63 178926
63 178959
63 179063
63 179160
63 179217
63 179222
63 179308
63 179523
63 179648
63 179654
63 179674
63 179712
63 179817
63 179856
63 179916
63 179930
63 179991
63 180026
63 180323
63 180370
63 180376
63 180379
63 180406
63 180440
63 180478
63 180716
63 180732
63 180736
63 180807
63 180883
63 180939
63 180991
63 181057
63 181193
63 181198
63 181217
63 181226
63 181237
63 181307
63 181372
63 181397
63 181489
63 181508
63 181536
63 181609
63 181653
63 181699
63 181701
63 181726
63 181776
63 181902
63 181959
63 181990
63 182034
63 182057
63 182114
63 182132
63 182142
63 182202
63 182305
63 182382
63 182402
63 182417
63 182422
63 182430
63 182449
63 182462
63 182474
63 182478
63 182488
63 182526
63 182533
63 182589
63 182706
63 182732
63 182735
63 182785
63 182885
63 182903
63 182953
63 182954
63 183279
63 183331
63 183355
63 183398
63 183422
63 183503
63 183507
63 183536
63 183569
63 183597
63 183614
63 183732
63 183787
63 183813
63 183930
63 183934
63 183977
63 183986
63 184020
63 184032
63 184042
63 184046
63 184067
63 184135
63 184166
63 184205
63 184212
63 184239
63 184253
63 184344
63 184353
63 184370
63 184395
63 184477
63 184530
63 184644
63 184654
63 184756
63 184792
63 184917
63 184931
63 184933
63 184960
63 184984
63 185003
63 185030
63 185045
63 185068
63 185082
63 185151
63 185180
63 185201
63 185310
63 185359
63 185360
63 185399
63 185406
63 185415
63 185484
63 185503
63 185519
63 185521
63 185537
63 185555
63 185640
63 185683
63 185950
63 185969
63 185975
63 186000
63 186046
63 186206
63 186245
63 186284
63 186341
63 186404
63 186405
63 186477
63 186557
63 186730
63 186824
63 186906
63 186974
63 187023
63 187125
63 187233
63 187234
63 187306
63 187339
63 187367
63 187483
63 187500
63 187597
63 187688
63 187740
63 187748
63 187785
63 187830
63 187870
63 187886
63 187931
63 187938
63 187964
63 187991
63 188165
63 188201
63 188266
63 188337
63 188408
63 188530
63 188561
63 188713
63 188725
63 188727
63 188737
63 188832
63 188846
63 188888
63 188936
63 188977
63 189070
63 189193
63 189230
63 189242
63 189244
63 189308
63 189356
63 189364
63 189378
63 189395
63 189535
63 189577
63 189677
63 189801
63 189840
63 189950
63 189990
63 190000
63 190010
63 190076
63 190122
63 190232
63 190239
63 190262
63 190368
63 190396
63 190398
63 190411
63 190424
63 190553
63 190579
63 190597
63 190786
63 190824
63 190868
63 190904
63 190975
63 191064
63 191095
63 191194
63 191202
63 191228
63 191244
63 191304
63 191306
63 191360
63 191410
63 191424
63 191448
63 191506
63 191663
63 191757
63 191823
63 191931
63 191944
63 191966
63 191987
63 191994
63 192140
63 192160
63 192176
63 192230
63 192322
63 192339
63 192381
63 192444
63 192542
63 192709
63 192717
63 192736
63 192751
63 192889
63 192980
63 192990
63 193026
63 193033
63 193062
63 193064
63 193096
63 193156
63 193157
63 193170
63 193175
63 193196
63 193233
63 193344
63 193402
63 193422
63 193553
63 193611
63 193832
63 193868
63 193869
63 194022
63 194075
63 194091
63 194161
63 194174
63 194287
63 194302
63 194350
63 194363
63 194495
63 194557
63 194617
63 194631
63 194693
63 194747
63 194927
63 194990
63 195104
63 195233
63 195249
63 195343
63 195354
63 195378
63 195460
63 195579
63 195603
63 195609
63 195622
63 195694
63 195697
63 195716
63 195760
63 195806
63 195846
63 195859
63 195870
63 195971
63 195988
63 196033
63 196108
63 196144
63 196230
63 196233
63 196271
63 196299
63 196311
63 196315
63 196342
63 196394
63 196411
63 196434
63 196497
63 196503
63 196583
63 196586
63 196596
63 196603
63 196731
63 196756
63 196782
63 196807
63 196955
63 197042
63 197072
63 197109
63 197176
63 197223
63 197421
63 197482
63 197506
63 197524
63 197532
63 197602
63 197628
63 197661
63 197828
63 197833
63 197899
63 197934
63 198014
63 198071
63 198103
63 198132
63 198139
63 198163
63 198295
63 198363
63 198373
63 198386
63 198398
63 198482
63 198492
63 198495
63 198549
63 198552
63 198636
63 198737
63 198803
63 198858
63 198972
63 199023
63 199067
63 199071
63 199119
63 199150
63 199152
63 199209
63 199210
63 199239
63 199248
63 199256
63 199293
63 199340
63 199402
63 199451
63 199477
63 199491
63 199500
63 199571
63 199615
63 199617
63 199625
63 199627
63 199655
63 199722
63 199753
63 199841
63 199950
63 199974
63 199985
63 200043
63 200098
63 200153
63 200190
63 200347
63 200482
63 200558
63 200597
63 200633
63 200652
63 200761
63 200772
63 200861
63 200892
63 201050
63 201154
63 201364
63 201447
63 201450
63 201506
63 201643
63 201655
63 201804
63 201819
63 201842
63 201918
63 201973
63 202070
63 202130
63 202173
63 202234
63 202277
63 202290
63 202333
63 202337
63 202499
63 202506
63 202767
63 202794
63 202875
63 202900
63 202966
63 202982
63 203025
63 203032
63 203073
63 203088
63 203165
63 203245
63 203253
63 203420
63 203468
63 203594
63 203712
63 203723
63 203761
63 203766
63 203851
63 203855
63 204006
63 204007
63 204008
63 204063
63 204066
63 204068
63 204168
63 204204
63 204321
63 204452
63 204481
63 204565
63 204577
63 204629
63 204761
63 204928
63 205149
63 205176
63 205192
63 205345
63 205360
63 205395
63 205481
63 205514
63 205550
63 205613
63 205629
63 205633
63 205655
63 205667
63 205773
63 205821
63 205825
63 206073
63 206104
63 206136
63 206197
63 206242
63 206285
63 206328
63 206419
63 206466
63 206484
63 206541
63 206575
63 206683
63 206745
63 206808
63 206838
63 206890
63 206948
63 206990
63 207124
63 207241
63 207264
63 207278
63 207283
63 207436
63 207482
63 207488
63 207526
63 207580
63 207694
63 207750
63 207819
63 207873
63 207934
63 207950
63 208213
63 208252
63 208270
63 208297
63 208299
63 208360
63 208367
63 208384
63 208426
63 208537
63 208543
63 208548
63 208576
63 208603
63 208607
63 208608
63 208612
63 208628
63 208656
63 208688
63 208714
63 208729
63 208782
63 208904
63 208949
63 209011
63 209084
63 209145
63 209156
63 209212
63 209342
63 209477
63 209485
63 209512
63 209569
63 209571
63 209585
63 209626
63 209663
63 209675
63 209781
63 209783
63 209894
63 209948
63 210064
63 210120
63 210229
63 210230
63 210289
63 210416
63 210501
63 210535
63 210541
63 210553
63 210570
63 210617
63 210627
63 210655
63 210696
63 210719
63 210726
63 210756
63 210848
63 210850
63 210851
63 210932
63 210982
63 211049
63 211071
63 211114
63 211123
63 211177
63 211192
63 211236
63 211263
63 211281
63 211442
63 211501
63 211555
63 211599
63 211614
63 211646
63 211825
63 211863
63 211896
63 211917
63 212012
63 212045
63 212075
63 212094
63 212152
63 212181
63 212283
63 212372
63 212376
63 212549
63 212569
63 212634
63 212654
63 212781
63 212801
63 213043
63 213087
63 213092
63 213254
63 213530
63 213625
63 213629
63 213721
63 213820
63 214030
63 214083
63 214095
63 214120
63 214176
63 214191
63 214196
63 214231
63 214362
63 214368
63 214386
63 214396
63 214534
63 214547
63 214579
63 214590
63 214733
63 214796
63 214799
63 215098
63 215101
63 215110
63 215133
63 215167
63 215204
63 215369
63 215421
63 215573
63 215620
63 215705
63 215725
63 215781
63 215790
63 215937
63 216139
63 216159
63 216251
63 216313
63 216336
63 216436
63 216546
63 216559
63 216568
63 216693
63 216749
63 216753
63 216793
63 216806
63 216844
63 216854
63 216886
63 216915
63 216932
63 216961
63 216989
63 216996
63 217075
63 217154
63 217156
63 217204
63 217317
63 217392
63 217423
63 217522
63 217559
63 217561
63 217579
63 217618
63 217663
63 217713
63 217730
63 217760
63 217802
63 217872
63 217890
63 217928
63 217951
63 217959
63 218136
63 218147
63 218299
63 218350
63 218436
63 218446
63 218472
63 218581
63 218596
63 218616
63 218691
63 218825
63 218863
63 218895
63 218901
63 218903
63 218929
63 218935
63 218956
63 218981
63 219019
63 219038
63 219137
63 219233
63 219504
63 219694
64 79
64 81
64 113
64 228
64 419
64 426
64 443
64 452
64 472
64 497
64 665
64 780
64 796
64 800
64 823
64 869
64 877
64 980
64 997
64 1075
64 1080
64 1096
64 1193
64 1232
64 1262
64 1370
64 1379
64 1420
64 1454
64 1711
64 1745
64 1769
64 1817
64 1982
64 2061
64 2066
64 2139
64 2141
64 2172
64 2178
64 2226
64 2262
64 2269
64 2308
64 2355
64 2397
64 2403
64 2404
64 2554
64 2609
64 2656
64 2711
64 2928
64 2979
64 3076
64 3102
64 3134
64 3149
64 3183
64 3215
64 3316
64 3378
64 3390
64 3472
64 3486
64 3702
64 3766
64 3783
64 3792
64 3875
64 3898
64 3905
64 3958
64 3974
64 4107
64 4122
64 4182
64 4277
64 4409
64 4463
64 4468
64 4489
64 4491
64 4497
64 4506
64 4566
64 4594
64 4732
64 4841
64 4845
64 4944
64 4976
64 4978
64 4995
64 5046
64 5127
64 5260
64 5353
64 5367
64 5383
64 5479
64 5530
64 5598
64 5653
64 5773
64 5810
64 5873
64 5933
64 5962
64 6016
64 6029
64 6161
64 6172
64 6232
64 6319
64 6401
64 6455
64 6626
64 6719
64 6790
64 6925
64 7036
64 7069
64 7076
64 7106
64 7148
64 7152
64 7171
64 7209
64 7278
64 7353
64 7402
64 7473
64 7488
64 7493
64 7543
64 7618
64 7642
64 7657
64 7688
64 7693
64 7706
64 7823
64 7974
64 8022
64 8192
64 8248
64 8275
64 8352
64 8479
64 8505
64 8634
64 8642
64 8749
64 8760
64 9063
64 9149
64 9171
64 9176
64 9260
64 9293
64 9460
64 9490
64 9547
64 9574
64 9720
64 9742
64 9839
64 9846
64 9860
64 9889
64 9953
64 9961
64 10041
64 10281
64 10347
64 10365
64 10413
64 10433
64 10450
64 10579
64 10588
64 10653
64 10913
64 10964
64 11069
64 11077
64 11189
64 11199
64 11202
64 11247
64 11659
64 11676
64 11680
64 11763
64 11769
64 11820
64 11845
64 11865
64 11992
64 12090
64 12446
64 12531
64 12645
64 12698
64 12751
64 12760
64 12797
64 13056
64 13068
64 13145
64 13258
64 13268
64 13280
64 13361
64 13449
64 13516
64 13520
64 13644
64 13674
64 13679
64 13816
64 13869
64 13871
64 13910
64 13997
64 14018
64 14117
64 14128
64 14196
64 14232
64 14273
64 14301
64 14553
64 14579
64 14681
64 14838
64 14847
64 14872
64 14987
64 15045
64 15088
64 15090
64 15142
64 15198
64 15284
64 15330
64 15365
64 15487
64 15498
64 15747
64 15791
64 15802
64 15808
64 15820
64 15876
64 15889
64 16126
64 16139
64 16160
64 16174
64 16213
64 16260
64 16301
64 16389
64 16400
64 16416
64 16452
64 16583
64 16604
64 16834
64 16907
64 16913
64 16916
64 16932
64 16972
64 17125
64 17248
64 17331
64 17339
64 17368
64 17405
64 17472
64 17580
64 17612
64 17686
64 17691
64 17726
64 17766
64 17782
64 17815
64 17914
64 17948
64 17979
64 18022
64 18036
64 18088
64 18146
64 18206
64 18222
64 18225
64 18244
64 18257
64 18263
64 18291
64 18329
64 18340
64 18362
64 18371
64 18398
64 18442
64 18476
64 18515
64 18534
64 18637
64 18643
64 18743
64 18931
64 18984
64 19028
64 19156
64 19201
64 19222
64 19324
64 19342
64 19435
64 19463
64 19526
64 19562
64 19889
64 20003
64 20025
64 20026
64 20038
64 20075
64 20080
64 20100
64 20134
64 20196
64 20215
64 20232
64 20286
64 20334
64 20360
64 20561
64 20574
64 20678
64 20774
64 20794
64 20860
64 20878
64 20891
64 20921
64 20946
64 20958
64 20963
64 21008
64 21036
64 21052
64 21060
64 21079
64 21087
64 21310
64 21325
64 21370
64 21518
64 21600
64 21629
64 21630
64 21640
64 21701
64 21775
64 21860
64 21894
64 21943
64 21959
64 22017
64 22021
64 22091
64 22208
64 22219
64 22252
64 22285
64 22324
64 22432
64 22435
64 22523
64 22582
64 22586
64 22605
64 22684
64 22690
64 22758
64 22790
64 22808
64 22814
64 22820
64 22829
64 22852
64 22905
64 22927
64 23066
64 23067
64 23131
64 23149
64 23315
64 23333
64 23347
64 23355
64 23358
64 23432
64 23442
64 23583
64 23611
64 23629
64 23631
64 23636
64 23674
64 23695
64 23759
64 23774
64 23776
64 23789
64 23803
64 23857
64 23886
64 24030
64 24049
64 24052
64 24105
64 24172
64 24285
64 24287
64 24358
64 24383
64 24412
64 24475
64 24585
64 24635
64 24645
64 24694
64 24786
64 24862
64 24928
64 24982
64 25006
64 25028
64 25103
64 25163
64 25190
64 25215
64 25318
64 25346
64 25365
64 25471
64 25630
64 25651
64 25732
64 25777
64 25783
64 25815
64 25855
64 25909
64 25922
64 25940
64 26019
64 26034
64 26036
64 26055
64 26090
64 26102
64 26158
64 26172
64 26188
64 26196
64 26234
64 26248
64 26318
64 26421
64 26668
64 26679
64 26765
64 26769
64 26904
64 26971
64 27043
64 27134
64 27137
64 27176
64 27251
64 27364
64 27410
64 27475
64 27538
64 27543
64 27598
64 27615
64 27677
64 27805
64 27823
64 27831
64 27940
64 28058
64 28067
64 28140
64 28157
64 28197
64 28241
64 28327
64 28352
64 28353
64 28468
64 28482
64 28560
64 28673
64 28760
64 28887
64 29014
64 29025
64 29039
64 29061
64 29070
64 29074
64 29079
64 29084
64 29114
64 29177
64 29219
64 29234
64 29296
64 29324
64 29372
64 29408
64 29439
64 29579
64 29682
64 29769
64 29859
64 29864
64 29913
64 29915
64 29955
64 29962
64 29974
64 30060
64 30071
64 30080
64 30081
64 30166
64 30265
64 30322
64 30343
64 30355
64 30423
64 30441
64 30476
64 30590
64 30601
64 30665
64 30689
64 30699
64 30741
64 30787
64 30800
64 30818
64 30834
64 30889
64 30967
64 31072
64 31161
64 31199
64 31209
64 31249
64 31344
64 31537
64 31559
64 31589
64 31618
64 31650
64 31699
64 31747
64 31830
64 31852
64 31886
64 31987
64 31989
64 32029
64 32034
64 32140
64 32232
64 32333
64 32339
64 32342
64 32371
64 32425
64 32674
64 32677
64 32833
64 32836
64 32847
64 32927
64 32964
64 33021
64 33038
64 33169
64 33242
64 33268
64 33369
64 33376
64 33394
64 33473
64 33485
64 33598
64 33746
64 33942
64 34002
64 34063
64 34251
64 34334
64 34439
64 34513
64 34518
64 34539
64 34592
64 34769
64 34771
64 34795
64 34816
64 35026
64 35045
64 35079
64 35204
64 35309
64 35979
64 36002
64 36104
64 36152
64 36491
64 36542
64 36610
64 36683
64 36716
64 37000
64 37024
64 37058
64 37155
64 37189
64 37205
64 37223
64 37348
64 37398
64 37433
64 37459
64 37502
64 37536
64 37540
64 37577
64 37616
64 37679
64 37726
64 37775
64 37884
64 37988
64 38045
64 38050
64 38086
64 38135
64 38197
64 38319
64 38445
64 38456
64 38492
64 38514
64 38612
64 38774
64 38851
64 38960
64 39020
64 39025
64 39026
64 39283
64 39291
64 39545
64 39652
64 39661
64 39705
64 39769
64 39852
64 39897
64 39940
64 40001
64 40072
64 40102
64 40252
64 40260
64 40280
64 40468
64 40565
64 40648
64 40657
64 40740
64 40750
64 40763
64 40826
64 40907
64 41041
64 41062
64 41081
64 41151
64 41225
64 41267
64 41289
64 41347
64 41367
64 41422
64 41478
64 41480
64 41493
64 41518
64 41556
64 41686
64 41704
64 41816
64 41834
64 41917
64 42062
64 42099
64 42108
64 42196
64 42297
64 42353
64 42608
64 42633
64 42656
64 42681
64 42904
64 42949
64 43033
64 43148
64 43175
64 43238
64 43326
64 43338
64 43341
64 43422
64 43435
64 43442
64 43468
64 43641
64 43871
64 43901
64 43905
64 43938
64 43943
64 43990
64 44004
64 44175
64 44179
64 44223
64 44247
64 44321
64 44333
64 44436
64 44450
64 44457
64 44470
64 44527
64 44539
64 44771
64 44772
64 44923
64 45085
64 45156
64 45220
64 45342
64 45393
64 45462
64 45605
64 45678
64 45695
64 45755
64 45775
64 45810
64 45841
64 45851
64 45861
64 45877
64 45886
64 45907
64 45938
64 45969
64 46044
64 46063
64 46178
64 46194
64 46232
64 46247
64 46259
64 46344
64 46372
64 46375
64 46389
64 46571
64 46661
64 46666
64 46691
64 46700
64 46783
64 46786
64 46788
64 46844
64 46878
64 46904
64 46974
64 47016
64 47078
64 47094
64 47136
64 47160
64 47164
64 47239
64 47341
64 47380
64 47387
64 47414
64 47511
64 47666
64 47703
64 47862
64 47871
64 47909
64 47925
64 47957
64 48062
64 48063
64 48147
64 48176
64 48224
64 48263
64 48337
64 48351
64 48375
64 48422
64 48434
64 48472
64 48511
64 48551
64 48626
64 48733
64 48852
64 48856
64 48861
64 49001
64 49024
64 49036
64 49046
64 49069
64 49190
64 49241
64 49254
64 49399
64 49476
64 49484
64 49582
64 49751
64 49818
64 49830
64 49851
64 49858
64 49874
64 49879
64 50047
64 50053
64 50071
64 50072
64 50073
64 50136
64 50144
64 50195
64 50246
64 50250
64 50280
64 50297
64 50312
64 50332
64 50337
64 50481
64 50528
64 50538
64 50608
64 50631
64 50701
64 50704
64 50707
64 50872
64 50922
64 50972
64 51079
64 51089
64 51118
64 51188
64 51235
64 51259
64 51395
64 51440
64 51476
64 51478
64 51533
64 51537
64 51574
64 51655
64 51668
64 51691
64 51733
64 51932
64 52091
64 52175
64 52282
64 52292
64 52377
64 52385
64 52427
64 52551
64 52586
64 52608
64 52619
64 52625
64 52785
64 52797
64 52905
64 52941
64 52950
64 53133
64 53192
64 53317
64 53468
64 53498
64 53645
64 53679
64 53726
64 53774
64 53799
64 53804
64 53854
64 53862
64 54005
64 54055
64 54079
64 54104
64 54221
64 54437
64 54557
64 54585
64 54615
64 54627
64 54631
64 54663
64 54686
64 54692
64 54715
64 54883
64 54926
64 54983
64 54990
64 54997
64 54999
64 55011
64 55059
64 55102
64 55129
64 55275
64 55288
64 55340
64 55364
64 55468
64 55494
64 55612
64 55614
64 55722
64 55798
64 55799
64 55899
64 55904
64 55934
64 55938
64 55993
64 56002
64 56005
64 56028
64 56111
64 56186
64 56200
64 56227
64 56240
64 56328
64 56340
64 56366
64 56449
64 56521
64 56543
64 56544
64 56560
64 56603
64 56701
64 56718
64 56723
64 56759
64 57023
64 57060
64 57079
64 57086
64 57119
64 57201
64 57206
64 57251
64 57381
64 57382
64 57438
64 57528
64 57558
64 57703
64 57729
64 57763
64 57792
64 57793
64 57800
64 57810
64 57912
64 57988
64 57989
64 58158
64 58199
64 58209
64 58211
64 58243
64 58303
64 58346
64 58405
64 58419
64 58423
64 58502
64 58503
64 58526
64 58566
64 58571
64 58693
64 58720
64 58875
64 59024
64 59041
64 59051
64 59138
64 59139
64 59173
64 59335
64 59419
64 59512
64 59593
64 59611
64 59613
64 59739
64 59775
64 59789
64 59811
64 59896
64 59909
64 60029
64 60184
64 60379
64 60408
64 60467
64 60493
64 60501
64 60547
64 60717
64 60836
64 60850
64 60890
64 60914
64 60919
64 60920
64 60952
64 61011
64 61032
64 61056
64 61066
64 61091
64 61265
64 61317
64 61318
64 61377
64 61466
64 61554
64 61585
64 61587
64 61608
64 61693
64 61751
64 61788
64 61820
64 61926
64 62079
64 62140
64 62174
64 62177
64 62308
64 62554
64 62656
64 62740
64 62966
64 63016
64 63017
64 63030
64 63202
64 63222
64 63346
64 63358
64 63420
64 63517
64 63554
64 63689
64 63796
64 63862
64 64047
64 64068
64 64081
64 64115
64 64148
64 64170
64 64210
64 64212
64 64224
64 64230
64 64243
64 64329
64 64367
64 64391
64 64426
64 64434
64 64450
64 64467
64 64506
64 64536
64 64575
64 64668
64 64756
64 64898
64 64961
64 64990
64 65066
64 65091
64 65193
64 65343
64 65400
64 65551
64 65579
64 65641
64 65757
64 65768
64 65792
64 65912
64 65922
64 66011
64 66090
64 66093
64 66107
64 66279
64 66301
64 66443
64 66452
64 66484
64 66493
64 66504
64 66553
64 66657
64 66726
64 66830
64 66841
64 66861
64 66987
64 67010
64 67056
64 67137
64 67146
64 67192
64 67196
64 67236
64 67277
64 67359
64 67387
64 67398
64 67416
64 67473
64 67665
64 67674
64 67784
64 67937
64 68003
64 68031
64 68096
64 68168
64 68228
64 68260
64 68378
64 68398
64 68481
64 68485
64 68629
64 68671
64 68783
64 68850
64 68897
64 68998
64 69172
64 69183
64 69292
64 69531
64 69589
64 69652
64 69660
64 69750
64 69975
64 69991
64 70019
64 70048
64 70091
64 70110
64 70155
64 70166
64 70181
64 70182
64 70265
64 70331
64 70429
64 70509
64 70519
64 70605
64 70652
64 70708
64 70752
64 70825
64 70859
64 70929
64 70955
64 70956
64 70975
64 71010
64 71248
64 71265
64 71280
64 71326
64 71412
64 71578
64 71663
64 71788
64 71831
64 71854
64 71943
64 71957
64 72095
64 72097
64 72168
64 72194
64 72245
64 72249
64 72250
64 72318
64 72642
64 72645
64 72682
64 72778
64 72781
64 72978
64 72987
64 73014
64 73036
64 73097
64 73174
64 73177
64 73235
64 73318
64 73516
64 73576
64 73711
64 73734
64 73920
64 73949
64 74063
64 74123
64 74330
64 74475
64 74499
64 74588
64 74604
64 74618
64 74723
64 74740
64 74772
64 74794
64 74802
64 74997
64 75035
64 75072
64 75081
64 75088
64 75141
64 75208
64 75312
64 75415
64 75428
64 75437
64 75558
64 75595
64 75637
64 75739
64 75832
64 75852
64 76021
64 76028
64 76046
64 76098
64 76128
64 76177
64 76202
64 76211
64 76232
64 76280
64 76283
64 76395
64 76603
64 76691
64 76747
64 76764
64 76815
64 76859
64 76966
64 76971
64 77037
64 77055
64 77067
64 77084
64 77116
64 77203
64 77332
64 77418
64 77443
64 77498
64 77579
64 77603
64 77648
64 77650
64 77700
64 77742
64 77754
64 77840
64 77843
64 77926
64 78058
64 78078
64 78243
64 78336
64 78362
64 78435
64 78524
64 78542
64 78698
64 78713
64 78729
64 78757
64 78769
64 78774
64 78826
64 78873
64 78928
64 78963
64 79021
64 79157
64 79282
64 79304
64 79311
64 79363
64 79514
64 79515
64 79549
64 79793
64 79818
64 79854
64 79858
64 79869
64 79875
64 79910
64 80086
64 80207
64 80242
64 80304
64 80489
64 80577
64 80593
64 80654
64 80707
64 80748
64 81019
64 81141
64 81200
64 81251
64 81275
64 81282
64 81545
64 81579
64 81592
64 81638
64 81709
64 81797
64 81869
64 81894
64 82056
64 82184
64 82233
64 82312
64 82370
64 82454
64 82582
64 82590
64 82643
64 82707
64 82738
64 82777
64 82823
64 83002
64 83031
64 83040
64 83052
64 83167
64 83200
64 83210
64 83451
64 83729
64 83749
64 83814
64 83844
64 83856
64 83932
64 83959
64 83980
64 84070
64 84104
64 84130
64 84265
64 84302
64 84315
64 84352
64 84383
64 84393
64 84405
64 84414
64 84495
64 84511
64 84531
64 84578
64 84633
64 84738
64 84888
64 85014
64 85145
64 85146
64 85250
64 85440
64 85568
64 85630
64 85634
64 85717
64 85812
64 85850
64 85991
64 86216
64 86266
64 86374
64 86396
64 86438
64 86481
64 86567
64 86570
64 86723
64 86822
64 86848
64 86870
64 86887
64 86969
64 87122
64 87126
64 87175
64 87293
64 87336
64 87389
64 87468
64 87489
64 87581
64 87588
64 87655
64 87710
64 87723
64 87795
64 87837
64 87839
64 87840
64 87884
64 87920
64 87972
64 87979
64 87987
64 88082
64 88192
64 88220
64 88226
64 88412
64 88489
64 88504
64 88519
64 88635
64 88697
64 88777
64 88832
64 88927
64 89053
64 89058
64 89106
64 89188
64 89218
64 89241
64 89243
64 89293
64 89298
64 89354
64 89479
64 89487
64 89569
64 89615
64 89676
64 89761
64 89768
64 89787
64 89808
64 89882
64 89946
64 89986
64 90037
64 90097
64 90200
64 90241
64 90339
64 90451
64 90498
64 90528
64 90548
64 90643
64 90660
64 90676
64 90679
64 90700
64 90749
64 90751
64 90761
64 90772
64 90799
64 90805
64 90905
64 90991
64 91020
64 91061
64 91100
64 91217
64 91232
64 91309
64 91414
64 91441
64 91455
64 91460
64 91593
64 91649
64 91667
64 91691
64 91745
64 91800
64 91816
64 91823
64 91833
64 91861
64 92012
64 92023
64 92059
64 92103
64 92141
64 92145
64 92242
64 92268
64 92386
64 92389
64 92405
64 92466
64 92602
64 92682
64 92702
64 92715
64 92717
64 92720
64 92773
64 92813
64 92837
64 92888
64 92916
64 92981
64 93010
64 93042
64 93063
64 93100
64 93115
64 93264
64 93385
64 93406
64 93536
64 93539
64 93565
64 93608
64 93646
64 93759
64 93794
64 93822
64 93886
64 93890
64 93942
64 94192
64 94257
64 94303
64 94308
64 94342
64 94383
64 94386
64 94403
64 94478
64 94490
64 94576
64 94583
64 94683
64 94690
64 94694
64 94727
64 94731
64 94746
64 94931
64 94961
64 95013
64 95132
64 95160
64 95221
64 95235
64 95273
64 95281
64 95383
64 95394
64 95504
64 95521
64 95585
64 95589
64 95648
64 95768
64 95778
64 95790
64 95802
64 95916
64 95925
64 96028
64 96042
64 96146
64 96162
64 96177
64 96209
64 96247
64 96259
64 96275
64 96288
64 96296
64 96357
64 96398
64 96478
64 96492
64 96548
64 96660
64 96693
64 96698
64 96708
64 96797
64 96800
64 96803
64 96996
64 97029
64 97072
64 97145
64 97168
64 97181
64 97188
64 97262
64 97432
64 97441
64 97460
64 97484
64 97637
64 97668
64 97749
64 97756
64 97781
64 97834
64 97869
64 97872
64 97893
64 98012
64 98032
64 98043
64 98061
64 98063
64 98080
64 98144
64 98155
64 98157
64 98158
64 98261
64 98322
64 98330
64 98381
64 98411
64 98417
64 98472
64 98499
64 98603
64 98774
64 98801
64 98808
64 98825
64 98907
64 98918
64 98980
64 98997
64 99068
64 99141
64 99165
64 99177
64 99198
64 99204
64 99215
64 99400
64 99453
64 99506
64 99555
64 99617
64 99638
64 99646
64 99675
64 99990
64 99991
64 99995
64 100042
64 100084
64 100303
64 100309
64 100336
64 100412
64 100507
64 100511
64 100544
64 100569
64 100620
64 100668
64 100720
64 100753
64 100767
64 100796
64 100813
64 100879
64 100881
64 100904
64 100916
64 100917
64 100919
64 100988
64 101031
64 101355
64 101441
64 101536
64 101570
64 101579
64 101611
64 101700
64 101885
64 101888
64 101889
64 101956
64 101992
64 102043
64 102109
64 102128
64 102130
64 102165
64 102170
64 102349
64 102500
64 102546
64 102585
64 102610
64 102761
64 102838
64 102840
64 102900
64 102933
64 102964
64 102989
64 103038
64 103083
64 103210
64 103245
64 103524
64 103531
64 103645
64 103695
64 103853
64 103935
64 103950
64 104012
64 104027
64 104146
64 104243
64 104373
64 104491
64 104536
64 104550
64 104586
64 104617
64 104618
64 104753
64 104799
64 104900
64 104986
64 105081
64 105193
64 105221
64 105236
64 105274
64 105286
64 105354
64 105402
64 105486
64 105508
64 105520
64 105543
64 105652
64 105680
64 105755
64 105895
64 105897
64 106005
64 106081
64 106137
64 106141
64 106223
64 106230
64 106254
64 106295
64 106368
64 106433
64 106442
64 106513
64 106562
64 106578
64 106586
64 106658
64 106662
64 106675
64 106866
64 106875
64 106902
64 106958
64 107078
64 107219
64 107294
64 107295
64 107311
64 107328
64 107336
64 107465
64 107520
64 107578
64 107581
64 107622
64 107647
64 107725
64 107734
64 107741
64 107744
64 107825
64 107840
64 108085
64 108153
64 108224
64 108296
64 108316
64 108342
64 108435
64 108506
64 108519
64 108624
64 108798
64 108805
64 108813
64 108814
64 108912
64 108923
64 108933
64 109004
64 109033
64 109057
64 109064
64 109140
64 109175
64 109241
64 109281
64 109303
64 109358
64 109397
64 109602
64 109606
64 109629
64 109682
64 109711
64 109723
64 109823
64 109828
64 109842
64 109846
64 109849
64 109901
64 109975
64 109998
64 110014
64 110105
64 110166
64 110207
64 110300
64 110324
64 110339
64 110355
64 110391
64 110490
64 110542
64 110558
64 110680
64 110751
64 110754
64 110768
64 110769
64 110772
64 110776
64 110797
64 110871
64 110947
64 110964
64 111016
64 111057
64 111061
64 111125
64 111127
64 111182
64 111234
64 111409
64 111687
64 111703
64 111712
64 111835
64 111877
64 111947
64 111988
64 112014
64 112140
64 112252
64 112256
64 112267
64 112388
64 112397
64 112466
64 112500
64 112520
64 112550
64 112554
64 112703
64 112719
64 112909
64 112922
64 112993
64 113029
64 113099
64 113168
64 113196
64 113282
64 113303
64 113386
64 113413
64 113487
64 113613
64 113676
64 113697
64 113761
64 113764
64 113811
64 113882
64 113932
64 114003
64 114107
64 114110
64 114192
64 114225
64 114290
64 114387
64 114495
64 114520
64 114529
64 114554
64 114598
64 114637
64 114694
64 114802
64 114828
64 114855
64 114887
64 114924
64 114925
64 114963
64 115151
64 115230
64 115269
64 115270
64 115283
64 115350
64 115355
64 115400
64 115424
64 115431
64 115462
64 115513
64 115700
64 115928
64 116025
64 116079
64 116089
64 116103
64 116109
64 116180
64 116198
64 116232
64 116295
64 116369
64 116408
64 116577
64 116629
64 116675
64 116681
64 116687
64 116709
64 116731
64 116909
64 116971
64 117087
64 117128
64 117278
64 117279
64 117311
64 117340
64 117515
64 117749
64 117793
64 117819
64 117857
64 117917
64 118068
64 118132
64 118331
64 118430
64 118468
64 118487
64 118492
64 118494
64 118623
64 118644
64 118708
64 118780
64 118807
64 118843
64 118886
64 118938
64 119007
64 119032
64 119042
64 119069
64 119075
64 119077
64 119079
64 119094
64 119168
64 119283
64 119356
64 119366
64 119370
64 119385
64 119484
64 119499
64 119887
64 119924
64 119953
64 119981
64 120015
64 120066
64 120150
64 120196
64 120200
64 120209
64 120230
64 120393
64 120399
64 120413
64 120487
64 120578
64 120669
64 120772
64 120796
64 120834
64 121251
64 121521
64 121539
64 121625
64 121633
64 121650
64 121665
64 121690
64 121727
64 121774
64 121799
64 121913
64 122040
64 122166
64 122226
64 122259
64 122308
64 122358
64 122438
64 122450
64 122608
64 122692
64 122702
64 122774
64 122814
64 122880
64 122888
64 122969
64 123080
64 123136
64 123155
64 123200
64 123366
64 123411
64 123423
64 123480
64 123498
64 123571
64 123641
64 123658
64 123758
64 123764
64 123766
64 123923
64 123924
64 123965
64 124072
64 124097
64 124128
64 124218
64 124475
64 124635
64 125299
64 125343
64 125355
64 125678
64 125700
64 125803
64 125851
64 125868
64 126131
64 126208
64 126301
64 126350
64 126366
64 126400
64 126466
64 126599
64 126604
64 126618
64 126804
64 126874
64 127005
64 127147
64 127221
64 127564
64 127935
64 127982
64 128108
64 128116
64 128127
64 128152
64 128571
64 128578
64 128652
64 128660
64 128680
64 128710
64 128780
64 128832
64 128914
64 128920
64 128993
64 129083
64 129100
64 129148
64 129197
64 129237
64 129293
64 129304
64 129411
64 129416
64 129431
64 129461
64 129542
64 129711
64 129867
64 129960
64 130069
64 130070
64 130124
64 130191
64 130210
64 130352
64 130374
64 130388
64 130478
64 130686
64 130754
64 130840
64 130868
64 130888
64 130938
64 130980
64 131071
64 131100
64 131163
64 131168
64 131193
64 131249
64 131322
64 131442
64 131496
64 131621
64 131668
64 131693
64 131753
64 131795
64 131816
64 131820
64 131832
64 131974
64 132037
64 132085
64 132136
64 132167
64 132243
64 132297
64 132323
64 132334
64 132366
64 132537
64 132553
64 132645
64 132716
64 132767
64 132778
64 132914
64 132984
64 133029
64 133200
64 133326
64 133410
64 133464
64 133586
64 133611
64 133792
64 133820
64 133850
64 133899
64 134068
64 134075
64 134096
64 134101
64 134224
64 134264
64 134275
64 134467
64 134516
64 134560
64 134593
64 134641
64 134671
64 134736
64 134746
64 134771
64 134840
64 134849
64 134870
64 134915
64 134936
64 135048
64 135083
64 135085
64 135218
64 135283
64 135364
64 135509
64 135576
64 135682
64 135687
64 135699
64 135775
64 135811
64 135825
64 135879
64 135976
64 135993
64 135999
64 136000
64 136025
64 136069
64 136081
64 136117
64 136123
64 136135
64 136143
64 136366
64 136415
64 136500
64 136606
64 136627
64 136648
64 136667
64 136824
64 136863
64 136890
64 136900
64 136909
64 137007
64 137115
64 137237
64 137263
64 137312
64 137344
64 137466
64 137490
64 137509
64 137555
64 137623
64 137643
64 137662
64 137739
64 137815
64 137816
64 137817
64 137835
64 137932
64 138030
64 138051
64 138268
64 138279
64 138371
64 138427
64 138487
64 138526
64 138690
64 138792
64 138871
64 138954
64 139026
64 139058
64 139091
64 139110
64 139153
64 139155
64 139188
64 139192
64 139284
64 139340
64 139343
64 139431
64 139494
64 139500
64 139523
64 139553
64 139563
64 139589
64 139651
64 139753
64 139806
64 139878
64 139896
64 140019
64 140070
64 140133
64 140299
64 140307
64 140326
64 140328
64 140416
64 140428
64 140447
64 140527
64 140561
64 140607
64 140618
64 140639
64 140641
64 140691
64 140742
64 140862
64 140907
64 140998
64 141074
64 141139
64 141154
64 141156
64 141212
64 141249
64 141336
64 141429
64 141601
64 141694
64 141714
64 141731
64 141753
64 141763
64 141776
64 141814
64 141878
64 141881
64 141949
64 142045
64 142051
64 142106
64 142307
64 142376
64 142452
64 142611
64 142649
64 142747
64 142789
64 142857
64 142898
64 142914
64 142959
64 143002
64 143069
64 143121
64 143212
64 143266
64 143383
64 143394
64 143397
64 143426
64 143428
64 143536
64 143544
64 143600
64 143649
64 143721
64 143728
64 143733
64 143943
64 143990
64 144075
64 144082
64 144093
64 144161
64 144178
64 144231
64 144252
64 144288
64 144291
64 144318
64 144361
64 144408
64 144512
64 144526
64 144548
64 144611
64 144639
64 144643
64 144832
64 144888
64 144997
64 145019
64 145070
64 145097
64 145123
64 145165
64 145257
64 145275
64 145301
64 145331
64 145434
64 145471
64 145506
64 145516
64 145528
64 145577
64 145728
64 145851
64 145859
64 145913
64 145938
64 145955
64 145988
64 145993
64 146062
64 146071
64 146135
64 146158
64 146177
64 146211
64 146228
64 146240
64 146268
64 146314
64 146508
64 146533
64 146698
64 147024
64 147062
64 147111
64 147147
64 147149
64 147177
64 147193
64 147273
64 147463
64 147508
64 147514
64 147654
64 147695
64 147719
64 147844
64 147944
64 148010
64 148063
64 148066
64 148076
64 148128
64 148164
64 148190
64 148261
64 148274
64 148287
64 148356
64 148405
64 148473
64 148524
64 148531
64 148574
64 148617
64 148700
64 148719
64 148779
64 148825
64 148840
64 148864
64 148925
64 148940
64 149104
64 149174
64 149220
64 149267
64 149270
64 149275
64 149342
64 149429
64 149445
64 149519
64 149594
64 149629
64 149662
64 149698
64 149810
64 149913
64 149945
64 149994
64 150047
64 150157
64 150194
64 150207
64 150215
64 150312
64 150413
64 150572
64 150581
64 150660
64 150736
64 150822
64 150930
64 150981
64 151029
64 151041
64 151077
64 151133
64 151168
64 151175
64 151273
64 151300
64 151317
64 151502
64 151511
64 151512
64 151565
64 151579
64 151686
64 151703
64 151724
64 151840
64 151882
64 151923
64 152013
64 152104
64 152184
64 152222
64 152242
64 152264
64 152335
64 152354
64 152457
64 152658
64 152741
64 152786
64 152814
64 152871
64 152879
64 153119
64 153162
64 153164
64 153170
64 153201
64 153212
64 153296
64 153317
64 153334
64 153422
64 153430
64 153470
64 153512
64 153624
64 153650
64 153680
64 153687
64 153727
64 153825
64 153835
64 153883
64 153968
64 154019
64 154020
64 154090
64 154199
64 154257
64 154278
64 154290
64 154319
64 154332
64 154340
64 154346
64 154422
64 154449
64 154560
64 154580
64 154602
64 154610
64 154965
64 155111
64 155130
64 155165
64 155175
64 155253
64 155271
64 155422
64 155432
64 155471
64 155481
64 155506
64 155515
64 155525
64 155537
64 155547
64 155641
64 155809
64 155925
64 156016
64 156053
64 156094
64 156115
64 156168
64 156220
64 156371
64 156544
64 156557
64 156593
64 156615
64 156665
64 156742
64 156773
64 156870
64 156883
64 156935
64 157014
64 157087
64 157112
64 157132
64 157209
64 157214
64 157232
64 157241
64 157252
64 157279
64 157299
64 157304
64 157312
64 157461
64 157545
64 157565
64 157568
64 157582
64 157595
64 157698
64 157706
64 157724
64 157753
64 157827
64 157836
64 157939
64 157965
64 158006
64 158140
64 158174
64 158301
64 158313
64 158314
64 158363
64 158375
64 158380
64 158382
64 158393
64 158449
64 158468
64 158503
64 158596
64 158654
64 158686
64 158787
64 158788
64 159034
64 159035
64 159113
64 159168
64 159217
64 159247
64 159249
64 159262
64 159342
64 159401
64 159506
64 159559
64 159581
64 159659
64 159696
64 159725
64 159764
64 159771
64 159807
64 159892
64 159898
64 159916
64 160070
64 160110
64 160214
64 160279
64 160388
64 160390
64 160537
64 160551
64 160589
64 160623
64 160627
64 160628
64 160744
64 160780
64 160786
64 160820
64 160858
64 160863
64 160909
64 160980
64 161100
64 161250
64 161347
64 161360
64 161416
64 161512
64 161595
64 161643
64 161699
64 161735
64 161760
64 161766
64 161832
64 161871
64 161886
64 161889
64 161907
64 161917
64 161988
64 162000
64 162126
64 162140
64 162213
64 162293
64 162410
64 162451
64 162480
64 162481
64 162502
64 162596
64 162763
64 162794
64 162796
64 162828
64 162841
64 162880
64 163043
64 163046
64 163047
64 163109
64 163126
64 163179
64 163345
64 163468
64 163498
64 163510
64 163555
64 163618
64 163634
64 163644
64 163659
64 163690
64 163726
64 163732
64 163738
64 163815
64 163907
64 163931
64 163956
64 163992
64 164026
64 164032
64 164095
64 164120
64 164191
64 164195
64 164251
64 164265
64 164306
64 164384
64 164391
64 164581
64 164612
64 164701
64 164741
64 164755
64 164827
64 164857
64 164887
64 164975
64 165159
64 165175
64 165201
64 165207
64 165260
64 165338
64 165397
64 165449
64 165514
64 165580
64 165583
64 165648
64 165716
64 165796
64 165802
64 165861
64 165869
64 165958
64 165975
64 166076
64 166146
64 166243
64 166275
64 166367
64 166385
64 166409
64 166462
64 166477
64 166522
64 166533
64 166565
64 166578
64 166590
64 166609
64 166629
64 166802
64 166921
64 167014
64 167047
64 167240
64 167276
64 167281
64 167410
64 167419
64 167468
64 167488
64 167556
64 167568
64 167622
64 167705
64 167764
64 167771
64 167847
64 167894
64 168010
64 168260
64 168441
64 168516
64 168538
64 168577
64 168600
64 168868
64 168871
64 168988
64 169003
64 169014
64 169030
64 169038
64 169275
64 169348
64 169359
64 169488
64 169496
64 169504
64 169560
64 169584
64 169602
64 169622
64 169623
64 169686
64 169736
64 169746
64 169983
64 169984
64 170052
64 170055
64 170386
64 170482
64 170494
64 170516
64 170603
64 170675
64 170738
64 170758
64 170845
64 170888
64 171170
64 171245
64 171314
64 171336
64 171354
64 171418
64 171456
64 171466
64 171568
64 171717
64 171810
64 171823
64 171833
64 171868
64 171927
64 171954
64 171977
64 172007
64 172026
64 172057
64 172159
64 172189
64 172275
64 172334
64 172365
64 172410
64 172419
64 172459
64 172516
64 172550
64 172639
64 172661
64 172684
64 172700
64 172783
64 172886
64 172924
64 173032
64 173038
64 173100
64 173217
64 173250
64 173292
64 173300
64 173352
64 173499
64 173509
64 173568
64 173580
64 173594
64 173598
64 173649
64 173658
64 173689
64 173693
64 173712
64 173717
64 173760
64 173804
64 173891
64 173957
64 174052
64 174061
64 174075
64 174116
64 174175
64 174181
64 174196
64 174280
64 174291
64 174389
64 174455
64 174465
64 174546
64 174686
64 174694
64 174730
64 174814
64 174818
64 174883
64 174906
64 175106
64 175187
64 175199
64 175212
64 175281
64 175455
64 175554
64 175560
64 175744
64 175746
64 175781
64 175824
64 175887
64 176088
64 176167
64 176185
64 176391
64 176466
64 176475
64 176497
64 176607
64 176657
64 176724
64 176737
64 176763
64 176837
64 176859
64 176885
64 176904
64 177021
64 177099
64 177119
64 177136
64 177176
64 177220
64 177373
64 177411
64 177422
64 177450
64 177511
64 177531
64 177569
64 177613
64 177651
64 177670
64 177748
64 177848
64 177855
64 177953
64 177984
64 177985
64 177999
64 178060
64 178120
64 178138
64 178199
64 178431
64 178477
64 178525
64 178672
64 178712
64 178761
64 178845
64 178907
64 178924
64 179012
64 179044
64 179075
64 179129
64 179178
64 179249
64 179367
64 179452
64 179486
64 179625
64 179653
64 179826
64 179854
64 179895
64 179931
64 180039
64 180079
64 180094
64 180156
64 180193
64 180209
64 180351
64 180377
64 180512
64 180546
64 180561
64 180567
64 180621
64 180644
64 180700
64 180722
64 180780
64 180854
64 180951
64 180968
64 181099
64 181149
64 181193
64 181203
64 181204
64 181207
64 181317
64 181345
64 181381
64 181424
64 181485
64 181599
64 181600
64 181605
64 181677
64 181782
64 181830
64 182001
64 182003
64 182009
64 182056
64 182091
64 182097
64 182159
64 182170
64 182216
64 182307
64 182523
64 182643
64 182674
64 182754
64 182760
64 182766
64 182803
64 182809
64 182848
64 182870
64 182898
64 182918
64 182946
64 182963
64 183090
64 183095
64 183103
64 183135
64 183348
64 183381
64 183457
64 183482
64 183563
64 183593
64 183619
64 183719
64 183764
64 183781
64 183848
64 183860
64 183980
64 184115
64 184144
64 184206
64 184262
64 184265
64 184359
64 184465
64 184473
64 184589
64 184608
64 184707
64 184868
64 184887
64 184990
64 185107
64 185182
64 185250
64 185291
64 185300
64 185301
64 185384
64 185478
64 185592
64 185604
64 185647
64 185723
64 185741
64 185879
64 185927
64 186043
64 186050
64 186129
64 186139
64 186274
64 186276
64 186334
64 186591
64 186687
64 186705
64 186805
64 186862
64 186908
64 186909
64 186924
64 187034
64 187173
64 187313
64 187337
64 187353
64 187470
64 187480
64 187500
64 187533
64 187543
64 187747
64 187840
64 187870
64 187901
64 188005
64 188033
64 188282
64 188462
64 188528
64 188567
64 188636
64 188720
64 188778
64 188789
64 188844
64 189058
64 189120
64 189360
64 189379
64 189394
64 189431
64 189473
64 189604
64 189606
64 189655
64 189686
64 189719
64 189816
64 190054
64 190060
64 190126
64 190137
64 190300
64 190309
64 190349
64 190418
64 190538
64 190550
64 190800
64 190812
64 190849
64 190863
64 190878
64 190895
64 190925
64 190945
64 190993
64 191014
64 191032
64 191078
64 191116
64 191174
64 191209
64 191251
64 191283
64 191380
64 191410
64 191503
64 191548
64 191587
64 191657
64 191723
64 191841
64 191850
64 191925
64 191964
64 192012
64 192205
64 192355
64 192412
64 192418
64 192444
64 192494
64 192527
64 192586
64 192626
64 192660
64 192720
64 192831
64 192944
64 192957
64 192979
64 193045
64 193144
64 193185
64 193216
64 193228
64 193356
64 193394
64 193439
64 193551
64 193622
64 193686
64 193700
64 193726
64 193777
64 193791
64 193834
64 193845
64 193979
64 194057
64 194129
64 194213
64 194231
64 194241
64 194370
64 194457
64 194460
64 194475
64 194557
64 194610
64 194673
64 194731
64 194776
64 194894
64 194935
64 194945
64 194948
64 195034
64 195104
64 195163
64 195178
64 195186
64 195238
64 195276
64 195312
64 195317
64 195368
64 195406
64 195459
64 195474
64 195552
64 195559
64 195588
64 195698
64 195732
64 195765
64 195803
64 195844
64 195857
64 195868
64 195959
64 195992
64 196126
64 196149
64 196195
64 196218
64 196243
64 196355
64 196407
64 196412
64 196418
64 196520
64 196528
64 196608
64 196639
64 196669
64 196682
64 196871
64 196879
64 196952
64 196971
64 197090
64 197125
64 197132
64 197161
64 197215
64 197242
64 197263
64 197321
64 197435
64 197456
64 197602
64 197674
64 197688
64 197718
64 197787
64 197822
64 197889
64 197959
64 198039
64 198217
64 198267
64 198326
64 198398
64 198699
64 198735
64 198757
64 198844
64 198847
64 199010
64 199081
64 199110
64 199155
64 199156
64 199327
64 199344
64 199358
64 199399
64 199559
64 199583
64 199827
64 199856
64 199875
64 199889
64 199891
64 199994
64 200011
64 200027
64 200090
64 200160
64 200175
64 200242
64 200285
64 200321
64 200336
64 200338
64 200467
64 200533
64 200535
64 200544
64 200548
64 200710
64 200938
64 201084
64 201263
64 201269
64 201330
64 201333
64 201346
64 201367
64 201374
64 201483
64 201506
64 201511
64 201540
64 201565
64 201585
64 201635
64 201652
64 201665
64 201780
64 201863
64 201936
64 202088
64 202183
64 202221
64 202262
64 202287
64 202446
64 202518
64 202594
64 202635
64 202638
64 202692
64 202696
64 202746
64 202851
64 202915
64 202928
64 202960
64 203066
64 203088
64 203116
64 203122
64 203147
64 203148
64 203207
64 203240
64 203306
64 203366
64 203462
64 203489
64 203628
64 203686
64 203775
64 203869
64 203905
64 203917
64 203927
64 203930
64 203968
64 203981
64 204034
64 204122
64 204193
64 204214
64 204294
64 204317
64 204482
64 204527
64 204600
64 204613
64 204779
64 204786
64 204997
64 205101
64 205103
64 205113
64 205194
64 205228
64 205322
64 205324
64 205400
64 205406
64 205546
64 205570
64 205577
64 205596
64 205602
64 205627
64 205675
64 205896
64 205924
64 205982
64 206009
64 206023
64 206030
64 206095
64 206120
64 206201
64 206204
64 206232
64 206253
64 206323
64 206341
64 206367
64 206635
64 206638
64 206677
64 206693
64 206721
64 206785
64 206882
64 206892
64 206939
64 207423
64 207479
64 207578
64 207697
64 207746
64 207832
64 208066
64 208170
64 208183
64 208210
64 208212
64 208220
64 208243
64 208266
64 208373
64 208426
64 208438
64 208538
64 208665
64 208746
64 208819
64 208829
64 208855
64 208856
64 208875
64 209068
64 209081
64 209097
64 209119
64 209147
64 209201
64 209213
64 209300
64 209438
64 209488
64 209629
64 209671
64 209704
64 209750
64 209981
64 210013
64 210156
64 210230
64 210237
64 210258
64 210285
64 210437
64 210463
64 210579
64 210657
64 210720
64 210723
64 210805
64 210837
64 210858
64 210919
64 211121
64 211331
64 211504
64 211576
64 211660
64 211679
64 211732
64 211773
64 211894
64 211917
64 211929
64 211977
64 212149
64 212162
64 212210
64 212245
64 212369
64 212370
64 212472
64 212552
64 212577
64 212581
64 212645
64 212651
64 212658
64 212677
64 212692
64 212757
64 212788
64 212831
64 212916
64 212978
64 213065
64 213069
64 213235
64 213300
64 213346
64 213445
64 213472
64 213592
64 213619
64 213659
64 213697
64 213705
64 213854
64 213896
64 213901
64 213922
64 214117
64 214135
64 214139
64 214152
64 214186
64 214205
64 214270
64 214326
64 214373
64 214515
64 214641
64 214676
64 214685
64 214702
64 215040
64 215229
64 215285
64 215431
64 215475
64 215595
64 215618
64 215709
64 215714
64 215783
64 215911
64 215994
64 215995
64 216009
64 216029
64 216086
64 216130
64 216240
64 216333
64 216449
64 216468
64 216489
64 216517
64 216529
64 216530
64 216584
64 216587
64 216723
64 216800
64 216811
64 217062
64 217154
64 217200
64 217234
64 217268
64 217274
64 217356
64 217371
64 217496
64 217603
64 217608
64 217624
64 217637
64 217686
64 217707
64 217757
64 217864
64 218072
64 218133
64 218248
64 218266
64 218277
64 218290
64 218299
64 218306
64 218437
64 218449
64 218581
64 218603
64 218702
64 218739
64 218776
64 218867
64 218947
64 218975
64 218987
64 219014
64 219017
64 219100
64 219301
64 219323
64 219473
64 219508
64 219619
64 219624
64 219852
64 219913
64 219914
64 219918
64 220067
64 220117
64 220162
64 220210
64 220323
64 220365
64 220667
64 220707
64 220840
64 220862
64 220908
64 220927
64 220936
64 220950
64 221092
64 221093
64 221190
64 221274
64 221298
64 221311
64 221417
64 221465
64 221479
64 221545
64 221570
64 221638
64 221736
64 221777
64 221910
64 222147
64 222172
64 222251
64 222254
64 222263
64 222337
64 222375
64 222442
64 222535
64 222576
64 222645
64 222656
64 222658
64 222680
64 222698
64 222778
64 222909
64 222919
64 223003
64 223017
64 223053
64 223055
64 223106
64 223136
64 223174
64 223258
64 223324
64 223344
64 223366
64 223376
64 223384
64 223437
64 223451
64 223677
64 223856
64 223898
64 223920
64 224189
64 224211
64 224346
64 224560
64 224594
64 224637
64 224724
64 224727
64 224753
64 224800
64 224816
64 224955
64 224964
64 225002
64 225008
64 225085
64 225147
64 225264
64 225349
64 225502
64 225509
64 225654
64 225750
64 225820
64 225838
64 225854
64 225948
64 225976
64 226008
64 226025
64 226278
64 226355
64 226403
64 226445
64 226659
64 226665
64 226777
64 226926
64 227037
64 227128
64 227330
64 227439
64 227518
64 227551
64 227577
64 227674
64 227804
64 227809
64 227814
64 227843
64 227844
64 227858
64 227936
64 227993
64 228075
64 228077
64 228174
64 228276
64 228304
64 228348
64 228384
64 228422
64 228533
64 228545
64 228652
64 228660
64 228703
64 228722
64 228780
64 228881
64 228957
64 229009
64 229059
64 229104
64 229128
64 229154
64 229303
64 229446
64 229451
64 229490
64 229572
64 229647
64 229721
64 229781
64 229840
64 229958
64 230070
64 230206
64 230227
64 230235
64 230252
64 230258
64 230264
64 230439
64 230575
64 230595
64 230633
64 230637
64 230655
64 230664
64 230737
64 230907
64 230954
64 230980
64 231070
64 231088
64 231162
64 231175
64 231224
64 231284
64 231317
64 231365
64 231376
64 231495
64 231539
64 231540
64 231613
64 231717
64 231755
64 231776
64 231801
64 231835
64 231863
64 231864
64 231912
64 231933
64 232007
64 232158
64 232300
64 232301
64 232349
64 232446
64 232474
64 232511
64 232563
64 232578
64 232706
64 232743
64 232754
64 232798
64 232839
64 232870
64 232922
64 233080
64 233484
64 233531
64 233601
64 233668
64 233746
64 233820
64 233904
64 233916
64 233918
64 234035
64 234128
64 234211
64 234368
64 234373
64 234375
64 234430
64 234496
64 234528
64 234562
64 234696
64 234734
64 234786
64 234951
64 234985
64 235039
64 235249
64 235282
64 235291
64 235328
64 235410
64 235524
64 235527
64 235534
64 235539
64 235555
64 235565
64 235612
64 235684
64 235736
64 235750
64 235761
64 235812
64 235918
64 235952
64 235976
64 236025
64 236028
64 236079
64 236190
64 236219
64 236247
64 236365
64 236405
64 236455
64 236460
64 236562
64 236599
64 236618
64 236629
64 236654
64 236666
64 236669
64 236684
64 236742
64 236774
64 236871
64 236925
64 236946
64 236970
64 236989
64 237031
64 237032
64 237316
64 237334
64 237371
64 237386
64 237391
64 237397
64 237664
64 237673
64 237737
64 237752
64 237946
64 238033
64 238108
64 238183
64 238208
64 238332
64 238470
64 238480
64 238493
64 238509
64 238637
64 238651
64 238657
64 238665
64 238674
64 238770
64 238908
64 238926
64 238939
64 238949
64 238965
64 239091
64 239229
64 239230
64 239254
64 239371
64 239611
64 239665
64 239924
64 239932
64 240042
64 240108
64 240121
64 240123
64 240154
64 240357
64 240420
64 240466
64 240565
64 240629
64 240635
64 240857
64 240872
64 240885
64 240986
64 241024
64 241181
64 241272
64 241327
64 241349
64 241527
64 241547
64 241562
64 241593
64 241660
64 241684
64 241783
64 241943
64 241962
64 241973
64 242037
64 242128
64 242152
64 242278
64 242297
64 242326
64 242483
64 242508
64 242586
64 242659
64 242683
64 242791
64 242854
64 242875
64 242880
64 242906
64 242926
64 242962
64 242980
64 243173
64 243220
64 243222
64 243286
64 243289
64 243317
64 243341
64 243437
64 243451
64 243699
64 243809
64 243819
64 244101
64 244181
64 244291
64 244408
64 244418
64 244468
64 244598
64 244643
64 244665
64 244724
64 244758
64 244759
64 244831
64 244848
64 244892
64 245088
64 245221
64 245284
64 245318
64 245471
64 245487
64 245511
64 245579
64 245586
64 245636
64 245714
64 245762
64 245802
64 246025
64 246068
64 246114
64 246151
64 246167
64 246213
64 246259
64 246303
64 246393
64 246425
64 246458
64 246513
64 246596
64 246626
64 246652
64 246656
64 246692
64 246702
64 246709
64 246741
64 246746
64 246758
64 246832
64 246854
64 246992
64 247070
64 247088
64 247112
64 247177
64 247237
64 247277
64 247285
64 247289
64 247314
64 247379
64 247591
64 247764
64 247831
64 247854
64 247871
64 247896
64 248017
64 248049
64 248096
64 248116
64 248163
64 248327
64 248409
64 248422
64 248536
64 248551
64 248559
64 248583
64 248614
64 248710
64 248729
64 248797
64 248856
64 248864
64 249030
64 249082
64 249119
64 249254
64 249315
64 249334
64 249351
64 249440
64 249495
64 249549
64 249570
64 249611
64 249628
64 249655
64 249666
64 249672
64 249682
64 249698
64 249739
64 249779
64 249932
64 249963
64 250072
64 250113
64 250139
64 250271
64 250316
64 250406
64 250466
64 250496
64 250543
64 250560
64 250674
64 250800
64 250852
64 250909
64 251209
64 251222
64 251365
64 251386
64 251416
64 251542
64 251546
64 251576
64 251631
64 251730
64 252360
64 252395
64 252484
64 252501
64 252506
64 252507
64 252611
64 252626
64 252667
64 252900
64 252910
64 252926
64 252937
64 253018
