63 250
63 621
63 818
63 869
63 956
63 1245
63 1512
63 1584
63 1680
63 1721
63 2010
63 2039
63 2151
63 2450
63 2665
63 2669
63 2727
63 2748
63 2787
63 2846
63 2868
63 2994
63 3201
63 3258
63 3379
63 3657
63 3676
63 3748
63 3818
63 3858
63 4042
63 4150
63 4210
63 4257
63 4265
63 4364
63 4468
63 4491
63 4536
63 4594
63 4598
63 4639
63 4963
63 4991
63 5038
63 5057
63 5077
63 5084
63 5148
63 5151
63 5187
63 5385
63 5432
63 5545
63 5623
63 5646
63 5739
63 5875
63 6057
63 6276
63 6343
63 6492
63 6602
63 6677
63 6721
63 6730
63 6790
63 6965
63 7064
63 7107
63 7173
63 7259
63 7315
63 7362
63 7710
63 8063
63 8065
63 8223
63 8317
63 8354
63 8385
63 8387
63 8474
63 8583
63 8844
63 9057
63 9103
63 9234
63 9370
63 9455
64 70
64 238
64 247
64 260
64 275
64 344
64 367
64 415
64 477
64 530
64 565
64 588
64 719
64 738
64 849
64 866
64 890
64 971
64 1005
64 1053
64 1151
64 1169
64 1510
64 1830
64 1837
64 2015
64 2062
64 2071
64 2192
64 2557
64 2607
64 2742
64 2818
64 3058
64 3082
64 3289
64 3350
64 3536
64 3629
64 3723
64 3785
64 3892
64 3918
64 3948
64 3977
64 4413
64 4536
64 4780
64 4786
64 4793
64 4822
64 4900
64 4996
64 5404
64 5430
64 5437
64 5473
64 5717
64 5796
64 5942
64 5974
64 6035
64 6077
64 6235
64 6237
64 6253
64 6403
64 6469
64 6502
64 6592
64 6701
64 6715
64 6746
64 6771
64 7000
64 7047
64 7144
64 7194
64 7689
64 7709
64 7781
64 7796
64 7853
64 7867
64 8014
64 8257
64 8338
64 8532
64 8598
64 8880
64 9065
64 9106
64 9185
64 9294
64 9414
64 9480
64 9497
64 9708
64 9892
65 69
65 76
65 168
65 224
65 406
65 609
65 625
65 717
65 772
65 804
65 853
65 1036
65 1137
65 1238
65 1326
65 1496
65 1579
65 1628
65 1644
65 1662
65 1684
65 1809
65 2297
65 2332
65 2450
65 2625
65 2627
65 2680
65 2848
65 2864
65 2954
65 3105
65 3308
65 3331
65 3384
65 3506
65 3520
65 3573
65 3671
65 3726
65 3805
65 3936
65 4027
65 4038
65 4142
65 4169
65 4203
65 4318
65 4532
65 4555
65 4587
65 4600
65 4700
65 4761
65 4787
65 4798
65 4825
65 4966
65 5066
65 5068
65 5227
65 5262
65 5276
65 5484
65 5651
65 6097
65 6136
65 6269
65 6360
65 6468
65 6509
65 6619
65 6765
65 6839
65 7004
65 7126
65 7151
65 7166
65 7507
65 7960
65 8064
65 8413
65 8636
65 8897
65 9008
65 9146
65 9152
65 9335
65 9582
65 9618
65 9656
65 9698
65 9752
65 9837
65 9927
65 9980
65 10084
65 10097
65 10121
65 10220
65 10315
65 10439
65 10545
65 10665
65 10702
65 10711
65 10738
65 10789
65 10957
65 11029
65 11083
65 11260
65 11332
54 91
54 166
54 174
54 206
54 268
54 327
54 465
54 657
54 681
54 731
54 1023
54 1041
54 1144
54 1296
54 1329
54 1368
54 1498
54 1544
54 1789
54 1824
54 1826
54 1863
54 1889
54 1972
54 2015
54 2183
54 2831
54 2859
54 2882
54 3004
54 3093
54 3184
54 3188
54 3310
54 3407
54 3441
54 3537
54 3584
54 3598
54 3676
54 3953
54 3995
54 4081
54 4160
54 4363
54 4430
54 4653
54 4703
54 4801
54 4805
54 5032
54 5332
54 5346
54 5382
54 5517
54 5555
54 5716
54 5740
54 5766
54 5844
54 5938
54 5972
54 6017
54 6064
54 6397
54 6422
54 6584
54 6585
54 6713
54 6826
54 6887
54 6912
54 6976
54 7153
54 7173
54 7223
54 7231
54 7271
54 7296
54 7372
54 7394
54 7460
54 7488
54 7747
54 7818
54 7963
54 7990
54 8059
54 8128
54 8161
54 8198
54 8262
54 8380
54 8404
54 8410
54 8671
54 8681
54 8736
54 8779
54 8784
54 8953
54 9129
54 9211
54 9226
54 9265
54 9269
54 9272
54 9287
54 9426
54 9475
54 9558
54 9706
54 9804
54 9850
54 10056
54 10143
54 10242
54 10254
54 10271
54 10305
54 10363
54 10409
54 10763
54 10792
54 11047
54 11145
54 11392
54 11533
54 11580
52 25
52 34
52 172
52 230
52 451
52 599
52 627
52 641
52 684
52 740
52 989
52 1060
52 1144
52 1316
52 1354
52 1445
52 1509
52 1598
52 1724
52 1755
52 1933
52 1962
52 2146
52 2305
52 2554
52 2635
52 2691
52 2831
52 2887
52 2888
52 2903
52 3055
52 3139
52 3147
52 3216
52 3336
52 3365
52 3371
52 3399
52 3501
52 3720
52 3731
52 3740
52 3763
52 3789
52 3833
52 4001
52 4048
52 4352
52 4378
52 4559
52 4637
52 4656
52 4716
52 4808
52 4839
52 4884
52 4942
52 4971
52 4974
52 5124
52 5383
52 5500
52 5521
52 5536
52 5540
52 5553
52 5604
52 5781
52 5792
52 5835
52 5918
52 5983
52 6072
52 6169
52 6288
52 6395
52 6443
52 6529
52 6756
52 6833
52 6874
52 6978
52 7219
52 7354
52 7376
52 7583
52 7708
52 7811
52 8019
52 8076
52 8132
52 8566
52 8603
52 8777
52 8887
52 8956
52 9009
52 9014
52 9032
52 9161
52 9228
52 9234
52 9273
52 9367
52 9502
52 9598
52 9643
52 9904
52 9966
52 10037
52 10294
52 10339
52 10581
52 10597
52 10778
52 10882
52 10946
52 10986
52 11027
52 11030
52 11146
52 11249
52 11392
52 11641
52 11666
52 11792
52 11811
52 11831
52 11834
52 11913
59 9
59 32
59 51
59 107
59 250
59 414
59 470
59 498
59 566
59 730
59 785
59 883
59 1113
59 1136
59 1348
59 1524
59 1564
59 1763
59 1823
59 1872
59 1982
59 1993
59 2052
59 2123
59 2186
59 2220
59 2306
59 2333
59 2369
59 2382
59 2571
59 2767
59 2825
59 2844
59 2868
59 2891
59 2924
59 2970
59 3040
59 3335
59 3441
59 3497
59 3689
59 3736
59 3841
59 4005
59 4038
59 4135
59 4177
59 4188
59 4252
59 4528
59 4641
59 4673
59 4820
59 4979
59 4993
59 5022
59 5032
59 5143
59 5175
59 5232
59 5250
59 5263
59 5351
59 5509
59 5521
59 5844
59 5903
59 6003
59 6043
59 6162
59 6248
59 6342
59 6462
59 6537
59 6574
59 6604
59 6691
59 6790
59 6849
59 6880
59 7026
59 7042
59 7241
59 7326
59 7434
59 7533
59 7556
59 7683
59 7757
59 7817
59 7887
59 7916
59 7947
59 8102
59 8234
59 8526
59 8537
59 8675
59 8998
59 9054
59 9063
59 9077
59 9133
59 9366
59 9417
59 9468
59 9596
59 9624
59 9663
59 9708
59 9933
59 10049
59 10269
59 10318
59 10344
59 10383
59 10450
59 10534
59 10584
59 10599
59 10669
59 10708
59 10718
59 10787
59 10813
59 10830
59 10986
59 11030
59 11262
59 11415
59 11486
59 11928
59 12108
59 12202
56 300
56 496
56 720
56 903
56 923
56 1074
56 1155
56 1194
56 1307
56 1766
56 1938
56 1953
56 1959
56 2103
56 2105
56 2285
56 2519
56 2579
56 2692
56 2822
56 2848
56 2897
56 2903
56 3063
56 3078
56 3094
56 3145
56 3150
56 3159
56 3184
56 3190
56 3314
56 3388
56 3499
56 3581
56 3648
56 3886
56 3939
56 4047
56 4054
56 4107
56 4134
56 4292
56 4337
56 4534
56 4698
56 4716
56 4751
56 4859
56 4931
56 5303
56 5445
56 5666
56 5712
56 5775
56 5845
56 5895
56 5929
56 6070
56 6222
56 6269
56 6316
56 6326
56 6399
56 6508
56 6658
56 6815
56 6940
56 6975
56 7005
56 7136
56 7155
56 7161
56 7188
56 7219
56 7226
56 7342
56 7438
56 7545
56 7602
56 7883
56 7902
56 7913
56 8025
56 8055
56 8383
56 8416
56 8544
56 8641
56 8689
56 8697
56 8733
56 8743
56 8800
56 8805
56 8963
56 9027
56 9081
56 9120
56 9170
56 9356
56 9459
56 9496
56 9699
56 9709
56 9722
56 9788
56 10045
56 10109
56 10116
56 10159
56 10239
56 10328
56 10374
56 10473
56 10484
56 10508
56 10543
56 10556
56 10578
56 10626
56 10671
56 10860
56 10869
56 10883
56 11043
56 11467
56 11580
56 11644
56 11761
56 11782
56 11860
56 11887
56 12049
56 12053
55 10
55 296
55 697
55 857
55 924
55 991
55 1048
55 1097
55 1124
55 1407
55 1632
55 1646
55 1831
55 1896
55 2272
55 2291
55 2305
55 2361
55 2556
55 2607
55 2678
55 2841
55 2910
55 3067
55 3111
55 3289
55 3342
55 3365
55 3432
55 3444
55 3631
55 3778
55 3903
55 3951
55 4033
55 4054
55 4060
55 4227
55 4307
55 4348
55 4592
55 4620
55 4771
55 4787
55 5077
55 5180
55 5341
55 5504
55 5817
55 5862
55 6215
55 7055
55 7091
55 7153
55 7197
55 7215
55 7299
55 7493
55 7507
55 7601
55 7753
55 7907
55 8042
55 8062
55 8122
55 8212
55 8220
55 8229
55 8283
55 8326
55 8357
55 8427
55 8544
55 8618
55 8694
55 8743
55 8799
55 9039
55 9156
55 9350
55 9400
55 9481
55 9484
55 9721
55 9732
55 9768
55 10012
55 10047
55 10198
55 10312
55 10321
55 10397
55 10515
55 10696
55 10709
55 10722
55 10885
55 10898
55 10908
55 10975
55 11020
55 11246
55 11348
55 11374
55 11441
55 11504
55 11608
55 11760
55 11856
55 11862
55 11909
55 11974
55 12102
55 12105
50 14
50 47
50 262
50 288
50 311
50 339
50 420
50 424
50 548
50 638
50 742
50 841
50 1064
50 1363
50 1374
50 1667
50 1779
50 1838
50 2012
50 2073
50 2147
50 2160
50 2249
50 2256
50 2269
50 2289
50 2578
50 2603
50 2612
50 2660
50 2805
50 2885
50 2961
50 2992
50 3080
50 3110
50 3171
50 3209
50 3387
50 3389
50 3429
50 3481
50 3659
50 3703
50 3837
50 3842
50 3982
50 4314
50 4494
50 4554
50 4555
50 4724
50 4846
50 4853
50 4873
50 5116
50 5354
50 5398
50 5543
50 5746
50 5764
50 6073
50 6268
50 6296
50 6400
50 6403
50 6429
50 6449
50 6569
50 6621
50 6623
50 6681
50 6718
50 6765
50 6818
50 6921
50 6953
50 6959
50 7009
50 7019
50 7043
50 7071
50 7079
50 7085
50 7177
50 7215
50 7238
50 7373
50 7471
50 7579
50 7607
50 7745
50 7800
50 7998
50 8128
50 8141
50 8142
50 8574
50 8738
50 8749
50 8752
50 8753
50 8844
50 8963
50 9026
50 9084
50 9159
50 9385
50 9569
50 9716
50 9717
50 9791
50 10053
50 10102
50 10355
50 10361
50 10549
50 10695
50 10730
50 10764
50 10926
50 11053
50 11189
50 11490
50 11562
50 11622
50 11651
50 11715
57 152
57 274
57 328
57 533
57 577
57 679
57 867
57 966
57 1023
57 1173
57 1199
57 1265
57 1364
57 1412
57 1424
57 1558
57 1930
57 1947
57 2031
57 2116
57 2145
57 2193
57 2233
57 2426
57 2513
57 2701
57 2978
57 3103
57 3229
57 3335
57 3381
57 3475
57 3542
57 3855
57 3871
57 3882
57 3941
57 3960
57 3993
57 4058
57 4124
57 4248
57 4391
57 4449
57 4616
57 4639
57 4723
57 4932
57 5099
57 5318
57 5743
57 5902
57 5906
57 5948
57 6264
57 6455
57 6490
57 6633
57 6658
57 6745
57 6844
57 6985
57 7080
57 7131
57 7479
57 7605
57 8099
57 8105
57 8196
57 8418
57 8522
57 8579
57 8581
57 8707
57 8838
57 8864
57 8954
57 9092
57 9162
57 9356
57 9463
57 9567
57 9589
57 9659
57 9756
57 9767
57 9851
57 9922
57 9983
57 10130
57 10231
57 10234
57 10248
57 10256
57 10304
57 10583
57 10600
57 10644
57 10692
57 10716
57 10740
57 11051
57 11132
57 11257
57 11260
57 11387
57 11538
57 11842
57 11903
57 11920
57 11935
57 11982
57 12074
57 12125
57 12141
57 12238
57 12253
57 12311
57 12323
57 12349
57 12379
57 12499
61 35
61 122
61 237
61 251
61 256
61 265
61 381
61 529
61 657
61 694
61 707
61 732
61 760
61 890
61 1122
61 1157
61 1172
61 1391
61 1517
61 1551
61 1604
61 1697
61 1747
61 1859
61 1907
61 1951
61 2020
61 2161
61 2180
61 2357
61 2405
61 2414
61 2544
61 2616
61 2625
61 2845
61 2889
61 3077
61 3090
61 3250
61 3287
61 3303
61 3306
61 3310
61 3334
61 3460
61 3477
61 3662
61 3705
61 3785
61 3786
61 3802
61 4059
61 4109
61 4113
61 4186
61 4228
61 4279
61 4294
61 4428
61 4438
61 4446
61 4487
61 4534
61 4688
61 5074
61 5088
61 5211
61 5251
61 5264
61 5305
61 5334
61 5410
61 5433
61 5444
61 5467
61 5488
61 5515
61 5563
61 5564
61 5586
61 5847
61 5888
61 5994
61 6002
61 6015
61 6085
61 6111
61 6148
61 6199
61 6460
61 6474
61 6607
61 6671
61 6708
61 6832
61 6870
61 6872
61 6880
61 6929
61 7129
61 7157
61 7209
61 7268
61 7484
61 7499
61 7540
61 7570
61 7611
61 7622
61 7649
61 7680
61 7807
61 8196
61 8377
61 8434
61 8509
61 8531
61 8552
61 8660
61 8671
61 8867
61 8892
61 8941
61 8993
61 9074
61 9240
61 9290
61 9304
61 9311
61 9826
61 9864
61 9950
61 10023
61 10140
61 10386
61 10595
61 10776
61 10785
61 10850
61 10954
61 11086
61 11162
61 11438
61 11476
61 11485
61 11533
61 11553
61 11594
61 11658
61 11689
61 11757
61 11777
61 11790
61 11901
61 11936
61 11953
61 12000
61 12008
61 12215
61 12419
61 12497
61 12506
61 12564
61 12632
61 12641
53 14
53 39
53 116
53 219
53 225
53 338
53 389
53 565
53 643
53 651
53 798
53 953
53 1085
53 1244
53 1547
53 1550
53 1605
53 1643
53 1670
53 1864
53 1933
53 1966
53 2072
53 2240
53 2457
53 2471
53 2475
53 2702
53 2792
53 2948
53 3054
53 3090
53 3093
53 3119
53 3204
53 3208
53 3512
53 3636
53 3686
53 3770
53 3918
53 4001
53 4058
53 4233
53 4397
53 4423
53 4547
53 4643
53 4644
53 4988
53 5020
53 5136
53 5192
53 5311
53 5342
53 5570
53 5626
53 5777
53 5830
53 6006
53 6017
53 6040
53 6092
53 6197
53 6220
53 6290
53 6307
53 6619
53 6727
53 6959
53 7151
53 7471
53 7664
53 7728
53 7842
53 7977
53 8055
53 8324
53 8356
53 8387
53 8480
53 8577
53 8729
53 8891
53 8905
53 8909
53 8998
53 9029
53 9168
53 9220
53 9358
53 9376
53 9532
53 9600
53 9778
53 9846
53 9868
53 9924
53 10028
53 10034
53 10038
53 10137
53 10156
53 10164
53 10304
53 10396
53 10435
53 10447
53 10452
53 10782
53 10920
53 10933
53 11017
53 11022
53 11104
53 11128
53 11287
53 11328
53 11342
53 11345
53 11530
53 11646
53 11692
53 11701
53 11892
53 11913
53 12024
53 12026
53 12176
53 12203
60 78
60 90
60 94
60 113
60 687
60 768
60 848
60 1069
60 1130
60 1171
60 1330
60 1378
60 1442
60 1603
60 1804
60 1834
60 1924
60 2032
60 2087
60 2110
60 2127
60 2160
60 2266
60 2321
60 2517
60 2546
60 2623
60 2664
60 2772
60 2829
60 2913
60 2919
60 3061
60 3127
60 3147
60 3226
60 3286
60 3302
60 3341
60 3447
60 3453
60 3909
60 3948
60 4147
60 4219
60 4298
60 4410
60 4912
60 4980
60 4981
60 4991
60 5150
60 5217
60 5251
60 5261
60 5324
60 5455
60 5484
60 5600
60 5646
60 5772
60 5859
60 5930
60 5941
60 6070
60 6163
60 6305
60 6419
60 6676
60 6755
60 6812
60 6931
60 6939
60 6998
60 7101
60 7145
60 7314
60 7546
60 7566
60 7766
60 7770
60 7781
60 7889
60 7903
60 8081
60 8431
60 8508
60 8559
60 8591
60 8654
60 8665
60 8692
60 8739
60 8887
60 8919
60 8936
60 9070
60 9093
60 9213
60 9235
60 9308
60 9445
60 9469
60 9497
60 9498
60 9610
60 9734
60 9954
60 10405
60 10444
60 10480
60 10578
60 10734
60 10893
60 10894
60 10918
60 11045
60 11102
60 11130
60 11167
60 11333
60 11429
60 11580
60 11610
60 11771
60 11865
60 11880
60 11933
60 12042
60 12059
60 12214
60 12367
51 65
51 111
51 244
51 252
51 262
51 677
51 876
51 922
51 958
51 1028
51 1029
51 1039
51 1211
51 1312
51 1359
51 1405
51 1452
51 1635
51 1649
51 1663
51 1724
51 1809
51 1830
51 1849
51 1865
51 2075
51 2097
51 2170
51 2198
51 2315
51 2398
51 2413
51 2472
51 2527
51 2542
51 2552
51 2553
51 2663
51 2759
51 2795
51 2927
51 2971
51 3058
51 3156
51 3165
51 3239
51 3359
51 3578
51 3668
51 3691
51 3761
51 3921
51 4000
51 4137
51 4202
51 4243
51 4280
51 4292
51 4423
51 4915
51 5076
51 5112
51 5472
51 5515
51 5600
51 5625
51 5646
51 5767
51 6108
51 6181
51 6213
51 6338
51 6375
51 6408
51 6567
51 6833
51 6857
51 7034
51 7126
51 7200
51 7208
51 7439
51 7563
51 7629
51 7661
51 7797
51 7934
51 8032
51 8051
51 8280
51 8365
51 8402
51 8480
51 8552
51 8627
51 8654
51 8666
51 8728
51 8808
51 9012
51 9067
51 9132
51 9265
51 9321
51 9440
51 9450
51 9493
51 9526
51 9563
51 9686
51 10118
51 10129
51 10346
51 10374
51 10593
51 10712
51 10836
51 11165
51 11321
51 11412
51 11503
51 11587
51 11688
51 11769
51 11813
51 11846
51 11876
51 11891
51 11923
51 11963
51 11974
51 11975
51 12017
51 12209
51 12237
51 12297
51 12640
58 16
58 32
58 51
58 89
58 107
58 174
58 197
58 301
58 307
58 312
58 458
58 483
58 507
58 624
58 685
58 709
58 744
58 843
58 939
58 1005
58 1021
58 1032
58 1227
58 1276
58 1311
58 1413
58 1415
58 1437
58 1508
58 1558
58 1559
58 1585
58 1629
58 1687
58 1840
58 1861
58 2239
58 2244
58 2518
58 2620
58 2633
58 2739
58 2850
58 3187
58 3224
58 3297
58 3302
58 3385
58 3427
58 3492
58 3551
58 3561
58 3630
58 3722
58 3765
58 3773
58 4035
58 4071
58 4170
58 4184
58 4277
58 4360
58 4548
58 4633
58 4723
58 4837
58 4892
58 5139
58 5175
58 5277
58 5306
58 5333
58 5403
58 5447
58 5551
58 5597
58 5645
58 5678
58 5783
58 5887
58 5933
58 6020
58 6036
58 6038
58 6076
58 6106
58 6132
58 6189
58 6285
58 6319
58 6342
58 6495
58 6594
58 6687
58 6691
58 6792
58 6897
58 7066
58 7414
58 7417
58 7447
58 7463
58 7485
58 7589
58 7611
58 7637
58 7639
58 7756
58 7757
58 7892
58 8143
58 8228
58 8398
58 8459
58 8562
58 8586
58 8644
58 8682
58 8730
58 8890
58 8957
58 8965
58 9001
58 9273
58 9311
58 9511
58 9712
58 9758
58 9768
58 9889
58 9977
58 10056
58 10196
58 10383
58 10436
58 10470
58 10485
58 10583
58 10586
58 10620
58 10669
58 10687
58 10723
58 10792
58 11037
58 11723
58 11734
58 12034
58 12047
58 12049
58 12084
58 12092
58 12218
58 12221
58 12295
58 12403
58 12592
58 12681
58 12739
58 12762
58 12819
58 12980
58 13182
58 13303
58 13394
58 13538
58 13578
58 13599
58 13656
58 13685
58 13822
58 13827
49 128
49 175
49 389
49 427
49 447
49 744
49 814
49 936
49 1009
49 1041
49 1045
49 1092
49 1319
49 1432
49 1477
49 1505
49 1676
49 1711
49 1913
49 1915
49 1928
49 2079
49 2114
49 2142
49 2282
49 2481
49 2597
49 2661
49 2666
49 2711
49 2764
49 2797
49 2867
49 3021
49 3227
49 3279
49 3325
49 3418
49 3443
49 3586
49 3596
49 3739
49 4096
49 4394
49 4503
49 4512
49 4575
49 4587
49 4673
49 4999
49 5013
49 5234
49 5346
49 5355
49 5420
49 5438
49 5445
49 5454
49 5634
49 5783
49 5966
49 6091
49 6187
49 6235
49 6408
49 6524
49 6585
49 6758
49 6786
49 6832
49 6867
49 6881
49 6888
49 7000
49 7201
49 7220
49 7274
49 7312
49 7351
49 7551
49 7762
49 7808
49 7815
49 7987
49 8049
49 8149
49 8161
49 8184
49 8194
49 8313
49 8334
49 8344
49 8347
49 8349
49 8480
49 8541
49 8625
49 8650
49 8692
49 8696
49 8707
49 8777
49 8825
49 8864
49 8874
49 9507
49 9694
49 9703
49 9734
49 9778
49 9823
49 9851
49 10098
49 10152
49 10187
49 10209
49 10321
49 10354
49 10370
49 10418
49 10419
49 10727
49 10739
49 10777
49 10870
49 10935
49 10993
49 11012
53 12458
53 12504
53 12587
53 12597
53 12663
53 12806
53 12911
53 12934
53 12939
53 13063
53 13083
53 13140
53 13142
53 13354
53 13370
53 13422
53 13512
53 13646
53 13770
53 13880
53 13891
53 14061
53 14079
53 14130
53 14218
53 14247
53 14312
53 14361
53 14412
53 14499
53 14584
53 14630
53 14651
53 14831
53 14852
53 15077
53 15173
53 15250
53 15467
53 15481
53 15520
53 15624
53 16036
53 16067
53 16248
53 16270
53 16295
63 9762
63 9824
63 10243
63 10443
63 10487
63 10736
63 10821
63 10874
63 11064
63 11074
63 11139
63 11271
63 11303
63 11312
63 11373
63 11532
63 11692
63 11870
63 11885
63 11952
63 12050
63 12084
63 12103
63 12194
63 12215
63 12245
63 12246
63 12339
63 12421
63 12431
63 12522
63 12667
63 12671
63 12722
63 12740
63 12797
63 12834
63 12926
63 13098
63 13303
63 13338
63 13545
63 13698
63 13931
63 13957
63 14061
63 14211
63 14328
63 14422
63 14600
63 14688
63 14895
63 14939
63 14954
63 14960
63 15247
63 15324
63 15335
63 15959
63 15991
63 16155
63 16191
63 16237
63 16363
63 16458
63 16549
63 16694
63 16701
63 17276
63 17358
63 17410
63 17567
63 17619
63 17669
63 17723
63 17739
63 18166
63 18475
63 18522
63 18686
63 18763
63 18875
63 18937
63 19108
63 19133
65 11404
65 11406
65 11417
65 11650
65 11662
65 11730
65 11745
65 11827
65 11858
65 12049
65 12269
65 12297
65 12362
65 12404
65 12505
65 12685
65 12703
65 12790
65 12879
65 12895
65 12905
65 13095
65 13232
65 13317
65 13434
65 13435
65 13442
65 13468
65 13796
65 13798
65 13820
65 13863
65 13946
65 14067
65 14087
65 14252
65 14393
65 14496
65 14526
65 14758
65 14954
65 15008
65 15042
65 15413
65 15531
65 15549
65 15652
65 15749
65 15864
65 15907
65 15939
65 16028
65 16069
65 16100
65 16197
65 16253
65 16293
65 16299
65 16553
65 16621
65 16705
65 16850
65 16885
65 17015
65 17068
65 17252
65 17570
65 17703
65 17717
65 17741
65 17784
65 17900
65 17929
65 17957
65 18098
65 18125
65 18197
65 18199
65 18202
65 18483
65 18770
65 18777
65 18972
65 19013
65 19124
65 19131
65 19158
65 19185
65 19213
65 19223
65 19250
65 19328
65 19445
65 19448
65 19712
65 19874
65 19902
65 20528
65 20706
65 20867
65 20876
65 20887
54 11626
54 11629
54 11690
54 11745
54 11870
54 12021
54 12028
54 12688
54 12766
54 12776
54 12818
54 12847
54 13007
54 13038
54 13123
54 13342
54 13360
54 13447
54 13566
54 13641
54 13775
54 13830
54 13850
54 13892
54 14146
54 14223
54 14356
54 14417
54 14422
54 14470
54 14502
54 14723
54 14737
54 14769
54 15198
54 15262
54 15267
54 15301
54 15324
54 15331
54 15394
54 15426
54 15454
54 15470
54 15690
54 16285
54 16315
54 16439
54 16554
54 16581
54 16665
54 16980
54 17009
54 17060
54 17099
54 17143
54 17149
54 17151
54 17353
54 17615
54 17690
54 18024
54 18030
54 18205
54 18261
54 18297
54 18663
54 18765
54 18787
54 18839
54 18992
54 19127
54 19134
54 19667
54 19804
54 20259
54 20270
54 20279
54 20328
54 20483
54 20530
54 20560
54 20776
54 21150
54 21454
54 21708
54 21731
54 21762
54 22015
54 22071
54 22194
54 22284
54 22291
54 22324
54 22427
54 22478
54 22545
54 22752
54 22932
54 23026
54 23123
54 23131
54 23181
54 23258
54 23261
54 23327
54 23530
54 23629
54 23673
54 23710
64 10007
64 10055
64 10130
64 10142
64 10344
64 10374
64 10378
64 10436
64 10454
64 10514
64 10695
64 10894
64 10985
64 11002
64 11082
64 11090
64 11252
64 11548
64 11639
64 11678
64 11878
64 11889
64 11901
64 11927
64 12092
64 12355
64 12381
64 12469
64 12588
64 12629
64 12709
64 12824
64 12845
64 12933
64 12937
64 12948
64 13195
64 13215
64 13274
64 13316
64 13503
64 13532
64 13678
64 13752
64 13906
64 13945
64 14066
64 14086
64 14090
64 14222
64 14253
64 14469
64 14511
64 14785
64 15024
64 15037
64 15123
64 15187
64 15250
64 15260
64 15589
64 15639
64 16201
64 16313
64 16361
64 16368
64 16371
64 16738
64 16760
64 16807
64 16840
64 16882
64 17002
64 17088
64 17222
64 17262
64 17278
64 17416
64 17542
64 17624
64 17761
64 17930
64 17981
64 18327
64 18484
64 18575
64 18610
64 18641
64 18783
64 18886
64 18912
64 18959
64 18985
64 19007
64 19008
64 19024
64 19129
64 19276
64 19632
64 19634
64 19641
64 19793
59 12335
59 12485
59 12539
59 12627
59 12634
59 12685
59 12745
59 12917
59 12930
59 12941
59 12956
59 12993
59 13145
59 13182
59 13185
59 13241
59 13360
59 13421
59 13441
59 13541
59 13752
59 13793
59 13798
59 13826
59 13861
59 13883
59 13891
59 13892
59 14042
59 14147
59 14193
59 14315
59 14499
59 14677
59 14715
59 14718
59 14848
59 14850
59 14870
59 15122
59 15138
59 15254
59 15273
59 15556
59 15587
59 15650
59 15722
59 15877
59 15965
59 15990
59 16099
59 16289
59 16561
59 16563
59 16645
59 16659
59 16661
59 16695
59 16737
59 16750
59 16889
59 16921
59 16952
59 16982
59 17012
59 17080
59 17143
59 17318
59 17320
59 17393
59 17418
59 17708
59 17734
59 17863
59 17917
59 18082
59 18178
59 18365
59 18506
59 18563
59 18804
59 18817
59 19008
59 19045
59 19102
59 19119
59 19153
59 19354
59 19487
59 19646
59 19694
59 19715
59 19740
59 19789
59 19849
59 19894
59 19989
59 20042
59 20198
59 20201
59 20303
59 20323
59 20403
59 20410
59 20432
59 20471
59 20653
59 20801
59 20912
59 20929
59 20933
59 21051
59 21141
59 21197
59 21207
59 21251
59 21276
59 21326
59 21340
59 21488
59 21567
59 21589
59 21602
59 21608
59 21694
59 21779
59 22164
59 22205
59 22280
59 22370
59 22388
59 22537
59 22551
59 22584
59 22673
59 22707
59 22846
59 22862
59 22969
59 23022
59 23129
59 23260
59 23378
59 23410
59 23413
59 23510
59 23512
59 23539
59 23547
59 23693
59 23858
59 23967
59 24105
59 24144
59 24161
59 24254
59 24302
59 24607
59 24608
59 24674
59 24733
59 24903
59 24934
56 12502
56 12556
56 12779
56 12945
56 12983
56 13231
56 13383
56 13494
56 13507
56 13625
56 13626
56 13740
56 13797
56 13888
56 13901
56 14010
56 14060
56 14125
56 14146
56 14253
56 14261
56 14382
56 14399
56 14405
56 14727
56 14735
56 14738
56 14971
56 15332
56 15681
56 15702
56 15788
56 15789
56 15870
56 15887
56 15897
56 16210
56 16604
56 16630
56 16679
56 16887
56 16939
56 16943
56 16957
56 16975
56 17152
56 17168
56 17215
56 17291
56 17474
56 17619
56 17624
56 17923
56 18231
56 18276
56 18281
56 18345
56 18393
56 18521
56 18539
56 18678
56 18708
56 18722
56 18803
56 18832
56 18934
56 18980
56 19242
56 19264
56 19267
56 19283
56 19318
56 19362
56 19397
56 19436
56 19453
56 19631
56 19774
56 19897
56 20025
56 20124
56 20136
56 20213
56 20232
56 20294
56 20299
56 20328
56 20397
56 20549
56 20589
56 20720
56 20844
56 21058
56 21119
56 21124
56 21256
56 21272
56 21308
56 21403
56 21448
56 21521
56 21611
56 21639
56 21641
56 21669
56 21695
56 21927
56 22054
56 22114
56 22261
56 22317
56 22495
56 22506
56 22510
56 22599
56 22622
56 22674
56 22676
56 22690
56 22718
56 22778
56 22808
56 22892
56 22987
56 23167
56 23176
56 23203
56 23251
56 23355
56 23605
56 23625
56 23656
56 23875
56 23897
56 23928
56 24057
56 24232
56 24421
55 12202
55 12244
55 12408
55 12423
55 12480
55 12585
55 12648
55 12662
55 12668
55 13170
55 13250
55 13270
55 13377
55 13380
55 13473
55 13644
55 13745
55 13757
55 13783
55 14058
55 14072
55 14087
55 14213
55 14222
55 14529
55 14536
55 14540
55 14578
55 14625
55 14658
55 14677
55 14717
55 14820
55 15129
55 15180
55 15309
55 15330
55 15421
55 15473
55 15535
55 15538
55 15543
55 15716
55 15762
55 15833
55 15840
55 15899
55 15954
55 16030
55 16082
55 16133
55 16203
55 16274
55 16308
55 16328
55 16368
55 16453
55 16470
55 16771
55 16805
55 16843
55 17137
55 17171
55 17378
55 17849
55 17966
55 17993
55 18026
55 18027
55 18078
55 18103
55 18176
55 18288
55 18324
55 18360
55 18487
55 18632
55 18750
55 18765
55 18805
55 18824
55 18946
55 19070
55 19210
55 19257
55 19328
55 19408
55 19448
55 19522
55 19545
55 19641
55 19710
55 19786
55 19790
55 19936
55 20050
55 20094
55 20162
55 20195
55 20359
55 20420
55 20562
55 20567
55 20579
55 20582
55 20803
55 21109
55 21228
55 21253
55 21338
55 21353
55 21368
55 21429
55 21566
55 21587
55 21753
55 21755
55 21847
55 22018
55 22182
55 22255
55 22375
55 22419
55 22432
55 22493
55 22690
55 23043
55 23065
55 23081
55 23167
55 23269
55 23281
55 23317
55 23348
55 23456
55 23473
55 23484
55 23632
55 23813
55 23930
55 24056
55 24109
55 24140
55 24154
55 24158
52 12061
52 12092
52 12137
52 12178
52 12245
52 12800
52 12854
52 12914
52 12963
52 12993
52 13112
52 13301
52 13521
52 13758
52 13820
52 14052
52 14252
52 14289
52 14315
52 14359
52 14398
52 14448
52 14455
52 14512
52 14522
52 14555
52 14556
52 14808
52 14846
52 14919
52 15179
52 15209
52 15291
52 15304
52 15605
52 15780
52 15799
52 15997
52 16078
52 16082
52 16370
52 16378
52 16417
52 16426
52 16562
52 16571
52 16598
52 16633
52 16718
52 16723
52 16785
52 16797
52 16894
52 16899
52 16917
52 17008
52 17254
52 17272
52 17284
52 17309
52 17412
52 17439
52 17638
52 17641
52 17696
52 17799
52 17934
52 17966
52 18093
52 18161
52 18637
52 18677
52 18910
52 18948
52 19004
52 19059
52 19079
52 19186
52 19355
52 19495
52 19596
52 19660
52 19914
52 19917
52 19927
52 19970
52 20192
52 20263
52 20384
52 20422
52 20515
52 20523
52 20532
52 20787
52 20833
52 20923
52 21074
52 21137
52 21167
52 21254
52 21262
52 21266
52 21299
52 21448
52 21563
52 21619
52 21695
52 22120
52 22507
52 22533
52 22556
52 22705
52 22869
52 22881
52 22906
52 23012
52 23061
52 23093
52 23136
52 23339
52 23398
52 23457
52 23473
52 23553
52 23763
52 23782
52 23896
52 23995
52 24009
52 24187
52 24195
52 24288
50 11930
50 12047
50 12191
50 12197
50 12235
50 12281
50 12381
50 12495
50 12544
50 12808
50 12818
50 12848
50 12975
50 12984
50 13024
50 13037
50 13221
50 13234
50 13330
50 13404
50 13495
50 13692
50 13706
50 13868
50 14348
50 14360
50 14396
50 14504
50 14521
50 14571
50 14597
50 14625
50 14765
50 14854
50 14983
50 15145
50 15159
50 15358
50 15364
50 15494
50 15526
50 15565
50 15849
50 16043
50 16096
50 16134
50 16135
50 16328
50 16459
50 16603
50 16612
50 16627
50 16653
50 16688
50 16745
50 16849
50 17103
50 17140
50 17169
50 17202
50 17311
50 17361
50 17382
50 17544
50 17572
50 17588
50 17636
50 17673
50 17709
50 17896
50 18182
50 18197
50 18241
50 18493
50 18575
50 18578
50 18582
50 18583
50 18612
50 18658
50 18796
50 18942
50 18946
50 18976
50 19004
50 19091
50 19270
50 19344
50 19358
50 19410
50 19986
50 20011
50 20201
50 20246
50 20254
50 20256
50 20399
50 20405
50 20448
50 20530
50 20720
50 20762
50 20803
50 20828
50 20876
50 20879
50 20889
50 20906
50 20994
50 21276
50 21306
50 21323
50 21366
50 21495
50 21683
50 21695
50 21740
50 21889
50 21916
50 21989
50 22134
50 22255
50 22278
50 22833
50 22879
50 22968
50 23109
50 23206
57 12575
57 12667
57 12683
57 12720
57 12753
57 12802
57 12895
57 12911
57 12989
57 13012
57 13037
57 13095
57 13223
57 13283
57 13421
57 13534
57 14107
57 14111
57 14172
57 14177
57 14255
57 14341
57 14479
57 14486
57 14550
57 14569
57 14630
57 14648
57 14654
57 14707
57 14880
57 14934
57 15264
57 15359
57 15396
57 15563
57 15569
57 15652
57 15680
57 15786
57 15832
57 16059
57 16090
57 16345
57 16350
57 16422
57 16449
57 16656
57 16754
57 16785
57 16852
57 16922
57 16989
57 17009
57 17086
57 17180
57 17819
57 17924
57 18068
57 18195
57 18335
57 18412
57 18548
57 18751
57 18833
57 18870
57 18907
57 18926
57 18933
57 19534
57 19595
57 19758
57 19798
57 19822
57 19838
57 19901
57 19964
57 20012
57 20090
57 20195
57 20239
57 20276
57 20366
57 20533
57 20831
57 20908
57 20915
57 21107
57 21152
57 21203
57 21259
57 21432
57 21474
57 21487
57 21516
57 21550
57 21608
57 21618
57 21665
57 21700
57 21711
57 21720
57 21886
57 21900
57 21919
57 21946
57 21960
57 21963
57 22023
57 22110
57 22743
57 22774
57 22848
57 22942
57 22989
57 23309
57 23535
57 23554
57 23610
57 23740
57 23758
57 24167
57 24224
57 24241
57 24282
57 24370
57 24446
57 24448
57 24661
57 24688
57 24799
61 12817
61 13067
61 13141
61 13201
61 13298
61 13309
61 13400
61 13431
61 13440
61 13549
61 13611
61 13613
61 13621
61 13648
61 13752
61 13793
61 14042
61 14097
61 14176
61 14526
61 14554
61 14655
61 14695
61 14802
61 15222
61 15267
61 15316
61 15583
61 15717
61 15854
61 15889
61 16157
61 16201
61 16261
61 16271
61 16274
61 16287
61 16322
61 16361
61 16388
61 16439
61 16481
61 16533
61 16592
61 16605
61 16645
61 16657
61 16709
61 16751
61 16892
61 16973
61 17012
61 17023
61 17202
61 17227
61 17372
61 17373
61 17590
61 17743
61 17843
61 17904
61 17982
61 17984
61 18040
61 18079
61 18105
61 18116
61 18125
61 18168
61 18189
61 18249
61 18312
61 18409
61 18581
61 18633
61 18771
61 19320
61 19447
61 19572
61 19866
61 19870
61 19933
61 19939
61 20102
61 20142
61 20345
61 20373
61 20536
61 20560
61 20642
61 20671
61 20760
61 20767
61 20869
61 20927
61 20955
61 21050
61 21350
61 21382
61 21656
61 21659
61 21715
61 21882
61 22026
61 22046
61 22118
61 22152
61 22169
61 22268
61 22345
61 22443
61 22446
61 22495
61 22560
61 22604
61 22652
61 22665
61 22755
61 22756
61 22780
61 22811
61 22935
61 23006
61 23021
61 23048
61 23427
61 23482
61 23644
61 23758
61 23793
61 23883
61 24202
61 24208
61 24220
61 24225
61 24342
61 24387
61 24553
61 24763
61 24872
61 24892
51 12830
51 12968
51 12985
51 13068
51 13273
51 13344
51 13381
51 13438
51 13451
51 13506
51 13535
51 13671
51 13846
51 13939
51 14170
51 14267
51 14373
51 14613
51 14719
51 14786
51 14963
51 15025
51 15152
51 15246
51 15401
51 15509
51 15510
51 15653
51 15863
51 15915
51 15963
51 16312
51 16336
51 16398
51 16413
51 16497
51 16626
51 16731
51 16804
51 16834
51 16840
51 16960
51 17043
51 17141
51 17151
51 17229
51 17272
51 17368
51 17395
51 17403
51 17533
51 17544
51 17584
51 17955
51 18351
51 18443
51 18704
51 18719
51 18736
51 18762
51 18795
51 18866
51 19137
51 19142
51 19163
51 19272
51 19387
51 19403
51 19528
51 19838
51 19976
51 20108
51 20129
51 20235
51 20360
51 20582
51 20645
51 20723
51 20757
51 20788
51 20799
51 20816
51 20859
51 20918
51 20967
51 21017
51 21183
51 21405
51 21422
51 21556
51 21850
51 22041
51 22054
51 22058
51 22182
51 22314
51 22399
51 22861
51 22963
51 23007
51 23017
51 23056
51 23072
51 23089
51 23167
51 23182
51 23245
51 23353
51 23488
51 23598
51 23619
51 23635
51 23788
51 23987
51 23999
51 24068
51 24109
51 24171
51 24203
51 24342
51 24517
51 24625
60 12565
60 12570
60 12945
60 12963
60 13048
60 13070
60 13387
60 13411
60 13530
60 13651
60 13734
60 13833
60 13891
60 14152
60 14387
60 14428
60 14629
60 14753
60 14790
60 14865
60 14910
60 15125
60 15175
60 15183
60 15261
60 15383
60 15474
60 15559
60 15861
60 15927
60 16011
60 16119
60 16154
60 16266
60 16360
60 16399
60 16406
60 16441
60 16542
60 16760
60 16850
60 17290
60 17345
60 17426
60 17682
60 17702
60 17885
60 17939
60 18007
60 18026
60 18029
60 18076
60 18203
60 18372
60 18516
60 18602
60 18837
60 19002
60 19014
60 19022
60 19042
60 19070
60 19210
60 19280
60 19361
60 19494
60 19625
60 19647
60 19709
60 19747
60 19763
60 19799
60 19937
60 19970
60 20015
60 20192
60 20427
60 20488
60 20542
60 20843
60 20867
60 21041
60 21072
60 21083
60 21110
60 21165
60 21213
60 21242
60 21413
60 21418
60 21516
60 21807
60 21972
60 22019
60 22091
60 22155
60 22244
60 22437
60 22476
60 22499
60 22541
60 22604
60 22673
60 22681
60 22738
60 22801
60 23153
60 23423
60 23512
60 23651
60 23726
60 23816
60 23924
60 24109
60 24190
60 24276
60 24278
60 24331
60 24397
60 24460
60 24489
60 24612
60 24625
60 24627
60 24635
60 24641
60 24660
60 24842
60 24912
60 24970
60 24972
60 25035
60 25070
60 25103
49 11228
49 11411
49 11412
49 11556
49 11770
49 11824
49 11857
49 11961
49 12046
49 12225
49 12314
49 12401
49 12520
49 12589
49 12809
49 12825
49 12840
49 12903
49 12921
49 13036
49 13147
49 13218
49 13378
49 13442
49 13452
49 13498
49 13583
49 13649
49 13727
49 13831
49 13973
49 13984
49 14062
49 14144
49 14475
49 14717
49 14746
49 14791
49 14853
49 14988
49 15199
49 15221
49 15297
49 15431
49 15483
49 15566
49 15753
49 15758
49 15889
49 16059
49 16094
49 16160
49 16296
49 16387
49 16625
49 16744
49 16844
49 16939
49 17191
49 17220
49 17305
49 17389
49 17404
49 17526
49 17544
49 18043
49 18204
49 18223
49 18539
49 18715
49 18793
49 18860
49 19056
49 19122
49 19272
49 19301
49 19371
49 19404
49 19428
49 19475
49 19890
49 20029
49 20136
49 20252
49 20349
49 20364
49 20416
49 20523
49 20720
49 20848
49 21021
49 21044
49 21066
49 21205
49 21436
49 21898
49 21983
49 22026
49 22030
58 14014
58 14089
58 14090
58 14240
58 14252
58 14323
58 14349
58 14376
58 14386
58 14662
58 14736
58 15281
58 15349
58 15417
58 15422
58 15526
58 15657
58 15686
58 15865
58 15880
58 16012
58 16029
58 16115
58 16132
58 16197
58 16215
58 16358
58 16403
58 16406
58 16684
58 16804
58 16876
58 16898
58 17155
58 17183
58 17209
58 17244
58 17282
58 17363
58 17437
58 17443
58 17473
58 17550
58 17658
58 17679
58 17830
58 17863
58 17868
58 17921
58 17978
58 18053
58 18092
58 18131
58 18382
58 18391
58 18798
58 18816
58 19067
58 19122
58 19146
58 19250
58 19259
58 19429
58 19544
58 19745
58 19811
58 19926
58 20041
58 20185
58 20466
58 20545
58 20572
58 20586
58 20623
58 20940
58 21118
58 21144
58 21245
58 21263
58 21371
58 21489
58 21515
58 21714
58 21779
58 21782
58 21851
58 21908
58 21918
58 21967
58 22092
58 22100
58 22331
58 22402
58 22545
58 22557
58 22573
58 22736
58 22780
58 22992
58 23030
58 23054
58 23065
58 23087
58 23158
58 23214
58 23264
58 23377
58 23517
58 23518
58 23520
58 23583
58 23603
58 23663
58 23913
58 23926
58 24017
58 24114
58 24379
58 24462
58 24610
58 24827
58 24892
58 24943
58 24948
58 25014
58 25053
58 25317
58 25351
58 25445
58 25611
58 25769
58 25808
58 25816
58 26074
58 26266
58 26277
63 19380
63 19636
63 19780
63 19851
63 20051
63 20278
63 20311
63 20337
63 20486
63 20624
63 20644
63 20997
63 21009
63 21042
63 21201
63 21242
63 21357
63 21384
63 21517
63 21653
63 21667
63 21713
63 21743
63 21829
63 21846
63 21852
63 22204
63 22208
63 22210
63 22218
63 22376
63 22419
63 22514
63 22745
63 22802
63 22864
63 22867
63 22873
63 22916
63 23232
63 23372
63 23678
63 23711
63 24101
63 24128
63 24311
63 24400
63 24522
63 24830
63 24851
63 25057
63 25151
63 25193
63 25301
63 25434
63 25487
63 25531
63 25603
63 25618
63 25686
63 25744
63 25753
63 25776
63 25905
63 26028
63 26080
63 26090
63 26169
63 26205
63 26229
63 26269
63 26378
63 26414
63 26429
63 26437
63 26667
63 26774
63 26834
63 26868
63 26896
63 26928
63 27087
63 27375
63 27494
63 27657
63 27815
63 27998
63 28035
63 28105
63 28182
63 28187
63 28209
63 28235
63 28248
63 28259
63 28260
63 28436
63 28483
63 28531
63 28569
63 28690
65 21090
65 21148
65 21480
65 21804
65 21887
65 21952
65 22018
65 22140
65 22309
65 22435
65 22538
65 22586
65 22596
65 22613
65 22768
65 22823
65 22891
65 22955
65 23094
65 23475
65 23527
65 23596
65 23828
65 23836
65 24002
65 24174
65 24196
65 24226
65 24323
65 24328
65 24352
65 24559
65 24657
65 24675
65 24730
65 24759
65 24829
65 24865
65 25054
65 25084
65 25368
65 25411
65 25680
65 25754
65 25935
65 26026
65 26028
65 26096
65 26410
65 26503
65 26596
65 26605
65 26834
65 26922
65 27003
65 27072
65 27126
65 27176
65 27267
65 27347
65 27349
65 27723
65 27829
65 28011
65 28014
65 28184
65 28238
65 28270
65 28356
65 28406
65 28527
65 28658
65 28951
65 28975
65 29056
65 29426
65 29430
65 29461
65 29499
65 29759
65 29794
65 29894
65 29945
65 29964
65 30078
65 30136
65 30256
65 30282
65 30313
65 30369
65 30374
65 30436
65 30576
65 30868
65 31256
65 31327
65 31371
65 31493
50 23297
50 23307
50 23381
50 23444
50 23666
50 23690
50 23902
50 23956
50 23988
50 24022
50 24268
50 24409
50 24504
50 24851
50 24942
50 25061
50 25121
50 25150
50 25209
50 25311
50 25369
50 25458
50 25716
50 25849
50 26025
50 26285
50 26406
50 26411
50 26426
50 26573
50 26659
50 26751
50 26927
50 26937
50 27292
50 27335
50 27379
50 27404
50 27530
50 27788
50 27844
50 27862
50 27986
50 28011
50 28092
50 28323
50 28351
50 28410
50 28443
50 28502
50 28538
50 28750
50 28855
50 28930
50 29263
50 29349
50 29480
50 29525
50 29650
50 29673
50 29677
50 29786
50 29844
50 29912
50 29915
50 29930
50 30090
50 30277
50 30467
50 30533
50 30543
50 30767
50 30794
50 30875
50 30945
50 30977
50 31104
50 31115
50 31138
50 31147
50 31218
50 31262
50 31399
50 31426
50 31503
50 31738
50 31751
50 31794
50 31864
50 31917
50 31953
50 31992
50 31994
50 32149
50 32409
50 32498
50 32527
50 32590
64 20049
64 20106
64 20318
64 20542
64 20656
64 20740
64 20816
64 21111
64 21151
64 21330
64 21476
64 21661
64 21769
64 21803
64 21929
64 21951
64 21990
64 22001
64 22004
64 22082
64 22119
64 22149
64 22301
64 22319
64 22370
64 22509
64 22747
64 23130
64 23147
64 23178
64 23336
64 23650
64 23888
64 23944
64 23949
64 24036
64 24111
64 24397
64 24579
64 24608
64 24691
64 24908
64 24924
64 25026
64 25330
64 25375
64 25400
64 25454
64 25519
64 25808
64 26114
64 26133
64 26199
64 26433
64 26538
64 26581
64 26686
64 26872
64 26966
64 27105
64 27114
64 27119
64 27336
64 27405
64 27472
64 27519
64 27520
64 27527
64 27572
64 27621
64 27622
64 27657
64 27680
64 27695
64 28093
64 28174
64 28270
64 28279
64 28467
64 28483
64 28697
64 28750
64 28889
64 29035
64 29221
64 29230
64 29237
64 29362
64 29414
64 29445
64 29456
64 29624
64 29625
64 29638
64 29702
64 29740
54 24015
54 24031
54 24084
54 24234
54 24331
54 24373
54 24508
54 24549
54 24634
54 24769
54 24961
54 24997
54 25028
54 25144
54 25412
54 25450
54 25455
54 25459
54 25489
54 25540
54 25729
54 25783
54 25799
54 25947
54 25950
54 26331
54 26353
54 26483
54 26644
54 26739
54 26764
54 26944
54 27057
54 27122
54 27167
54 27310
54 27390
54 27560
54 27732
54 27791
54 27825
54 27839
54 27998
54 28008
54 28029
54 28095
54 28103
54 28135
54 28213
54 28288
54 28331
54 28338
54 28476
54 28829
54 28892
54 29052
54 29206
54 29340
54 29546
54 29568
54 29596
54 29625
54 29793
54 29907
54 30043
54 30133
54 30149
54 30283
54 30301
54 30317
54 30324
54 30416
54 30448
54 30466
54 30601
54 30717
54 30829
54 30896
54 30901
54 30973
54 31289
54 31431
54 31584
54 31709
54 31856
54 31864
54 32048
54 32097
54 32127
54 32229
54 32264
54 32416
54 32632
54 32633
54 32940
54 32978
54 33019
54 33053
54 33156
54 33177
54 33497
54 33581
54 33644
54 33660
54 33725
54 33892
54 33896
54 33936
54 34114
54 34117
54 34272
54 34557
54 34667
54 34705
54 34727
54 34741
54 34838
54 34853
54 34913
54 35121
54 35311
54 35354
54 35355
54 35394
54 35408
54 35553
54 35613
54 35808
54 35841
56 24616
56 24891
56 24921
56 24975
56 24980
56 25141
56 25271
56 25326
56 25485
56 25564
56 25613
56 25624
56 25693
56 25732
56 25803
56 25860
56 25867
56 25949
56 26068
56 26081
56 26114
56 26169
56 26224
56 26233
56 26285
56 26379
56 26381
56 26508
56 26597
56 26795
56 26962
56 26969
56 26974
56 27058
56 27063
56 27093
56 27219
56 27294
56 27313
56 27391
56 27807
56 27860
56 27903
56 27923
56 27977
56 28196
56 28222
56 28279
56 28406
56 28421
56 28492
56 28579
56 28721
56 28775
56 28972
56 29125
56 29326
56 29352
56 29388
56 29393
56 29399
56 29447
56 29498
56 29613
56 29700
56 29726
56 29804
56 29911
56 29955
56 30081
56 30361
56 30413
56 30495
56 30630
56 30725
56 30963
56 31010
56 31094
56 31128
56 31200
56 31319
56 31361
56 31371
56 31516
56 31548
56 31702
56 31736
56 31828
56 31932
56 32080
56 32228
56 32282
56 32294
56 32309
56 32369
56 32376
56 32392
56 32458
56 32482
56 32611
56 32784
56 32997
56 33031
56 33209
56 33441
56 33463
56 33467
56 33578
56 33579
56 33599
56 33956
56 34010
56 34077
56 34082
56 34094
56 34374
56 34596
56 34652
56 34716
56 34775
56 34786
56 34794
56 34800
56 34822
56 34910
56 34929
56 34935
56 34945
56 35108
56 35744
56 35784
56 35982
56 35991
56 36044
56 36053
56 36276
56 36294
56 36429
56 36495
56 36785
59 25106
59 25207
59 25248
59 25335
59 25383
59 25464
59 25472
59 25527
59 25617
59 25997
59 26008
59 26223
59 26342
59 26372
59 26403
59 26470
59 26492
59 26698
59 26739
59 26842
59 26866
59 27171
59 27175
59 27191
59 27206
59 27277
59 27287
59 27401
59 27472
59 27476
59 27521
59 27566
59 27748
59 27824
59 27825
59 27851
59 28083
59 28088
59 28114
59 28139
59 28262
59 28348
59 28522
59 28549
59 28637
59 28831
59 28879
59 29009
59 29498
59 29525
59 29582
59 29700
59 29773
59 29802
59 29879
59 29906
59 29958
59 29967
59 29991
59 30254
59 30265
59 30382
59 30467
59 30489
59 30586
59 30641
59 30693
59 30701
59 31086
59 31135
59 31248
59 31499
59 31585
59 31597
59 31708
59 31905
59 31932
59 31973
59 31987
59 32120
59 32164
59 32254
59 32260
59 32462
59 32480
59 32493
59 32578
59 32949
59 33028
59 33052
59 33239
59 33327
59 33380
59 33392
59 33472
59 33497
59 33514
59 33995
59 34093
59 34199
59 34281
59 34355
59 34563
59 34870
59 35340
59 35430
59 35497
59 35584
59 35648
59 35677
59 35823
59 35859
59 35860
59 35890
59 35915
59 36036
59 36160
59 36255
59 36366
59 36448
59 36689
59 36697
59 36939
59 36979
59 37005
59 37020
59 37080
59 37234
59 37323
57 25250
57 25492
57 25514
57 25587
57 25855
57 25856
57 25861
57 25942
57 25994
57 26070
57 26090
57 26171
57 26211
57 26387
57 26415
57 26528
57 26793
57 26812
57 26906
57 26911
57 26938
57 27116
57 27236
57 27311
57 27322
57 27387
57 27425
57 27520
57 27597
57 27717
57 27725
57 27808
57 27889
57 27944
57 27972
57 28030
57 28043
57 28078
57 28198
57 28282
57 28388
57 28497
57 28592
57 28596
57 28650
57 28753
57 28868
57 29173
57 29184
57 29267
57 29288
57 29457
57 29565
57 29589
57 29612
57 29640
57 29778
57 29801
57 29902
57 30159
57 30185
57 30337
57 30592
57 30605
57 30624
57 30830
57 31108
57 31146
57 31258
57 31297
57 31464
57 31533
57 31554
57 31583
57 31654
57 31769
57 31843
57 31933
57 31978
57 32141
57 32236
57 32274
57 32308
57 32415
57 32664
57 32671
57 32734
57 32882
57 32922
57 32974
57 32984
57 33011
57 33017
57 33061
57 33081
57 33108
57 33167
57 33180
57 33208
57 33221
57 33255
57 33260
57 33266
57 33338
57 33366
57 33476
57 33482
57 33621
57 33635
57 33666
57 34025
57 34182
57 34247
57 34354
57 34473
57 34505
57 34549
57 34560
57 34978
57 35041
57 35524
57 35610
57 35652
57 35733
57 35739
57 35867
57 35963
57 36087
57 36105
57 36135
57 36140
57 36152
57 36220
57 36259
57 36289
57 36352
57 36417
57 36473
57 36679
57 36728
57 36905
57 36916
57 37048
57 37124
57 37148
57 37161
57 37182
55 24300
55 24370
55 24521
55 24592
55 24933
55 24958
55 25001
55 25048
55 25134
55 25144
55 25168
55 25195
55 25380
55 25393
55 25514
55 25647
55 25777
55 25825
55 25875
55 25942
55 26006
55 26088
55 26176
55 26191
55 26200
55 26306
55 26408
55 26606
55 26663
55 26710
55 26734
55 26972
55 27003
55 27101
55 27155
55 27195
55 27262
55 27281
55 27301
55 27310
55 27326
55 27439
55 27454
55 27545
55 27571
55 27574
55 27614
55 27633
55 27686
55 27768
55 27879
55 27905
55 27931
55 28018
55 28069
55 28087
55 28293
55 28379
55 28404
55 28539
55 28607
55 28630
55 28643
55 28754
55 28817
55 28863
55 29393
55 29466
55 29583
55 29919
55 29976
55 30103
55 30119
55 30187
55 30260
55 30462
55 30482
55 30695
55 30698
55 30761
55 30784
55 30889
55 30932
55 30962
55 30987
55 30997
55 31075
55 31093
55 31105
55 31137
55 31206
55 31279
55 31308
55 31361
55 31371
55 31384
55 31504
55 32086
55 32118
55 32138
55 32279
55 32338
55 32770
55 32784
55 32861
55 32882
55 32910
55 33070
55 33128
55 33204
55 33223
55 33348
55 33571
55 33642
55 33832
55 33972
55 33986
55 33988
55 34083
55 34525
55 34584
55 34698
55 34704
55 34764
55 34876
55 34903
55 34952
55 35056
55 35101
55 35286
55 35417
55 35515
55 35676
55 35794
55 35844
55 36099
55 36186
55 36301
55 36328
55 36332
55 36334
55 36657
55 36678
55 36751
55 36831
55 36878
55 36933
52 24559
52 24703
52 24709
52 24875
52 24924
52 24947
52 25043
52 25160
52 25249
52 25464
52 25497
52 25559
52 25566
52 25591
52 25601
52 25623
52 25627
52 25701
52 25819
52 25874
52 25943
52 26031
52 26078
52 26099
52 26125
52 26327
52 26353
52 26368
52 26483
52 26580
52 26771
52 26861
52 26929
52 27018
52 27106
52 27228
52 27247
52 27271
52 27620
52 27715
52 27748
52 27844
52 28112
52 28161
52 28202
52 28231
52 28300
52 28318
52 28508
52 28554
52 28578
52 28607
52 28662
52 28683
52 28726
52 28761
52 28853
52 28927
52 29088
52 29139
52 29197
52 29280
52 29458
52 29464
52 29469
52 29596
52 29727
52 29785
52 29878
52 30014
52 30123
52 30187
52 30205
52 30228
52 30412
52 30460
52 30535
52 30555
52 30638
52 30670
52 30689
52 30868
52 30952
52 31102
52 31159
52 31182
52 31284
52 31288
52 31329
52 31394
52 31458
52 31563
52 31698
52 31706
52 31782
52 32002
52 32089
52 32225
52 32379
52 32551
52 32596
52 32698
52 32727
52 32811
52 32989
52 33167
52 33170
52 33172
52 33182
52 33208
52 33296
52 33331
52 33430
52 33468
52 33578
52 33607
52 33615
52 33649
52 33846
52 33886
52 34037
52 34096
52 34163
52 34230
52 34266
52 34287
52 34438
52 34569
52 34620
52 34812
52 34886
52 35007
52 35266
52 35698
52 35735
52 35864
52 35906
52 35908
52 35942
52 36056
52 36065
52 36070
52 36187
52 36188
52 36222
52 36289
52 36379
52 36410
52 36439
52 36534
52 36543
61 25099
61 25126
61 25431
61 25434
61 25438
61 25454
61 25567
61 25692
61 25693
61 25806
61 25899
61 25978
61 26041
61 26122
61 26133
61 26420
61 26483
61 26633
61 26641
61 26646
61 26678
61 26690
61 26696
61 26709
61 26749
61 26835
61 27144
61 27241
61 27518
61 27585
61 27632
61 27754
61 27768
61 27803
61 27818
61 27970
61 28011
61 28065
61 28213
61 28263
61 28345
61 28408
61 28498
61 28700
61 28806
61 28872
61 28904
61 29396
61 29501
61 29585
61 29637
61 29649
61 29670
61 29717
61 29781
61 29795
61 29863
61 29883
61 29915
61 29992
61 30021
61 30129
61 30293
61 30420
61 30597
61 30804
61 30852
61 30857
61 30866
61 30926
61 30965
61 31107
61 31316
61 31325
61 31525
61 31686
61 31697
61 31908
61 32151
61 32161
61 32278
61 32284
61 32415
61 32423
61 32460
61 32723
61 32757
61 33038
61 33131
61 33160
61 33211
61 33276
61 33555
61 33566
61 33691
61 34040
61 34117
61 34122
61 34168
61 34448
61 34676
61 34680
61 34761
61 34976
61 35002
61 35128
61 35249
61 35309
61 35431
61 35557
61 35894
61 36192
61 36202
61 36337
61 36379
61 36527
61 36584
61 36732
61 36769
61 36801
61 36873
61 36901
61 37026
61 37342
61 37454
61 37588
61 37605
58 26918
58 26948
58 27024
58 27113
58 27159
58 27232
58 27330
58 27439
58 27459
58 27527
58 27629
58 27694
58 27699
58 27707
58 27753
58 27791
58 27817
58 27984
58 28017
58 28023
58 28148
58 28449
58 28590
58 28620
58 28629
58 28716
58 28924
58 29026
58 29229
58 29261
58 29363
58 29457
58 29547
58 29672
58 29919
58 29996
58 30328
58 30509
58 30518
58 30602
58 30610
58 30622
58 30642
58 30709
58 30876
58 30913
58 31142
58 31155
58 31179
58 31215
58 31309
58 31332
58 31395
58 31410
58 31414
58 31769
58 32009
58 32012
58 32252
58 32338
58 32574
58 32642
58 32645
58 32646
58 32666
58 32679
58 32719
58 32781
58 32869
58 32925
58 33200
58 33206
58 33223
58 33238
58 33299
58 33300
58 33322
58 33344
58 33407
58 33577
58 33791
58 33817
58 34003
58 34045
58 34098
58 34107
58 34115
58 34199
58 34253
58 34299
58 34422
58 34495
58 34584
58 34673
58 34738
58 34745
58 34884
58 34918
58 34934
58 34944
58 34975
58 35138
58 35192
58 35205
58 35313
58 35581
58 35638
58 35650
58 35718
58 35746
58 35886
58 36044
58 36094
58 36220
58 36411
58 36743
58 36953
58 37005
58 37112
58 37161
58 37506
58 37521
58 37840
58 37968
58 38016
58 38074
58 38132
58 38349
58 38441
58 38686
58 38695
58 38854
58 38874
58 38934
58 38993
58 39039
58 39205
58 39280
49 22109
49 22265
49 22356
49 22365
49 22907
49 22999
49 23021
49 23087
49 23127
49 23200
49 23405
49 23476
49 23484
49 23615
49 23728
49 23976
49 24034
49 24138
49 24216
49 24364
49 24466
49 24512
49 24680
49 24684
49 24812
49 24905
49 25057
49 25162
49 25179
49 25235
49 25249
49 25264
49 25384
49 25974
49 26151
49 26463
49 26517
49 26577
49 26966
49 27217
49 27435
49 27462
49 27523
49 27595
49 27717
49 27748
49 27764
49 27862
49 28005
49 28067
49 28193
49 28432
49 28499
49 28522
49 28542
49 28563
49 28580
49 28585
49 28618
49 28645
49 28677
49 28782
49 28868
49 29105
49 29142
49 29155
49 29485
49 29737
49 29742
49 29786
49 29812
49 29938
49 29986
49 30031
49 30162
49 30180
49 30373
49 30386
49 30460
49 30585
49 30617
49 30630
49 30719
49 30852
49 30965
49 31008
49 31092
49 31161
49 31344
49 31406
49 31459
49 31579
49 31649
49 31693
49 31774
49 31836
49 31863
49 31869
49 31885
49 31969
49 32037
49 32433
49 32444
49 32500
49 32560
49 32599
49 32653
49 32715
49 32813
51 24778
51 24792
51 24899
51 25119
51 25226
51 25335
51 25409
51 25438
51 25902
51 25934
51 26044
51 26137
51 26184
51 26317
51 26351
51 26452
51 26471
51 26530
51 26541
51 26583
51 26715
51 26942
51 26953
51 27142
51 27275
51 27282
51 27375
51 27377
51 27441
51 27504
51 27542
51 27720
51 27776
51 27873
51 27984
51 28081
51 28092
51 28197
51 28213
51 28414
51 28584
51 28747
51 28790
51 28902
51 28920
51 28958
51 28988
51 29189
51 29220
51 29244
51 29332
51 29354
51 29363
51 29436
51 29540
51 29564
51 29653
51 29677
51 29880
51 29955
51 30028
51 30226
51 30416
51 30529
51 30554
51 30617
51 30622
51 30625
51 30684
51 30762
51 30889
51 31271
51 31400
51 31468
51 31547
51 31573
51 31646
51 31656
51 31836
51 31902
51 31923
51 32137
51 32185
51 32510
51 32716
51 32732
51 32755
51 32760
51 33033
51 33057
51 33177
51 33250
51 33429
51 33502
51 33530
51 33999
51 34057
51 34188
51 34528
51 34614
51 34681
51 35091
51 35105
51 35198
51 35279
51 35291
51 35355
51 35394
51 35442
51 35554
51 35571
51 35627
51 35636
51 35657
51 35807
51 35822
51 36107
51 36278
51 36331
51 36340
51 36388
51 36422
51 36484
51 36491
60 25140
60 25144
60 25220
60 25281
60 25337
60 25485
60 25568
60 25571
60 25625
60 25691
60 25703
60 25728
60 26399
60 26590
60 26638
60 26679
60 26698
60 26715
60 26770
60 26904
60 26915
60 27373
60 27414
60 27541
60 27566
60 27625
60 27741
60 27867
60 27906
60 27923
60 28036
60 28056
60 28073
60 28094
60 28118
60 28146
60 28555
60 28763
60 28890
60 29069
60 29451
60 29564
60 29672
60 29708
60 29766
60 29849
60 29914
60 30076
60 30082
60 30168
60 30182
60 30310
60 30319
60 30845
60 30882
60 30921
60 31213
60 31421
60 31422
60 31436
60 31446
60 31573
60 31581
60 31657
60 31719
60 31814
60 31862
60 31876
60 31907
60 31931
60 32015
60 32062
60 32145
60 32171
60 32249
60 32284
60 32384
60 32402
60 32474
60 32627
60 32842
60 33055
60 33180
60 33293
60 33364
60 33430
60 33472
60 33589
60 33636
60 33717
60 33836
60 34010
60 34071
60 34236
60 34266
60 34347
60 34542
60 34593
60 34835
60 35328
60 35416
60 35423
60 35441
60 35478
60 35582
60 35607
60 35616
60 35687
60 35749
60 35828
60 36001
60 36024
60 36084
60 36186
60 36200
60 36382
60 36411
60 36668
60 36757
60 36819
60 36908
60 36935
60 37164
60 37214
60 37429
60 37468
60 37495
60 37531
60 37682
63 28848
63 28979
63 29255
63 29382
63 29419
63 29613
63 29638
63 29657
63 29909
63 30024
63 30049
63 30083
63 30395
63 30505
63 30882
63 31189
63 31217
63 31246
63 31309
63 31421
63 31503
63 31566
63 31678
63 31847
63 31970
63 31984
63 32081
63 32206
63 32234
63 32254
63 32262
63 32499
63 32546
63 32662
63 32734
63 32813
63 32981
63 33235
63 33446
63 33470
63 33560
63 33571
63 33615
63 33999
63 34017
63 34315
63 34378
63 34549
63 34610
63 34637
63 34659
63 34856
63 34928
63 34991
63 35067
63 35087
63 35285
63 35318
63 35337
63 35561
63 35602
63 35660
63 35753
63 35850
63 36173
63 36281
63 36612
63 36718
63 36806
63 36838
63 37133
63 37148
63 37173
63 37190
63 37217
63 37235
63 37396
63 37403
63 37496
63 37772
63 37818
63 37903
63 37941
64 29872
64 29944
64 30397
64 30403
64 30460
64 30471
64 30592
64 30665
64 30698
64 30769
64 30816
64 30902
64 31017
64 31108
64 31119
64 31126
64 31228
64 31296
64 31427
64 31457
64 31492
64 31520
64 31671
64 31697
64 31712
64 31745
64 32019
64 32106
64 32150
64 32310
64 32377
64 32498
64 32550
64 32668
64 32746
64 32936
64 33007
64 33067
64 33359
64 33403
64 33459
64 33654
64 34103
64 34119
64 34177
64 34214
64 34493
64 34532
64 34707
64 34725
64 35065
64 35191
64 35209
64 35393
64 35472
64 35478
64 35590
64 35607
64 35783
64 35908
64 35967
64 36120
64 36283
64 36404
64 36425
64 36530
64 36591
64 36732
64 36810
64 36835
64 36952
64 36981
64 37090
64 37200
64 37227
64 37286
64 37782
64 37809
64 37839
64 37887
64 37889
64 38537
64 38617
64 38622
64 38645
64 38745
64 38758
64 38919
64 38943
64 39288
64 39343
64 39432
64 39561
64 39570
64 39701
64 39735
64 39736
54 35867
54 36000
54 36029
54 36052
54 36082
54 36101
54 36116
54 36195
54 36264
54 36266
54 36333
54 36360
54 36489
54 36673
54 36912
54 36960
54 36976
54 37013
54 37076
54 37173
54 37300
54 37319
54 37621
54 37660
54 37754
54 37788
54 37830
54 37865
54 37891
54 37928
54 37930
54 38015
54 38124
54 38172
54 38175
54 38232
54 38339
54 38508
54 38545
54 38615
54 38895
54 38940
54 39095
54 39310
54 39327
54 39396
54 39414
54 39493
54 39616
54 39679
54 39872
54 39950
54 39974
54 39976
54 40082
54 40483
54 40511
54 40651
54 40907
54 41043
54 41092
54 41119
54 41310
54 41341
54 41405
54 41453
54 41468
54 41632
54 41759
54 41807
54 41824
54 41833
54 41834
54 42011
54 42109
54 42152
54 42170
54 42326
54 42420
54 42510
54 42542
54 42564
54 42712
54 42756
54 42855
54 42875
54 42940
54 43261
54 43266
54 43275
54 43301
54 43383
54 43406
54 43469
54 43679
54 43828
54 44049
54 44142
54 44204
54 44245
54 44264
54 44534
54 44628
54 44755
54 45013
54 45057
54 45082
54 45096
54 45178
54 45259
54 45266
54 45303
54 45339
54 45653
54 45763
54 45819
54 46293
54 46391
54 46527
54 46552
54 46597
54 46628
54 46696
54 46803
54 46972
54 47005
54 47070
54 47104
54 47109
54 47162
54 47316
54 47336
54 47488
54 47736
54 47907
54 47969
54 48025
54 48038
65 31746
65 31904
65 31912
65 31931
65 31990
65 32162
65 32314
65 32330
65 32347
65 32425
65 32490
65 32493
65 32554
65 32763
65 32815
65 32818
65 32951
65 33014
65 33064
65 33080
65 33173
65 33356
65 33399
65 33421
65 33450
65 33610
65 33661
65 33663
65 33772
65 33818
65 33838
65 33844
65 33866
65 33904
65 33949
65 33993
65 34021
65 34095
65 34388
65 34698
65 34703
65 34778
65 34870
65 34881
65 35067
65 35350
65 35991
65 36111
65 36178
65 36432
65 36484
65 36486
65 36500
65 36582
65 36679
65 36710
65 36734
65 36752
65 36776
65 36812
65 36832
65 37016
65 37205
65 37237
65 37452
65 37581
65 37676
65 37694
65 37809
65 37855
65 37856
65 37875
65 38192
65 38442
65 38454
65 38488
65 38521
65 38686
65 38797
65 38845
65 39014
65 39023
65 39075
65 39126
65 39318
65 39458
65 39646
65 39675
65 39851
65 39970
65 39996
65 40076
65 40336
65 40540
65 40794
65 40819
65 40986
65 41043
65 41263
65 41265
65 41295
65 41306
65 41389
65 41967
59 37400
59 37491
59 37533
59 37594
59 37615
59 37663
59 37712
59 37750
59 37760
59 37781
59 37800
59 37844
59 38041
59 38043
59 38050
59 38124
59 38310
59 38468
59 38520
59 38785
59 38796
59 39402
59 39511
59 39680
59 39721
59 39726
59 39728
59 39900
59 39919
59 39921
59 40125
59 40459
59 40525
59 40531
59 40738
59 40750
59 40826
59 40886
59 41008
59 41071
59 41104
59 41108
59 41153
59 41175
59 41285
59 41315
59 41348
59 41384
59 41399
59 41419
59 41565
59 41610
59 41641
59 41763
59 41797
59 41886
59 41906
59 42184
59 42263
59 42596
59 42737
59 43057
59 43085
59 43198
59 43227
59 43298
59 43433
59 43443
59 43538
59 43586
59 43607
59 43652
59 43739
59 43827
59 43843
59 43851
59 43870
59 43889
59 43940
59 44078
59 44128
59 44149
59 44152
59 44276
59 44311
59 44324
59 44430
59 44538
59 44569
59 44793
59 45002
59 45050
59 45314
59 45539
59 45558
59 45909
59 45998
59 46011
59 46024
59 46098
59 46148
59 46154
59 46167
59 46314
59 46356
59 46439
59 46494
59 46669
59 46812
59 46821
59 46940
59 46954
59 47008
59 47290
59 47437
59 47485
59 47570
59 47804
59 47895
59 47952
59 47990
59 48072
59 48181
59 48229
59 48351
59 48432
59 48467
59 48802
59 48961
59 49049
59 49111
59 49304
59 49314
59 49439
59 49772
59 49860
59 50077
56 36844
56 37112
56 37381
56 37410
56 37498
56 37589
56 37640
56 37660
56 37669
56 37762
56 37989
56 38025
56 38222
56 38372
56 38409
56 38492
56 38654
56 38698
56 38740
56 38848
56 38938
56 39185
56 39188
56 39276
56 39478
56 39514
56 39837
56 40071
56 40389
56 40392
56 40400
56 40484
56 40563
56 40611
56 40627
56 40795
56 40826
56 40907
56 40946
56 40957
56 41040
56 41084
56 41290
56 41317
56 41405
56 41651
56 41733
56 41975
56 42008
56 42294
56 42683
56 42698
56 42892
56 43212
56 43410
56 43557
56 43582
56 43616
56 43684
56 43890
56 43966
56 44024
56 44048
56 44247
56 44301
56 44441
56 44492
56 44549
56 44630
56 44684
56 44687
56 44692
56 45014
56 45077
56 45124
56 45128
56 45351
56 45404
56 45573
56 45690
56 45730
56 45734
56 45946
56 46127
56 46144
56 46145
56 46170
56 46199
56 46244
56 46277
56 46343
56 46366
56 46429
56 46566
56 46647
56 46846
56 46938
56 46973
56 46997
56 47001
56 47022
56 47058
56 47091
56 47099
56 47336
56 47363
56 47383
56 47439
56 47506
56 47510
56 47789
56 47824
56 48212
56 48408
56 48420
56 48461
56 48528
56 48544
56 48564
56 48772
56 48790
56 48832
56 48900
56 48923
56 49003
57 37551
57 37704
57 37756
57 37801
57 37916
57 38118
57 38225
57 38271
57 38352
57 38385
57 38446
57 38460
57 38599
57 38668
57 38767
57 38829
57 39041
57 39043
57 39064
57 39101
57 39107
57 39129
57 39204
57 39335
57 39345
57 39501
57 39590
57 39667
57 39689
57 39694
57 39831
57 39881
57 40138
57 40199
57 40214
57 40260
57 40358
57 40369
57 40389
57 40534
57 40566
57 40657
57 40806
57 40815
57 40841
57 40890
57 41041
57 41085
57 41107
57 41223
57 41275
57 41460
57 41474
57 41476
57 41578
57 41812
57 41824
57 42182
57 42267
57 42360
57 42367
57 42504
57 42651
57 42699
57 42872
57 42931
57 42934
57 43103
57 43121
57 43412
57 43464
57 43504
57 43545
57 43558
57 43720
57 43790
57 44048
57 44169
57 44200
57 44245
57 44439
57 44497
57 44527
57 44606
57 44619
57 44730
57 44751
57 44791
57 44800
57 44828
57 44919
57 44983
57 44990
57 45164
57 45219
57 45228
57 45320
57 45690
57 45836
57 46002
57 46027
57 46038
57 46234
57 46258
57 46360
57 46545
57 46561
57 46643
57 46677
57 46769
57 46875
57 46925
57 47323
57 47334
57 47346
57 47439
57 47543
57 47647
57 47688
57 47750
57 47768
57 47882
57 47906
57 47949
57 48032
57 48067
57 48082
57 48376
57 48547
57 48830
57 48952
57 49218
57 49270
57 49279
57 49394
57 49498
52 36706
52 36861
52 36893
52 36957
52 37022
52 37149
52 37347
52 37446
52 37516
52 37517
52 37594
52 37741
52 37799
52 37835
52 38003
52 38013
52 38315
52 38443
52 38498
52 38546
52 38796
52 38905
52 38924
52 38938
52 38979
52 38986
52 39363
52 39406
52 39460
52 39471
52 39523
52 39529
52 39530
52 39666
52 39804
52 39880
52 39926
52 40115
52 40131
52 40320
52 40333
52 40385
52 40456
52 40486
52 40523
52 40692
52 40769
52 40802
52 40861
52 40880
52 40971
52 41010
52 41050
52 41088
52 41217
52 41269
52 41358
52 41427
52 41450
52 41465
52 41524
52 41576
52 41611
52 41666
52 41992
52 42059
52 42165
52 42166
52 42203
52 42240
52 42352
52 42495
52 42550
52 42555
52 42595
52 42618
52 42848
52 42871
52 42925
52 42948
52 43004
52 43025
52 43050
52 43151
52 43164
52 43407
52 43538
52 43543
52 43598
52 43682
52 44709
52 44716
52 44765
52 44832
52 44890
52 44907
52 45091
52 45128
52 45242
52 45355
52 45564
52 45616
52 45692
52 45717
52 45748
52 45751
52 45913
52 46019
52 46246
52 46326
52 46363
52 46515
52 46580
52 46720
52 46740
52 46950
52 46961
52 47096
52 47161
52 47254
52 47331
52 47585
52 47856
52 47985
52 48021
52 48049
52 48217
52 48290
52 48327
52 48496
52 48676
52 48816
52 48865
52 48887
52 49061
52 49279
52 49322
52 49421
52 49448
52 49496
52 49596
55 37012
55 37197
55 37456
55 37469
55 37475
55 37606
55 37702
55 37785
55 37832
55 37907
55 37910
55 37951
55 38240
55 38241
55 38419
55 38453
55 38486
55 38493
55 38505
55 38664
55 38747
55 38750
55 38780
55 38824
55 38915
55 39035
55 39099
55 39144
55 39160
55 39195
55 39365
55 39505
55 39648
55 40058
55 40273
55 40461
55 40465
55 40713
55 40753
55 40774
55 40893
55 40906
55 40927
55 40968
55 41110
55 41112
55 41130
55 41257
55 41333
55 41458
55 41526
55 41727
55 41743
55 41799
55 41899
55 41910
55 41950
55 42089
55 42144
55 42180
55 42252
55 42274
55 42734
55 42742
55 42749
55 42763
55 42766
55 42796
55 43129
55 43227
55 43266
55 43360
55 43555
55 43595
55 43623
55 43828
55 43984
55 44007
55 44075
55 44079
55 44102
55 44252
55 44295
55 44465
55 44503
55 44547
55 44559
55 44594
55 44678
55 44763
55 44817
55 44839
55 44960
55 44978
55 45000
55 45040
55 45056
55 45118
55 45188
55 45195
55 45259
55 45261
55 45336
55 45369
55 45384
55 45446
55 45603
55 45762
55 45931
55 45949
55 46042
55 46133
55 46174
55 46310
55 46332
55 46429
55 46555
55 46585
55 46619
55 46787
55 46799
55 46870
55 46890
55 46902
55 46911
55 46999
55 47064
55 47209
55 47243
55 47412
55 47447
55 47499
55 47756
55 47832
55 47912
55 47918
55 47941
55 48008
55 48100
55 48233
55 48273
55 48339
55 48422
55 48436
55 48437
55 48632
55 48714
55 48851
55 48857
55 48898
55 48930
55 49090
55 49281
55 49304
55 49381
61 37724
61 37727
61 37768
61 37770
61 37792
61 37933
61 37991
61 38008
61 38058
61 38217
61 38406
61 38437
61 38447
61 38532
61 38655
61 38727
61 38751
61 38799
61 38893
61 38914
61 38986
61 39029
61 39067
61 39081
61 39330
61 39356
61 39366
61 39406
61 39431
61 39446
61 39470
61 39519
61 39659
61 39669
61 39689
61 39750
61 39758
61 39768
61 39864
61 40123
61 40452
61 40459
61 40464
61 40487
61 40610
61 40623
61 40704
61 40818
61 41124
61 41182
61 41271
61 41331
61 41337
61 41404
61 41471
61 41553
61 41619
61 41686
61 41814
61 41824
61 41920
61 41926
61 41954
61 42042
61 42055
61 42080
61 42130
61 42273
61 42281
61 42322
61 42367
61 42463
61 42615
61 42741
61 42762
61 42985
61 43181
61 43505
61 43525
61 43585
61 43611
61 43682
61 43693
61 43778
61 43805
61 43877
61 43895
61 43899
61 44162
61 44221
61 44273
61 44307
61 44393
61 44581
61 44653
61 44893
61 44908
61 44963
61 45065
61 45260
61 45324
61 45473
61 45477
61 45696
61 45769
61 45852
61 45922
61 45974
61 46106
61 46582
61 46746
61 46780
61 46798
61 46982
61 47085
61 47096
61 47129
61 47196
61 47394
61 47438
61 47447
61 47451
61 47605
61 47655
61 47744
61 47784
61 47789
61 47927
61 48031
61 48039
61 48181
61 48245
61 48334
61 48553
61 48586
61 48661
61 48727
61 48749
61 48872
61 48929
61 48950
61 49004
61 49107
61 49176
61 49293
61 49313
61 49375
61 49815
61 49838
61 49881
61 49921
61 50100
58 39321
58 39345
58 39404
58 39667
58 39718
58 39794
58 39883
58 39895
58 39931
58 39939
58 39964
58 39991
58 40091
58 40118
58 40198
58 40200
58 40223
58 40241
58 40302
58 40494
58 40544
58 40804
58 40842
58 40877
58 40966
58 41015
58 41158
58 41270
58 41329
58 41495
58 41754
58 41824
58 41876
58 41886
58 41930
58 42044
58 42220
58 42227
58 42267
58 42355
58 42481
58 42510
58 42706
58 42736
58 42759
58 42766
58 42985
58 43099
58 43116
58 43241
58 43292
58 43375
58 43377
58 43481
58 43549
58 43752
58 43781
58 43819
58 43823
58 43853
58 43908
58 43942
58 44023
58 44074
58 44142
58 44237
58 44244
58 44363
58 44478
58 44616
58 44635
58 44665
58 44881
58 44889
58 44915
58 44984
58 44986
58 45051
58 45191
58 45274
58 45276
58 45356
58 45533
58 45559
58 45662
58 45781
58 45808
58 45935
58 46009
58 46239
58 46329
58 46350
58 46397
58 46534
58 46576
58 46647
58 46883
58 46979
58 47049
58 47259
58 47279
58 47484
58 47499
58 47506
58 47698
58 47817
58 47824
58 47897
58 47977
58 48022
58 48152
58 48176
58 48178
58 48220
58 48313
58 48331
58 48391
58 48444
58 48518
58 48635
58 48665
58 48780
58 48820
58 48826
58 49000
58 49189
58 49295
58 49428
58 49482
58 49631
58 49678
58 49718
58 49792
58 49822
58 49845
58 49863
58 49892
58 50000
58 50107
58 50208
58 50214
58 50249
58 50314
58 50333
58 50347
58 50406
58 50519
58 50542
58 50561
58 50857
58 50966
58 50992
58 51108
58 51134
58 51137
58 51155
58 51232
58 51399
49 33366
49 33476
49 33478
49 33800
49 33853
49 33899
49 33981
49 34017
49 34066
49 34208
49 34776
49 34809
49 34844
49 34851
49 34902
49 35046
49 35144
49 35317
49 35384
49 35423
49 35541
49 35614
49 35646
49 35666
49 35701
49 35733
49 35808
49 35852
49 36083
49 36123
49 36337
49 36385
49 36476
49 36586
49 36630
49 36684
49 36740
49 36759
49 36773
49 36855
49 37035
49 37043
49 37063
49 37110
49 37218
49 37391
49 37404
49 37431
49 37461
49 37491
49 37505
49 37697
49 37808
49 37830
49 38062
49 38100
49 38164
49 38256
49 38338
49 38357
49 38436
49 38608
49 38693
49 38885
49 38988
49 39598
49 39696
49 39705
49 39839
49 39932
49 39988
49 40036
49 40044
49 40172
49 40358
49 40439
49 40440
49 40746
49 40830
49 40836
49 40922
49 41163
49 41176
49 41197
49 41241
49 41265
49 41326
49 41559
49 41881
49 41938
49 42017
49 42062
49 42084
49 42121
49 42180
49 42760
49 43072
49 43273
49 43293
49 43363
49 43405
49 43413
49 43452
49 43473
49 43498
60 37974
60 38024
60 38133
60 38153
60 38162
60 38217
60 38325
60 38354
60 38420
60 38435
60 38781
60 39112
60 39420
60 39451
60 39559
60 39567
60 39595
60 39716
60 39761
60 39825
60 39931
60 40018
60 40096
60 40139
60 40243
60 40291
60 40333
60 40334
60 40407
60 40416
60 40433
60 40544
60 40600
60 40638
60 40970
60 41028
60 41045
60 41085
60 41202
60 41237
60 41267
60 41415
60 41658
60 41670
60 42009
60 42120
60 42138
60 42319
60 42333
60 42343
60 42571
60 42618
60 42740
60 42857
60 42975
60 43065
60 43187
60 43330
60 43456
60 43497
60 43555
60 43560
60 43591
60 43619
60 43802
60 43831
60 43889
60 44104
60 44152
60 44158
60 44190
60 44269
60 44274
60 44346
60 44414
60 44470
60 44583
60 44702
60 44711
60 44734
60 44806
60 45035
60 45199
60 45294
60 45304
60 45381
60 45426
60 45455
60 45584
60 45699
60 45844
60 45871
60 45970
60 45971
60 45974
60 46132
60 46136
60 46178
60 46215
60 46239
60 46307
60 46451
60 46478
60 46486
60 46727
60 46839
60 47208
60 47330
60 47363
60 47668
60 47686
60 47714
60 47805
60 47812
60 47921
60 47936
60 47995
60 47996
60 48050
60 48055
60 48239
60 48296
60 48327
60 48388
60 48422
60 48439
60 48466
60 48496
60 48883
60 48924
60 49025
60 49107
60 49161
60 49288
60 49310
60 49419
60 49494
60 49586
60 49627
60 49731
60 49739
60 49774
60 49786
60 49931
60 49936
60 49958
60 50101
60 50226
60 50234
60 50453
60 50500
51 36715
51 36724
51 36732
51 36764
51 36791
51 36810
51 36941
51 36947
51 37089
51 37304
51 37385
51 37530
51 37616
51 37737
51 37767
51 37829
51 37902
51 38019
51 38086
51 38169
51 38211
51 38666
51 38815
51 38901
51 39136
51 39169
51 39179
51 39591
51 39593
51 39903
51 39996
51 39997
51 40025
51 40036
51 40656
51 40873
51 40878
51 41040
51 41116
51 41231
51 41312
51 41471
51 41536
51 41615
51 41707
51 41768
51 41798
51 41806
51 41886
51 41903
51 42010
51 42136
51 42226
51 42411
51 42513
51 42709
51 42720
51 42790
51 42986
51 43085
51 43100
51 43160
51 43253
51 43312
51 43389
51 43617
51 43752
51 43832
51 43931
51 44216
51 44946
51 45042
51 45059
51 45093
51 45099
51 45138
51 45433
51 45531
51 45618
51 45639
51 45645
51 45687
51 45824
51 45873
51 45920
51 46023
51 46080
51 46180
51 46203
51 46231
51 46281
51 46491
51 46600
51 46759
51 46781
51 47004
51 47018
51 47122
51 47174
51 47214
51 47218
51 47228
51 47252
51 47266
51 47356
51 47596
51 47652
51 47963
51 47997
51 48096
51 48185
51 48331
51 48423
51 48580
51 48651
57 49656
57 49685
57 49889
57 49933
57 49989
57 49994
57 50034
57 50193
57 50356
57 50520
57 50618
57 50640
57 50664
57 50911
57 51190
57 51228
57 51276
57 51319
57 51338
57 51411
57 51419
57 51435
57 51491
57 51696
57 51730
57 51777
57 51787
57 52079
57 52128
57 52193
57 52257
57 52277
57 52316
57 52320
57 52375
57 52400
57 52402
57 52488
57 52512
57 52632
57 52757
57 52827
57 53134
57 53152
57 53153
57 53614
57 53633
57 53672
57 53755
57 53789
57 53858
57 53909
57 53963
57 54013
57 54176
57 54193
57 54195
57 54238
57 54365
57 54366
57 54380
57 54434
57 54514
57 54557
57 54596
57 54597
57 54626
57 54674
57 54750
57 54857
57 54986
57 55067
57 55135
57 55221
57 55244
57 55274
57 55310
57 55322
57 55339
57 55483
57 55584
57 55613
57 55762
57 55880
57 55904
57 55960
57 56071
57 56109
57 56259
57 56319
57 56385
57 56410
57 56488
57 56562
57 56614
57 56625
57 56648
57 56733
57 56740
57 56782
57 56832
57 56838
57 56899
57 56919
57 57102
57 57190
57 57220
57 57276
57 57327
57 57408
57 57418
57 57470
57 57640
57 57642
57 57718
57 57771
57 57784
57 57927
57 57945
57 57974
57 57976
57 57981
57 58022
57 58063
57 58064
57 58111
57 58136
57 58150
57 58160
57 58161
57 58200
57 58332
63 38201
63 38236
63 38307
63 38466
63 38504
63 38601
63 38665
63 38762
63 38822
63 38879
63 39290
63 39310
63 39392
63 39477
63 39535
63 39560
63 39916
63 40015
63 40229
63 40248
63 40274
63 40290
63 40368
63 40418
63 40421
63 40546
63 40752
63 40797
63 40969
63 41380
63 41441
63 41622
63 41639
63 41736
63 41764
63 41814
63 41817
63 41892
63 42174
63 42192
63 42300
63 42452
63 42598
63 42711
63 42755
63 42864
63 42918
63 42923
63 42933
63 42943
63 42970
63 43031
63 43135
63 43178
63 43352
63 43397
63 43474
63 43556
63 43681
63 43688
63 43878
63 44110
63 44150
63 44258
63 44509
63 44640
63 44659
63 44986
63 45117
63 45529
63 45682
63 45739
63 45885
63 46031
63 46228
63 46253
63 46371
63 46406
63 46580
63 46621
63 46636
63 46727
63 46764
63 46828
63 46882
63 46958
63 47023
63 47171
63 47329
63 47406
63 47534
65 42094
65 42224
65 42320
65 42472
65 42515
65 42588
65 42646
65 42658
65 42763
65 42765
65 42794
65 42890
65 43005
65 43033
65 43357
65 43358
65 43377
65 43408
65 43666
65 43757
65 43851
65 43920
65 44135
65 44141
65 44339
65 44547
65 44555
65 44573
65 44667
65 44774
65 44863
65 45044
65 45220
65 45275
65 45403
65 45404
65 45635
65 45864
65 45869
65 46018
65 46102
65 46465
65 46576
65 46594
65 46620
65 46690
65 46821
65 46834
65 46880
65 46945
65 47292
65 47469
65 47491
65 47528
65 47660
65 47900
65 47962
65 48289
65 48676
65 48697
65 48867
65 48897
65 49082
65 49105
65 49216
65 49287
65 49396
65 49397
65 49514
65 49712
65 49801
65 50172
65 50335
65 50354
64 39795
64 40097
64 40348
64 40389
64 40472
64 40504
64 40518
64 40663
64 40761
64 40856
64 40858
64 41016
64 41020
64 41109
64 41160
64 41395
64 41531
64 41658
64 41925
64 42001
64 42017
64 42268
64 42273
64 42533
64 42658
64 42669
64 42808
64 42856
64 42897
64 42900
64 43157
64 43439
64 43490
64 43492
64 43563
64 43722
64 43734
64 43857
64 43932
64 44130
64 44184
64 44355
64 44465
64 44505
64 44528
64 44632
64 44686
64 44871
64 45113
64 45253
64 45262
64 45428
64 45480
64 45517
64 45825
64 45849
64 45893
64 45904
64 46040
64 46142
64 46200
64 46398
64 46514
64 46537
64 46603
64 46609
64 46774
64 46775
64 46973
64 47001
64 47028
64 47285
64 47380
64 47544
64 47779
64 47823
64 47941
64 47956
64 47963
64 48022
64 48051
64 48058
64 48083
64 48153
64 48622
64 48716
64 48818
64 49079
64 49123
64 49214
64 49237
64 49365
64 49428
64 49511
64 49645
64 49715
54 48126
54 48156
54 48423
54 48482
54 48493
54 48494
54 48579
54 48610
54 48617
54 48618
54 48684
54 48757
54 48955
54 49001
54 49016
54 49092
54 49185
54 49245
54 49334
54 49384
54 49418
54 49596
54 49685
54 49769
54 50108
54 50121
54 50210
54 50355
54 50421
54 50626
54 50637
54 50987
54 50993
54 51025
54 51042
54 51128
54 51161
54 51896
54 51947
54 51964
54 52283
54 52332
54 52448
54 52635
54 52647
54 52655
54 53082
54 53219
54 53352
54 53591
54 53707
54 53825
54 53881
54 53969
54 54009
54 54145
54 54157
54 54196
54 54281
54 54290
54 54384
54 54522
54 54550
54 54707
54 54819
54 55049
54 55392
54 55468
54 55740
54 55946
54 56047
54 56134
54 56175
54 56189
54 56233
54 56323
54 56414
54 56447
54 56565
54 56906
54 56972
54 57034
54 57070
54 57096
54 57146
54 57163
54 57191
54 57442
54 57479
54 57698
54 57821
54 57822
54 57974
54 58131
54 58242
54 58246
54 58508
54 58594
54 58665
54 58703
54 58722
54 58770
54 58822
54 58863
54 58922
54 58973
54 59074
54 59134
54 59190
54 59204
54 59267
54 59297
54 59326
54 59395
54 59425
55 49668
55 49761
55 49809
55 49843
55 49919
55 50013
55 50063
55 50507
55 50625
55 50661
55 50663
55 50690
55 50924
55 51087
55 51139
55 51171
55 51177
55 51371
55 51386
55 51578
55 51588
55 51679
55 51688
55 51793
55 51822
55 51825
55 51853
55 51935
55 52062
55 52281
55 52329
55 52447
55 52613
55 52814
55 53034
55 53138
55 53280
55 53319
55 53386
55 53475
55 53536
55 53766
55 53822
55 53881
55 53887
55 54012
55 54057
55 54093
55 54109
55 54187
55 54227
55 54248
55 54265
55 54309
55 54348
55 54495
55 54560
55 54590
55 54654
55 54663
55 54776
55 54929
55 54982
55 54993
55 55106
55 55154
55 55170
55 55197
55 55239
55 55408
55 55458
55 55623
55 55732
55 55973
55 56040
55 56065
55 56101
55 56147
55 56197
55 56209
55 56304
55 56344
55 56392
55 56466
55 56536
55 56564
55 56658
55 56686
55 56730
55 56877
55 56881
55 57082
55 57289
55 57300
55 57318
55 57361
55 57411
55 57534
55 57623
55 57733
55 57748
55 57749
55 57833
55 57844
55 58040
55 58106
55 58133
55 58239
55 58265
55 58345
55 58411
55 58502
55 58609
55 58658
55 58775
55 58867
55 58883
55 58939
55 58976
55 59105
55 59158
55 59166
55 59197
55 59344
55 59439
55 59475
55 59574
55 59665
55 59690
55 59732
55 59733
55 59769
55 59806
55 59825
55 59867
55 59903
55 59944
55 59950
55 60014
55 60065
55 60101
55 60152
55 60161
55 60188
55 60268
55 60306
55 60399
55 60471
55 60554
55 60591
55 60627
55 60715
55 60941
55 60972
59 50209
59 50280
59 50289
59 50397
59 50427
59 50437
59 50458
59 50466
59 50483
59 50543
59 50575
59 50576
59 50579
59 50601
59 50645
59 50703
59 50754
59 51086
59 51131
59 51171
59 51283
59 51364
59 51408
59 51411
59 51437
59 51452
59 51584
59 51710
59 51760
59 51969
59 52036
59 52057
59 52062
59 52087
59 52148
59 52301
59 52318
59 52355
59 52466
59 52583
59 52651
59 52803
59 52804
59 52865
59 52883
59 52973
59 53066
59 53087
59 53097
59 53117
59 53190
59 53266
59 53392
59 53470
59 53489
59 53490
59 53758
59 53834
59 53840
59 53914
59 53983
59 54022
59 54103
59 54255
59 54433
59 54457
59 54460
59 54470
59 54476
59 54593
59 54601
59 54725
59 54799
59 55446
59 55456
59 55507
59 55603
59 55606
59 55697
59 55784
59 55836
59 55864
59 56020
59 56115
59 56147
59 56150
59 56367
59 56389
59 56460
59 56479
59 56483
59 56802
59 56911
59 56962
59 56974
59 57212
59 57323
59 57360
59 57389
59 57457
59 57664
59 57708
59 57829
59 57887
59 57905
59 57926
59 58188
59 58190
59 58226
59 58437
59 58491
59 58492
59 58496
59 58604
59 58712
59 58713
59 58902
59 59187
59 59214
59 59367
59 59381
59 59511
59 59590
59 59596
59 59611
59 59726
59 59825
59 60121
59 60184
59 60242
59 60244
59 60303
59 60341
59 60398
59 60437
59 60446
59 60789
59 60843
59 60849
59 60874
59 60902
59 61130
59 61257
59 61319
59 61344
59 61506
59 61522
59 61544
59 61619
59 61672
59 61674
59 61795
59 62180
59 62208
56 49078
56 49088
56 49099
56 49104
56 49110
56 49237
56 49257
56 49270
56 49328
56 49387
56 49442
56 49591
56 49617
56 49619
56 49764
56 49808
56 49809
56 49816
56 49983
56 50018
56 50102
56 50136
56 50139
56 50196
56 50222
56 50264
56 50839
56 50843
56 51376
56 51485
56 51546
56 51591
56 51649
56 51753
56 51767
56 51776
56 51876
56 52022
56 52028
56 52063
56 52414
56 52475
56 52512
56 52571
56 52647
56 52979
56 53071
56 53106
56 53133
56 53214
56 53321
56 53398
56 53413
56 53435
56 53847
56 53860
56 53946
56 54113
56 54126
56 54185
56 54304
56 54331
56 54352
56 54417
56 54542
56 54732
56 54802
56 54829
56 54857
56 54930
56 55092
56 55111
56 55249
56 55298
56 55349
56 55374
56 55411
56 55464
56 55510
56 55541
56 55620
56 55930
56 55962
56 56136
56 56205
56 56506
56 56556
56 56560
56 56874
56 56933
56 57111
56 57265
56 57285
56 57358
56 57393
56 57652
56 57797
56 57852
56 57926
56 57962
56 57979
56 58048
56 58165
56 58349
56 58368
56 58370
56 58434
56 58652
56 58677
56 58779
56 58820
56 59101
56 59205
56 59245
56 59300
56 59700
56 59880
56 59908
56 59927
56 60017
56 60202
56 60238
56 60242
56 60281
56 60485
56 60527
56 60581
56 60672
56 60699
56 60892
56 60973
56 61063
56 61170
56 61196
56 61256
56 61468
56 61485
56 61525
56 61682
61 50228
61 50654
61 50885
61 50920
61 50949
61 50974
61 51062
61 51133
61 51186
61 51324
61 51339
61 51343
61 51367
61 51433
61 51606
61 51607
61 51632
61 51671
61 51679
61 51694
61 51788
61 51810
61 51983
61 52037
61 52155
61 52213
61 52223
61 52264
61 52305
61 52409
61 52426
61 52514
61 52605
61 52697
61 52823
61 52842
61 52855
61 52936
61 53047
61 53086
61 53285
61 53341
61 53424
61 53467
61 53585
61 53588
61 53658
61 53710
61 53717
61 54207
61 54590
61 54717
61 54795
61 54954
61 54971
61 55003
61 55028
61 55070
61 55137
61 55231
61 55267
61 55319
61 55380
61 55430
61 55525
61 55534
61 55537
61 55559
61 55611
61 55649
61 55808
61 55905
61 56138
61 56157
61 56224
61 56277
61 56279
61 56354
61 56388
61 56521
61 56580
61 56639
61 56670
61 56761
61 56837
61 56896
61 56984
61 57044
61 57071
61 57130
61 57428
61 57440
61 57567
61 57609
61 57620
61 57626
61 57877
61 57962
61 58023
61 58079
61 58083
61 58100
61 58143
61 58193
61 58194
61 58326
61 58341
61 58349
61 58497
61 58525
61 58569
61 58652
61 58678
61 58759
61 58795
61 58814
61 58846
61 58998
61 59058
61 59117
61 59170
61 59287
61 59330
61 59479
61 59482
61 59551
61 59566
61 59607
61 59778
61 60021
61 60046
61 60241
61 60270
61 60364
61 60382
61 60404
61 60523
61 60537
61 60608
61 60692
61 60719
61 60868
61 60967
61 61021
61 61132
61 61197
61 61303
61 61371
61 61525
61 61750
61 61906
61 61914
61 61920
61 61947
61 62031
61 62101
61 62351
61 62388
61 62425
61 62430
61 62547
61 62573
61 62653
51 48684
51 48756
51 48977
51 49074
51 49101
51 49147
51 49165
51 49352
51 49546
51 49548
51 49630
51 49695
51 49700
51 49729
51 49844
51 49891
51 49946
51 49974
51 50102
51 50117
51 50286
51 50484
51 50581
51 50650
51 50665
51 50694
51 50828
51 51109
51 51115
51 51479
51 51565
51 51587
51 51611
51 51626
51 51657
51 51684
51 51758
51 51770
51 51812
51 51918
51 51979
51 52003
51 52041
51 52215
51 52216
51 52303
51 52380
51 52417
51 52539
51 52558
51 52621
51 52622
51 52653
51 52753
51 52927
51 52978
51 53024
51 53125
51 53426
51 53878
51 53957
51 53968
51 54055
51 54220
51 54236
51 54265
51 54277
51 54439
51 54680
51 54778
51 55070
51 55105
51 55129
51 55157
51 55183
51 55185
51 55263
51 55401
51 55463
51 55667
51 55720
51 55761
51 55804
51 55845
51 55866
51 55892
51 56039
51 56135
51 56265
51 56280
51 56320
51 56381
51 56621
51 56721
51 57013
51 57045
51 57174
51 57222
51 57331
51 57484
51 57524
51 57562
51 57690
51 57702
51 58072
51 58234
51 58239
51 58699
51 58700
51 58931
51 59096
51 59143
51 59155
51 59529
51 59532
51 59546
51 59560
51 59594
51 59609
51 59611
51 59629
51 59661
51 59804
51 60112
51 60118
51 60145
51 60151
51 60188
51 60211
51 60266
51 60388
51 60417
51 60557
51 60577
51 60607
63 47611
63 47871
63 47925
63 48008
63 48055
63 48111
63 48163
63 48289
63 48302
63 48363
63 48550
63 48609
63 49152
63 49153
63 49385
63 49400
63 49502
63 49648
63 49664
63 49952
63 49956
63 49990
63 50179
63 50270
63 50271
63 50439
63 50455
63 50595
63 50899
63 50906
63 51076
63 51209
63 51269
63 51300
63 51416
63 51484
63 51527
63 51597
63 51677
63 51883
63 51889
63 52062
63 52233
63 52266
63 52405
63 52441
63 52524
63 52604
63 52654
63 52710
63 52756
63 52786
63 53132
63 53196
63 53346
63 53482
63 53526
63 53605
63 53710
63 53749
63 53753
63 53768
63 53772
63 53937
63 54000
63 54137
63 54369
63 54416
63 54433
63 54492
63 54526
63 54672
63 54710
63 54805
63 54872
63 54985
63 55041
63 55081
63 55107
63 55227
63 55315
63 55343
63 55436
63 55696
63 55940
63 56070
63 56368
63 56407
63 56439
63 56601
63 56669
63 56682
63 56771
52 49728
52 49768
52 49989
52 50123
52 50247
52 50360
52 50499
52 50521
52 50589
52 50598
52 50604
52 50632
52 50668
52 50669
52 50704
52 50747
52 50750
52 50777
52 50915
52 50932
52 51056
52 51142
52 51152
52 51200
52 51349
52 51355
52 51582
52 51629
52 51647
52 51772
52 51926
52 51941
52 51972
52 51986
52 52060
52 52117
52 52166
52 52369
52 52395
52 52603
52 52615
52 52694
52 52727
52 52765
52 52864
52 52920
52 53082
52 53133
52 53158
52 53203
52 53519
52 53582
52 53601
52 53652
52 53694
52 53767
52 53925
52 53990
52 54063
52 54082
52 54211
52 54376
52 54405
52 54410
52 54515
52 54527
52 54686
52 54813
52 55037
52 55118
52 55203
52 55275
52 55416
52 55552
52 55678
52 55750
52 55959
52 56018
52 56040
52 56045
52 56325
52 56742
52 56826
52 57231
52 57233
52 57332
52 57373
52 57505
52 57575
52 57619
52 57723
52 57744
52 57767
52 57834
52 57859
52 57866
52 57925
52 58025
52 58031
52 58089
52 58254
52 58288
52 58449
52 58526
52 58535
52 58560
52 58643
52 58705
52 58711
52 58810
52 59123
52 59272
52 59285
52 59406
52 59629
52 59826
52 59854
52 60059
52 60071
52 60077
52 60135
52 60171
52 60218
52 60263
52 60337
52 60342
52 60381
52 60415
52 60516
52 60550
52 60581
52 60659
52 60812
52 60838
52 60859
52 60877
52 61097
52 61183
52 61219
52 61604
52 61650
52 62104
52 62134
52 62147
58 51601
58 51722
58 51779
58 51942
58 52113
58 52246
58 52397
58 52422
58 52549
58 52614
58 52706
58 52753
58 52866
58 52868
58 52896
58 52994
58 53090
58 53132
58 53210
58 53437
58 53451
58 53560
58 53562
58 53744
58 53779
58 53828
58 53853
58 53921
58 54057
58 54117
58 54125
58 54185
58 54256
58 54269
58 54394
58 54401
58 54431
58 54539
58 54664
58 54699
58 54731
58 54785
58 54895
58 54929
58 54945
58 54962
58 55031
58 55151
58 55187
58 55315
58 55398
58 55557
58 55573
58 55575
58 55619
58 55623
58 55654
58 55852
58 56280
58 56417
58 56426
58 56646
58 56732
58 56749
58 56855
58 56879
58 56938
58 57160
58 57259
58 57403
58 57409
58 57825
58 58000
58 58003
58 58020
58 58031
58 58299
58 58326
58 58357
58 58419
58 58473
58 58672
58 58749
58 58924
58 59091
58 59121
58 59166
58 59253
58 59274
58 59658
58 59759
58 59970
58 60072
58 60092
58 60401
58 60500
58 60503
58 60510
58 60575
58 60685
58 60721
58 60826
58 60851
58 60976
58 61001
58 61156
58 61174
58 61291
58 61386
58 61421
58 61706
58 61948
58 61999
58 62062
58 62126
58 62139
58 62140
58 62233
58 62235
58 62271
58 62283
58 62319
58 62329
58 62385
58 62483
58 62553
58 62556
58 62642
58 62680
58 62688
58 62769
58 62855
58 62952
58 62959
58 62968
58 63011
58 63089
58 63093
58 63130
58 63422
58 63660
58 63851
58 63905
49 43584
49 43721
49 43843
49 43964
49 44092
49 44254
49 44336
49 44367
49 44712
49 44768
49 44800
49 44822
49 44855
49 44997
49 45050
49 45135
49 45267
49 45390
49 45480
49 45675
49 45844
49 45899
49 46022
49 46304
49 46510
49 46546
49 46622
49 46702
49 46721
49 46781
49 46919
49 46968
49 46995
49 47013
49 47063
49 47118
49 47128
49 47163
49 47327
49 47514
49 47627
49 47710
49 47720
49 47740
49 47786
49 47864
49 48133
49 48243
49 48319
49 48338
49 48357
49 48372
49 48424
49 48540
49 48567
49 48670
49 48754
49 48774
49 48843
49 48960
49 49068
49 49079
49 49099
49 49115
49 49195
49 49197
49 49223
49 49247
49 49271
49 49279
49 49355
49 49418
49 49428
49 49429
49 49474
49 49585
49 49684
49 49724
49 49890
49 49899
49 50069
49 50128
49 50231
49 50523
49 50656
49 51019
49 51130
49 51435
49 51445
49 51596
49 51763
49 51833
49 51939
49 52032
49 52157
49 52244
49 52289
49 52366
49 52403
49 52423
49 52569
49 52630
49 52695
49 52727
49 52861
49 52977
49 53119
49 53187
49 53189
49 53339
49 53353
49 53451
49 53547
49 53612
49 53703
49 53736
49 53744
49 53787
49 53967
49 53971
49 53997
49 54264
49 54276
49 54338
49 54404
49 54529
49 54599
60 50972
60 51108
60 51221
60 51322
60 51611
60 52069
60 52100
60 52208
60 52289
60 52344
60 52383
60 52430
60 52567
60 52581
60 52676
60 52696
60 52782
60 52834
60 52854
60 52864
60 52974
60 53029
60 53051
60 53164
60 53170
60 53218
60 53500
60 53510
60 53533
60 53720
60 53730
60 53744
60 53748
60 53831
60 53943
60 54012
60 54067
60 54149
60 54199
60 54249
60 54282
60 54356
60 54386
60 54494
60 54502
60 54581
60 54628
60 54653
60 54762
60 54848
60 54871
60 54882
60 54899
60 54950
60 55089
60 55200
60 55249
60 55362
60 55401
60 55561
60 55621
60 55643
60 55659
60 55698
60 55772
60 55809
60 55838
60 55944
60 56490
60 56554
60 56562
60 56591
60 56658
60 56725
60 56778
60 56833
60 57109
60 57186
60 57302
60 57311
60 57349
60 57377
60 57440
60 57591
60 57612
60 57686
60 58044
60 58131
60 58160
60 58241
60 58284
60 58418
60 58446
60 58466
60 58505
60 58589
60 58590
60 58599
60 58601
60 58674
60 58762
60 58881
60 58930
60 58938
60 58997
60 59020
60 59095
60 59624
60 59627
60 59743
60 59818
60 59821
60 59887
60 60002
60 60232
60 60247
60 60280
60 60456
60 60477
60 60546
60 60602
60 60619
60 60887
60 61012
60 61075
60 61084
60 61107
60 61154
60 61340
60 61506
60 61570
60 61611
60 61616
60 61707
60 61744
60 61834
60 61895
60 61997
60 62348
60 62355
60 62358
60 62417
60 62453
60 62652
60 62660
60 62768
60 62783
64 49969
64 50010
64 50015
64 50020
64 50197
64 50392
64 50683
64 50807
64 50860
64 50869
64 50992
64 50994
64 51083
64 51135
64 51154
64 51159
64 51289
64 51372
64 51475
64 51604
64 51818
64 51853
64 51919
64 52123
64 52344
64 52413
64 52430
64 52592
64 52644
64 52746
64 52802
64 52902
64 52963
64 53153
64 53170
64 53190
64 53208
64 53232
64 53281
64 53331
64 53408
64 53472
64 53580
64 53623
64 53968
64 54026
64 54118
64 54157
64 54242
64 54321
64 54353
64 54683
64 54756
64 54768
64 54784
64 54975
64 55463
64 55482
64 55488
64 55810
64 55817
64 56239
64 56251
64 56272
64 56444
64 56463
64 56507
64 56538
64 56566
64 56673
64 56705
64 56774
64 56792
64 57218
64 57393
64 57685
64 57808
64 57853
64 57987
64 58182
64 58266
64 58286
64 58304
64 58507
64 58740
64 58832
64 58881
64 58906
64 59007
64 59296
64 59488
64 59500
64 59511
64 59542
54 59812
54 59855
54 59887
54 59986
54 60089
54 60135
54 60193
54 60337
54 60379
54 60408
54 60518
54 60549
54 60690
54 60788
54 60923
54 60960
54 60985
54 61040
54 61581
54 61622
54 61632
54 61646
54 61767
54 61874
54 61942
54 62060
54 62286
54 62359
54 62433
54 63046
54 63173
54 63207
54 63554
54 63651
54 63842
54 63898
54 64018
54 64041
54 64367
54 64479
54 64828
54 64882
54 65043
54 65063
54 65159
54 65169
54 65216
54 65292
54 65300
54 65338
54 65390
54 65398
54 65873
54 65879
54 65995
54 66160
54 66180
54 66184
54 66230
54 66436
54 66553
54 66651
54 66685
54 66747
54 66783
54 66810
54 66860
54 67132
54 67232
54 67240
54 67320
54 67326
54 67539
54 67598
54 67639
54 67773
54 67785
54 67842
54 67880
54 68236
54 68770
54 68990
54 69230
54 69253
54 69255
54 69309
54 69439
54 69731
54 69779
54 69807
54 69829
54 69832
54 69896
54 69949
54 69996
54 70013
54 70029
54 70040
54 70106
54 70142
54 70180
54 70423
54 70536
54 70593
54 70613
54 70889
54 71117
52 62242
52 62293
52 62323
52 62449
52 62468
52 62482
52 62536
52 62557
52 62641
52 62677
52 62724
52 62852
52 63184
52 63291
52 63332
52 63452
52 63533
52 63610
52 63845
52 63962
52 64139
52 64211
52 64273
52 64511
52 64927
52 64989
52 65058
52 65181
52 65255
52 65292
52 65370
52 65395
52 65426
52 65449
52 65459
52 65707
52 65805
52 65894
52 65975
52 66007
52 66365
52 66478
52 66649
52 66704
52 66728
52 66938
52 66940
55 61125
55 61212
55 61365
55 61427
55 61610
55 61756
55 61814
55 61821
55 61866
55 62261
55 62283
55 62629
55 62774
55 62797
55 63194
55 63291
55 63428
55 63497
55 63623
55 63842
55 64015
55 64498
55 64679
55 64698
55 64709
55 64894
55 64961
55 65016
55 65073
55 65086
55 65152
55 65254
55 65299
55 65346
55 65491
55 65503
55 65523
55 65525
55 65527
55 65610
55 65636
55 65694
55 65778
55 65981
55 66037
55 66141
55 66152
55 66486
55 66562
55 66595
55 66644
55 66741
55 66840
55 66866
55 66901
55 66903
55 66907
55 66987
55 67317
55 67331
55 67514
55 67533
55 67551
55 67642
55 67901
55 67964
55 67980
55 67991
55 68204
55 68229
55 68306
55 68404
55 68465
55 68645
55 68687
55 68773
55 68780
55 68858
55 68923
55 68967
55 69057
55 69069
55 69100
55 69104
55 69112
55 69434
55 69562
55 69573
55 69583
55 69591
55 69601
55 69772
55 69881
55 69916
55 70016
55 70019
55 70025
55 70099
55 70173
55 70311
55 70334
55 70335
55 70392
55 70508
55 70520
55 70831
55 70952
55 71058
55 71269
55 71305
55 71390
55 71411
55 71427
55 71445
55 71495
55 71658
55 71866
55 71973
55 72056
55 72072
55 72076
55 72389
55 72412
55 72538
55 72736
55 72741
55 72767
55 72810
55 72927
55 72964
59 62283
59 62350
59 62507
59 62825
59 62826
59 63031
59 63291
59 63437
59 63525
59 63579
59 63649
59 63656
59 63774
59 63787
59 63872
59 63921
59 63950
59 63967
59 63979
59 63995
59 64138
59 64265
59 64412
59 64418
59 64491
59 64952
59 64963
59 65058
59 65059
59 65086
59 65231
59 65291
59 65333
59 65378
59 65528
59 65543
59 65616
59 65669
59 65818
59 65991
59 66026
59 66070
59 66150
59 66171
59 66215
59 66261
59 66595
59 66634
59 66746
59 66753
59 66764
59 66779
59 66818
59 66825
59 66893
59 66918
59 67001
59 67021
59 67138
59 67203
59 67232
59 67414
59 67557
59 67612
59 67770
59 68003
59 68015
59 68324
59 68714
59 68720
59 68783
59 68822
59 68847
59 68894
59 68978
59 69067
59 69072
59 69130
59 69132
59 69146
59 69237
59 69254
59 69288
59 69414
59 69417
59 69452
59 69514
59 69527
59 69661
59 69690
59 69829
59 69945
59 70146
59 70255
59 70313
59 70383
59 70447
59 70513
59 70607
59 70620
59 70733
59 70748
59 70832
59 70905
59 70970
59 70977
59 71019
59 71025
59 71165
59 71221
59 71336
59 71347
59 71661
59 71686
59 71763
59 71822
59 71852
59 71953
59 71991
59 72037
59 72055
59 72103
59 72170
59 72449
59 72468
59 72646
59 72658
59 72856
59 72885
59 72911
59 72955
59 73080
59 73087
59 73116
59 73173
59 73223
59 73244
59 73280
59 73456
59 73522
59 73545
59 73575
59 73598
59 73599
59 73680
59 73686
59 73702
59 73736
59 73774
59 74113
59 74122
59 74229
51 60753
51 60785
51 61029
51 61107
51 61194
51 61209
51 61225
51 61372
51 61427
51 61437
51 61462
51 61601
51 61640
51 61647
51 61743
51 61867
51 62024
51 62110
51 62234
51 62268
51 62279
51 62376
51 62385
51 62458
51 62713
51 62849
51 62951
51 63146
51 63149
51 63206
51 63280
51 63284
51 63324
51 63402
51 63523
51 63598
51 63792
51 63833
51 64141
51 64180
51 64219
51 64304
51 64384
51 64491
51 64493
51 64529
51 64813
51 64836
51 64846
51 64860
51 65033
51 65040
51 65054
51 65080
51 65223
51 65228
51 65322
51 65413
51 65428
51 65758
51 65794
51 65812
51 65888
51 65933
51 65951
51 66019
51 66051
51 66110
51 66195
51 66229
51 66556
51 66603
51 66607
51 66758
51 66906
51 67034
51 67114
51 67139
51 67350
51 67424
51 67467
51 67474
51 67519
51 67529
51 67596
51 67644
51 67749
51 67795
51 67964
51 68291
51 68423
51 68426
51 68518
51 68524
51 68730
51 68766
51 68777
51 68924
51 68941
51 68949
51 69002
51 69126
51 69152
51 69235
51 69361
51 69508
51 69573
51 69625
51 69813
51 69815
51 69845
51 69883
51 69891
51 69917
51 69983
51 69995
51 70174
51 70348
51 70462
51 70473
51 70536
51 70604
51 70763
51 70990
51 71136
51 71177
51 71180
51 71233
51 71350
51 71357
51 71363
51 71435
51 71603
51 71687
51 71699
51 71777
51 72019
51 72140
51 72141
51 72340
51 72374
61 62726
61 62834
61 62907
61 62991
61 63041
61 63142
61 63258
61 63288
61 63372
61 63732
61 63788
61 63844
61 63929
61 63946
61 63948
61 63971
61 64019
61 64164
61 64172
61 64193
61 64383
61 64402
61 64606
61 64632
61 64694
61 64700
61 64878
61 64999
61 65023
61 65037
61 65038
61 65133
61 65162
61 65477
61 65483
61 65791
61 65844
61 65919
61 65936
61 66022
61 66033
61 66193
61 66371
61 66427
61 66551
61 66861
61 66883
61 66887
61 66947
61 67067
61 67139
61 67175
61 67260
61 67463
61 67521
61 67581
61 67610
61 67695
61 67724
61 67809
61 67841
61 67936
61 68097
61 68127
61 68288
61 68341
61 68415
61 68449
61 68487
61 68490
61 68628
61 68668
61 68844
61 68966
61 69106
61 69137
61 69151
61 69194
61 69251
61 69279
61 69287
61 69327
61 69375
61 69544
61 69565
61 69711
61 69767
61 69788
61 69891
61 70053
61 70057
61 70246
61 70337
61 70407
61 70441
61 70453
61 70471
61 70510
61 70516
61 70615
61 70909
61 70944
61 71066
61 71097
61 71107
61 71156
61 71339
61 71467
61 71574
61 71611
61 71612
61 71784
61 71817
61 71974
61 72027
61 72039
61 72045
61 72085
61 72087
61 72107
61 72192
61 72291
61 72333
61 72404
61 72447
61 72496
61 72603
61 72641
61 72706
61 72800
61 72869
61 72944
61 73023
61 73037
61 73039
61 73089
61 73206
61 73241
61 73363
61 73427
61 73442
61 73490
61 73728
61 73758
61 73792
61 73950
61 74045
61 74123
61 74259
61 74267
61 74310
61 74419
61 74655
61 74921
61 75010
49 54712
49 54816
49 54856
49 54901
49 55132
49 55433
49 55491
49 55510
49 55573
49 55748
49 55870
49 56093
49 56320
49 56355
49 56597
49 56658
49 56700
49 57004
49 57009
49 57018
49 57030
49 57119
49 57207
49 57233
49 57274
49 57368
49 57616
49 57813
49 57970
49 58044
49 58156
49 58323
49 58348
49 58431
49 58662
49 58744
49 58764
49 58769
49 58841
49 58913
49 58952
49 59147
49 59307
49 59377
49 59380
49 59445
49 59471
49 59646
49 59665
49 59848
49 60072
49 60075
49 60081
49 60174
49 60317
49 60363
49 60404
49 60436
49 60591
49 60714
49 60930
49 60952
49 61136
49 61284
49 61337
49 61672
49 61683
49 61776
49 61777
49 61969
49 62192
49 62227
49 62479
49 62538
49 62556
49 62595
49 63105
49 63406
49 63440
49 63450
49 63559
49 63741
49 63779
49 63863
49 63865
49 63939
49 63959
49 63998
49 64284
49 64401
49 64422
49 64509
49 64531
49 64735
49 64795
49 64846
49 64859
49 64936
49 64938
49 64944
49 64960
49 65086
49 65132
49 65201
49 65295
49 65372
49 65466
49 65506
49 65600
58 64147
58 64269
58 64311
58 64423
58 64506
58 64527
58 64699
58 64716
58 64750
58 64755
58 65040
58 65089
58 65131
58 65138
58 65204
58 65404
58 65451
58 65599
58 65707
58 65745
58 65775
58 65816
58 65862
58 65944
58 65983
58 65991
58 66033
58 66036
58 66047
58 66093
58 66171
58 66201
58 66324
58 66423
58 66501
58 66522
58 66610
58 66889
58 66913
58 66922
58 66970
58 67062
58 67084
58 67233
58 67256
58 67351
58 67467
58 67525
58 67548
58 67808
58 67819
58 67854
58 67948
58 68048
58 68089
58 68279
58 68408
58 68426
58 68473
58 68519
58 68626
58 68709
58 68751
58 68825
58 68948
58 69031
58 69086
58 69155
58 69240
58 69324
58 69387
58 69551
58 69656
58 69869
58 69955
58 69963
58 69993
58 70019
58 70052
58 70143
58 70189
58 70217
58 70254
58 70328
58 70368
58 70406
58 70472
58 70721
58 70753
58 70831
58 71024
58 71082
58 71093
58 71435
58 71446
58 71531
58 71541
58 71548
58 71677
58 71819
58 72002
58 72093
58 72131
58 72444
58 72542
58 72693
58 72694
58 72835
58 72968
58 73120
58 73133
58 73223
58 73327
58 73331
58 73549
58 73584
58 73593
58 73606
58 73619
58 73885
58 73958
58 73974
58 73981
58 74060
58 74136
58 74189
58 74197
58 74300
58 74337
58 74517
58 74556
58 74603
58 74634
58 74665
58 74691
58 74776
58 74789
58 74832
58 74951
58 74957
58 75017
58 75161
58 75189
58 75191
58 75199
58 75253
58 75272
58 75288
58 75446
58 75501
58 75529
58 75614
58 75853
58 75859
58 75905
58 75983
58 76168
56 61874
56 61948
56 62051
56 62098
56 62111
56 62189
56 62257
56 62359
56 62397
56 62437
56 62470
56 62501
56 62519
56 62532
56 62641
56 62698
56 62739
56 62753
56 62827
56 62998
56 63256
56 63379
56 63411
56 63582
56 63680
56 63826
56 63836
56 63902
56 63919
56 63920
56 63932
56 64009
56 64014
56 64034
56 64306
56 64317
56 64504
56 64725
56 64931
56 64952
56 64989
56 65027
56 65057
56 65068
56 65111
56 65133
56 65137
56 65156
56 65301
56 65784
56 65936
56 66002
56 66043
56 66286
56 66338
56 66350
56 66625
56 66899
56 66957
56 66991
56 67005
56 67047
56 67059
56 67216
56 67280
56 67326
56 67354
56 67396
56 67481
56 67527
56 67553
56 67554
56 67636
56 67766
56 67861
56 67876
56 67878
56 67899
56 67914
56 67938
56 68000
56 68029
56 68036
56 68051
56 68074
56 68114
56 68206
56 68263
56 68575
56 68596
56 68611
56 68631
56 68929
56 69002
56 69152
56 69293
56 69329
56 69333
56 69366
56 69587
56 69596
56 69739
56 69825
56 69828
56 69964
56 69967
56 70103
56 70141
56 70245
56 70318
56 70408
56 70911
56 70984
56 71018
56 71069
56 71206
56 71440
56 71492
56 71494
56 71507
56 71540
56 71598
56 71681
56 72050
56 72052
56 72080
56 72087
56 72130
56 72186
56 72246
56 72308
56 72364
56 72544
56 72817
56 73029
56 73098
56 73106
56 73157
56 73441
56 73591
56 73604
56 73664
56 73766
56 73792
56 73811
56 73838
56 73844
56 73985
56 74045
56 74084
56 74115
56 74191
56 74200
56 74223
56 74224
56 74312
56 74334
56 74370
56 74487
60 62811
60 62939
60 63114
60 63149
60 63219
60 63324
60 63338
60 63362
60 63471
60 63509
60 63540
60 63636
60 63687
60 63801
60 63993
60 64053
60 64119
60 64132
60 64267
60 64406
60 64484
60 64535
60 64601
60 64705
60 64904
60 64983
60 65005
60 65073
60 65137
60 65525
60 65586
60 65680
60 65701
60 65832
60 65986
60 66054
60 66074
60 66179
60 66255
60 66521
60 66607
60 66753
60 66876
60 66907
60 67026
60 67065
60 67249
60 67280
60 67479
60 67606
60 67700
60 67733
60 67793
60 67985
60 68031
60 68082
60 68201
60 68221
60 68243
60 68361
60 68387
60 68429
60 68450
60 68629
60 68715
60 68761
60 68967
60 69006
60 69019
60 69075
60 69141
60 69172
60 69268
60 69273
60 69283
60 69379
60 69390
60 69473
60 69491
60 69636
60 69652
60 69688
60 69733
60 69757
60 69780
60 69813
60 69851
60 69857
60 69881
60 69901
60 69953
60 70170
60 70399
60 70432
60 70534
60 70600
60 70731
60 70917
60 70952
60 71013
60 71300
60 71341
60 71683
60 71840
60 71858
60 71877
60 71928
60 72034
60 72176
60 72358
60 72556
60 72684
60 72708
60 72790
60 72871
60 72901
60 73042
60 73110
60 73165
60 73177
60 73406
60 73490
60 73690
60 73888
60 73988
60 74089
60 74145
60 74393
60 74489
63 57021
63 57026
63 57094
63 57119
63 57218
63 57224
63 57553
63 57591
63 57656
63 57759
63 57924
63 58016
63 58114
63 58431
63 58470
63 58487
63 58715
63 58908
63 58948
63 58975
63 59060
63 59144
63 59155
63 59250
63 59505
63 59584
63 59625
63 59740
63 59741
63 59812
63 59913
63 59924
63 59928
63 59960
63 59962
63 60184
63 60192
63 60366
63 60473
63 60500
63 60524
63 60596
63 60712
63 60740
63 60751
63 60847
63 61138
63 61148
63 61169
63 61217
63 61300
63 61375
63 61422
63 61594
63 61793
63 61823
63 62026
63 62102
63 62203
63 62313
63 62729
63 62831
63 62954
63 63002
63 63003
63 63175
63 63253
63 63345
63 63521
63 63566
63 63704
63 63997
63 64038
63 64109
63 64182
63 64205
63 64212
63 64521
63 64712
63 65248
63 65295
63 65309
63 65477
63 65578
63 65755
63 65757
63 66098
63 66111
63 66142
63 66169
63 66228
63 66301
63 66325
54 71255
54 71589
54 71824
54 72185
54 72239
54 72292
54 72320
54 72369
54 72373
54 72389
54 72454
54 72492
54 72530
54 72644
54 72657
54 72825
54 72971
54 73046
54 73222
54 73305
54 73520
54 73618
54 73685
54 73686
54 73692
54 73791
54 73820
54 73896
54 73935
54 73978
54 74005
54 74057
54 74127
54 74274
54 74335
54 74394
54 74433
54 74562
54 74924
54 75062
54 75213
54 75233
54 75362
54 75453
54 75469
54 75658
54 75719
54 75794
54 75894
54 76042
54 76472
54 76617
54 76639
54 76654
54 76678
54 77146
54 77189
54 77399
54 77437
54 77480
54 77530
54 77536
54 77572
54 77658
54 77684
54 77687
54 77757
54 77782
54 77809
54 77858
54 78082
54 78133
54 78199
54 78266
54 78284
54 78396
54 78415
54 78447
54 78469
54 78669
54 78712
54 78762
54 78796
54 78866
54 78946
54 78969
54 79110
54 79459
54 79515
54 79641
54 79680
54 79690
54 79745
54 79790
54 79886
54 80095
54 80274
54 80415
54 80437
54 80510
54 80634
54 80703
54 80891
54 81092
54 81112
54 81390
54 81550
54 81575
54 81609
54 81760
54 81848
54 81929
54 82219
54 82232
54 82242
54 82272
54 82357
54 82500
54 82722
54 82745
54 82785
54 82855
54 82876
54 82921
54 82926
54 82954
54 83056
54 83098
64 59568
64 59837
64 59874
64 59875
64 59883
64 59943
64 59992
64 60052
64 60142
64 60189
64 60236
64 60334
64 60486
64 60688
64 60870
64 60931
64 61277
64 61350
64 61628
64 61670
64 61744
64 61972
64 61986
64 62149
64 62191
64 62251
64 62342
64 62405
64 62479
64 62519
64 62632
64 62826
64 62885
64 62943
64 63046
64 63350
64 63361
64 63463
64 63487
64 63650
64 63723
64 63896
64 63925
64 63947
64 63966
64 64097
64 64393
64 64617
64 64635
64 64666
64 64708
64 64967
64 65009
64 65089
64 65100
64 65117
64 65199
64 65365
64 65509
64 65629
64 65813
64 65938
64 66022
64 66071
64 66115
64 66167
64 66321
64 66538
64 66576
64 66678
64 66695
64 66774
64 66818
64 66892
64 67274
64 67307
64 67383
64 67501
64 67546
64 67566
64 67643
64 67713
64 67836
64 67896
64 67902
64 68054
64 68080
64 68149
64 68187
64 68198
64 68259
64 68484
64 68708
64 68749
64 68902
64 68929
64 68934
64 68980
64 69189
64 69324
64 69511
55 73192
55 73304
55 73316
55 73519
55 73536
55 73726
55 73743
55 73795
55 73961
55 74058
55 74068
55 74115
55 74196
55 74222
55 74317
55 74456
55 74490
55 74591
55 74607
55 74632
55 74703
55 75057
55 75354
55 75520
55 75543
55 75693
55 75785
55 75860
55 76037
55 76066
55 76094
55 76172
55 76215
55 76339
55 76505
55 76517
55 76536
55 76590
55 76609
55 76805
55 76806
55 77060
55 77115
55 77162
55 77170
55 77179
55 77191
55 77301
55 77334
55 77531
55 77539
55 77576
55 77605
55 77700
55 77716
55 77744
55 77865
55 77895
55 78019
55 78046
55 78098
55 78116
55 78310
55 78334
55 78400
55 78405
55 78434
55 78714
55 78955
55 79012
55 79015
55 79030
55 79054
55 79319
55 79366
55 79551
55 79598
55 79620
55 79634
55 79638
55 79841
55 79869
55 79928
55 80044
55 80055
55 80090
55 80111
55 80183
55 80486
55 80533
55 80536
55 80562
55 80608
55 80679
55 80712
55 80721
55 80767
55 80817
55 80828
55 81087
55 81109
55 81147
55 81230
55 81513
55 81553
55 81583
55 81681
55 81683
55 81745
55 81764
55 81824
55 81849
55 82117
55 82167
55 82219
55 82230
55 82374
55 82493
55 82501
55 82557
55 82844
55 82951
55 83029
55 83195
55 83304
55 83621
55 83668
55 83766
55 83771
55 83858
55 84068
55 84161
55 84319
55 84367
55 84512
55 84810
55 84937
61 75017
61 75079
61 75228
61 75234
61 75391
61 75477
61 75769
61 75831
61 75902
61 75910
61 76133
61 76185
61 76198
61 76290
61 76407
61 76423
61 76566
61 76676
61 76682
61 76734
61 76862
61 76867
61 76872
61 76922
61 76933
61 77075
61 77146
61 77157
61 77276
61 77298
61 77310
61 77345
61 77353
61 77414
61 77422
61 77425
61 77439
61 77466
61 77606
61 77647
61 77728
61 77949
61 78014
61 78144
61 78222
61 78292
61 78369
61 78376
61 78418
61 78489
61 78506
61 78525
61 78704
61 78723
61 78775
61 78850
61 78863
61 79084
61 79095
61 79157
61 79244
61 79380
61 79417
61 79669
61 79701
61 79828
61 79852
61 79889
61 79912
61 79950
61 79963
61 80029
61 80030
61 80078
61 80303
61 80440
61 80443
61 80618
61 80637
61 80681
61 80731
61 80939
61 80973
61 80995
61 81219
61 81540
61 81599
61 81718
61 81785
61 81809
61 81818
61 81867
61 81903
61 81974
61 82083
61 82224
61 82286
61 82338
61 82440
61 82717
61 82736
61 82814
61 82819
61 82852
61 82916
61 82998
61 83034
61 83248
61 83290
61 83406
61 83427
61 83565
61 83706
61 83892
61 83947
61 84009
61 84027
61 84051
61 84052
61 84365
61 84381
61 84623
61 84639
61 84698
61 84784
61 84827
61 84865
61 84947
61 85006
61 85017
61 85138
61 85182
61 85208
61 85312
61 85332
61 85412
61 85535
61 85649
61 85753
61 85809
61 85835
61 85881
61 86013
61 86041
61 86165
61 86169
61 86222
61 86384
61 86528
61 86584
61 86589
61 86603
61 86893
61 86946
61 87087
61 87089
61 87237
61 87256
61 87282
61 87338
61 87385
61 87442
61 87512
51 72539
51 72583
51 72984
51 73037
51 73142
51 73228
51 73286
51 73527
51 73570
51 73586
51 73590
51 73637
51 73778
51 73880
51 74091
51 74154
51 74536
51 74640
51 74808
51 74845
51 74850
51 74977
51 75038
51 75207
51 75224
51 75230
51 75291
51 75330
51 75518
51 75537
51 75634
51 75713
51 75735
51 75763
51 75817
51 75911
51 76073
51 76127
51 76264
51 76369
51 76404
51 76411
51 76572
51 76971
51 76972
51 77009
51 77067
51 77281
51 77283
51 77415
51 77505
51 77552
51 77653
51 77693
51 77751
51 77771
51 77865
51 77985
51 78059
51 78062
51 78142
51 78264
51 78367
51 78368
51 78461
51 78480
51 78653
51 78892
51 79057
51 79112
51 79168
51 79234
51 79309
51 79354
51 79387
51 79392
51 79410
51 79423
51 79441
51 79499
51 79592
51 79635
51 79638
51 79867
51 79896
51 79913
51 80148
51 80265
51 80472
51 80497
51 80529
51 80860
51 80871
51 81092
51 81117
51 81154
51 81166
51 81456
51 81542
51 81644
51 81675
51 81677
51 81894
51 81901
51 82060
51 82180
51 82208
51 82362
51 82366
51 82374
51 82376
51 82405
51 82479
51 82503
51 82524
51 82539
51 82660
51 82713
51 82822
51 82875
51 82904
51 82944
51 82955
51 83372
51 83428
51 83482
51 83484
51 83560
51 83703
51 83724
51 83742
51 83860
51 83968
51 84109
51 84198
51 84209
51 84261
51 84326
51 84378
51 84404
51 84561
51 84572
51 84594
51 84606
51 84607
51 84714
51 84744
63 66479
63 66616
63 66713
63 66860
63 66928
63 66947
63 67072
63 67093
63 67155
63 67180
63 67265
63 67310
63 67322
63 67470
63 67541
63 67591
63 67782
63 67881
63 67963
63 67984
63 68001
63 68096
63 68134
63 68297
63 68339
63 68354
63 68394
63 68567
63 68781
63 68893
63 68914
63 69104
63 69325
63 69369
63 69457
63 69541
63 69575
63 69653
63 70015
63 70150
63 70167
63 70214
63 70497
63 70621
63 70769
63 70883
63 70989
63 71178
63 71184
63 71282
63 71322
63 71452
63 71468
63 71500
63 71746
63 71814
63 71908
63 71975
63 72369
63 72411
63 72583
63 72648
63 72663
63 72799
63 72941
63 73263
63 73324
63 73395
63 73544
63 73551
63 73571
63 73586
63 73628
63 73800
63 73961
63 74228
63 74664
63 74665
63 74751
63 74924
63 74928
63 75028
63 75540
63 75637
63 75667
63 75729
59 74312
59 74395
59 74404
59 74462
59 74484
59 74510
59 74515
59 74523
59 74525
59 74755
59 74926
59 74966
59 75080
59 75106
59 75126
59 75213
59 75267
59 75350
59 75363
59 75425
59 75431
59 75459
59 75620
59 75647
59 75829
59 75946
59 75999
59 76274
59 76286
59 76331
59 76336
59 76554
59 76578
59 76848
59 76923
59 77060
59 77068
59 77174
59 77287
59 77435
59 77609
59 77633
59 77634
59 77736
59 77752
59 77789
59 77868
59 77932
59 78063
59 78129
59 78175
59 78189
59 78229
59 78256
59 78330
59 78407
59 78655
59 78719
59 78730
59 78762
59 78902
59 79015
59 79046
59 79054
59 79100
59 79198
59 79279
59 79352
59 79424
59 79775
59 80026
59 80049
59 80237
59 80248
59 80326
59 80448
59 80629
59 80644
59 80693
59 80800
59 80846
59 80949
59 81061
59 81068
59 81088
59 81233
59 81324
59 81445
59 81458
59 81557
59 81861
59 81895
59 81974
59 82004
59 82050
59 82178
59 82326
59 82396
59 82439
59 82440
59 82621
59 82681
59 82778
59 82798
59 82831
59 82838
59 82841
59 82965
59 83079
59 83201
59 83204
59 83272
59 83284
59 83288
59 83343
59 83436
59 83457
59 83637
59 83896
59 83901
59 84045
59 84058
59 84121
59 84209
59 84285
59 84317
59 84409
59 84415
59 84433
59 84499
59 84557
59 84576
59 84690
59 84740
59 84756
59 84902
59 84916
59 84976
59 85154
59 85364
59 85375
59 85387
59 85668
59 86183
59 86311
59 86329
59 86532
59 86533
59 86535
59 86566
59 86681
59 86794
54 83332
54 83383
54 83423
54 83442
54 83484
54 83603
54 83606
54 83720
54 83839
54 83892
54 83987
54 84103
54 84106
54 84376
54 84554
54 84576
54 84588
54 84640
54 84678
54 84805
54 84807
54 84959
54 85081
54 85153
54 85226
54 85394
54 85456
54 85491
54 85509
54 85675
54 85679
54 85701
54 85705
54 85854
54 85982
54 86212
54 86335
54 86411
54 86511
54 86688
54 86836
54 86845
54 87125
54 87273
54 87514
54 87609
54 87805
54 87891
54 88045
54 88120
54 88145
54 88165
54 88329
54 88345
54 88430
54 88460
54 88674
54 88725
54 88839
54 89120
54 89384
54 89492
54 89508
54 89582
54 89583
54 89831
54 89862
54 90014
54 90117
54 90160
54 90216
54 90219
54 90281
54 90421
54 90595
54 90600
54 90623
54 90730
54 90970
54 91294
54 91398
54 91443
54 91678
54 91933
54 91962
54 92009
54 92062
54 92098
54 92116
54 92117
54 92119
54 92230
54 92256
54 92270
54 92335
54 92469
54 92541
54 92549
54 92640
54 92671
54 92742
54 92825
54 92855
54 92997
54 93011
54 93202
54 93344
54 93370
54 93431
54 93458
54 93589
54 93629
54 93776
54 93885
54 93946
54 93997
54 94012
54 94023
54 94052
54 94080
54 94202
54 94241
54 94401
54 94531
54 94917
54 94974
54 95052
54 95093
54 95115
54 95123
54 95290
54 95406
54 95417
49 65682
49 65773
49 65803
49 65934
49 65974
49 66184
49 66295
49 66297
49 66987
49 67136
49 67264
49 67367
49 67374
49 67721
49 67813
49 67854
49 68056
49 68070
49 68242
49 68284
49 68342
49 69125
49 69303
49 69355
49 69391
49 69471
49 69523
49 69628
49 69648
49 69879
49 70007
49 70024
49 70162
49 70229
49 70232
49 70412
49 70518
49 70524
49 70586
49 70594
49 70658
49 70746
49 70803
49 71132
49 71269
49 71326
49 71366
49 71368
49 71376
49 71424
49 71510
49 71607
49 71718
49 71811
49 71842
49 71903
49 71930
49 71983
49 72005
49 72114
49 72150
49 72174
49 72189
49 72225
49 72356
49 72531
49 72631
49 72668
49 72746
49 72779
49 72795
49 72872
49 72935
49 72995
49 73007
49 73070
49 73106
49 73131
49 73235
49 73349
49 73351
49 73824
49 73946
49 74002
49 74050
49 74075
49 74109
49 74299
49 74388
49 74583
49 74664
49 74683
49 74727
49 74795
49 74802
49 74869
49 74892
49 75101
49 75377
49 75467
49 75837
49 75893
49 76018
49 76067
49 76078
49 76085
49 76152
49 76219
49 76261
49 76363
49 76409
49 76449
49 76522
49 76560
49 76579
49 76657
49 76735
49 76848
64 69780
64 69781
64 69942
64 70083
64 70298
64 70369
64 70457
64 70521
64 70650
64 70707
64 70719
64 70868
64 71189
64 71337
64 71645
64 71825
64 71839
64 71937
64 72047
64 72060
64 72083
64 72165
64 72193
64 72207
64 72234
64 72324
64 72425
64 72434
64 72530
64 72662
64 72677
64 72709
64 72749
64 72752
64 72821
64 72861
64 72872
64 73224
64 73384
64 73693
64 73700
64 73894
64 73948
64 73952
64 74368
64 74443
64 74458
64 74496
64 74568
64 74726
64 74892
64 74911
64 74922
64 74924
64 74946
64 75259
64 75394
64 75467
64 75630
64 75812
64 75900
64 75954
64 76074
64 76199
64 76215
64 76237
64 76279
64 76443
64 76492
64 76526
64 76636
64 76645
64 76679
64 76717
64 77303
64 77340
64 77392
64 77450
64 77624
64 77651
64 77817
64 77883
64 78270
64 78289
64 78564
64 78716
64 78828
64 78922
58 76192
58 76336
58 76503
58 76525
58 76530
58 76563
58 76679
58 76686
58 76918
58 76927
58 77426
58 77589
58 77594
58 77602
58 77755
58 77766
58 77782
58 78219
58 78250
58 78258
58 78308
58 78331
58 78452
58 78467
58 78520
58 78527
58 78541
58 78624
58 78659
58 78770
58 79177
58 79221
58 79317
58 79360
58 79387
58 79444
58 79453
58 79603
58 79716
58 79757
58 79783
58 79809
58 79892
58 79893
58 79958
58 80072
58 80085
58 80267
58 80439
58 80500
58 80713
58 80865
58 80905
58 81173
58 81304
58 81308
58 81455
58 81536
58 81625
58 81660
58 81693
58 81712
58 81763
58 81820
58 81918
58 81963
58 82076
58 82369
58 82374
58 82380
58 82492
58 82702
58 82783
58 82789
58 82795
58 82934
58 83157
58 83278
58 83477
58 83510
58 83537
58 83668
58 83843
58 83949
58 84054
58 84083
58 84215
58 84241
58 84258
58 84332
58 84382
58 84415
58 84477
58 84533
58 84673
58 84709
58 84747
58 85202
58 85316
58 85386
58 85505
58 85547
58 85572
58 85704
58 85814
58 85874
58 85880
58 85894
58 86200
58 86518
58 86528
58 86564
58 86655
58 86666
58 86693
58 86752
58 86954
58 86960
58 87013
58 87140
58 87355
58 87719
58 87736
58 87807
58 87890
58 87913
58 87936
58 87991
58 88040
58 88280
58 88503
58 88524
58 88568
58 88582
56 74523
56 74656
56 74849
56 74911
56 75055
56 75162
56 75253
56 75478
56 75525
56 75913
56 76194
56 76416
56 76518
56 76644
56 76992
56 77088
56 77133
56 77134
56 77176
56 77213
56 77278
56 77426
56 77466
56 77557
56 77576
56 77703
56 77753
56 77809
56 77839
56 78127
56 78134
56 78190
56 78196
56 78285
56 78330
56 78345
56 78362
56 78426
56 78462
56 78488
56 78497
56 78654
56 78734
56 78903
56 79219
56 79274
56 79475
56 79857
56 79903
56 80030
56 80070
56 80154
56 80256
56 80320
56 80332
56 80577
56 80859
56 80887
56 80902
56 80989
56 81248
56 81319
56 81361
56 81858
56 81872
56 81950
56 82002
56 82018
56 82129
56 82204
56 82205
56 82351
56 82374
56 82388
56 82572
56 82782
56 82905
56 82910
56 82951
56 83127
56 83143
56 83151
56 83310
56 83328
56 83346
56 83398
56 83535
56 83558
56 83563
56 83567
56 83731
56 83758
56 83795
56 83854
56 83905
56 84027
56 84130
56 84151
56 84187
56 84287
56 84308
56 84390
56 84523
56 84671
56 84672
56 85002
56 85073
56 85287
56 85373
56 85475
56 85516
56 85619
56 85680
56 85718
56 85748
56 85751
56 85857
56 86027
56 86132
56 86540
56 86933
56 86947
60 74905
60 75011
60 75059
60 75184
60 75198
60 75226
60 75313
60 75394
60 75466
60 75609
60 75797
60 75799
60 75926
60 75975
60 76106
60 76142
60 76185
60 76200
60 76230
60 76329
60 76363
60 76439
60 76496
60 76631
60 76819
60 76837
60 76850
60 76853
60 76867
60 76874
60 77119
60 77370
60 77392
60 77645
60 77739
60 77876
60 77971
60 77996
60 78015
60 78071
60 78145
60 78167
60 78310
60 78316
60 78323
60 78383
60 78390
60 78393
60 78481
60 78493
60 78498
60 78536
60 78849
60 78888
60 78906
60 78954
60 78987
60 79013
60 79067
60 79078
60 79226
60 79315
60 79421
60 79774
60 80050
60 80187
60 80259
60 80274
60 80277
60 80286
60 80465
60 80610
60 80802
60 80926
60 80978
60 81048
60 81172
60 81224
60 82043
60 82173
60 82220
60 82453
60 82454
60 82683
60 83041
60 83054
60 83155
60 83184
60 83229
60 83324
60 83443
60 83501
60 83772
60 83818
60 84000
60 84026
60 84035
60 84137
60 84231
60 84238
60 84338
60 84362
60 84491
60 84556
60 84715
60 84899
60 85018
60 85024
60 85087
60 85108
60 85291
60 85527
60 85528
60 85545
60 85768
60 85927
60 86101
60 86203
60 86242
60 86262
60 86391
60 86554
60 86583
60 86651
60 86715
61 87555
61 87623
61 87644
61 87772
61 87812
61 87922
61 87946
61 87969
61 88065
61 88079
61 88224
61 88234
61 88735
61 88859
61 89026
61 89113
61 89308
61 89316
61 89586
61 89689
61 89884
61 89975
61 90029
61 90166
61 90209
61 90265
61 90618
61 90628
61 90826
61 90847
61 90867
61 90926
61 90976
61 90998
61 91113
61 91222
61 91278
61 91326
61 91378
61 91434
61 91520
61 91522
61 91552
61 91685
61 91788
61 91903
61 92059
61 92088
61 92096
61 92105
61 92308
61 92423
61 92612
61 92623
61 92864
61 92874
61 93012
61 93034
61 93180
61 93448
61 93553
61 93578
61 93586
61 93832
61 93971
61 94102
61 94105
61 94122
61 94167
61 94240
61 94297
61 94402
61 94470
61 94537
61 94640
61 94752
61 94754
61 94776
61 94927
61 94985
61 95013
61 95118
61 95210
61 95533
61 95549
61 95742
61 95830
61 96016
61 96061
61 96100
61 96117
61 96376
61 96445
61 96466
61 96622
61 96813
61 96860
61 96957
61 96999
61 97098
61 97106
61 97137
61 97155
61 97334
61 97381
61 97520
61 97573
61 97651
61 97681
61 97723
61 97775
61 97923
61 98004
61 98036
61 98297
61 98516
61 98519
61 98541
61 98544
61 98642
61 98782
61 99021
61 99085
61 99172
61 99188
61 99534
61 99611
61 99638
61 99746
61 99790
61 99808
61 99858
61 99936
61 100028
61 100073
61 100092
61 100118
61 100201
61 100219
55 85568
55 85801
55 85822
55 86009
55 86488
55 86509
55 86515
55 86560
55 86749
55 86822
55 86894
55 86935
55 87149
55 87180
55 87281
55 87354
55 87454
55 87455
55 87497
55 87510
55 87526
55 87722
55 87750
55 87884
55 87954
55 87977
55 87985
55 88085
55 88158
55 88196
55 88230
55 88282
55 88412
55 88606
55 88730
55 88896
55 89014
55 89064
55 89105
55 89119
55 89188
55 89287
55 89319
55 89388
55 89578
55 89638
55 89724
55 89752
55 89850
55 89860
55 89871
55 89894
55 89935
55 89953
55 90050
55 90100
55 90110
55 90222
55 90464
55 90620
55 90638
55 90649
55 90681
55 90716
55 90766
55 90779
55 90829
55 90854
55 91324
55 91343
55 91382
55 91454
55 91593
55 91614
55 91618
55 91657
55 91719
55 91948
55 91997
55 92037
55 92202
55 92408
55 92716
55 92765
55 92798
55 92871
55 92874
55 92909
55 92924
55 93086
55 93294
55 93375
55 93537
55 93622
55 93738
55 93741
55 93907
55 93920
55 94076
55 94142
55 94428
55 94462
55 94514
55 94590
55 94692
55 94795
55 94882
55 95000
55 95037
55 95062
55 95522
55 95641
55 95853
55 95855
55 96114
55 96458
55 96475
55 96479
55 96521
55 96719
55 96738
55 96762
55 96890
55 96910
55 97151
55 97255
55 97357
55 97395
55 97435
55 97476
55 97510
55 97525
55 97604
55 97614
55 97861
55 97871
63 75973
63 76128
63 76231
63 76340
63 76570
63 76613
63 76616
63 76649
63 76672
63 76704
63 76859
63 77275
63 77297
63 77428
63 77435
63 77436
63 77514
63 77529
63 77654
63 77862
63 77912
63 77968
63 78030
63 78121
63 78138
63 78216
63 78297
63 78330
63 78340
63 78413
63 78543
63 78603
63 78841
63 78849
63 78898
63 78931
63 79086
63 79233
63 79347
63 79499
63 79786
63 80149
63 80153
63 80203
63 80254
63 80268
63 80393
63 80399
63 80885
63 80931
63 80932
63 81044
63 81072
63 81155
63 81190
63 81247
63 81438
63 81537
63 81596
63 81606
63 81804
63 81869
63 81920
63 82049
63 82381
63 82432
63 82481
63 82495
63 82988
63 83183
63 83219
63 83241
63 83487
63 83506
63 83573
63 83652
63 83940
63 84096
63 84112
63 84568
63 84848
63 84982
63 84999
63 85064
63 85192
63 85321
63 85416
63 85437
63 85472
51 85354
51 85610
51 85778
51 85994
51 85998
51 86188
51 86414
51 86548
51 86616
51 86832
51 86863
51 86892
51 86999
51 87056
51 87061
51 87216
51 87330
51 87339
51 87350
51 87352
51 87456
51 87553
51 87694
51 87905
51 87962
51 87968
51 88032
51 88102
51 88113
51 88148
51 88173
51 88234
51 88239
51 88380
51 88466
51 88504
51 88802
51 88833
51 88961
51 89041
51 89063
51 89136
51 89164
51 89392
51 89394
51 89433
51 89460
51 89536
51 89588
51 89612
51 89686
51 89705
51 89776
51 89794
51 89797
51 89822
51 90209
51 90294
51 90299
51 90349
51 90411
51 90456
51 90592
51 90606
51 90794
51 90902
51 90989
51 91062
51 91176
51 91277
51 91336
51 91630
51 91638
51 91769
51 91783
51 91792
51 91962
51 92038
51 92042
51 92234
51 92247
51 92419
51 92517
51 92527
51 92537
51 92555
51 92572
51 92725
51 92842
51 92901
51 92944
51 92976
51 93005
51 93039
51 93056
51 93080
51 93196
51 93321
51 93393
51 93481
51 93482
51 93503
51 93621
51 93678
51 93713
51 93725
51 93824
51 93844
51 93872
51 93928
51 93996
51 94400
51 94422
51 94765
51 95000
51 95003
51 95046
51 95061
51 95308
51 95336
51 95425
51 95544
51 95574
51 95717
51 95725
51 95750
51 95821
51 95860
51 95917
51 96293
51 96328
51 96344
51 96417
51 96522
51 96549
51 96787
51 96871
51 97000
51 97279
51 97287
51 97343
51 97404
51 97486
51 97502
51 97540
51 97575
51 97621
58 88748
58 88750
58 88822
58 88910
58 88957
58 89058
58 89138
58 89176
58 89573
58 89661
58 89667
58 89862
58 89865
58 89868
58 89887
58 89970
58 89996
58 90109
58 90310
58 90319
58 90344
58 90389
58 90390
58 90424
58 90530
58 90582
58 90720
58 90735
58 90757
58 90765
58 91055
58 91183
58 91242
58 91360
58 91513
58 91537
58 91554
58 91696
58 91699
58 91808
58 91825
58 91891
58 92015
58 92045
58 92223
58 92244
58 92352
58 92415
58 92438
58 92536
58 92553
58 92597
58 92890
58 93012
58 93176
58 93250
58 93303
58 93318
58 93374
58 93590
58 93592
58 93648
58 93751
58 93769
58 93822
58 93880
58 93962
58 94400
58 94703
58 94714
58 94868
58 94940
58 95140
58 95258
58 95265
58 95328
58 95460
58 95494
58 95726
58 95870
58 95888
58 96015
58 96044
58 96131
58 96205
58 96227
58 96246
58 96275
58 96319
58 96344
58 96450
58 96463
58 96503
58 96519
58 96563
58 96713
58 96803
58 96888
58 96896
58 96926
58 96953
58 97029
58 97031
58 97038
58 97285
58 97412
58 97447
58 97579
58 97600
58 97615
58 97880
58 97954
58 98046
58 98114
58 98183
58 98185
58 98238
58 98260
58 98296
58 98333
58 98419
58 98432
58 98461
58 98655
58 98849
58 98985
58 99905
58 100224
58 100229
58 100490
58 100546
58 100556
58 100844
58 100852
59 86859
59 86860
59 86913
59 87057
59 87195
59 87296
59 87298
59 87487
59 87511
59 87692
59 87703
59 87946
59 88015
59 88086
59 88096
59 88259
59 88269
59 88376
59 88479
59 88501
59 88540
59 88661
59 88765
59 88873
59 89171
59 89267
59 89376
59 89506
59 89620
59 89671
59 89675
59 89777
59 89881
59 89932
59 89946
59 90082
59 90264
59 90281
59 90518
59 90670
59 90716
59 90864
59 90985
59 91002
59 91123
59 91173
59 91271
59 91325
59 91413
59 91529
59 91730
59 91978
59 91982
59 92160
59 92197
59 92301
59 92459
59 92578
59 92666
59 92811
59 92898
59 93022
59 93083
59 93084
59 93195
59 93230
59 93487
59 93568
59 93619
59 93712
59 93873
59 93908
59 93977
59 93984
59 94184
59 94306
59 94394
59 94448
59 94602
59 94714
59 94798
59 94828
59 94988
59 94996
59 95031
59 95081
59 95182
59 95336
59 95512
59 95539
59 95544
59 95587
59 95965
59 95980
59 95990
59 96079
59 96106
59 96184
59 96498
59 96499
59 96538
59 96558
59 96593
59 96628
59 96632
59 96647
59 96785
59 96873
59 97020
59 97307
59 97395
59 97400
59 97653
59 97743
59 97746
59 97765
59 97866
59 98141
59 98265
59 98601
59 98631
59 98761
59 98807
59 98872
59 98940
59 99049
59 99088
59 99132
59 99189
59 99254
59 99290
59 99313
59 99351
59 99352
59 99396
54 95629
54 95799
54 95918
54 96151
54 96168
54 96387
54 96537
54 96577
54 96597
54 96620
54 96681
54 96748
54 96954
54 97143
54 97576
54 97599
54 97610
54 97937
54 97940
54 98087
54 98091
54 98180
54 98193
54 98197
54 98284
54 98553
54 98666
54 98723
54 98893
54 99050
54 99070
54 99165
54 99179
54 99221
54 99222
54 99412
54 99545
54 99640
54 99816
54 99859
54 99997
54 100153
54 100279
54 100311
54 100350
54 100401
54 100578
54 100585
54 100906
54 100934
54 100976
54 101175
54 101404
54 101454
54 101620
54 101745
54 101792
54 101875
54 101886
54 101926
54 101952
54 101993
54 102036
54 102176
54 102212
54 102475
54 102499
54 102507
54 102592
54 102833
54 102856
54 102983
54 102990
54 103039
54 103102
54 103118
54 103123
54 103162
54 103285
54 103311
54 103412
54 103724
54 103874
54 103951
54 103969
54 104025
54 104103
54 104217
54 104241
54 104300
54 104321
54 104503
54 104513
54 104592
54 104805
54 104956
54 105022
54 105088
54 105136
54 105363
54 105380
54 105551
54 105603
54 105611
54 105659
54 105841
54 106025
54 106102
54 106131
54 106151
54 106329
54 106359
54 106378
54 106456
54 106467
54 106563
54 106678
54 106889
54 106975
54 106987
54 107219
54 107242
64 78929
64 78960
64 79089
64 79102
64 79226
64 79632
64 79666
64 80010
64 80121
64 80154
64 80207
64 80295
64 80371
64 80451
64 80480
64 80709
64 80861
64 80875
64 80883
64 80921
64 80962
64 81071
64 81152
64 81221
64 81315
64 81432
64 81806
64 82075
64 82272
64 82273
64 82321
64 82419
64 82421
64 82439
64 82499
64 82918
64 82960
64 83132
64 83182
64 83184
64 83344
64 83424
64 83509
64 83536
64 83545
64 83546
64 83628
64 83782
64 83817
64 83937
64 83960
64 83987
64 84005
64 84013
64 84018
64 84066
64 84322
64 84402
64 84632
64 84659
64 84744
64 85055
64 85078
64 85088
64 85178
64 85205
64 85310
64 85501
64 85504
64 85585
64 85691
64 85699
64 85974
64 86050
64 86141
64 86244
64 86334
64 86335
64 86540
64 86733
64 86938
64 87200
64 87652
64 87677
64 87811
64 88172
64 88185
64 88189
64 88233
64 88429
64 88477
64 88591
64 88640
64 88694
49 76929
49 77131
49 77163
49 77309
49 77487
49 77573
49 77604
49 77606
49 77732
49 77765
49 77768
49 77853
49 77876
49 78004
49 78149
49 78159
49 78242
49 78267
49 78370
49 78520
49 78528
49 78683
49 78795
49 78796
49 78999
49 79085
49 79116
49 79285
49 79311
49 79356
49 79723
49 79948
49 80076
49 80147
49 80219
49 80268
49 80370
49 80378
49 80404
49 80435
49 80571
49 80580
49 80593
49 80679
49 80684
49 80871
49 80939
49 81089
49 81132
49 81317
49 81336
49 81415
49 81438
49 81460
49 81470
49 81478
49 81676
49 81686
49 81908
49 82092
49 82102
49 82158
49 82192
49 82434
49 82439
49 82509
49 82582
49 82602
49 82614
49 82621
49 82671
49 82746
49 82772
49 82852
49 82934
49 83140
49 83313
49 83397
49 83579
49 83615
49 83899
49 84031
49 84062
49 84145
49 84213
49 84340
49 84399
49 84419
49 84598
49 84600
49 84762
49 84767
49 84774
49 84924
49 84928
49 85044
49 85358
49 85372
49 85383
49 85803
49 85806
49 85864
49 86012
49 86034
49 86139
49 86173
49 86283
49 86323
49 86401
49 86429
49 86501
49 86663
49 86782
49 86843
49 86882
49 86923
49 87001
49 87221
49 87357
49 87391
49 87401
49 87405
49 87567
49 87592
49 87594
49 87666
49 87702
49 87795
49 87799
49 88132
49 88225
56 87187
56 87231
56 87241
56 87810
56 87823
56 87824
56 87883
56 88047
56 88167
56 88175
56 88304
56 88426
56 88505
56 88609
56 88760
56 88771
56 88814
56 88922
56 88964
56 89140
56 89291
56 89301
56 89325
56 89547
56 89549
56 89608
56 89815
56 89919
56 89956
56 89975
56 90105
56 90208
56 90315
56 90316
56 90341
56 90459
56 90498
56 90538
56 90548
56 90577
56 90634
56 90716
56 90814
56 90832
56 91049
56 91052
56 91152
56 91170
56 91329
56 91332
56 91352
56 91698
56 91814
56 91908
56 91972
56 92009
56 92099
56 92148
56 92693
56 92785
56 92829
56 92841
56 92923
56 93003
56 93052
56 93169
56 93278
56 93286
56 93315
56 93347
56 93399
56 93403
56 93541
56 93547
56 93693
56 93785
56 93905
56 93915
56 94095
56 94254
56 94476
56 94498
56 94589
56 94753
56 94858
56 94938
56 95006
56 95057
56 95200
56 95312
56 95462
56 95471
56 95555
56 95682
56 95919
56 96020
56 96029
56 96053
56 96202
56 96356
56 96482
56 96649
56 96685
56 96826
56 97049
56 97123
56 97296
56 97499
56 97585
56 97666
56 97722
56 97766
56 97902
56 97917
56 97943
56 98020
56 98086
56 98171
56 98194
56 98223
56 98539
56 98617
56 98907
56 99003
60 86957
60 87121
60 87153
60 87250
60 87485
60 87643
60 87677
60 87714
60 87812
60 87853
60 87904
60 88022
60 88088
60 88094
60 88101
60 88182
60 88204
60 88215
60 88222
60 88255
60 88260
60 88338
60 88361
60 88424
60 88706
60 88735
60 88740
60 88809
60 88877
60 88902
60 89124
60 89192
60 89196
60 89200
60 89232
60 89524
60 89561
60 89612
60 89857
60 89859
60 90348
60 90419
60 90438
60 90465
60 90475
60 90580
60 90747
60 90832
60 90928
60 90975
60 91023
60 91191
60 91269
60 91308
60 91403
60 91414
60 91546
60 91610
60 91668
60 91694
60 91715
60 91801
60 91831
60 91833
60 91888
60 92279
60 92315
60 92339
60 92390
60 92406
60 92410
60 92423
60 92518
60 92563
60 92594
60 93014
60 93094
60 93267
60 93403
60 93452
60 93491
60 93524
60 93526
60 93571
60 93619
60 93668
60 93678
60 94083
60 94219
60 94291
60 94309
60 94341
60 94347
60 94358
60 94378
60 94494
60 94496
60 94636
60 94708
60 94759
60 94796
60 94817
60 94827
60 94969
60 95026
60 95263
60 95383
60 95504
60 95505
60 95538
60 95590
60 95603
60 95708
60 95936
60 96159
60 96193
60 96503
60 96537
60 96585
60 96879
60 96971
60 97012
60 97034
60 97057
60 97140
60 97198
60 97204
60 97234
60 97239
60 97248
60 97269
60 97321
60 97322
60 97364
60 97370
60 97463
60 97588
60 97686
60 97733
60 97781
60 97849
60 97920
60 98199
60 98222
60 98318
60 98358
60 98376
60 98391
60 98466
60 98468
60 98471
60 98514
60 98553
60 98614
60 98695
60 98765
60 98917
60 98941
60 98973
60 99092
60 99508
51 97691
51 97733
51 97740
51 97914
51 97998
51 98021
51 98168
51 98189
51 98197
51 98215
51 98263
51 98500
51 98524
51 98858
51 98933
51 99153
51 99360
51 99362
51 99477
51 99618
51 99698
51 99800
51 99858
51 99873
51 99932
51 99944
51 99953
51 99962
51 100112
51 100133
51 100329
51 100403
51 100697
51 100701
51 100752
51 101016
51 101238
51 101536
51 101656
51 101804
51 101887
51 101947
51 102053
51 102113
51 102222
51 102252
51 102534
51 103061
51 103657
51 103756
51 104065
51 104127
51 104214
51 104268
51 104304
51 104633
51 104861
51 104864
51 104888
51 104919
51 105190
51 105211
51 105307
51 105452
51 105628
51 105778
51 106159
51 106228
51 106237
51 106395
51 106399
51 106736
51 106783
51 106886
51 107057
51 107075
51 107185
51 107207
51 107231
51 107237
51 107290
51 107333
51 107348
51 107437
51 107457
51 107504
51 107655
51 107909
51 107959
51 107962
51 107992
51 108160
51 108265
51 108291
51 108292
51 108326
51 108438
51 108517
51 108525
51 108530
51 108649
51 108662
51 108681
51 108818
51 108908
51 109043
51 109046
51 109048
51 109124
51 109219
51 109243
51 109763
51 109910
61 100632
61 100881
61 100914
61 100916
61 100929
61 100982
61 101071
61 101091
61 101111
61 101186
61 101198
61 101249
61 101333
61 101372
61 101404
61 101424
61 101447
61 101516
61 101519
61 101714
61 101837
61 101849
61 101898
61 101957
61 102225
61 102291
61 102320
61 102384
61 102392
61 102436
61 102460
61 102481
61 102489
61 102868
61 102904
61 102924
61 102939
61 102984
61 103170
61 103227
61 103234
61 103273
61 103722
61 104045
61 104086
61 104125
61 104166
61 104198
61 104470
61 104504
61 104560
61 104579
61 104635
61 104653
61 104689
61 104767
61 104778
61 104957
61 105224
61 105260
61 105292
61 105315
61 105496
61 105585
61 105615
61 105920
61 106122
61 106193
61 106219
61 106499
61 106626
61 106765
61 106770
61 106804
61 106903
61 106931
61 106980
61 106998
61 107014
61 107038
61 107155
61 107183
61 107348
61 107349
61 107638
61 107678
61 107772
61 107781
61 107915
61 107944
61 107971
61 107981
61 108134
61 108192
61 108223
61 108451
61 108474
61 108524
61 108620
61 108839
61 109000
61 109120
61 109121
61 109206
61 109208
61 109284
61 109375
61 109377
61 109387
61 109460
61 109565
61 109710
61 109886
61 109889
61 110016
61 110111
61 110179
61 110181
61 110303
61 110436
61 110521
61 110674
61 110693
61 110726
61 110794
61 110810
61 110848
61 110868
61 111028
61 111145
61 111319
61 111413
61 111620
61 111748
61 111796
61 111831
61 111850
61 111898
61 111937
61 112038
61 112100
61 112132
61 112206
61 112289
61 112412
61 112493
61 112790
61 112848
61 112977
61 113041
61 113171
61 113195
61 113232
61 113234
61 113255
55 98304
55 98318
55 98357
55 98431
55 98453
55 98531
55 98604
55 98663
55 98706
55 98725
55 98760
55 98805
55 98836
55 98844
55 98889
55 98938
55 99091
55 99121
55 99311
55 99408
55 99420
55 99423
55 99728
55 99857
55 99863
55 99976
55 100002
55 100043
55 100176
55 100287
55 100363
55 100383
55 100399
55 100409
55 100473
55 100495
55 100520
55 100651
55 100777
55 100877
55 100900
55 100979
55 101081
55 101101
55 101158
55 101273
55 101316
55 101348
55 101474
55 101596
55 101646
55 101706
55 101748
55 101769
55 101820
55 101849
55 101971
55 102073
55 102077
55 102184
55 102202
55 102298
55 102352
55 102541
55 102578
55 102658
55 102852
55 102946
55 102955
55 102958
55 102963
55 103333
55 103460
55 103559
55 103618
55 103664
55 103704
55 103740
55 104003
55 104165
55 104357
55 104396
55 104548
55 104897
55 104983
55 105005
55 105118
55 105146
55 105224
55 105303
55 105318
55 105352
55 105556
55 105682
55 105752
55 105770
55 106193
55 106275
55 106317
55 106380
55 106480
55 106609
55 106845
55 106969
55 106981
55 106993
55 107077
55 107478
55 107492
55 107629
55 107652
55 107679
55 107707
55 107712
55 107717
55 107840
55 107947
55 107991
55 108018
55 108045
55 108075
55 108095
55 108158
55 108172
55 108221
55 108285
55 108476
55 108477
55 108517
55 108851
55 109075
55 109188
55 109457
55 109556
55 109686
55 109928
55 110060
55 110171
55 110288
55 110325
55 110515
55 110597
63 85517
63 85522
63 85570
63 85601
63 85623
63 85638
63 85687
63 85729
63 86013
63 86014
63 86015
63 86094
63 86223
63 86356
63 86575
63 86585
63 86752
63 86777
63 86811
63 86932
63 87044
63 87151
63 87190
63 87210
63 87219
63 87316
63 87348
63 87640
63 87678
63 87798
63 87878
63 87891
63 88059
63 88188
63 88340
63 88610
63 88727
63 88738
63 88807
63 88877
63 88919
63 89110
63 89170
63 89323
63 89676
63 89751
63 89777
63 89811
63 90052
63 90067
63 90099
63 90248
63 90432
63 90483
63 90505
63 90684
63 90756
63 91003
63 91099
63 91139
63 91505
63 91520
63 91677
63 91710
63 91924
63 92136
63 92238
63 92240
63 92333
63 92388
63 92447
63 92533
63 92539
63 92552
63 92809
63 92837
63 92952
63 93009
63 93232
63 93254
63 93362
63 93455
63 93558
63 93625
63 93812
63 94014
63 94313
63 94396
63 94496
63 94715
63 94728
64 88729
64 88875
64 88891
64 89070
64 89104
64 89120
64 89203
64 89210
64 89593
64 89710
64 89851
64 90210
64 90405
64 90452
64 90482
64 90490
64 90502
64 90791
64 90888
64 91013
64 91128
64 91171
64 91261
64 91302
64 91345
64 91577
64 91654
64 91854
64 92074
64 92115
64 92282
64 92303
64 92306
64 92320
64 92540
64 92670
64 92904
64 92997
64 93183
64 93353
64 93362
64 93501
64 93524
64 93576
64 93995
64 94009
64 94021
64 94073
64 94076
64 94136
64 94173
64 94263
64 94599
64 94719
64 94733
64 94768
64 94868
64 94966
64 94999
64 95028
64 95039
64 95040
64 95166
64 95182
64 95276
64 95499
64 95507
64 95581
64 95619
64 95719
64 95746
64 96168
64 96238
64 96717
64 96732
64 96770
64 96895
64 96923
64 96959
64 96999
64 97070
64 97170
64 97237
64 97259
64 97461
64 97572
64 97651
64 97823
64 97882
64 98257
64 98349
59 99622
59 99630
59 99678
59 99844
59 99856
59 99932
59 100409
59 100594
59 100608
59 100661
59 100802
59 101090
59 101099
59 101146
59 101154
59 101182
59 101201
59 101220
59 101229
59 101252
59 101315
59 101370
59 101408
59 101423
59 101478
59 101518
59 101547
59 101738
59 101904
59 101945
59 101954
59 102002
59 102189
59 102192
59 102215
59 102475
59 102746
59 102924
59 102936
59 102985
59 103254
59 103271
59 103313
59 103334
59 103387
59 103419
59 103598
59 103636
59 103653
59 103902
59 103968
59 104042
59 104063
59 104069
59 104075
59 104206
59 104220
59 104249
59 104330
59 104626
59 104682
59 104892
59 104909
59 104923
59 105197
59 105230
59 105308
59 105444
59 105563
59 105640
59 105651
59 105813
59 106068
59 106163
59 106175
59 106414
59 106428
59 106548
59 106590
59 106664
59 106800
59 106877
59 107031
59 107055
59 107149
59 107190
59 107214
59 107322
59 107334
59 107480
59 107544
59 107574
59 107597
59 107750
59 107771
59 108158
59 108290
59 108292
59 108333
59 108525
59 108646
59 108730
59 108739
59 108796
59 108864
59 108871
59 109094
59 109109
59 109287
59 109334
59 109383
59 109578
59 109617
59 109632
59 109641
59 109913
59 110059
59 110072
59 110182
59 110314
59 110329
59 110398
59 110469
59 110509
59 110527
59 110546
59 110614
59 110659
59 110699
59 110818
59 110856
59 110858
59 110865
59 110900
59 110933
59 111457
59 111459
59 111833
59 111974
59 112024
59 112043
59 112098
59 112124
59 112213
59 112334
59 112434
59 112442
59 112537
59 112557
58 100927
58 101024
58 101084
58 101300
58 101331
58 101338
58 101445
58 101822
58 102031
58 102073
58 102124
58 102162
58 102260
58 102305
58 102309
58 102314
58 102426
58 102549
58 102561
58 102579
58 102592
58 102681
58 102684
58 102687
58 102731
58 102827
58 102912
58 102937
58 102974
58 103008
58 103256
58 103266
58 103419
58 103420
58 103423
58 103501
58 103534
58 103582
58 103644
58 103746
58 103777
58 104217
58 104411
58 104539
58 104742
58 104914
58 104915
58 105008
58 105023
58 105075
58 105185
58 105368
58 105771
58 105911
58 105935
58 105982
58 106116
58 106280
58 106294
58 106319
58 106364
58 106382
58 106409
58 106429
58 106619
58 106651
58 106791
58 106868
58 106961
58 106993
58 107052
58 107375
58 107645
58 107772
58 107884
58 107957
58 107967
58 108087
58 108172
58 108340
58 108521
58 108883
58 108977
58 109095
58 109219
58 109339
58 109448
58 109606
58 109702
58 109850
58 109869
58 109904
58 109950
58 109994
58 110172
58 110212
58 110216
58 110218
58 110219
58 110279
58 110311
58 110323
58 110327
58 110383
58 110429
58 110443
58 110495
58 110545
58 110773
58 110804
58 110904
58 110994
58 111034
58 111165
58 111195
58 111247
58 111445
58 111507
58 111515
58 111572
58 111614
58 111803
58 111898
58 112023
58 112089
58 112215
58 112216
58 112282
58 112289
58 112380
58 112424
58 112488
58 112595
58 112607
58 112667
58 112699
58 112715
58 112805
58 112817
58 112870
58 112895
58 112937
58 113075
58 113142
58 113158
58 113322
56 99084
56 99105
56 99130
56 99204
56 99218
56 99402
56 99484
56 99491
56 99552
56 99559
56 99677
56 99711
56 99797
56 99854
56 99978
56 100106
56 100157
56 100196
56 100263
56 100364
56 100478
56 100880
56 100961
56 100973
56 100986
56 101042
56 101049
56 101065
56 101112
56 101118
56 101155
56 101249
56 101270
56 101446
56 101473
56 101521
56 101598
56 101628
56 101683
56 101779
56 101892
56 102063
56 102101
56 102144
56 102229
56 102241
56 102416
56 102502
56 102558
56 102576
56 102619
56 102813
56 102821
56 103128
56 103146
56 103184
56 103276
56 103350
56 103408
56 103445
56 103481
56 103582
56 103615
56 103645
56 103655
56 103738
56 103787
56 103823
56 103880
56 103930
56 104049
56 104166
56 104347
56 104458
56 104518
56 104557
56 104731
56 104788
56 104804
56 104940
56 104944
56 105088
56 105148
56 105183
56 105206
56 105208
56 105222
56 105382
56 105426
56 105696
56 106132
56 106152
56 106358
56 106456
56 106589
56 106782
56 106814
56 106828
56 106844
56 106852
56 106879
56 107134
56 107153
56 107241
56 107252
56 107435
56 107468
56 107551
56 107619
56 107725
56 107776
56 107783
56 107785
56 107927
56 108007
56 108138
56 108233
56 108285
56 108318
56 108433
56 108486
56 108586
56 108614
56 108664
56 108671
56 108692
56 108921
56 108958
56 108966
56 108997
56 109001
56 109057
56 109090
56 109170
56 109175
56 109500
56 109550
56 109625
56 109897
56 110032
56 110041
56 110109
56 110124
56 110147
56 110307
56 110409
56 110424
56 110825
56 110856
56 110986
56 111047
54 107449
54 107518
54 107540
54 107595
54 107645
54 107808
54 107858
54 108072
54 108097
54 108146
54 108271
54 108381
54 108460
54 108480
54 108599
54 108601
54 108745
54 108815
54 108890
54 108908
54 108954
54 109121
54 109208
54 109252
54 109304
54 109331
54 109369
54 109492
54 109729
54 109885
54 109901
54 109922
54 109929
54 110044
54 110129
54 110132
54 110170
54 110189
54 110287
54 110310
54 110543
54 110601
54 110790
54 111216
54 111320
54 111384
54 111502
54 111549
54 111578
54 111583
54 111590
54 111670
54 111680
54 111807
54 111870
54 112101
54 112174
54 112182
54 112294
54 112638
54 112939
54 113095
54 113121
54 113152
54 113305
54 113307
54 113722
54 113745
54 113853
54 113897
54 113981
54 114056
54 114205
54 114235
54 114324
54 114329
54 114458
54 114617
54 114810
54 115193
54 115316
54 115462
54 115486
54 115499
54 115542
54 115734
54 115771
54 115833
54 115976
54 116021
54 116100
54 116158
54 116210
54 116255
54 116357
54 116497
54 116628
54 116833
54 116864
54 116868
54 117000
54 117006
54 117041
54 117044
54 117088
54 117194
54 117285
54 117539
54 117620
54 117647
54 117716
54 117838
54 117921
54 118042
54 118059
54 118270
54 118425
54 118500
54 118554
54 118570
54 118680
54 118860
54 118916
54 119057
54 119064
54 119132
54 119161
54 119271
54 119320
54 119368
54 119373
54 119417
60 99550
60 99578
60 99723
60 99817
60 99872
60 99906
60 100074
60 100119
60 100134
60 100153
60 100266
60 100292
60 100404
60 100443
60 100475
60 100480
60 100710
60 100995
60 101003
60 101032
60 101066
60 101164
60 101188
60 101262
60 101352
60 101402
60 101486
60 101536
60 101598
60 101648
60 101670
60 102003
60 102245
60 102249
60 102524
60 102544
60 102566
60 102646
60 102723
60 102823
60 102948
60 103023
60 103052
60 103070
60 103084
60 103101
60 103202
60 103234
60 103283
60 103307
60 103316
60 103492
60 103680
60 103726
60 103923
60 103937
60 103979
60 104145
60 104282
60 104528
60 104531
60 104532
60 104743
60 104908
60 104997
60 105175
60 105205
60 105248
60 105405
60 105606
60 105617
60 105658
60 105697
60 105796
60 106039
60 106068
60 106177
60 106565
60 106603
60 106794
60 106855
60 106971
60 107055
60 107092
60 107296
60 107413
60 107506
60 107516
60 107638
60 107685
60 107695
60 107721
60 107855
60 108047
60 108049
60 108223
60 108305
60 108469
60 108533
60 108664
60 108683
60 108771
60 108775
60 108910
60 108924
60 109152
60 109272
60 109295
60 109379
60 109677
60 109988
60 110159
60 110161
60 110276
60 110339
60 110372
60 110388
60 110397
60 110431
60 110575
60 110576
60 110626
60 110675
60 110818
60 110839
60 110856
60 110890
60 110905
60 110911
60 111036
60 111139
60 111183
60 111194
60 111402
60 111405
60 111462
60 111546
55 110614
55 110655
55 110715
55 111007
55 111054
55 111094
55 111098
55 111203
55 111251
55 111255
55 111518
55 111589
55 111801
55 111963
55 111982
55 112054
55 112154
55 112230
55 112335
55 112341
55 112347
55 112487
55 112616
55 112766
55 113078
55 113660
55 113681
55 113693
55 113886
55 113893
55 113921
55 114165
55 114355
55 114508
55 114692
55 114759
55 114794
55 114796
55 114834
55 114954
55 115276
55 115333
55 115525
55 115695
55 115743
55 115938
55 115995
55 116043
55 116114
55 116160
55 116196
55 116501
55 116552
55 116701
55 116803
55 116860
55 117235
55 117366
55 117397
55 117404
55 117562
55 117781
55 117886
55 117951
55 117963
55 118090
55 118144
55 118184
55 118218
55 118473
55 118582
55 118636
55 118690
55 118832
55 118969
55 119150
55 119152
55 119205
55 119208
55 119237
55 119269
55 119439
55 119655
55 119662
55 119852
55 119882
55 119907
55 119952
55 120068
55 120073
55 120080
55 120087
55 120090
55 120306
55 120397
55 120533
55 120582
55 120902
55 120990
55 121110
55 121160
55 121210
55 121249
55 121337
55 121350
55 121444
55 121471
55 121494
55 121672
55 121697
55 121727
55 121845
55 121988
55 121990
55 122023
55 122316
55 122324
55 122446
55 122590
55 122710
49 88491
49 88539
49 88614
49 88620
49 88671
49 88826
49 88944
49 89189
49 89468
49 89713
49 89888
49 89889
49 89895
49 90110
49 90225
49 90339
49 90570
49 91175
49 91285
49 91487
49 91722
49 91734
49 91799
49 91828
49 91891
49 91930
49 92181
49 92214
49 92230
49 92273
49 92275
49 92383
49 92537
49 92671
49 93152
49 93218
49 93303
49 93335
49 93670
49 93747
49 93797
49 93807
49 94274
49 94439
49 94768
49 94832
49 95012
49 95068
49 95075
49 95097
49 95150
49 95401
49 95402
49 95484
49 95876
49 95901
49 95993
49 96057
49 96105
49 96210
49 96262
49 96406
49 96489
49 96537
49 96804
49 97002
49 97057
49 97067
49 97111
49 97113
49 97230
49 97321
49 97363
49 97516
49 97537
49 97592
49 97738
49 97761
49 98090
49 98105
49 98256
49 98679
49 98700
49 98720
49 98740
49 98886
49 99058
49 99266
49 99317
49 99324
63 94976
63 95273
63 95425
63 95528
63 95699
63 95714
63 95859
63 95977
63 96025
63 96133
63 96139
63 96177
63 96257
63 96386
63 96635
63 96646
63 96724
63 96772
63 96874
63 97688
63 97766
63 97814
63 97828
63 97936
63 98301
63 98756
63 98767
63 98845
63 98847
63 98878
63 98917
63 99020
63 99064
63 99073
63 99229
63 99353
63 99386
63 99423
63 99508
63 99715
63 99871
63 99898
63 99967
63 100153
63 100240
63 100368
63 100394
63 100451
63 100570
63 100677
63 100692
63 100914
63 100995
63 101186
63 101293
63 101351
63 101497
63 101592
63 101669
63 102197
63 102302
63 102409
63 102468
63 102480
63 102490
63 102530
63 102660
63 102722
63 102732
63 102734
63 102773
63 102810
63 102823
63 102895
63 102951
63 102990
63 103224
63 103273
63 103278
63 103422
63 103442
63 103512
63 103599
63 103625
63 103804
63 103926
63 103976
63 104017
63 104063
63 104315
63 104334
63 104351
51 110062
51 110085
51 110142
51 110157
51 110158
51 110301
51 110304
51 110360
51 110411
51 110480
51 110511
51 110655
51 110831
51 110968
51 110969
51 111008
51 111019
51 111080
51 111131
51 111254
51 111443
51 111575
51 111590
51 111652
51 111699
51 111708
51 111760
51 112003
51 112010
51 112079
51 112108
51 112328
51 112365
51 112642
51 112721
51 112865
51 112879
51 112991
51 113296
51 113331
51 113544
51 113678
51 113691
51 113746
51 113826
51 113912
51 114469
51 114500
51 114518
51 114540
51 114627
51 114876
51 115039
51 115269
51 115472
51 115508
51 115650
51 115668
51 115843
51 115937
51 115938
51 116021
51 116024
51 116296
51 116426
51 116449
51 116451
51 116456
51 116501
51 116513
51 116526
51 116623
51 116627
51 116629
51 116666
51 116700
51 116722
51 116838
51 117003
51 117144
51 117169
51 117341
51 117466
51 117485
51 117679
51 117716
51 117821
51 117973
51 117994
51 118081
51 118387
51 118443
51 118476
51 118546
51 118590
51 118666
51 118721
51 118958
51 118987
51 119083
51 119086
51 119148
51 119540
51 119709
51 119718
51 120028
51 120068
51 120076
51 120175
51 120467
51 120474
51 120479
51 120489
51 120523
51 120545
51 120647
51 120658
51 120679
51 121022
51 121025
51 121211
51 121329
51 121351
51 121394
51 121478
51 121482
51 121540
51 121683
51 121762
51 121793
51 121794
51 122238
61 113354
61 113492
61 113511
61 113549
61 113739
61 113884
61 113960
61 113962
61 114099
61 114156
61 114409
61 114422
61 114498
61 114580
61 114629
61 114637
61 114683
61 114685
61 114691
61 114787
61 114797
61 114809
61 114932
61 114935
61 115019
61 115023
61 115167
61 115195
61 115474
61 115553
61 115605
61 115684
61 115704
61 115807
61 116239
61 116254
61 116263
61 116477
61 116549
61 116628
61 116700
61 116709
61 116719
61 116786
61 116810
61 116983
61 117084
61 117108
61 117230
61 117311
61 117313
61 117470
61 117624
61 117648
61 117659
61 117804
61 117985
61 118036
61 118060
61 118067
61 118215
61 118365
61 118397
61 118539
61 118553
61 118726
61 118759
61 118780
61 118790
61 118799
61 118860
61 118895
61 119330
61 119335
61 119499
61 119520
61 119555
61 119608
61 119681
61 119846
61 119933
61 120036
61 120110
61 120128
61 120169
61 120298
61 120300
61 120418
61 120500
61 120562
61 120694
61 120850
61 120857
61 120861
61 121029
61 121121
61 121164
61 121328
61 121419
61 121464
61 121645
61 121692
61 122077
61 122163
61 122305
61 122310
61 122532
61 122601
61 122613
61 122634
61 122844
61 122892
61 122952
61 122978
61 123069
61 123125
61 123142
61 123175
61 123332
61 123499
61 123585
61 123607
61 123719
61 123860
61 123892
61 123991
61 124208
61 124270
61 124606
61 124632
61 124694
61 124757
61 124893
61 125025
61 125144
61 125223
61 125244
61 125279
61 125321
61 125335
61 125506
61 125518
61 125623
61 125812
61 125823
61 125874
61 125893
61 125897
64 98379
64 98481
64 98755
64 98786
64 98846
64 98953
64 98967
64 99016
64 99039
64 99041
64 99127
64 99176
64 99179
64 99284
64 99316
64 99321
64 99585
64 99624
64 99773
64 99801
64 99842
64 99869
64 100097
64 100140
64 100175
64 100301
64 100510
64 100518
64 100532
64 100572
64 101154
64 101319
64 101422
64 101429
64 101762
64 101841
64 101860
64 102172
64 102196
64 102198
64 102319
64 102331
64 102351
64 102374
64 102394
64 102508
64 102872
64 102973
64 103098
64 103156
64 103193
64 103222
64 103297
64 103438
64 103518
64 103725
64 103889
64 104035
64 104169
64 104338
64 104363
64 104426
64 104721
64 104724
64 104992
64 105032
64 105155
64 105251
64 105270
64 105305
64 105358
64 105413
64 105454
64 105573
64 105659
64 105705
64 105978
64 106012
64 106102
64 106182
64 106300
64 106492
64 106566
64 106583
64 106693
64 106701
64 106706
64 106715
64 106755
64 106779
64 106855
64 106962
64 107059
64 107161
64 107210
64 107214
64 107267
64 107293
64 107641
64 107826
64 107956
59 112773
59 112785
59 112792
59 112818
59 112838
59 112994
59 113048
59 113091
59 113094
59 113105
59 113128
59 113379
59 113401
59 113439
59 113457
59 113497
59 113613
59 113698
59 113743
59 113831
59 113920
59 113944
59 113951
59 113960
59 114017
59 114112
59 114169
59 114769
59 115001
59 115130
59 115142
59 115148
59 115163
59 115296
59 115347
59 115724
59 115965
59 116133
59 116251
59 116383
59 116527
59 116677
59 116705
59 116765
59 116813
59 117027
59 117029
59 117078
59 117117
59 117143
59 117158
59 117245
59 117256
59 117300
59 117352
59 117358
59 117495
59 117556
59 117557
59 117589
59 117609
59 117645
59 117759
59 117776
59 117860
59 117969
59 118012
59 118026
59 118069
59 118097
59 118198
59 118353
59 118417
59 118463
59 118580
59 118598
59 118650
59 118661
59 118734
59 118737
59 118861
59 119118
59 119130
59 119178
59 119222
59 119253
59 119432
59 119532
59 119581
59 119766
59 119805
59 119924
59 120039
59 120103
59 120267
59 120405
59 120416
59 120522
59 120598
59 120784
59 120814
59 120849
59 120904
59 121003
59 121134
59 121557
59 121568
59 121738
59 121807
59 121831
59 121839
59 121925
59 121990
59 122103
59 122129
59 122307
59 122356
59 122456
59 122517
59 122603
59 122763
59 123042
59 123066
59 123134
59 123202
59 123252
59 123415
59 123740
59 123857
59 124074
59 124229
59 124294
59 124338
59 124350
59 124352
59 124360
59 124409
59 124464
59 124534
59 124559
59 124571
59 124690
59 124698
59 124734
59 124761
59 125102
59 125247
54 119975
54 120031
54 120082
54 120463
54 120498
54 120875
54 120900
54 121197
54 121260
54 121322
54 121341
54 121401
54 121485
54 121640
54 122002
54 122099
54 122116
54 122242
54 122250
54 122274
54 122674
54 122710
54 122737
54 122892
54 122973
54 123035
54 123075
54 123184
54 123256
54 123356
54 123571
54 123594
54 123704
54 123813
54 123912
54 123937
54 123995
54 124032
54 124049
54 124108
54 124156
54 124252
54 124400
54 124404
54 124527
54 124556
54 124714
54 124726
54 125069
54 125072
54 125137
54 125158
54 125238
54 125364
54 125386
54 125426
54 125451
54 125715
54 125726
54 125793
54 125892
54 126023
54 126053
54 126114
54 126141
54 126199
54 126233
54 126485
54 126508
54 126597
54 126667
54 126710
54 126792
54 126841
54 127044
54 127058
54 127078
54 127171
54 127236
54 127250
54 127555
54 127582
54 127630
54 127651
54 127695
54 127873
54 127932
54 128015
54 128048
54 128148
54 128150
54 128172
54 128266
54 128318
54 128340
54 128348
54 128426
54 128456
54 128563
54 128901
54 128984
54 129134
54 129144
54 129341
54 129484
54 129658
54 129667
54 129815
54 129890
54 129962
54 129992
54 130006
54 130181
54 130281
54 130305
54 130336
54 130385
54 130527
54 130610
54 130617
54 130695
54 130716
54 130717
54 130825
54 130844
54 131085
54 131233
54 131287
54 131411
54 131565
58 113449
58 113488
58 113593
58 113602
58 113651
58 113667
58 113725
58 113979
58 114177
58 114241
58 114271
58 114279
58 114426
58 114460
58 114478
58 114510
58 114663
58 114672
58 114720
58 114794
58 114914
58 114993
58 115236
58 115308
58 115377
58 115391
58 115475
58 115514
58 115576
58 115775
58 115842
58 115983
58 116248
58 116449
58 116580
58 116791
58 116884
58 117016
58 117037
58 117080
58 117085
58 117399
58 117474
58 117502
58 117594
58 117756
58 117832
58 117834
58 117846
58 118171
58 118213
58 118477
58 118640
58 118817
58 118908
58 118970
58 119099
58 119145
58 119205
58 119267
58 119276
58 119288
58 119295
58 119515
58 119574
58 119673
58 119690
58 119744
58 119773
58 119805
58 119983
58 119995
58 120063
58 120154
58 120161
58 120163
58 120249
58 120294
58 120399
58 120466
58 120530
58 120638
58 120655
58 120859
58 120925
58 121115
58 121230
58 121232
58 121328
58 121345
58 121517
58 121654
58 121720
58 121804
58 121806
58 121842
58 121845
58 121896
58 121917
58 122183
58 122228
58 122258
58 122373
58 122406
58 122447
58 122464
58 122479
58 122534
58 122926
58 122962
58 123071
58 123075
58 123134
58 123287
58 123399
58 123427
58 123759
58 123772
58 123869
58 123998
58 124145
58 124174
58 124187
58 124300
58 124363
58 124375
58 124435
58 124560
58 124604
58 124643
58 124659
58 124713
58 124756
58 124849
58 124900
58 124914
58 124937
58 125042
58 125190
58 125193
58 125248
58 125303
58 125536
58 125674
58 125899
58 125937
58 126036
58 126123
58 126138
58 126285
58 126304
58 126320
58 126473
58 126577
58 126866
58 126872
58 126910
56 111147
56 111148
56 111156
56 111157
56 111329
56 111362
56 111517
56 111528
56 111590
56 111612
56 111801
56 111910
56 111940
56 111950
56 111993
56 112186
56 112187
56 112388
56 112404
56 112508
56 112614
56 112914
56 113147
56 113400
56 113457
56 113488
56 113690
56 113730
56 113775
56 113803
56 113827
56 113864
56 114006
56 114095
56 114274
56 114300
56 114455
56 114473
56 114574
56 114702
56 114885
56 114949
56 115004
56 115183
56 115253
56 115258
56 115259
56 115406
56 115428
56 115450
56 115582
56 115641
56 115742
56 115766
56 115814
56 116130
56 116144
56 116516
56 116574
56 116587
56 116648
56 116688
56 116788
56 116919
56 116941
56 117057
56 117287
56 117370
56 117382
56 117466
56 117476
56 117479
56 117481
56 117615
56 117620
56 117655
56 117708
56 117710
56 117828
56 117862
56 117918
56 117936
56 118037
56 118149
56 118221
56 118223
56 118352
56 118475
56 118507
56 118520
56 118555
56 118648
56 118708
56 118779
56 118789
56 118837
56 118848
56 118964
56 118968
56 118986
56 119155
56 119157
56 119301
56 119350
56 119360
56 119491
56 119523
56 119585
56 119660
56 119845
56 119912
56 119986
56 120009
56 120207
56 120220
56 120413
56 120685
56 120688
56 120796
56 120825
56 120905
56 120965
56 121047
56 121053
56 121058
56 121116
56 121124
56 121160
56 121207
56 121223
56 121260
56 121511
56 121549
56 121568
56 121578
56 121661
56 121693
56 121702
56 121715
56 121828
56 121833
56 122153
56 122177
56 122394
56 122578
56 122674
56 122948
56 122955
56 123078
56 123222
56 123282
56 123306
63 104360
63 104409
63 104614
63 104673
63 104686
63 104867
63 105012
63 105158
63 105469
63 105578
63 105600
63 105819
63 106016
63 106079
63 106323
63 106418
63 106644
63 106859
63 107050
63 107313
63 107434
63 107689
63 107802
63 107816
63 107818
63 107895
63 107921
63 107930
63 108008
63 108143
63 108320
63 108503
63 108536
63 108740
63 109071
63 109217
63 109247
63 109276
63 109319
63 109329
63 109557
63 109944
63 110342
63 110691
63 110918
63 110920
63 110938
63 111109
63 111174
63 111176
63 111393
63 111455
63 111600
63 111905
63 112020
63 112272
63 112479
63 112493
63 112650
63 112702
63 112835
63 113004
63 113013
63 113025
63 113543
63 113546
55 122872
55 122943
55 123044
55 123131
55 123239
55 123322
55 123641
55 123928
55 124009
55 124030
55 124040
55 124057
55 124137
55 124292
55 124413
55 124417
55 124598
55 124656
55 124720
55 124754
55 124810
55 124832
55 124845
55 124848
55 124871
55 124892
55 124919
55 125105
55 125193
55 125288
55 125306
55 125435
55 125439
55 125542
55 125557
55 125638
55 125650
55 125720
55 125984
55 126090
55 126100
55 126288
55 126303
55 126410
55 126450
55 126517
55 126692
55 126891
55 126919
55 126964
55 127071
55 127072
55 127116
55 127125
55 127235
55 127236
55 127335
55 127339
55 127430
55 127502
55 127570
55 127709
55 127809
55 127987
55 128090
55 128115
55 128267
55 128282
55 128333
55 128425
55 128582
55 128920
55 129098
55 129158
55 129217
55 129487
55 129524
55 129698
55 129710
55 129780
55 129947
55 129961
55 130075
55 130108
55 130111
55 130149
55 130208
55 130232
55 130233
55 130256
55 130263
55 130383
55 130619
55 130697
55 130861
55 130986
55 131014
55 131103
55 131184
55 131303
55 131331
55 131336
55 131451
55 131500
55 131521
55 131523
55 131629
55 131655
55 131788
55 131962
55 131991
55 132159
55 132377
55 132409
55 132430
55 132434
55 132442
55 132494
55 132726
55 132754
55 133045
55 133062
55 133172
55 133190
55 133270
55 133326
55 133330
55 133386
55 133508
55 133721
55 133793
55 133982
55 133992
55 134612
55 134702
55 134715
55 134747
55 134757
55 134808
55 134835
55 134909
55 134971
55 135038
55 135123
55 135184
55 135257
55 135294
55 135366
55 135442
55 135480
51 122393
51 122431
51 122737
51 122746
51 122895
51 123027
51 123063
51 123075
51 123193
51 123261
51 123292
51 123294
51 123388
51 123405
51 123432
51 123443
51 123476
51 123518
51 123735
51 123897
51 123918
51 124010
51 124031
51 124086
51 124120
51 124148
51 124167
51 124190
51 124362
51 124405
51 124466
51 124662
51 124961
51 124982
51 125004
51 125137
51 125159
51 125183
51 125204
51 125216
51 125223
51 125226
51 125229
51 125272
51 125279
51 125382
51 125383
51 125389
51 125557
51 125636
51 125674
51 125689
51 125764
51 125776
51 125958
51 126007
51 126013
51 126068
51 126105
51 126352
51 126373
51 126379
51 126409
51 126501
51 126554
51 126606
51 126636
51 126841
51 127095
51 127171
51 127258
51 127298
51 127417
51 127502
51 127673
51 127689
51 127807
51 127924
51 127934
51 128035
51 128268
51 128323
51 128391
51 128507
51 128552
51 128595
51 128617
51 128628
51 128636
51 128673
51 128678
51 128707
51 128760
51 128806
51 128826
51 128886
51 128897
51 128913
51 128943
51 129160
51 129223
51 129303
51 129313
51 129384
51 129402
51 129407
51 129415
51 129552
51 129642
51 129646
51 129660
51 129702
51 129782
51 129901
51 130014
51 130101
51 130155
51 130330
51 130445
51 130517
51 130635
51 130688
51 130692
51 130788
51 130959
51 131015
51 131016
51 131024
51 131167
51 131263
51 131706
51 132059
51 132076
51 132132
51 132222
51 132374
51 132378
51 132507
51 132563
51 132782
51 132783
51 132869
51 132903
51 132953
51 132984
51 133171
51 133232
51 133283
51 133354
51 133565
51 133708
51 133718
51 133888
51 133893
51 133917
51 133938
51 133944
51 134324
51 134455
51 134473
51 134633
51 134653
51 134765
60 111787
60 111804
60 111818
60 111850
60 112068
60 112110
60 112356
60 112416
60 112609
60 112738
60 112750
60 112751
60 112843
60 113008
60 113019
60 113208
60 113244
60 113274
60 113292
60 113317
60 113363
60 113446
60 113453
60 113516
60 113521
60 113653
60 113792
60 113951
60 114143
60 114225
60 114391
60 114619
60 114690
60 114794
60 114947
60 115052
60 115136
60 115149
60 115161
60 115221
60 115286
60 115360
60 115395
60 115451
60 115493
60 115514
60 115525
60 115891
60 115914
60 115928
60 115951
60 115967
60 116047
60 116093
60 116116
60 116176
60 116228
60 116265
60 116292
60 116299
60 116312
60 116336
60 116412
60 116447
60 116464
60 116514
60 116528
60 116575
60 116602
60 116727
60 116929
60 117224
60 117229
60 117266
60 117337
60 117508
60 117543
60 117676
60 117748
60 117771
60 117786
60 117864
60 117903
60 118045
60 118052
60 118113
60 118216
60 118218
60 118239
60 118256
60 118348
60 118585
60 118636
60 118658
60 118727
60 118945
60 119095
60 119117
60 119198
60 119432
60 119450
60 119456
60 119560
60 119563
60 119580
60 119656
60 119772
60 119794
60 119795
60 119858
60 119921
60 119970
60 119986
60 120105
60 120118
60 120174
60 120283
60 120292
60 120337
60 120358
60 120424
60 120431
60 120462
60 120497
60 120558
60 120662
60 120788
60 120802
60 120885
60 120990
60 121065
60 121172
60 121255
60 121428
60 121473
60 121616
60 121647
60 121712
60 121797
60 121838
60 121841
60 121906
60 121965
60 122075
60 122156
60 122181
60 122236
60 122269
60 122275
60 122317
60 122344
60 122351
60 122398
60 122409
60 122596
60 122622
60 122637
60 122652
60 122654
60 122731
60 122735
60 122973
60 123033
60 123064
60 123171
60 123175
60 123210
60 123286
60 123337
60 123378
60 123435
60 123547
60 123563
60 123593
60 123600
60 123704
60 123819
60 123830
60 123853
60 123877
60 123996
60 123997
60 124022
60 124163
60 124322
60 124471
60 124492
49 99799
49 99814
49 100218
49 100235
49 100239
49 100344
49 100371
49 100431
49 101001
49 101247
49 101306
49 101394
49 101400
49 101424
49 101823
49 101858
49 101864
49 102209
49 102443
49 102663
49 102743
49 102744
49 103065
49 103756
49 103779
49 103805
49 103822
49 103963
49 104064
49 104155
49 104212
49 104234
49 104272
49 104649
49 104821
49 104882
49 104925
49 104990
49 104998
49 105225
49 105231
49 105273
49 105319
49 105572
49 105659
49 105695
49 105855
49 105950
49 105953
49 105986
49 106064
49 106513
49 106620
49 106666
49 106682
49 106734
49 106743
49 106794
49 106801
49 106815
49 106848
49 106911
49 107022
49 107151
49 107227
49 107682
49 107699
49 107703
49 107858
49 107995
49 108161
49 108162
49 108204
49 108222
49 108363
49 108536
49 109076
49 109083
49 109138
49 109198
49 109315
49 109422
49 109479
49 109517
49 109536
49 109539
49 109622
49 109837
49 110034
49 110046
49 110172
49 110427
49 110669
49 110726
49 110727
49 110767
61 126068
61 126084
61 126328
61 126339
61 126488
61 126494
61 126767
61 126874
61 126911
61 127174
61 127212
61 127283
61 127332
61 127334
61 127596
61 127722
61 127790
61 127854
61 127883
61 127986
61 128008
61 128013
61 128134
61 128483
61 128606
61 128635
61 128645
61 128683
61 128705
61 128795
61 128819
61 128923
61 129042
61 129054
61 129263
61 129644
61 129940
61 130001
61 130055
61 130107
61 130169
61 130206
61 130350
61 130536
61 130735
61 130840
61 130879
61 130936
61 130974
61 130994
61 131021
61 131149
61 131185
61 131268
61 131294
61 131385
61 131402
61 131443
61 131488
61 131535
61 131587
61 131707
61 131883
61 131982
61 132041
61 132141
61 132167
61 132237
61 132899
61 132951
61 132980
61 132988
61 132989
61 133058
61 133068
61 133117
61 133150
61 133237
61 133267
61 133390
61 133395
61 133562
61 133735
61 133831
61 133935
61 134125
61 134183
61 134206
61 134485
61 134574
61 134627
61 134801
61 134847
61 134877
61 134885
61 135284
61 135468
61 135562
61 135939
61 135971
61 135975
61 136086
61 136093
61 136194
61 136229
61 136274
61 136309
61 136333
61 136338
61 136415
61 136429
61 136490
61 136525
61 136641
61 136659
61 136709
61 136793
61 136808
61 137040
61 137078
61 137129
61 137210
61 137292
61 137325
61 137396
61 137473
61 137723
61 137782
61 137793
61 137815
61 137924
61 137927
61 138161
61 138181
61 138207
61 138260
61 138281
58 127329
58 127388
58 127435
58 127516
58 127551
58 127593
58 127630
58 127707
58 127823
58 127913
58 127915
58 128115
58 128156
58 128200
58 128208
58 128259
58 128667
58 128731
58 128759
58 128778
58 128859
58 128862
58 129143
58 129172
58 129202
58 129217
58 129481
58 129712
58 129768
58 129850
58 129862
58 129863
58 129887
58 129895
58 129965
58 130086
58 130194
58 130204
58 130221
58 130353
58 130364
58 130467
58 130530
58 130686
58 130702
58 130945
58 131105
58 131108
58 131325
58 131379
58 131406
58 131420
58 131466
58 131564
58 131593
58 131599
58 131715
58 131885
58 131895
58 131924
58 131964
58 132011
58 132382
58 132636
58 132684
58 132714
58 132760
58 132795
58 133044
58 133237
58 133345
58 133471
58 133562
58 133621
58 133751
58 134245
64 108264
64 108297
64 108311
64 108384
64 108417
64 108588
64 108857
64 108981
64 108991
64 109024
64 109163
64 109209
64 109267
64 109306
64 109422
64 109483
64 109522
64 109577
64 109599
64 109670
64 109764
64 110249
64 110394
64 110587
64 110589
64 110696
64 110794
64 110798
64 110866
64 110934
64 110968
64 110971
64 111035
64 111212
64 111237
64 111246
64 111309
64 111473
64 111476
64 111505
64 111694
64 111799
64 111827
64 111927
64 112217
64 112322
64 112337
64 112431
64 112439
64 112453
64 112457
64 112531
64 112701
64 112708
64 112711
64 112743
64 112783
64 112851
64 113025
64 113062
64 113225
64 113244
64 113270
64 113283
64 113298
64 113476
64 113816
64 113835
64 114141
64 114244
64 114305
64 114585
64 114649
64 114707
64 114734
64 114737
64 114758
64 114810
64 115033
64 115089
64 115245
64 115273
64 115403
64 115418
64 115594
64 115608
64 115720
64 115755
64 115769
64 115973
64 116164
64 116268
64 116618
64 116643
64 116678
64 117182
64 117277
64 117384
64 117599
64 117679
64 117762
64 117852
64 117861
64 117925
56 123420
56 123550
56 123688
56 123762
56 124016
56 124054
56 124067
56 124139
56 124240
56 124268
56 124384
56 124611
56 124645
56 124685
56 124775
56 124812
56 124924
56 124985
56 125118
56 125185
56 125253
56 125297
56 125359
56 125971
56 126018
56 126027
56 126044
56 126496
56 126591
56 126667
56 126875
56 126992
56 127126
56 127200
56 127214
56 127216
56 127249
56 127431
56 127477
56 127679
56 127694
56 127706
56 127726
56 127759
56 128027
56 128043
56 128056
56 128057
56 128099
56 128172
56 128181
56 128182
56 128206
56 128220
56 128409
56 128452
56 128588
56 128777
56 128967
56 129029
56 129056
56 129089
56 129255
56 129280
56 129441
56 129450
56 129496
56 129511
56 129857
56 129895
56 129906
56 130000
56 130060
56 130091
56 130142
56 130236
56 130241
56 130436
56 130492
56 130757
56 130762
56 130769
56 130781
56 130878
56 130944
56 130955
56 130984
56 131072
56 131087
56 131138
56 131165
56 131271
56 131523
56 131532
56 131677
56 131752
56 131823
56 131873
56 131889
56 131933
56 132065
56 132137
56 132259
56 132345
56 132378
56 132481
56 132486
56 132545
56 132622
56 132858
56 133070
56 133183
56 133219
56 133471
56 133515
56 133631
56 133676
56 133767
56 134000
56 134007
56 134240
56 134345
56 134480
56 134570
56 134642
56 134653
56 134672
56 134740
56 134769
56 134870
56 134951
56 135024
56 135254
56 135256
56 135344
56 135365
56 135436
56 135437
56 135458
56 135536
56 135715
56 135969
54 131763
54 131984
54 132079
54 132192
54 132199
54 132203
54 132311
54 132329
54 132446
54 132482
54 132523
54 132724
54 132848
54 132952
54 133276
54 133413
54 133628
54 133642
54 133644
54 133709
54 133815
54 133843
54 133844
54 133911
54 133933
54 134051
54 134056
54 134142
54 134209
54 134310
54 134400
54 134672
54 134737
54 134745
54 134781
54 134818
54 134841
54 134848
54 134910
54 134912
54 135150
54 135214
54 135305
54 135487
54 135502
54 135561
54 135684
54 135713
54 135785
54 136064
54 136113
54 136215
54 136510
54 136760
54 136931
54 137118
54 137140
54 137278
54 137304
54 137362
54 137518
54 137556
54 137598
54 137748
54 137820
54 137822
54 137871
54 138182
54 138214
54 138226
54 138235
54 138496
54 138500
54 138719
54 138826
54 138832
54 138845
54 138858
54 138961
54 139168
54 139197
54 139301
54 139363
54 139414
54 139500
54 139944
54 140053
54 140231
54 140246
54 140249
54 140321
54 140546
54 140607
54 140663
54 140772
54 140824
54 140988
54 141202
54 141261
54 141501
54 141503
54 141521
54 141647
54 141750
54 141911
54 142042
54 142181
54 142236
54 142440
54 142447
54 142451
54 142544
54 142646
54 142654
54 142694
54 143050
54 143072
54 143220
59 125310
59 125376
59 125416
59 125502
59 125529
59 125533
59 125624
59 125628
59 125639
59 125655
59 125664
59 125745
59 125751
59 126032
59 126251
59 126319
59 126345
59 126558
59 126870
59 126909
59 126933
59 127080
59 127143
59 127171
59 127173
59 127288
59 127446
59 127567
59 127722
59 127922
59 128017
59 128184
59 128288
59 128302
59 128309
59 128310
59 128318
59 128353
59 128527
59 128857
59 128860
59 128995
59 129242
59 129259
59 129333
59 129401
59 129406
59 129512
59 129667
59 129801
59 129838
59 129987
59 130190
59 130280
59 130476
59 130530
59 130580
59 130650
59 130714
59 130931
59 130994
59 131000
59 131054
59 131060
59 131177
59 131298
59 131487
59 131520
59 131728
59 131947
59 132021
59 132028
59 132048
59 132181
59 132226
59 132239
59 132373
59 132501
59 132728
59 132763
59 133003
59 133004
59 133049
59 133107
59 133164
59 133206
59 133252
59 133298
59 133316
59 133494
59 133604
59 133698
59 133774
59 133880
59 133925
59 133966
59 134016
59 134132
59 134143
59 134147
59 134154
59 134203
59 134403
59 134482
59 134549
59 134558
59 134707
59 134833
59 134875
59 135107
59 135168
59 135215
59 135287
59 135309
59 135718
59 135872
59 136132
59 136219
59 136223
59 136407
59 136460
59 136476
59 136534
59 136543
59 136567
59 136580
59 136655
59 136718
59 136846
59 137024
59 137071
59 137101
59 137107
59 137166
59 137211
59 137283
59 137403
59 137550
59 137587
63 113861
63 114056
63 114100
63 114102
63 114152
63 114376
63 114392
63 114658
63 114760
63 114770
63 114819
63 114852
63 115002
63 115062
63 115067
63 115192
63 115210
63 115227
63 115267
63 115294
63 115336
63 115550
63 115558
63 115638
63 115794
63 115869
63 115915
63 115930
63 115979
63 116093
63 116296
63 116386
63 116638
63 116665
63 116809
63 116867
63 116889
63 117024
63 117050
63 117060
63 117201
63 117246
63 117272
63 117302
63 117330
63 117497
63 117528
63 117586
63 117711
63 117714
63 117757
63 117856
63 118092
63 118182
63 118245
63 118358
63 118428
63 118458
63 118721
63 118742
63 118757
63 118950
63 118962
63 119013
63 119196
63 119200
63 119243
63 119358
63 119364
63 119510
63 119544
63 119566
63 119633
63 119736
63 119739
63 119948
63 120246
63 120311
63 120441
63 120464
63 120498
63 120556
63 120895
63 120954
63 121013
63 121222
63 121267
63 121351
63 121439
63 121527
63 121592
63 121597
63 121599
63 121672
63 121769
63 121860
63 121903
63 121937
63 121966
63 121987
63 122039
63 122098
63 122367
63 122545
63 122550
63 122576
63 122603
63 122728
63 122886
63 122903
63 122926
63 123057
55 135693
55 135762
55 135788
55 135803
55 135863
55 135943
55 136031
55 136108
55 136162
55 136189
55 136250
55 136260
55 136416
55 136478
55 136508
55 136703
55 136795
55 137018
55 137041
55 137120
55 137191
55 137356
55 137394
55 137474
55 137583
55 137633
55 137733
55 137821
55 137824
55 138151
55 138210
55 138319
55 138418
55 138422
55 138458
55 138473
55 138633
55 138646
55 138789
55 138824
55 139137
55 139148
55 139174
55 139177
55 139249
55 139419
55 139508
55 139554
55 139561
55 139640
55 139658
55 139843
55 139854
55 140013
55 140038
55 140152
55 140351
55 140471
55 140593
55 140611
55 140622
55 140663
55 140733
55 140802
55 140822
55 140917
55 140937
55 140981
55 141046
55 141056
55 141105
55 141178
55 141363
55 141383
55 141653
55 141737
55 141754
55 141980
55 142135
55 142345
55 142395
55 142403
55 142598
55 142610
55 142744
55 142794
55 142929
55 143028
55 143034
55 143075
55 143107
55 143144
55 143243
55 143301
55 143326
55 143402
55 143403
55 143493
55 143546
55 143566
55 143576
55 143819
55 143966
55 144077
55 144134
55 144159
55 144162
55 144209
55 144245
55 144278
55 144640
55 144653
55 144837
55 144842
55 144872
55 144970
55 144990
55 145019
55 145262
55 145272
55 145337
55 145415
55 145461
55 145559
55 145762
55 145768
55 145790
55 145798
55 145818
55 145839
55 145920
55 145990
55 146148
55 146185
55 146341
55 146376
55 146520
55 146577
55 146590
55 146642
55 146750
55 146860
55 146906
55 146907
55 147039
55 147041
55 147285
55 147323
55 147352
55 147651
55 147726
55 148043
55 148050
55 148072
55 148128
55 148232
55 148291
55 148435
51 134842
51 134895
51 134994
51 135085
51 135248
51 135410
51 135560
51 135576
51 135590
51 136213
51 136412
51 136493
51 136521
51 136796
51 136805
51 136842
51 136850
51 136912
51 136931
51 137057
51 137158
51 137212
51 137241
51 137265
51 137288
51 137370
51 137451
51 137546
51 137563
51 137569
51 137606
51 137686
51 137857
51 137901
51 137942
51 137956
51 138021
51 138054
51 138149
51 138171
51 138207
51 138325
51 138342
51 138358
51 138444
51 138478
51 138523
51 138729
51 138749
51 138901
51 138933
51 139017
51 139097
51 139119
51 139157
51 139278
51 139312
51 139638
51 139713
51 139826
51 139864
51 139899
51 139929
51 140119
51 140161
51 140174
51 140407
51 140440
51 140512
51 140564
51 140899
51 141092
51 141200
51 141218
51 141394
51 141569
51 141603
51 141618
51 141838
51 141965
51 142163
51 142244
51 142256
51 142312
51 142427
51 142508
51 142920
51 142926
51 143049
51 143063
51 143070
51 143089
51 143107
51 143284
51 143328
51 143424
51 143441
51 143574
51 143635
51 143758
51 143925
51 143992
51 144054
51 144066
51 144072
51 144093
51 144425
51 144442
51 144448
51 144547
51 144647
51 145023
51 145043
51 145078
51 145232
51 145244
51 145266
51 145308
51 145320
51 145423
51 145554
51 145558
51 145687
51 145824
51 145944
51 146325
51 146360
51 146418
51 146444
51 146486
51 146558
51 146582
51 146853
64 118008
64 118121
64 118193
64 118212
64 118595
64 118599
64 118638
64 118656
64 118782
64 119212
64 119415
64 119436
64 119521
64 119588
64 119604
64 119613
64 119635
64 119832
64 119858
64 119865
64 119927
64 120085
64 120148
64 120492
64 120726
64 120799
64 120807
64 121189
64 121335
64 121415
64 121461
64 121468
64 121584
64 121903
64 122039
64 122202
64 122274
64 122463
64 122549
64 122559
64 122607
64 122839
64 122857
64 122948
64 123016
64 123208
64 123321
64 123484
64 123552
64 123969
64 123986
64 123992
64 124297
64 124375
64 124568
64 124637
64 124706
64 124759
64 124852
64 125137
64 125227
64 125353
64 125403
64 125477
64 125623
64 125657
64 125898
64 126062
64 126139
64 126195
64 126460
64 126523
64 126582
64 126600
64 126662
64 126763
64 126797
64 126821
64 126939
64 127006
64 127029
64 127071
64 127084
64 127174
64 127188
64 127312
64 127482
64 127669
64 127770
64 128019
64 128081
64 128170
64 128193
64 128249
64 128290
64 128408
64 128744
64 128788
64 128861
64 128911
64 129048
60 124546
60 124609
60 124645
60 124737
60 124797
60 124825
60 124904
60 125029
60 125080
60 125106
60 125108
60 125307
60 125315
60 125351
60 125407
60 125456
60 125540
60 125580
60 125724
60 125780
60 125892
60 125896
60 126028
60 126075
60 126099
60 126132
60 126263
60 126342
60 126365
60 126459
60 126551
60 126715
60 126729
60 126758
60 126865
60 126910
60 127001
60 127045
60 127097
60 127101
60 127167
60 127180
60 127483
60 127498
60 127741
60 127788
60 127859
60 128009
60 128141
60 128258
60 128275
60 128413
60 128605
60 128918
60 129349
60 129435
60 129673
60 129705
60 129706
60 129721
60 129751
60 129866
60 129917
60 129981
60 129991
60 130036
60 130142
60 130199
60 130304
60 130394
60 130406
60 130408
60 130413
60 130438
60 130573
60 130656
60 130715
60 130840
60 130902
60 130918
60 131010
60 131105
60 131117
60 131262
60 131279
60 131371
60 131503
60 131653
60 131700
60 131780
60 131855
60 131893
60 131905
60 131928
60 131940
60 131987
60 132135
60 132195
60 132207
60 132406
60 132447
60 132459
60 132500
60 132528
60 132584
60 132630
60 132704
60 132754
60 132945
60 133015
60 133040
60 133051
60 133068
60 133076
60 133095
60 133127
60 133131
60 133181
60 133182
60 133247
60 133277
60 133291
60 133349
60 133503
60 133504
60 133588
60 133615
60 133639
60 133905
60 133910
60 133967
60 133995
60 134135
60 134287
60 134440
60 134537
60 134575
60 134611
60 134744
60 134789
60 134858
60 134893
60 134930
60 135003
60 135121
60 135457
60 135634
60 135696
60 135705
60 135803
60 135880
60 135926
60 135974
60 136022
60 136040
60 136136
60 136461
60 136563
60 136662
60 136738
60 136790
60 136843
60 136892
60 137065
60 137110
60 137223
55 148531
55 148596
55 148680
55 148686
55 148695
55 148724
55 148811
55 148833
55 148838
55 148859
55 148958
55 149362
55 149515
55 149600
55 149682
55 149711
55 149933
55 150039
55 150070
55 150098
55 150137
49 110835
49 111099
49 111125
49 111209
49 111339
49 111759
49 111811
49 111886
49 111936
49 111985
49 112039
49 112132
49 112291
49 112377
49 112460
49 112923
49 112948
49 113010
49 113112
49 113233
49 113258
49 113403
49 113485
49 113487
49 113598
49 113613
49 113792
49 113846
49 114037
49 114091
49 114154
49 114161
49 114264
49 114274
49 114422
49 114482
49 114534
49 114637
49 114768
49 114846
49 114922
49 114941
49 115174
49 115199
49 115227
49 115326
49 115472
49 115531
49 115591
49 115712
49 115913
49 115920
49 116204
49 116308
49 116328
49 116342
49 116416
49 116530
49 116533
49 116563
49 116614
49 116724
49 116730
49 116778
49 116905
49 117070
49 117249
49 117299
49 117324
49 117360
49 117414
49 117663
49 117765
49 117853
49 117962
49 117973
49 118023
49 118101
49 118554
49 118612
49 118739
49 118895
49 118902
49 119053
49 119180
49 119214
49 119380
49 119524
49 119536
49 119542
49 119549
49 119600
49 119689
49 120001
49 120187
49 120365
49 120776
49 120872
49 120874
49 120969
49 121520
49 121535
49 121705
49 121751
49 121781
49 121955
49 122007
49 122037
49 122048
49 122061
49 122069
61 138607
61 138722
61 138823
61 138857
61 139019
61 139039
61 139131
61 139138
61 139153
61 139163
61 139388
61 139398
61 139404
61 139445
61 139731
61 139920
61 139974
61 140004
61 140121
61 140348
61 140467
61 140528
61 140545
61 140552
61 140770
61 140862
61 141071
61 141164
61 141188
61 141205
61 141212
61 141279
61 141305
61 141451
61 141571
61 141631
61 141844
61 141871
61 141939
61 141953
61 141967
61 142100
61 142181
61 142189
61 142451
61 142517
61 142700
61 143033
61 143114
61 143524
61 143706
61 143814
61 143817
61 143867
61 143976
61 144022
61 144048
61 144158
61 144418
61 144596
61 144699
61 144728
61 144912
61 145051
61 145058
61 145177
61 145196
61 145198
61 145302
61 145475
61 145547
61 145791
61 145821
61 146108
61 146139
61 146288
61 146376
61 146545
61 146566
61 146656
61 146711
61 146951
61 147004
61 147024
61 147141
61 147144
61 147162
61 147199
61 147347
61 147442
61 147449
61 147531
61 147569
61 147671
61 147804
61 147926
61 148001
61 148031
61 148282
61 148422
61 148524
61 148542
61 148557
61 148570
61 148597
61 148661
61 148709
61 148716
61 148932
61 148959
61 149144
61 149210
61 149242
61 149261
61 149474
61 149491
61 149587
61 149835
61 149858
61 150032
61 150051
61 150068
61 150081
61 150246
60 137404
60 137485
60 137865
60 138251
60 138485
60 138529
60 138588
60 138727
60 138787
60 138833
60 138992
60 139019
60 139156
60 139188
60 139295
60 139386
60 139486
60 139536
60 139584
60 139628
60 139661
60 139743
60 139758
60 139788
60 139852
60 139893
60 139949
60 140036
60 140055
56 136259
56 136280
56 136323
56 136750
56 136792
56 137311
56 137350
56 137415
56 137461
56 137564
56 137643
56 137646
56 137676
56 137686
56 137762
56 137981
56 138012
56 138136
56 138274
56 138304
56 138359
56 138387
56 138418
56 138441
56 138483
56 138498
56 138585
56 138711
56 138720
56 138962
56 139066
56 139214
56 139336
56 139375
56 139538
56 139667
56 139705
56 139795
56 139904
56 139966
56 139997
56 140029
56 140122
56 140164
56 140239
56 140290
56 140365
56 140416
56 140575
56 140679
56 140954
56 141012
56 141188
56 141241
56 141243
56 141260
56 141409
56 141442
56 141494
56 141515
56 141928
56 141976
56 142038
56 142109
56 142111
56 142580
56 142648
56 142748
56 142921
56 142997
56 143138
56 143215
56 143216
56 143293
56 143330
56 143335
56 143451
56 143718
56 143764
56 143795
56 143912
56 143967
56 144289
56 144311
56 144314
56 144395
56 144450
56 144471
56 144506
56 144892
56 145070
56 145098
56 145101
56 145178
56 145228
56 145245
56 145285
56 145323
56 145432
56 145564
56 145633
56 145655
56 145763
56 145949
56 145969
56 146202
56 146449
56 146470
56 146521
56 146581
56 146763
56 146915
56 146981
56 146993
56 147021
56 147104
56 147360
56 147434
56 147477
56 147617
56 147621
56 147651
56 147810
56 147846
56 147911
56 147927
56 147931
56 147934
56 148216
56 148248
56 148386
56 148398
56 148443
56 148792
63 123348
63 123373
63 123380
63 123411
63 123525
63 123541
63 123545
63 123625
63 123655
63 123660
63 123741
63 123758
63 123841
63 123893
63 124064
63 124174
63 124226
63 124438
63 124731
63 124860
63 125266
63 125501
63 125571
63 125609
63 125613
63 125616
63 125669
63 125783
63 125813
63 125951
63 126167
63 126391
63 126659
63 126695
63 126715
63 126737
63 126739
63 126959
63 127078
63 127398
63 127427
63 127480
63 127494
63 127644
63 127871
63 127953
63 127991
63 128018
63 128285
63 128388
63 128436
63 128468
63 128556
63 128664
63 128704
63 129032
63 129083
63 129116
63 129310
63 129339
63 129343
63 129377
63 129381
63 129531
63 129606
63 129653
63 130033
63 130053
63 130203
63 130294
63 130563
63 130601
63 130648
63 130746
63 130884
63 130934
63 131103
63 131147
63 131156
63 131245
63 131310
63 131334
63 131446
63 131815
63 131872
63 131892
63 131930
63 131933
63 132007
63 132090
63 132179
63 132384
63 132411
63 132415
63 132423
63 132478
59 137833
59 138068
59 138115
59 138279
59 138312
59 138642
59 138965
59 139114
59 139162
59 139511
59 139571
59 139609
59 139613
59 139666
59 139679
59 139789
59 139795
59 139811
59 139838
59 139877
59 139909
59 139925
59 139955
59 140004
59 140017
59 140039
59 140057
59 140238
59 140400
59 140451
59 140452
59 140588
59 140697
59 140715
59 140772
59 140780
59 141094
59 141284
59 141291
59 141329
59 141435
59 141443
59 141474
59 141485
59 141553
59 141559
59 141755
59 141808
59 141815
59 141997
59 142021
59 142085
59 142371
59 142433
59 142467
59 142553
59 142723
59 142764
59 142852
59 142856
59 143214
59 143355
59 143580
59 143745
59 143967
59 144101
59 144560
59 144641
59 144690
59 144747
59 144819
59 144824
59 144863
59 144905
59 144920
59 145121
59 145245
59 145441
59 145541
59 145722
59 145841
59 145922
59 146116
59 146288
59 146657
59 146661
59 146690
59 146698
59 146875
59 147119
59 147234
59 147262
59 147276
59 147345
59 147352
59 147362
59 147478
59 147485
59 147549
59 147619
59 147750
59 147794
59 147812
59 147847
59 147913
59 147932
59 148013
59 148065
59 148074
59 148100
59 148122
59 148306
59 148329
59 148525
59 148625
59 148808
59 148832
59 148927
59 148951
54 143452
54 143490
54 143634
54 143738
54 143777
54 143837
54 143935
54 143967
54 144105
54 144233
54 144316
54 144321
54 144382
54 144460
54 144504
54 144626
54 144652
54 144954
54 145084
54 145093
54 145148
54 145245
54 145313
54 145421
54 145674
54 145785
54 145958
54 145963
54 146075
54 146240
54 146314
54 146342
54 146393
54 146416
54 146478
54 146927
54 147054
54 147061
54 147088
54 147136
54 147184
54 147199
54 147211
54 147236
54 147283
54 147295
54 147346
54 147564
54 147687
54 147878
54 147897
54 147937
54 147987
54 148038
54 148288
54 148416
54 148710
54 148762
54 148841
54 148945
54 148951
54 148991
54 149276
54 149461
54 149576
54 149679
54 149788
54 149826
54 149867
54 149921
54 149991
54 150010
54 150087
54 150168
54 150172
54 150198
54 150386
54 150458
54 150630
54 150896
54 150932
54 150966
54 151033
54 151123
54 151241
54 151243
54 151266
54 151300
54 151451
54 151458
54 151651
54 151652
54 151827
54 151873
54 151874
54 151917
54 151953
54 151963
54 152171
54 152385
54 152463
54 152532
54 152562
54 152651
54 152805
54 153156
54 153208
54 153217
54 153302
54 153428
54 153456
54 153487
54 153560
54 153587
54 153602
54 153753
54 153780
54 153926
54 153974
54 154113
54 154229
54 154287
54 154336
54 154717
54 154979
54 155020
54 155025
54 155178
54 155326
54 155342
51 147130
51 147288
51 147367
51 147541
51 147692
51 147710
51 147754
51 147978
51 148025
51 148032
51 148171
51 148221
51 148227
51 148249
51 148274
51 148288
51 148335
51 148429
51 148671
51 148758
51 148787
51 148800
51 148963
51 149179
51 149205
51 149260
51 149304
51 149383
51 149431
51 149725
51 149737
51 149768
51 149991
51 150045
51 150175
51 150210
51 150317
51 150526
51 150564
51 150717
51 150788
51 151021
51 151058
51 151119
51 151156
51 151302
51 151350
51 151389
51 151587
51 151643
51 151663
51 151772
51 151816
51 151962
51 152014
51 152145
51 152186
51 152254
51 152351
51 152363
51 152393
51 152415
51 152727
51 152744
51 152881
51 152937
51 153066
51 153113
51 153119
51 153156
51 153420
51 153485
51 153518
51 153541
51 153584
51 153702
51 153883
51 153894
51 154010
51 154200
51 154248
51 154281
51 154386
51 154446
51 154467
51 154613
51 154619
51 154734
51 154883
51 154956
51 154994
51 155066
51 155104
51 155109
51 155123
51 155274
51 155323
51 155383
51 155467
51 155616
51 155620
51 155776
51 155804
51 155889
51 155890
51 156141
51 156303
51 156412
51 156433
51 156652
51 156702
51 157077
51 157137
51 157180
51 157322
51 157325
51 157401
51 157407
51 157433
51 157456
51 157627
51 157713
51 157798
51 157890
51 158016
51 158026
51 158138
51 158230
51 158268
51 158418
51 158472
51 158675
51 158849
51 158876
51 158879
51 158890
51 158977
51 159013
51 159020
51 159108
51 159135
51 159154
49 122189
49 122316
49 122331
49 122354
49 122595
49 122602
49 122697
49 122754
49 122974
49 123030
49 123130
49 123162
49 123277
49 123390
49 123396
49 123419
49 123443
49 123702
49 123792
49 123870
49 124007
49 124151
49 124351
49 124446
49 124452
49 124471
49 124515
49 124551
49 124586
49 124680
49 124703
49 124910
49 124986
49 125171
49 125191
49 125316
49 125432
49 125435
49 125643
49 125734
49 125936
49 125946
49 126126
49 126344
49 126419
49 126443
49 126745
49 126907
49 126930
49 127029
49 127072
49 127223
49 127247
49 127411
49 127428
49 127444
49 127477
49 127553
49 127634
49 127718
49 127968
49 128086
49 128261
49 128328
49 128376
49 128480
49 128907
49 129097
49 129157
49 129463
49 129764
49 129827
49 129980
49 130014
49 130016
49 130055
49 130101
49 130162
49 130166
49 130277
49 130465
49 130591
49 130709
49 130736
49 130786
49 130803
49 130845
49 130853
49 130936
49 130979
49 131007
49 131081
49 131085
49 131125
49 131136
49 131168
49 131353
49 131482
49 131491
49 131515
49 131522
49 131759
49 131843
49 131904
49 131953
49 132036
49 132101
49 132109
49 132186
49 132413
49 132447
49 132454
49 132529
49 132594
49 132872
49 132953
49 133074
49 133275
49 133295
49 133304
64 129132
64 129362
64 129391
64 129436
64 129484
64 129529
64 129651
64 129931
64 130050
64 130117
64 130234
64 130237
64 130304
64 130507
64 130563
64 130580
64 130706
64 130786
64 130858
64 130890
64 131435
64 131511
64 131557
64 131583
64 131606
64 131744
64 132000
64 132012
64 132039
64 132139
64 132166
64 132552
64 132691
64 132713
64 132794
64 133112
64 133148
64 133295
64 133573
64 133762
64 133786
64 134005
64 134029
64 134279
64 134454
64 134528
64 134724
64 134828
64 134885
64 135333
64 135350
64 135416
64 135440
64 135456
64 135747
64 135780
64 135919
64 135942
64 136018
64 136070
64 136148
64 136174
64 136333
64 136966
64 137103
64 137127
64 137156
64 137172
64 137186
64 137359
64 137372
64 137663
64 137692
64 137751
64 137772
64 137781
64 137806
64 137938
64 137942
64 138017
64 138132
64 138149
64 138481
64 138544
64 138584
64 138618
64 138650
64 138779
64 138958
64 139042
64 139225
59 149822
59 149893
59 150112
59 150155
59 150219
59 150419
59 150501
59 150512
59 150545
59 150624
59 150653
59 150654
59 150663
59 150746
59 150793
59 150868
59 151014
59 151035
59 151324
59 151374
59 151520
59 151570
59 151634
59 151712
59 151895
59 151904
59 151923
59 151960
59 152019
59 152022
59 152194
59 152200
59 152273
59 152341
59 152386
59 152507
59 152624
59 152674
59 152720
59 152723
59 152988
59 153041
59 153062
59 153301
59 153406
59 153456
59 153569
59 153646
59 153668
59 153771
59 153881
59 153900
59 153915
59 153955
59 154001
59 154027
59 154127
59 154185
59 154225
59 154252
59 154524
59 154741
59 154745
59 154839
59 154889
59 154997
59 155090
59 155166
59 155290
59 155325
59 155361
59 155522
59 155556
59 155597
59 155745
59 155817
59 155859
59 155897
59 155899
59 155986
59 156001
59 156093
59 156283
59 156308
59 156333
59 156338
59 156627
51 159295
51 159323
51 159453
51 159578
51 159628
51 159694
51 159743
51 159879
51 159963
51 160141
51 160268
51 160549
51 160634
51 160659
51 160933
51 161117
51 161125
51 161164
51 161314
51 161320
51 161783
51 161857
51 161869
51 162093
51 162106
51 162148
51 162224
51 162371
51 162449
51 162454
51 162650
51 162820
51 162821
51 162855
51 162927
51 163070
51 163121
51 163287
51 163376
51 163535
51 163776
51 163784
51 163880
51 163923
51 164134
51 164211
51 164247
51 164317
51 164363
51 164452
51 164480
51 164485
51 164671
51 164757
51 164904
51 164959
51 164989
51 165003
51 165033
51 165256
51 165278
51 165394
51 165415
51 165461
51 165501
51 165554
51 165592
51 165631
51 165726
51 166252
51 166269
51 166388
51 166389
51 166542
63 133010
63 133145
63 133147
63 133162
63 133448
63 133674
63 133692
63 133750
63 133816
63 133819
63 133862
63 133910
63 133947
63 133967
63 133973
63 134021
63 134439
63 134512
63 134517
63 134612
63 134632
63 134775
63 134780
63 134783
63 134817
63 134940
63 134967
63 134975
63 135027
63 135136
63 135186
63 135243
63 135259
63 135451
63 135468
63 135550
63 135553
63 135741
63 135855
63 135876
63 136042
63 136104
63 136137
63 136345
63 136488
63 136617
63 136888
63 136979
63 137032
63 137184
63 137185
63 137313
63 137559
63 137681
63 137683
63 137747
63 137915
63 138107
63 138189
63 138296
63 138348
63 138578
63 138666
63 138681
63 138683
63 138810
63 138862
63 138895
63 138976
63 139053
63 139156
63 139643
63 139710
63 139800
63 139887
63 140042
63 140100
63 140103
63 140228
63 140259
63 140369
63 140383
63 140529
63 140624
63 140645
63 140778
63 140941
63 141013
63 141245
63 141338
63 141448
63 141484
63 141509
63 141550
63 141734
63 141865
63 141869
63 141932
63 142049
63 142052
63 142106
63 142325
61 150464
61 150497
61 150500
61 150617
61 150703
61 150723
61 150767
61 150967
61 150977
61 151062
61 151124
61 151160
61 151268
61 151421
61 151461
61 151515
61 151579
61 151596
61 151620
61 151715
61 151742
61 152000
61 152064
61 152088
61 152094
61 152171
61 152442
61 152490
61 152512
61 152547
61 152576
61 152614
61 152704
61 152729
61 152814
61 152882
61 152884
61 152923
61 152999
61 153010
61 153053
61 153127
61 153154
61 153249
61 153265
61 153313
61 153328
61 153419
61 153448
61 153477
61 153502
61 153576
61 153598
61 153639
61 153770
61 153772
61 153818
61 153865
61 153945
61 154017
61 154036
61 154053
61 154089
61 154114
61 154147
61 154197
61 154234
61 154609
61 154752
61 154838
61 154864
61 154884
61 154887
61 154897
61 154951
61 154984
61 155017
61 155027
61 155362
61 155412
61 155465
61 155512
61 155651
61 155696
61 155739
61 155784
61 155793
61 155843
61 155846
61 155859
61 155992
61 156208
61 156320
61 156382
61 156552
61 156569
61 156571
61 156576
61 156582
61 156616
61 156648
61 156690
61 156768
61 156816
61 156860
61 156902
61 157160
61 157220
61 157223
61 157346
61 157416
61 157429
61 157523
61 157560
61 157656
61 157677
61 157737
61 158140
61 158156
61 158289
61 158620
61 158652
61 158686
61 158835
61 158862
61 158931
61 158932
61 159198
61 159208
61 159345
61 159463
61 159551
61 159790
61 159838
61 159904
61 159972
61 160015
61 160063
61 160228
61 160234
61 160290
61 160394
61 160493
61 160605
61 160758
61 161146
61 161280
61 161305
61 161429
61 161452
61 161624
61 161771
61 161991
61 162034
61 162043
61 162073
61 162143
61 162230
61 162297
61 162553
61 162567
61 162599
61 162611
61 162614
61 162812
61 162839
61 162845
61 163110
61 163193
61 163195
61 163196
61 163197
61 163258
61 163339
54 155624
54 155745
54 155776
54 155823
54 155931
54 156010
54 156062
54 156081
54 156083
54 156121
54 156319
54 156405
54 156417
54 156431
54 156828
54 156941
54 156979
54 157006
54 157105
54 157172
54 157193
54 157196
54 157255
54 157481
54 157499
54 157624
54 157781
54 157798
54 157914
54 158035
54 158091
54 158153
54 158185
54 158228
54 158291
54 158507
54 158521
54 158580
54 158773
54 158777
54 158955
54 159024
54 159054
54 159063
54 159088
54 159145
54 159228
54 159406
54 159688
54 159921
54 159931
54 159990
54 160048
54 160087
54 160222
54 160406
54 160677
54 160829
54 160840
54 160889
54 160908
54 161010
54 161021
54 161059
54 161137
54 161281
54 161472
54 161611
54 161652
54 161659
54 161792
54 162377
54 162611
54 162783
54 162832
54 162952
54 163220
54 163224
54 163228
54 163254
54 163328
54 163338
54 163345
54 163852
54 164008
54 164072
54 164164
54 164236
54 164255
54 164296
54 164340
54 164425
54 164479
54 164624
54 164654
54 164734
54 164974
54 165206
54 165414
54 165468
54 165486
54 165749
54 165831
54 166068
54 166190
54 166209
54 166260
54 166415
54 166478
54 166519
54 166651
54 166653
54 166748
54 166782
54 166938
54 167163
49 133586
49 133621
49 133686
49 133736
49 133987
49 134037
49 134097
49 134112
49 134351
49 134459
49 134526
49 134530
49 134736
49 134742
49 134950
49 135021
49 135025
49 135036
49 135212
49 135463
49 135554
49 135557
49 135796
49 135799
49 135808
49 135965
49 135975
49 136171
49 136213
49 136222
49 136235
49 136429
49 136450
49 136545
49 136686
49 136751
49 136757
49 136867
49 136892
49 136902
49 136930
49 136931
49 136957
49 136961
49 137271
49 137304
49 137384
49 137581
49 137834
49 137902
49 137977
49 137996
49 138201
49 138203
49 138251
49 138495
49 138580
49 138589
49 138644
49 138757
49 138945
49 139008
49 139009
49 139084
49 139147
49 139348
49 139424
49 139429
49 139529
49 139699
49 139862
49 139974
49 140026
49 140258
49 140347
49 140431
49 140472
49 140642
49 140826
49 141006
49 141055
49 141174
49 141307
49 141353
49 141361
49 141596
49 141616
49 141772
49 141814
49 141945
49 142098
49 142144
49 142530
49 142573
49 142575
49 142693
49 142709
49 142785
49 142878
49 143011
49 143077
49 143296
49 143349
49 143373
49 143525
49 143671
49 143743
49 143759
49 143763
49 143801
49 143838
49 143907
49 143959
49 143975
49 143986
49 143991
49 143996
49 144078
49 144081
49 144178
49 144231
49 144268
49 144321
49 144336
64 139410
64 139476
64 139489
64 139575
64 139598
64 139700
64 139919
64 140276
64 140371
64 140614
64 140732
64 140819
64 140901
64 140929
64 140933
64 140977
64 141028
64 141058
64 141137
64 141217
64 141403
64 141841
64 141884
64 141890
64 141956
64 141977
64 142132
64 142138
64 142180
64 142258
64 142612
64 142693
64 142725
64 142794
64 142901
64 143091
64 143097
64 143140
64 143294
64 143468
64 143545
64 143549
64 143684
64 143745
64 144026
64 144295
64 144331
64 144391
64 144409
64 144424
64 144439
64 144468
64 144530
64 144766
64 144891
64 144949
64 145117
64 145215
64 145280
64 145309
64 145420
64 145457
64 145484
64 145489
64 145631
64 145696
64 145811
64 145819
64 145920
64 145924
64 146304
64 146305
64 146331
64 146388
64 146610
64 146884
64 147064
64 147200
64 147253
64 147259
64 147319
64 147375
64 147517
64 147560
64 147676
64 147681
64 147767
64 147957
64 148129
64 148156
64 148198
64 148215
64 148232
64 148350
64 148378
64 148534
64 148603
64 148686
64 148738
64 148814
64 148878
64 149071
64 149124
64 149334
54 167415
54 167565
54 167630
54 167723
54 167976
54 168043
54 168090
54 168145
54 168385
54 168441
54 168557
54 168736
54 168825
54 168921
54 168952
54 168996
54 169015
54 169018
54 169060
54 169161
54 169208
54 169273
54 169452
54 169461
54 169491
54 169921
63 142431
63 142544
63 142718
63 142731
63 142848
63 142896
63 143160
63 143317
63 143364
63 143410
63 143454
63 143496
63 143579
63 143702
63 143741
63 143915
63 144203
63 144280
63 144448
63 144483
63 144582
63 144757
63 144812
63 145115
63 145236
63 145461
63 145476
63 145568
63 145598
63 145606
63 145771
63 145818
63 146018
63 146162
63 146211
63 146272
63 146310
63 146702
63 146729
63 146865
63 146930
63 147029
63 147033
63 147175
63 147441
63 147466
63 147797
63 147812
63 147978
63 148029
63 148098
63 148347
63 148414
63 148460
63 148504
63 148514
63 148592
63 148951
63 148974
63 148987
63 149217
63 149262
63 149296
63 149337
63 149705
63 149735
63 149788
63 149825
63 150068
63 150116
63 150397
63 150447
63 150534
63 150581
63 150642
63 150702
63 150747
63 150751
63 150774
63 150925
63 150958
63 151031
63 151059
63 151225
63 151234
63 151284
63 151486
63 151495
63 151542
63 151629
64 149410
64 149424
64 149512
64 149860
64 149939
64 150192
64 150263
64 150278
64 150322
64 150382
64 150476
64 150490
64 150493
64 150605
64 150658
64 150759
64 150789
64 150845
64 151049
64 151066
64 151116
64 151202
64 151344
64 151354
64 151393
64 151417
64 151789
64 151941
64 152027
64 152097
64 152103
64 152147
64 152183
64 152247
64 152524
64 152611
64 152797
64 153539
64 153633
64 153824
64 154119
64 154192
64 154317
64 154379
64 154456
64 154498
64 154541
64 154544
64 154565
64 154775
64 154943
64 155034
64 155113
64 155114
64 155157
64 155201
64 155235
64 155316
64 155689
64 155705
64 155880
64 155894
64 155980
64 156005
64 156434
64 156511
64 156624
64 156711
64 156823
64 157109
64 157145
64 157230
64 157311
64 157517
64 157554
64 157556
64 157772
64 157790
64 158121
64 158128
64 158173
64 158229
64 158236
64 158257
64 158327
64 158566
64 158681
64 158821
64 158826
64 158834
64 159039
64 159067
49 144645
49 144672
49 144889
49 145091
49 145197
49 145208
49 145309
49 145392
49 145458
49 145568
49 145755
49 145781
49 145834
49 145883
49 145974
49 146025
49 146095
49 146109
49 146259
49 146268
49 146301
49 146313
49 146498
49 146817
49 146820
49 146884
49 146897
49 146916
49 146954
49 146988
49 146998
49 147009
49 147094
49 147142
49 147229
49 147354
49 147483
49 147485
49 147492
49 147511
49 147582
49 147584
49 147653
49 147677
49 148036
49 148055
49 148099
49 148243
49 148493
49 148979
49 148995
49 149019
49 149057
49 149078
49 149180
49 149223
49 149400
49 149450
49 149507
49 149543
49 149623
49 149673
49 149743
49 149993
49 150064
49 150610
49 150792
49 150803
49 150972
49 151010
49 151153
49 151200
49 151371
49 151463
49 151588
49 151591
49 151766
49 151793
49 151812
49 151905
49 152102
49 152253
49 152362
49 152500
49 152728
49 152803
49 152836
49 152964
49 152992
49 153177
49 153194
49 153272
49 153294
49 153308
49 153365
49 153604
49 153641
49 153672
49 153856
49 154150
49 154204
49 154328
49 154651
49 154761
49 154906
49 154924
49 154932
49 154957
49 155043
49 155051
49 155078
49 155165
49 155330
49 155385
49 155419
49 155502
63 151954
63 151981
63 152037
63 152107
63 152321
63 152470
63 152584
63 152657
63 152711
63 152834
63 153229
63 153402
63 153414
63 153527
63 153560
63 153832
63 153935
63 153984
63 154080
63 154209
63 154212
63 154271
63 154282
63 154341
63 154379
63 154535
63 154564
63 154661
63 154673
63 154690
63 154705
63 155264
63 155361
63 155679
63 155704
63 155850
63 155929
63 156031
63 156077
63 156098
63 156136
63 156173
63 156260
63 156305
63 156443
63 156547
63 156569
63 156679
63 156685
63 156847
63 156899
63 156911
63 157094
63 157111
63 157173
63 157248
63 157251
63 157537
63 157666
63 157706
63 157724
63 157835
63 157949
63 158037
63 158065
63 158147
63 158172
63 158256
63 158285
63 158477
63 158769
63 158800
63 158813
63 158908
63 158933
63 158988
63 159044
63 159119
63 159256
63 159606
63 159764
63 159772
63 159906
63 159963
63 160164
63 160232
63 160414
63 160506
63 160514
63 160766
63 160935
63 160968
63 160971
63 161178
63 161302
63 161308
49 155559
49 155652
49 155676
49 155755
49 155785
49 155906
49 155920
49 155922
49 155988
49 155996
49 156004
49 156006
49 156055
49 156162
49 156366
49 156369
49 156409
49 156452
49 156587
49 156764
49 156963
49 157084
49 157130
49 157188
49 157340
49 157379
49 157527
49 157551
49 157697
49 157747
49 157772
49 157788
49 157798
49 157831
49 157886
49 157894
49 157904
49 157911
49 157964
49 158008
49 158310
49 158332
49 158466
49 158593
49 158778
49 158854
49 159061
49 159257
49 159301
49 159315
49 159555
49 159607
49 159642
49 159650
49 159756
49 159923
49 160023
49 160082
49 160280
49 160358
49 160421
49 160544
49 160738
49 160825
49 160907
49 160923
49 160951
49 161006
49 161022
49 161083
49 161093
49 161186
49 161246
49 161311
49 161361
49 161401
49 161407
49 161422
49 161461
49 161574
49 161716
49 161756
49 161800
49 161867
49 161939
49 161941
64 159189
64 159388
64 159421
64 159457
64 159566
64 159723
64 159782
64 159826
64 159835
64 160096
64 160145
64 160215
64 160351
64 160362
64 160424
64 160500
64 160571
64 160749
64 160794
64 160825
64 160881
64 160944
64 161126
64 161219
64 161311
64 161462
64 161622
64 161697
64 161741
64 161830
64 161971
64 162150
64 162221
64 162242
64 162313
64 162490
64 162627
64 162778
64 162846
64 163215
64 163289
64 163380
64 163435
64 163481
64 163548
64 163552
64 163593
64 163622
64 163725
64 163747
64 163829
64 164092
64 164105
64 164248
64 164484
64 164541
64 164600
64 164631
64 164700
64 164705
64 164726
64 164758
64 164900
64 165422
64 165497
64 165718
64 165875
64 165888
64 166049
64 166191
64 166345
64 166354
64 166377
64 166635
64 166647
64 166694
64 166838
64 166915
64 167101
64 167122
64 167143
64 167202
64 167207
64 167246
64 167335
64 167435
64 167701
64 167709
64 167898
64 168070
64 168179
64 168293
64 168352
64 168417
64 168435
64 168775
63 161596
63 161617
63 161644
63 162018
63 162051
63 162062
63 162219
63 162343
63 162509
63 162607
63 162718
63 162850
63 163035
63 163082
63 163247
63 163573
63 163652
63 163673
63 163709
63 163735
63 163802
63 163962
63 164106
63 164234
63 164415
63 164431
63 164512
63 164850
63 165019
63 165020
63 165208
63 165400
63 165418
63 165442
63 165477
63 165545
63 165576
63 165662
63 165671
63 166028
63 166194
63 166321
63 166370
63 166416
63 166507
63 166525
63 166942
63 166982
63 167002
63 167155
63 167361
63 167409
63 167482
63 167654
63 167681
63 167682
63 167803
63 167952
63 168049
63 168158
63 168229
63 168408
63 168715
63 168744
63 168834
63 168849
63 168863
63 169014
63 169224
63 169316
63 169348
63 169391
63 169445
63 169673
63 169966
63 169970
63 170136
63 170226
63 170301
63 170337
63 170341
63 170424
63 170450
63 170456
63 170519
63 170755
63 170813
63 170844
63 170893
64 169076
64 169131
64 169207
64 169221
64 169232
64 169394
64 169507
64 169748
64 169762
64 169790
64 169792
64 169802
64 170064
64 170236
64 170251
64 170347
64 170576
64 170612
64 170682
64 170745
64 170767
64 170894
64 171156
64 171160
64 171212
64 171480
64 171589
64 171629
64 171653
64 171659
64 171753
64 171956
64 171984
64 172035
64 172151
64 172314
64 172493
64 172511
64 172569
64 172642
64 172719
64 172730
64 172850
64 172871
64 172898
64 173037
64 173165
64 173319
64 173440
64 173581
64 173661
64 173686
64 173967
64 174122
64 174558
64 174631
64 174672
64 174678
64 174707
64 174986
64 175019
64 175032
64 175195
64 175224
64 175400
64 175680
64 175742
64 175874
64 175949
64 176165
64 176171
64 176221
64 176251
64 176283
64 176355
64 176359
64 176394
64 176415
64 176437
64 176520
64 176570
64 176682
64 176750
64 176877
64 176983
64 177034
64 177092
64 177112
64 177179
64 177209
64 177306
64 177326
64 177346
64 177515
64 177595
64 177612
64 177641
64 177925
64 177963
64 177967
64 178310
64 178333
64 178362
63 171101
63 171105
63 171214
63 171350
63 171410
63 171450
63 171867
63 171933
63 172023
63 172024
63 172108
63 172164
63 172282
63 172378
63 172569
63 172582
63 172600
63 172629
63 172697
63 172852
63 172876
63 172908
63 173055
63 173097
63 173125
63 173216
63 173337
63 173380
63 173446
63 173558
63 173670
63 173822
63 173873
63 173997
63 174046
63 174048
63 174126
63 174204
63 174553
63 174595
63 174788
63 174996
63 175125
63 175137
63 175385
63 175531
63 175550
63 175582
63 175672
63 175677
63 175729
63 175858
63 176049
63 176124
63 176143
63 176209
63 176228
63 176332
63 176506
63 176526
63 176654
63 176691
63 176783
63 176835
63 177107
63 177130
63 177371
63 177479
63 177505
63 177586
63 177602
63 177641
63 177713
63 177756
63 177882
63 177988
63 178048
63 178125
63 178184
63 178211
63 178346
63 178432
63 178440
63 178457
63 178515
63 178574
63 178598
63 178616
63 178759
63 178881
63 178974
63 179153
63 179188
63 179286
63 179469
63 179573
63 179583
63 179592
63 179599
63 179615
63 179782
63 179893
63 179947
63 179966
63 180107
63 180191
63 180358
63 180361
63 180406
63 180425
63 180435
63 180588
64 178597
64 178618
64 178718
64 178783
64 178847
64 178855
64 178859
64 178972
64 179069
64 179149
64 179413
64 179421
64 179580
64 179691
64 179760
64 179970
64 180163
64 180201
64 180388
64 180432
64 180548
64 180640
64 180745
64 180812
64 180817
64 180860
64 181155
64 181218
64 181480
64 181519
64 181825
64 181850
64 181966
64 181986
64 182003
64 182138
64 182239
64 182331
64 182392
64 182428
64 182494
64 182634
64 182654
64 182686
64 182717
64 182846
64 182922
64 182927
64 182929
64 182945
64 183059
64 183121
64 183225
64 183419
64 183432
64 183557
64 183840
64 183902
64 183961
64 183976
64 184009
64 184180
64 184239
64 184273
64 184398
64 184485
64 184676
64 184755
64 184823
64 184901
64 184915
64 184952
64 185102
64 185106
64 185146
64 185165
64 185232
64 185353
64 185359
64 185444
64 185481
64 185720
64 185757
64 185763
64 185983
64 186009
64 186011
64 186052
64 186074
64 186089
64 186208
64 186447
64 186476
64 186512
64 186583
64 186885
64 186937
64 187067
64 187144
64 187175
64 187177
64 187246
64 187321
64 187383
64 187410
64 187466
64 187476
64 187726
64 187821
63 180596
63 180662
63 180699
63 180901
63 181023
63 181184
63 181224
63 181244
63 181297
63 181320
63 181485
63 181509
63 181548
63 181635
63 181982
63 182161
63 182262
63 182285
63 182344
63 182355
63 182464
63 182515
63 183061
63 183214
63 183290
63 183390
63 183465
63 183482
63 183502
63 183532
63 183537
63 183781
63 183800
63 184007
63 184018
63 184055
63 184270
63 184627
63 184694
63 184982
63 184986
63 184993
63 185096
63 185163
63 185323
63 185425
63 185862
63 185867
63 186039
63 186074
63 186151
63 186186
63 186226
63 186247
63 186260
63 186366
63 186381
63 186533
63 186709
63 186771
63 186833
63 186845
63 186924
63 187138
63 187449
63 187620
63 187701
63 187855
63 187905
63 187995
63 188031
63 188033
63 188079
63 188162
63 188196
63 188256
63 188382
63 188433
63 188606
63 188835
63 188919
63 188966
63 189149
63 189440
63 189484
63 189628
63 189653
63 189674
63 189734
63 189736
63 189849
63 189853
63 189859
63 189911
64 187930
64 188142
64 188204
64 188248
64 188278
64 188464
64 188530
64 188759
64 188766
64 188894
64 188898
64 189059
64 189511
64 189544
64 189706
64 189872
64 189922
64 189946
64 190133
64 190241
64 190405
64 190481
64 190622
64 190688
64 190773
64 191010
64 191130
64 191144
64 191211
64 191214
64 191243
64 191706
64 191742
64 191789
64 191941
64 192057
64 192065
64 192256
64 192259
64 192426
64 192488
64 192561
64 192912
64 193013
64 193177
64 193291
64 193298
64 193550
64 193636
64 193638
64 193785
64 193920
64 194130
64 194131
64 194144
64 194154
64 194192
64 194195
64 194280
64 194300
64 194360
64 194385
64 194568
64 194602
64 194624
64 194644
64 194802
64 194968
64 195041
64 195217
64 195462
64 195542
64 195611
64 195848
64 195893
64 196115
64 196131
64 196150
64 196282
64 196326
64 196350
64 196387
64 196389
64 196428
64 196601
64 196623
64 196719
64 196740
64 196900
64 196972
64 197148
64 197212
64 197310
64 197344
64 197530
63 190113
63 190139
63 190238
63 190301
63 190352
63 190534
63 190559
63 190566
63 190713
63 190771
63 190779
63 190850
63 190956
63 190986
63 191088
63 191205
63 191369
63 191375
63 191401
63 191462
63 191657
63 191706
63 191991
63 192049
63 192325
63 192418
63 192544
63 192572
63 192685
63 192694
63 192726
63 192733
63 192754
63 193323
63 193399
63 193405
63 193520
63 193634
63 193738
63 193775
63 193777
63 194259
63 194278
63 194750
63 194813
63 194916
63 195095
63 195138
63 195160
63 195223
63 195281
63 195302
63 195487
63 195585
63 195652
63 195697
63 195775
63 195951
63 196165
63 196177
63 196290
63 196297
63 196356
63 196443
63 196606
63 196654
63 196704
63 196958
63 197256
63 197258
63 197485
63 197552
63 197555
63 197584
63 197631
63 197637
63 197720
63 197779
63 197853
63 197992
63 198081
63 198133
63 198182
63 198299
63 198320
63 198377
63 198432
63 198472
63 198494
63 198609
63 198701
63 198821
63 199035
63 199138
63 199172
63 199197
63 199318
63 199345
63 199473
63 199690
64 197856
64 197945
64 197970
64 198042
64 198175
64 198496
64 198581
64 198679
64 198772
64 198851
64 198923
64 199026
64 199148
64 199630
64 199839
64 199908
64 200016
64 200139
64 200248
64 200371
64 200400
64 200457
64 200507
64 200560
64 200580
64 200650
64 200836
64 201036
64 201349
64 201387
64 201403
64 201576
64 201577
64 201606
64 201997
64 202092
64 202363
64 202454
64 202471
64 202494
64 202659
64 202687
64 202704
64 202727
64 202733
64 202739
64 203006
64 203238
64 203419
64 203569
64 203610
64 203619
64 203982
64 204104
64 204125
64 204290
64 204422
64 204523
64 204639
64 204643
64 204667
64 204781
64 204916
64 205198
64 205473
64 205532
64 205555
64 205774
64 205904
64 206019
64 206131
64 206135
64 206158
64 206170
64 206275
64 206376
64 206473
64 206501
64 206621
64 206653
64 206762
64 206868
64 207011
64 207259
64 207330
63 199824
63 199973
63 200016
63 200085
63 200229
63 200492
63 200521
63 200566
63 200770
63 200818
63 200913
63 200939
63 201223
63 201244
63 201576
63 201616
63 201900
63 202037
63 202098
63 202174
63 202301
63 202331
63 202540
63 202738
63 202880
63 203036
63 203227
63 203252
63 203254
63 203264
63 203291
63 203322
63 203329
63 203372
63 203614
63 203691
63 203732
63 203792
63 203818
63 204032
63 204236
63 204397
63 204717
63 204732
63 204815
63 204837
63 205024
63 205300
63 205402
63 205464
63 205522
63 205535
63 205820
63 205877
63 206014
63 206047
63 206145
63 206257
63 206269
63 206312
63 206440
63 206446
63 206666
63 206811
63 206876
63 207081
63 207131
63 207146
63 207314
63 207514
63 207538
63 207626
63 207703
63 207957
63 207973
63 208018
63 208071
63 208092
63 208753
63 208943
63 208945
63 209217
63 209396
64 207407
64 207447
64 207536
64 207567
64 208046
64 208200
64 208242
64 208600
64 208798
64 208805
64 209163
64 209198
64 209318
64 209603
64 209665
64 209687
64 209843
64 209853
64 209955
64 210111
64 210150
64 210223
64 210313
64 210334
64 210349
64 210496
64 210508
64 210553
64 210894
64 211085
64 211427
64 211544
64 211591
64 211634
64 211687
64 211791
64 211792
64 211996
64 212083
64 212132
64 212134
64 212218
64 212219
64 212229
64 212316
64 212407
64 212481
64 212482
64 212717
64 212718
64 212746
64 212811
64 212883
64 212884
64 212895
64 213039
64 213133
64 213356
64 213514
64 213575
64 213609
64 213680
64 213701
64 213737
64 213908
64 213968
64 213975
64 213977
64 214059
64 214081
64 214119
64 214187
64 214222
64 214335
64 214438
64 214601
64 214722
64 214750
64 214752
64 214769
64 214969
64 215120
64 215360
64 215413
64 215419
64 215490
64 215803
64 215898
64 215934
64 215963
64 215992
64 216060
64 216099
64 216151
64 216178
64 216404
64 216640
64 216661
64 216828
64 216865
64 216879
64 216953
63 209465
63 209621
63 209640
63 209647
63 209747
63 209980
63 210135
63 210251
63 210476
63 210485
63 210575
63 210602
63 210979
63 211041
63 211165
63 211183
63 211428
63 211430
63 211503
63 211965
63 212021
63 212243
63 212332
63 212427
63 212433
63 212615
63 212618
63 212894
63 212988
63 213102
63 213175
63 213244
63 213245
63 213347
63 213404
63 213413
63 213540
63 213607
63 213621
63 213740
63 213760
63 213794
63 213800
63 213895
63 213914
63 213971
63 214072
63 214166
63 214235
63 214272
63 214274
63 214370
63 214409
63 214638
63 214682
63 214761
63 214792
63 214918
63 214964
63 215063
63 215070
63 215084
63 215129
63 215180
63 215191
63 215295
63 215310
63 215314
63 215431
63 215446
63 215479
63 215568
63 215601
63 215832
63 215908
63 215915
63 215927
63 216002
63 216031
63 216084
63 216169
63 216535
63 216575
63 216689
63 216697
63 216969
63 217141
63 217194
63 217242
63 217383
63 217431
63 217627
63 217721
63 217985
63 218033
63 218133
63 218422
63 218665
63 218818
63 218996
63 219194
63 219407
63 219507
63 219727
64 217201
64 217488
64 217593
64 217609
64 217654
64 217660
64 217682
64 217738
64 217869
64 217914
64 217984
64 218171
64 218238
64 218469
64 218718
64 219011
64 219058
64 219159
64 219160
64 219475
64 219604
64 219748
64 219954
64 219965
64 220028
64 220032
64 220503
64 220886
64 220892
64 220980
64 221048
64 221122
64 221152
64 221197
64 221236
64 221247
64 221335
64 222163
64 222363
64 222364
64 222380
64 222448
64 222620
64 222709
64 222745
64 222778
64 222793
64 222887
64 223039
64 223082
64 223250
64 223290
64 223302
64 223448
64 223518
64 223904
64 224058
64 224188
64 224268
64 224369
64 224473
64 224514
64 224569
64 224593
64 224623
64 224887
64 224899
64 224965
64 225362
64 225366
64 225465
64 225598
64 225727
64 225932
64 225961
64 226181
64 226335
64 226374
64 226377
64 226395
64 226669
64 226716
64 226731
64 226752
64 226865
64 227005
64 227055
64 227104
64 227296
64 227534
64 227562
64 227635
64 227903
64 228194
64 228258
64 228324
64 228421
64 228474
64 228645
64 228719
64 228827
64 228875
64 228922
64 229155
64 229167
64 229310
64 229402
64 229415
64 229432
64 229440
64 229533
64 229582
64 229707
64 229747
64 230016
64 230147
64 230302
64 230480
64 230625
64 230667
64 230672
64 230812
64 230853
64 230877
64 230917
64 231058
64 231173
64 231205
64 231342
64 231692
64 231913
64 231921
64 231945
64 232053
64 232072
64 232246
64 232249
64 232468
64 232510
64 232570
64 232631
64 232695
64 232753
64 232825
64 233026
64 233175
64 233268
64 233296
64 233368
64 233823
64 233938
64 233947
64 234034
64 234340
64 234499
64 234521
64 234576
64 234587
64 234819
64 234834
64 235209
64 235239
64 235550
64 235669
64 235858
64 235871
64 236060
64 236134
64 236358
64 236400
64 236490
64 236576
64 236704
64 236765
64 236791
64 236853
64 237126
64 237171
64 237401
64 237999
64 238154
64 238218
64 238551
64 238821
64 238851
64 239075
64 239238
64 239322
64 239331
64 239745
64 240021
64 240133
64 240288
64 240388
64 240399
64 240406
64 240513
64 240633
64 240726
64 240756
64 240852
64 240907
64 241250
64 241314
64 241613
64 241618
64 241643
64 241837
64 242217
64 242219
64 242263
64 242384
64 242571
64 242574
64 242722
64 242814
64 243145
64 243267
64 243320
64 243324
64 243695
64 243782
64 243897
64 244106
64 244133
64 244168
64 244434
64 244474
64 244519
64 244653
64 244813
64 244894
64 244958
64 245046
64 245096
64 245354
64 245463
64 245529
64 245539
64 245673
64 245781
64 246004
64 246079
64 246369
64 246432
64 246566
64 246658
64 246671
64 246694
64 246864
64 247426
64 247513
64 247527
64 247617
64 247678
64 247744
64 247795
64 247828
64 247926
64 248004
64 248018
64 248041
64 248069
64 248085
64 248143
64 248303
64 248376
64 248587
64 248785
64 248996
64 249439
64 249586
64 249645
64 249652
64 250116
64 250161
64 250173
64 250271
64 250353
64 250528
64 250596
64 250612
64 250686
64 250752
64 250826
64 250828
64 250955
64 250990
64 250995
64 251028
64 251050
64 251088
64 251140
64 251168
64 251211
64 251263
64 251298
64 251476
64 251500
64 251514
64 251643
64 251706
64 251739
64 251824
64 251870
64 251900
64 252076
64 252098
64 252103
64 252200
64 252330
64 252379
64 252496
64 252661
64 252670
64 252761
64 252777
64 252845
64 252902
64 252956
64 252988
