53 19
53 145
53 149
53 368
53 430
53 510
53 680
53 855
53 860
53 862
53 883
53 997
53 1000
53 1005
53 1011
53 1094
53 1101
53 1138
53 1211
53 1228
53 1260
53 1284
53 1317
53 1401
53 1421
53 1452
53 1457
53 1514
53 1592
53 1606
53 1614
53 1739
53 1974
53 1989
53 2010
53 2213
53 2316
53 2362
53 2372
53 2406
53 2408
53 2411
53 2442
53 2602
53 2676
53 2687
53 2849
53 2865
53 2900
53 3006
53 3019
53 3118
53 3167
53 3210
53 3218
53 3335
53 3337
53 3358
53 3367
53 3395
53 3412
53 3484
53 3534
53 3538
53 3553
53 3655
53 3691
53 3708
53 3926
53 3934
53 3972
53 3973
53 4078
53 4186
53 4197
53 4239
53 4259
53 4299
53 4306
53 4319
53 4351
53 4368
53 4434
53 4627
53 4654
53 4706
53 4738
53 4766
53 4774
53 4832
53 4852
53 4869
53 4896
53 4915
53 4981
53 5018
53 5218
53 5246
53 5273
53 5429
53 5521
53 5566
53 5663
53 5681
53 5687
53 5744
53 5773
53 5798
53 5847
53 5863
53 5906
53 5948
53 5957
53 5999
53 6014
53 6104
53 6106
53 6107
53 6129
53 6142
53 6214
53 6242
53 6297
53 6348
53 6361
53 6476
53 6588
53 6718
53 6721
53 6728
53 7034
53 7081
53 7136
53 7157
53 7182
53 7192
53 7199
53 7278
53 7347
53 7383
53 7439
53 7448
53 7461
53 7553
53 7586
53 7636
53 7724
53 7794
53 7818
53 8085
53 8111
53 8139
53 8172
53 8175
53 8233
53 8234
53 8254
53 8307
53 8424
53 8471
53 8554
53 8591
53 8676
53 8753
53 8769
53 8786
53 8821
53 8865
53 8871
53 8881
53 8982
53 9077
53 9081
53 9138
53 9159
53 9171
53 9300
53 9306
53 9423
53 9483
53 9559
53 9638
53 9639
53 9653
53 9773
53 9796
53 9810
53 9857
53 9906
53 9923
53 9960
53 10099
53 10321
53 10335
53 10388
53 10431
53 10471
53 10672
53 10681
53 10774
53 10841
53 10887
53 10946
53 10987
53 10990
53 11118
53 11344
53 11523
53 11546
53 11650
53 11718
53 11754
53 11767
53 11951
53 11962
53 11999
53 12078
53 12083
53 12182
53 12217
53 12230
53 12271
53 12317
53 12339
53 12412
53 12433
53 12456
53 12607
53 12690
53 12741
53 12774
53 12850
53 12922
53 13021
53 13067
53 13180
53 13256
53 13306
53 13378
53 13559
53 13596
53 13610
53 13698
53 13784
53 13870
53 13898
53 14008
53 14047
53 14059
53 14105
53 14122
53 14144
53 14148
53 14173
53 14192
53 14198
53 14240
53 14252
53 14255
53 14325
53 14381
53 14385
53 14467
53 14469
53 14528
53 14546
53 14580
53 14581
53 14606
53 14636
53 14692
53 14708
53 14830
53 14861
53 14915
53 14992
53 15024
53 15124
53 15168
53 15247
53 15295
53 15382
53 15434
53 15577
53 15720
53 15726
53 15759
53 15760
53 15786
53 15815
53 15901
53 15909
53 15970
53 16173
53 16204
53 16207
63 34
63 184
63 214
63 343
63 410
63 427
63 458
63 578
63 609
63 610
63 643
63 647
63 654
63 733
63 749
63 770
63 779
63 788
63 794
63 805
63 887
63 953
63 975
63 1025
63 1148
63 1225
63 1300
63 1391
63 1410
63 1503
63 1564
63 1683
63 1685
63 1693
63 1700
63 1726
63 1730
63 1779
63 1795
63 1821
63 1841
63 1845
63 1866
63 1892
63 1899
63 1954
63 2065
63 2131
63 2270
63 2411
63 2522
63 2547
63 2591
63 2634
63 2743
63 2796
63 2907
63 2914
63 2924
63 2960
63 3144
63 3206
63 3210
63 3308
63 3344
63 3359
63 3475
63 3508
63 3518
63 3539
63 3598
63 3773
63 3784
63 3786
63 3831
63 4034
63 4123
63 4169
63 4357
63 4365
63 4392
63 4427
63 4443
63 4451
63 4471
63 4476
63 4562
63 4694
63 4702
63 4723
63 4772
63 4797
63 4826
63 4892
63 4922
63 4930
63 4999
63 5165
63 5272
63 5464
63 5542
63 5570
63 5599
63 5607
63 5687
63 5750
63 5813
63 6174
63 6279
63 6306
63 6324
63 6497
63 6526
63 6550
63 6800
63 6931
63 7030
63 7065
63 7098
63 7293
63 7364
63 7459
63 7478
63 7513
63 7525
63 7535
63 7564
63 7707
63 7758
63 7780
63 7783
63 7784
63 7796
63 7870
63 7878
63 7921
63 8000
63 8006
63 8024
63 8041
63 8129
63 8148
63 8191
63 8207
63 8360
63 8390
63 8407
63 8533
63 8563
63 8616
63 8643
63 8669
63 8704
63 8821
63 9037
63 9175
63 9243
63 9249
63 9275
63 9385
63 9400
63 9462
63 9473
63 9488
63 9588
63 9605
63 9627
63 9630
63 9640
63 9663
63 9711
63 9877
63 9927
63 10037
63 10110
63 10161
63 10180
63 10199
63 10268
63 10320
63 10325
63 10329
63 10368
63 10412
63 10419
63 10463
63 10489
63 10621
63 10706
63 10962
63 11067
63 11085
63 11112
63 11168
63 11179
63 11181
63 11308
63 11344
63 11370
63 11410
63 11419
63 11578
63 11606
63 11627
63 11652
63 11691
63 11738
63 11833
63 11855
63 11874
63 11919
63 11992
63 12010
63 12040
63 12126
63 12134
63 12230
63 12236
63 12291
63 12374
63 12385
63 12553
63 12585
63 12586
63 12615
63 12633
63 12634
63 12643
63 12673
63 12734
63 12777
63 12823
63 12928
63 13067
63 13140
63 13187
63 13286
63 13293
63 13328
63 13392
63 13400
63 13563
63 13589
63 13627
63 13642
63 13679
63 13717
63 13736
63 13763
63 13887
63 13888
63 14022
63 14023
63 14024
63 14039
63 14086
63 14153
63 14182
63 14254
63 14313
63 14346
63 14382
63 14387
63 14434
63 14495
63 14518
63 14534
63 14637
63 14694
63 14815
63 14915
63 14975
63 14978
63 15000
63 15041
63 15150
63 15156
63 15222
63 15239
63 15329
63 15376
63 15407
63 15433
63 15472
63 15502
63 15513
63 15628
63 15651
63 15715
63 15754
63 15757
63 15824
63 15830
63 15851
63 15861
63 15930
63 15942
63 15951
63 15957
63 15988
63 16021
63 16022
63 16041
63 16258
63 16317
63 16362
63 16461
63 16514
63 16521
63 16561
63 16643
63 16728
63 16735
63 16749
63 16783
63 16830
63 16876
63 16942
63 16975
63 17132
63 17134
63 17146
63 17288
63 17297
63 17354
63 17497
63 17552
63 17553
63 17579
63 17630
63 17690
63 17693
63 17700
63 17744
63 17766
63 17800
63 17838
63 17959
63 18021
63 18050
63 18093
63 18122
63 18141
63 18253
63 18254
63 18345
63 18366
63 18398
63 18469
63 18492
63 18548
63 18549
63 18593
63 18614
63 18684
63 18721
63 18852
63 18940
63 18945
63 18999
63 19112
63 19119
63 19155
63 19238
63 19254
63 19267
64 69
64 86
64 167
64 211
64 271
64 335
64 510
64 544
64 560
64 566
64 641
64 676
64 709
64 723
64 759
64 783
64 872
64 1135
64 1191
64 1275
64 1304
64 1412
64 1426
64 1435
64 1484
64 1498
64 1529
64 1558
64 1597
64 1606
64 1639
64 1643
64 1663
64 1714
64 1795
64 1844
64 1850
64 1895
64 1994
64 2025
64 2028
64 2122
64 2250
64 2305
64 2320
64 2407
64 2505
64 2603
64 2754
64 2774
64 2825
64 2835
64 2904
64 2918
64 2919
64 2952
64 2966
64 2977
64 3000
64 3081
64 3140
64 3226
64 3259
64 3275
64 3314
64 3454
64 3501
64 3524
64 3575
64 3587
64 3595
64 3605
64 3713
64 3749
64 3802
64 3885
64 3993
64 4014
64 4143
64 4173
64 4209
64 4281
64 4474
64 4495
64 4719
64 4723
64 4767
64 4874
64 4959
64 5062
64 5178
64 5217
64 5275
64 5284
64 5327
64 5382
64 5405
64 5414
64 5442
64 5536
64 5539
64 5579
64 5588
64 5618
64 5668
64 5672
64 5703
64 5827
64 5847
64 5862
64 5903
64 5908
64 5994
64 6262
64 6298
64 6303
64 6377
64 6422
64 6423
64 6436
64 6486
64 6543
64 6545
64 6561
64 6599
64 6678
64 6705
64 6713
64 6730
64 6819
64 6850
64 6942
64 7079
64 7081
64 7099
64 7110
64 7120
64 7149
64 7257
64 7304
64 7329
64 7443
64 7612
64 7617
64 7645
64 7679
64 7759
64 7763
64 7843
64 7860
64 7876
64 8089
64 8107
64 8168
64 8181
64 8230
64 8255
64 8359
64 8413
64 8419
64 8458
64 8462
64 8509
64 8571
64 8623
64 8665
64 8697
64 8715
64 8738
64 8797
64 8803
64 8895
64 8916
64 8939
64 8984
64 8997
64 9143
64 9178
64 9247
64 9278
64 9290
64 9302
64 9434
64 9464
64 9532
64 9577
64 9593
64 9635
64 9663
64 9711
64 9947
64 9996
64 10081
64 10136
64 10188
64 10231
64 10240
64 10283
64 10370
64 10383
64 10532
64 10533
64 10630
64 10647
64 10655
64 10671
64 10725
64 10859
64 10915
64 11016
64 11110
64 11217
64 11220
64 11260
64 11364
64 11377
64 11380
64 11435
64 11471
64 11543
64 11554
64 11568
64 11580
64 11669
64 11684
64 11689
64 11715
64 11735
64 11752
64 11858
64 11932
64 11934
64 11974
64 11986
64 12088
64 12118
64 12143
64 12158
64 12171
64 12199
64 12270
64 12314
64 12457
64 12462
64 12505
64 12604
64 12686
64 12744
64 12759
64 12765
64 12850
64 12875
64 12918
64 13044
64 13081
64 13122
64 13141
64 13158
64 13197
64 13271
64 13299
64 13301
64 13448
64 13486
64 13507
64 13584
64 13738
64 13741
64 13750
64 13841
64 14095
64 14150
64 14154
64 14159
64 14226
64 14238
64 14260
64 14284
64 14374
64 14415
64 14429
64 14505
64 14522
64 14584
64 14693
64 14804
64 15124
64 15156
64 15303
64 15338
64 15455
64 15465
64 15513
64 15556
64 15568
64 15569
64 15597
64 15675
64 15696
64 15818
64 15833
64 15878
64 15977
64 15989
64 16016
64 16124
64 16169
64 16203
64 16330
64 16411
64 16441
64 16443
64 16456
64 16530
64 16549
64 16579
64 16655
64 16732
64 16811
64 16889
64 16917
64 16968
64 16985
64 16998
64 17027
64 17039
64 17087
64 17254
64 17274
64 17341
64 17415
64 17422
64 17526
64 17590
64 17641
64 17661
64 17680
64 17694
64 17725
64 17809
64 17811
64 17832
64 17837
64 17894
64 17939
64 18015
64 18051
64 18053
64 18139
64 18238
64 18259
64 18282
64 18294
64 18332
64 18387
64 18389
64 18447
64 18547
64 18557
64 18599
64 18612
64 18719
64 18746
64 18788
64 18844
64 18878
64 18934
64 18943
64 18986
64 19055
64 19125
64 19185
64 19226
64 19243
64 19261
64 19264
64 19315
64 19319
64 19397
64 19457
64 19511
64 19596
64 19617
64 19628
64 19674
64 19752
64 19767
65 49
65 96
65 157
65 161
65 167
65 233
65 288
65 341
65 401
65 465
65 603
65 657
65 673
65 674
65 675
65 683
65 684
65 816
65 881
65 962
65 1103
65 1149
65 1257
65 1324
65 1483
65 1486
65 1493
65 1590
65 1601
65 1610
65 1713
65 1780
65 2059
65 2128
65 2149
65 2169
65 2200
65 2223
65 2258
65 2327
65 2372
65 2472
65 2795
65 2830
65 2932
65 3002
65 3055
65 3118
65 3120
65 3201
65 3300
65 3327
65 3380
65 3435
65 3448
65 3454
65 3514
65 3515
65 3517
65 3530
65 3597
65 3614
65 3714
65 3785
65 3831
65 3910
65 3941
65 3995
65 4061
65 4093
65 4246
65 4260
65 4267
65 4339
65 4461
65 4511
65 4614
65 4674
65 4714
65 4762
65 4777
65 4799
65 4800
65 4836
65 4873
65 5004
65 5046
65 5101
65 5143
65 5182
65 5185
65 5279
65 5330
65 5423
65 5425
65 5501
65 5543
65 5641
65 5700
65 5752
65 5805
65 5858
65 5907
65 5954
65 6041
65 6168
65 6169
65 6211
65 6226
65 6247
65 6272
65 6304
65 6349
65 6351
65 6387
65 6427
65 6508
65 6540
65 6547
65 6668
65 6674
65 6795
65 6830
65 6864
65 6977
65 6999
65 7430
65 7464
65 7500
65 7556
65 7589
65 7721
65 7752
65 7755
65 7787
65 7791
65 7817
65 7878
65 7883
65 7896
65 7903
65 7908
65 7913
65 7981
65 7989
65 8060
65 8080
65 8112
65 8189
65 8193
65 8237
65 8257
65 8391
65 8401
65 8486
65 8521
65 8539
65 8540
65 8663
65 8678
65 8821
65 8865
65 8977
65 8982
65 9022
65 9071
65 9075
65 9138
65 9161
65 9185
65 9269
65 9289
65 9319
65 9420
65 9437
65 9533
65 9576
65 9635
65 9737
65 9788
65 9794
65 9860
65 9880
65 9889
65 9900
65 9954
65 10018
65 10037
65 10042
65 10077
65 10080
65 10159
65 10236
65 10260
65 10325
65 10366
65 10454
65 10541
65 10562
65 10655
65 10716
65 10741
65 10869
65 10938
65 10950
65 10999
65 11044
65 11062
65 11186
65 11251
65 11263
65 11264
65 11287
65 11291
65 11331
65 11387
65 11437
65 11474
65 11481
65 11545
65 11657
65 11711
65 11873
65 11875
65 11910
65 12158
65 12162
65 12244
65 12248
65 12271
65 12275
65 12276
65 12329
65 12594
65 12696
65 12697
65 12712
65 12737
65 12823
65 12831
65 12838
65 12859
65 12867
65 12873
65 12878
65 13008
65 13059
65 13080
65 13082
65 13128
65 13136
65 13155
65 13162
65 13208
65 13248
65 13284
65 13295
65 13323
65 13325
65 13366
65 13385
65 13480
65 13498
65 13554
65 13560
65 13700
65 13925
65 13941
65 14060
65 14188
65 14246
65 14331
65 14345
65 14524
65 14616
65 14634
65 14637
65 14643
65 14645
65 14725
65 14852
65 14860
65 14901
65 14925
65 14941
65 14959
65 14984
65 14995
65 15104
65 15121
65 15124
65 15134
65 15157
65 15163
65 15183
65 15189
65 15254
65 15264
65 15298
65 15578
65 15679
65 15688
65 15691
65 15819
65 15822
65 15858
65 15881
65 15900
65 15903
65 15927
65 15933
65 15961
65 15973
65 16119
65 16240
65 16250
65 16256
65 16281
65 16284
65 16289
65 16349
65 16371
65 16446
65 16480
65 16559
65 16839
65 16918
65 16932
65 16941
65 17045
65 17082
65 17106
65 17120
65 17163
65 17284
65 17438
65 17515
65 17569
65 17631
65 17665
65 17762
65 17941
65 18147
65 18178
65 18224
65 18232
65 18248
65 18253
65 18322
65 18339
65 18346
65 18360
65 18366
65 18448
65 18458
65 18498
65 18537
65 18540
65 18840
65 18892
65 18908
65 18954
65 18990
65 19068
65 19074
65 19120
65 19137
65 19167
65 19225
65 19271
65 19332
65 19367
65 19400
65 19412
65 19423
65 19435
65 19486
65 19574
65 19686
65 19706
65 19965
65 20089
65 20133
65 20253
65 20353
65 20424
65 20431
65 20465
65 20488
65 20490
65 20524
65 20625
65 20626
65 20671
65 20688
65 20703
65 20707
65 20712
65 20723
65 20729
65 20757
65 20777
65 20816
65 20866
65 20916
65 20942
65 21000
54 66
54 72
54 214
54 230
54 384
54 504
54 542
54 550
54 551
54 656
54 687
54 695
54 786
54 823
54 844
54 857
54 952
54 1004
54 1193
54 1195
54 1304
54 1342
54 1669
54 1741
54 1753
54 1786
54 1832
54 1897
54 1906
54 2151
54 2176
54 2206
54 2264
54 2348
54 2370
54 2405
54 2414
54 2444
54 2681
54 2690
54 2781
54 2788
54 2888
54 2896
54 2907
54 2990
54 3040
54 3047
54 3063
54 3076
54 3142
54 3185
54 3240
54 3293
54 3298
54 3331
54 3474
54 3482
54 3505
54 3515
54 3522
54 3693
54 3821
54 3824
54 3836
54 3860
54 3950
54 3978
54 4009
54 4153
54 4159
54 4167
54 4192
54 4224
54 4300
54 4338
54 4341
54 4346
54 4652
54 4750
54 4768
54 4864
54 4903
54 4947
54 4960
54 5100
54 5152
54 5161
54 5228
54 5232
54 5314
54 5356
54 5397
54 5589
54 5634
54 5647
54 5661
54 5682
54 5718
54 5865
54 5943
54 5945
54 6042
54 6052
54 6078
54 6113
54 6130
54 6175
54 6263
54 6271
54 6303
54 6310
54 6456
54 6480
54 6499
54 6538
54 6541
54 6555
54 6621
54 6658
54 6698
54 6775
54 6944
54 6949
54 7036
54 7125
54 7155
54 7195
54 7404
54 7434
54 7484
54 7573
54 7584
54 7596
54 7716
54 7894
54 8015
54 8088
54 8092
54 8098
54 8394
54 8421
54 8565
54 8574
54 8594
54 8747
54 8780
54 8781
54 8809
54 8856
54 8863
54 8898
54 8930
54 8946
54 9023
54 9062
54 9144
54 9149
54 9160
54 9220
54 9235
54 9261
54 9289
54 9317
54 9436
54 9496
54 9537
54 9553
54 9661
54 9704
54 9783
54 9785
54 9893
54 9938
54 9995
54 10049
54 10152
54 10165
54 10227
54 10234
54 10278
54 10337
54 10390
54 10546
54 10561
54 10584
54 10680
54 10708
54 10749
54 10787
54 10788
54 10835
54 10909
54 10922
54 10978
54 11078
54 11321
54 11365
54 11375
54 11454
54 11502
54 11512
54 11532
54 11563
54 11678
54 11740
54 11764
54 11815
54 11859
54 11912
54 11936
54 12108
54 12273
54 12276
54 12336
54 12360
54 12387
54 12543
54 12654
54 12745
54 12771
54 12830
54 12838
54 12894
54 12942
54 12955
54 13012
54 13075
54 13175
54 13271
54 13280
54 13281
54 13322
54 13431
54 13470
54 13551
54 13562
54 13628
54 13643
54 13813
54 13837
54 13849
54 13866
54 13867
54 13887
54 13957
54 14166
54 14401
54 14403
54 14452
54 14498
54 14508
54 14552
54 14593
54 14628
54 14636
54 14713
54 14758
54 14764
54 14969
54 15013
54 15015
54 15020
54 15066
54 15073
54 15244
54 15245
54 15403
54 15405
54 15457
54 15468
54 15573
54 15618
54 15634
54 15643
54 15717
54 15749
54 15778
54 15781
54 15804
54 15824
54 15893
54 16158
54 16161
54 16276
54 16349
54 16462
54 16538
54 16612
54 16686
54 16702
54 16777
54 16802
54 16841
54 16939
54 16941
54 17034
54 17045
54 17065
54 17190
54 17218
54 17442
54 17459
54 17463
54 17496
54 17590
54 17596
54 17643
54 17648
54 17655
54 17657
54 17708
54 17715
54 17736
54 17826
54 17838
54 17923
54 17968
54 18053
54 18169
54 18176
54 18202
54 18285
54 18354
54 18414
54 18428
54 18430
54 18536
54 18589
54 18722
54 18727
54 18753
54 18816
54 19000
54 19007
54 19018
54 19028
54 19061
54 19090
54 19277
54 19280
54 19322
54 19476
54 19500
54 19503
54 19519
54 19546
54 19560
54 19660
54 19724
54 19780
54 19787
54 19855
54 19867
54 19889
54 19981
54 20011
54 20028
54 20033
54 20039
54 20048
54 20184
54 20223
54 20242
54 20262
54 20268
54 20325
54 20500
54 20590
54 20593
54 20630
54 20676
54 20814
54 20835
54 20872
54 21063
54 21105
54 21187
54 21189
54 21196
54 21288
54 21329
54 21342
54 21377
54 21511
54 21699
54 21701
54 21722
54 21757
54 21782
54 21855
54 21943
54 22058
54 22076
54 22116
54 22125
54 22146
54 22237
54 22279
54 22317
54 22381
54 22447
54 22463
54 22553
54 22556
54 22557
54 22567
54 22584
54 22611
54 22628
54 22648
54 22883
54 22910
54 22920
54 22924
54 22993
54 23030
54 23053
54 23184
54 23218
54 23266
54 23356
54 23419
54 23474
54 23480
56 57
56 80
56 115
56 133
56 164
56 174
56 218
56 239
56 290
56 334
56 362
56 488
56 489
56 552
56 562
56 671
56 797
56 849
56 864
56 925
56 967
56 1070
56 1184
56 1252
56 1265
56 1269
56 1273
56 1288
56 1349
56 1499
56 1527
56 1565
56 1677
56 1716
56 2075
56 2117
56 2125
56 2127
56 2131
56 2144
56 2229
56 2281
56 2319
56 2551
56 2589
56 2615
56 2668
56 2805
56 2907
56 2942
56 2999
56 3015
56 3035
56 3105
56 3193
56 3230
56 3322
56 3420
56 3591
56 3596
56 3660
56 3712
56 3749
56 3926
56 3975
56 4299
56 4442
56 4590
56 4642
56 4682
56 4731
56 4746
56 4784
56 4803
56 4846
56 4988
56 5015
56 5027
56 5087
56 5101
56 5226
56 5323
56 5328
56 5346
56 5351
56 5441
56 5579
56 5604
56 5684
56 5700
56 5737
56 5810
56 5818
56 5870
56 5896
56 5982
56 5994
56 6048
56 6087
56 6167
56 6290
56 6389
56 6438
56 6458
56 6473
56 6477
56 6482
56 6539
56 6553
56 6559
56 6676
56 6700
56 6743
56 6855
56 6979
56 6999
56 7046
56 7124
56 7129
56 7130
56 7209
56 7265
56 7269
56 7397
56 7428
56 7455
56 7498
56 7510
56 7550
56 7699
56 7706
56 7731
56 7750
56 7763
56 7810
56 7884
56 8012
56 8070
56 8073
56 8075
56 8197
56 8291
56 8307
56 8379
56 8419
56 8472
56 8474
56 8512
56 8513
56 8540
56 8554
56 8591
56 8592
56 8621
56 8677
56 8712
56 8772
56 8925
56 8940
56 8950
56 9091
56 9151
56 9169
56 9181
56 9379
56 9473
56 9543
56 9568
56 9659
56 9665
56 9676
56 9687
56 9721
56 9726
56 9756
56 10025
56 10134
56 10154
56 10169
56 10174
56 10176
56 10261
56 10332
56 10339
56 10456
56 10459
56 10538
56 10695
56 10729
56 10762
56 10823
56 10866
56 10941
56 10978
56 10993
56 11053
56 11268
56 11324
56 11408
56 11505
56 11571
56 11604
56 11642
56 11660
56 11671
56 11752
56 11830
56 11880
56 11886
56 11895
56 11959
56 12000
56 12142
56 12220
56 12298
56 12359
56 12462
56 12588
56 12589
56 12626
56 12662
56 12664
56 12675
56 12681
56 12719
56 12755
56 12857
56 12885
56 12959
56 13019
56 13036
56 13046
56 13067
56 13074
56 13097
56 13111
56 13163
56 13259
56 13335
56 13336
56 13392
56 13402
56 13403
56 13413
56 13427
56 13548
56 13549
56 13599
56 13678
56 13686
56 13691
56 13698
56 13743
56 13772
56 13814
56 13877
56 13911
56 14016
56 14068
56 14461
56 14489
56 14559
56 14596
56 14764
56 14801
56 14824
56 14838
56 14947
56 14959
56 14961
56 14965
56 15054
56 15072
56 15080
56 15090
56 15114
56 15157
56 15221
56 15320
56 15516
56 15524
56 15526
56 15533
56 15535
56 15574
56 15602
56 15610
56 15613
56 15653
56 15660
56 15728
56 15732
56 15734
56 15778
56 15881
56 15904
56 15913
56 15925
56 15972
56 16342
56 16357
56 16402
56 16422
56 16447
56 16496
56 16547
56 16640
56 16661
56 16724
56 16740
56 16776
56 16794
56 16804
56 16817
56 16830
56 16836
56 16944
56 16985
56 16990
56 17030
56 17040
56 17062
56 17129
56 17278
56 17303
56 17373
56 17488
56 17526
56 17544
56 17579
56 17588
56 17666
56 17714
56 18008
56 18107
56 18179
56 18194
56 18233
56 18344
56 18418
56 18470
56 18519
56 18564
56 18592
56 18647
56 18675
56 18692
56 18768
56 18788
56 18865
56 19129
56 19131
56 19185
56 19278
56 19348
56 19474
56 19499
56 19565
56 19576
56 19614
56 19622
56 19744
56 19779
56 19870
56 20055
56 20117
56 20267
56 20272
56 20304
56 20541
56 20605
56 20614
56 20680
56 20756
56 20843
56 20973
56 21140
56 21149
56 21172
56 21261
56 21480
56 21714
56 21760
56 21814
56 21835
56 21874
56 21877
56 21995
56 22007
56 22077
56 22122
56 22152
56 22189
56 22415
56 22509
56 22513
56 22527
56 22555
56 22617
56 22793
56 22810
56 22894
56 22956
56 23016
56 23044
56 23098
56 23144
56 23170
56 23235
56 23277
56 23285
56 23306
56 23320
56 23483
56 23505
56 23515
56 23555
56 23566
56 23580
56 23782
56 23784
56 23816
56 24052
56 24073
56 24110
56 24124
49 65
49 83
49 223
49 256
49 399
49 405
49 491
49 511
49 522
49 537
49 601
49 633
49 651
49 768
49 785
49 786
49 835
49 855
49 857
49 940
49 942
49 1175
49 1244
49 1353
49 1413
49 1527
49 1596
49 1665
49 1671
49 1680
49 1751
49 1954
49 1984
49 2069
49 2240
49 2260
49 2298
49 2364
49 2410
49 2423
49 2459
49 2493
49 2497
49 2565
49 2571
49 2610
49 2616
49 2693
49 2710
49 3092
49 3127
49 3131
49 3215
49 3369
49 3444
49 3448
49 3464
49 3501
49 3521
49 3582
49 3611
49 3664
49 3715
49 3725
49 3735
49 3737
49 3745
49 3774
49 3826
49 3959
49 3979
49 4053
49 4085
49 4109
49 4128
49 4332
49 4353
49 4370
49 4457
49 4696
49 4839
49 4841
49 4857
49 4889
49 4935
49 5001
49 5008
49 5069
49 5091
49 5113
49 5181
49 5292
49 5391
49 5393
49 5560
49 5587
49 5618
49 5668
49 5671
49 5680
49 5687
49 5753
49 5787
49 5818
49 5852
49 5897
49 6006
49 6102
49 6199
49 6233
49 6262
49 6305
49 6419
49 6458
49 6486
49 6492
49 6517
49 6551
49 6560
49 6680
49 6684
49 6738
49 6757
49 6776
49 6915
49 6964
49 7029
49 7047
49 7153
49 7156
49 7208
49 7252
49 7467
49 7515
49 7526
49 7644
49 7736
49 7765
49 7902
49 7985
49 8011
49 8026
49 8195
49 8235
49 8237
49 8309
49 8362
49 8462
49 8492
49 8598
49 8617
49 8627
49 8646
49 8653
49 8667
49 8700
49 8718
49 8733
49 8799
49 8839
49 8847
49 8907
49 9029
49 9068
49 9166
49 9214
49 9252
49 9299
49 9300
49 9371
49 9468
49 9490
49 9520
49 9537
49 9544
49 9553
49 9608
49 9748
49 9784
49 9872
49 9877
49 10039
49 10046
49 10083
49 10113
49 10202
49 10284
49 10288
49 10382
49 10438
49 10463
49 10560
49 10827
49 10828
49 10889
49 10982
49 11044
49 11061
49 11132
49 11256
49 11398
49 11545
49 11562
49 11658
49 11858
49 11870
49 11936
49 11966
49 12011
49 12339
49 12376
49 12452
49 12491
49 12529
49 12571
49 12686
49 12727
49 12841
49 12914
49 12922
49 12980
49 12998
49 13032
49 13095
49 13297
49 13432
49 13465
49 13487
49 13571
49 13642
49 13672
49 13740
49 13785
49 13794
49 13796
49 13824
49 13859
49 13880
49 13931
49 13956
49 13974
49 14032
49 14034
49 14135
49 14142
49 14148
49 14159
49 14184
49 14191
49 14203
49 14281
49 14362
49 14370
49 14387
49 14488
49 14535
49 14594
49 14660
49 14735
49 14769
49 14817
49 14818
49 14821
49 14855
49 14881
49 14891
49 14980
49 15027
49 15038
49 15067
49 15108
49 15113
49 15152
49 15180
49 15205
49 15389
49 15398
49 15511
49 15533
49 15560
49 15583
49 15594
49 15619
49 15621
49 15628
49 15688
49 15747
49 15861
49 15932
49 15948
49 15995
49 16027
49 16093
49 16099
49 16114
49 16211
49 16212
49 16257
49 16287
49 16346
49 16353
49 16399
49 16424
49 16439
49 16526
49 16528
49 16544
49 16545
49 16659
49 16803
49 16922
49 16924
49 16932
49 16978
49 16997
49 17016
49 17080
49 17115
49 17120
49 17133
49 17152
49 17156
49 17197
49 17322
49 17339
49 17418
49 17435
49 17589
49 17652
49 17701
49 17731
49 17804
49 17814
49 17825
49 17840
49 17856
49 17921
49 18140
49 18161
49 18251
49 18266
49 18342
49 18453
49 18496
49 18513
49 18544
49 18587
49 18635
49 18713
49 18765
49 18769
49 18786
49 18968
49 19012
49 19020
49 19052
49 19107
49 19241
49 19249
49 19435
49 19438
49 19557
49 19583
49 19605
49 19619
49 19711
49 19720
49 19745
49 19769
49 19814
49 19830
49 19886
49 19942
49 19972
49 20111
49 20174
49 20285
49 20478
49 20530
49 20588
49 20645
49 20742
49 20802
49 20955
49 20972
49 20988
49 21033
49 21082
49 21125
49 21130
49 21141
49 21193
49 21312
49 21360
49 21376
49 21382
49 21386
49 21492
49 21564
49 21577
49 21681
49 21743
49 21768
49 21775
49 21847
49 21889
49 21923
49 21929
49 22051
49 22112
49 22152
52 17
52 30
52 45
52 139
52 140
52 341
52 365
52 378
52 381
52 395
52 408
52 512
52 546
52 655
52 928
52 1018
52 1105
52 1119
52 1125
52 1130
52 1140
52 1164
52 1238
52 1239
52 1277
52 1309
52 1355
52 1464
52 1502
52 1526
52 1617
52 1639
52 1646
52 1655
52 1683
52 1825
52 1859
52 1866
52 1867
52 1942
52 1963
52 2017
52 2111
52 2153
52 2283
52 2373
52 2462
52 2506
52 2556
52 2566
52 2618
52 2676
52 2679
52 2797
52 2882
52 2906
52 3056
52 3091
52 3132
52 3146
52 3247
52 3248
52 3505
52 3554
52 3627
52 3663
52 3698
52 3768
52 3841
52 3933
52 3959
52 3971
52 3977
52 4037
52 4044
52 4150
52 4179
52 4194
52 4293
52 4317
52 4321
52 4422
52 4425
52 4590
52 4611
52 4628
52 4741
52 4763
52 4790
52 4836
52 4862
52 4896
52 4924
52 4937
52 5015
52 5031
52 5075
52 5107
52 5123
52 5253
52 5384
52 5406
52 5448
52 5488
52 5516
52 5587
52 5607
52 5623
52 5703
52 5741
52 5768
52 5769
52 5867
52 5930
52 5946
52 6079
52 6096
52 6114
52 6184
52 6326
52 6382
52 6433
52 6497
52 6508
52 6516
52 6532
52 6618
52 6626
52 6636
52 6734
52 6822
52 6937
52 6942
52 7015
52 7026
52 7172
52 7194
52 7299
52 7350
52 7371
52 7395
52 7401
52 7463
52 7517
52 7542
52 7710
52 7745
52 7867
52 7951
52 8001
52 8036
52 8073
52 8075
52 8133
52 8156
52 8158
52 8215
52 8332
52 8368
52 8516
52 8521
52 8582
52 8587
52 8605
52 8616
52 8707
52 8803
52 8823
52 8857
52 8910
52 9132
52 9176
52 9191
52 9203
52 9383
52 9392
52 9431
52 9438
52 9528
52 9562
52 9593
52 9705
52 9732
52 9750
52 9794
52 9797
52 9864
52 9896
52 9926
52 9977
52 9996
52 10025
52 10150
52 10169
52 10181
52 10246
52 10306
52 10331
52 10371
52 10533
52 10536
52 10580
52 10660
52 10698
52 10821
52 10837
52 10875
52 10925
52 10967
52 11160
52 11193
52 11216
52 11258
52 11347
52 11359
52 11387
52 11391
52 11399
52 11416
52 11467
52 11489
52 11589
52 11616
52 11665
52 11671
52 11712
52 11767
52 11841
52 11851
52 11861
52 11921
52 11987
52 12027
52 12059
52 12117
52 12175
52 12356
52 12370
52 12374
52 12497
52 12515
52 12559
52 12596
52 12603
52 12729
52 12757
52 12817
52 12830
52 12859
52 12878
52 12911
52 12927
52 12928
52 12934
52 12995
52 13004
52 13047
52 13081
52 13130
52 13228
52 13231
52 13250
52 13263
52 13285
52 13306
52 13360
52 13361
52 13409
52 13562
52 13565
52 13568
52 13601
52 13602
52 13655
52 13685
52 13694
52 13755
52 13797
52 13880
52 13901
52 13920
52 13983
52 14005
52 14245
52 14318
52 14319
52 14350
52 14406
52 14491
52 14576
52 14581
52 14603
52 14633
52 14676
52 14779
52 14790
52 14896
52 14932
52 14967
52 15061
52 15124
52 15438
52 15451
52 15509
52 15551
52 15628
52 15662
52 15753
52 15763
52 15798
52 15841
52 15931
52 15934
52 16003
52 16030
52 16049
52 16097
52 16141
52 16172
52 16212
52 16314
52 16316
52 16340
52 16780
52 16808
52 16853
52 16923
52 17009
52 17111
52 17191
52 17251
52 17282
52 17369
52 17379
52 17386
52 17406
52 17501
52 17557
52 17692
52 17694
52 17713
52 17726
52 17741
52 17931
52 18074
52 18137
52 18291
52 18292
52 18389
52 18491
52 18521
52 18595
52 18621
52 18685
52 18742
52 18754
52 18862
52 19013
52 19139
52 19296
52 19325
52 19446
52 19480
52 19530
52 19684
52 19760
52 19771
52 19782
52 19825
52 19913
52 20034
52 20073
52 20142
52 20171
52 20206
52 20223
52 20246
52 20333
52 20451
52 20603
52 20703
52 20730
52 20846
52 20863
52 20915
52 20919
52 20933
52 21049
52 21156
52 21264
52 21302
52 21315
52 21440
52 21451
52 21474
52 21543
52 21687
52 21699
52 21708
52 21736
52 21748
52 21814
52 21850
52 21888
52 22164
52 22210
52 22334
52 22357
52 22626
52 22675
52 22685
52 22816
52 22845
52 22860
52 22923
52 22969
52 23172
52 23205
52 23276
52 23338
52 23371
52 23389
52 23724
52 23771
52 23962
52 23977
52 24035
52 24078
52 24082
52 24113
52 24186
52 24253
59 3
59 8
59 16
59 38
59 66
59 80
59 84
59 133
59 245
59 246
59 370
59 417
59 459
59 508
59 570
59 707
59 736
59 739
59 748
59 830
59 836
59 920
59 986
59 1040
59 1206
59 1284
59 1355
59 1380
59 1448
59 1593
59 1641
59 1718
59 1724
59 1918
59 2003
59 2151
59 2167
59 2182
59 2261
59 2322
59 2486
59 2564
59 2616
59 2630
59 2672
59 2676
59 2756
59 2819
59 2864
59 3075
59 3128
59 3154
59 3187
59 3260
59 3268
59 3450
59 3489
59 3496
59 3678
59 3686
59 3697
59 3744
59 3768
59 3780
59 3866
59 3904
59 3934
59 3964
59 4025
59 4031
59 4085
59 4155
59 4214
59 4248
59 4337
59 4369
59 4475
59 4799
59 4843
59 4883
59 4890
59 5019
59 5056
59 5066
59 5124
59 5304
59 5354
59 5375
59 5398
59 5458
59 5497
59 5513
59 5519
59 5543
59 5626
59 5693
59 5773
59 5839
59 5855
59 5871
59 5895
59 5915
59 5954
59 6058
59 6071
59 6113
59 6139
59 6182
59 6216
59 6222
59 6285
59 6315
59 6408
59 6413
59 6552
59 6567
59 6639
59 6649
59 6682
59 6697
59 6728
59 6730
59 6753
59 6796
59 6902
59 6921
59 6955
59 7061
59 7080
59 7126
59 7134
59 7250
59 7265
59 7337
59 7478
59 7513
59 7552
59 7596
59 7621
59 7626
59 7630
59 7723
59 7776
59 7923
59 8033
59 8159
59 8362
59 8395
59 8456
59 8622
59 8670
59 8671
59 8733
59 8960
59 9008
59 9009
59 9013
59 9087
59 9117
59 9134
59 9149
59 9224
59 9239
59 9305
59 9617
59 9632
59 9764
59 9823
59 9828
59 9842
59 10024
59 10145
59 10165
59 10250
59 10417
59 10471
59 10485
59 10513
59 10527
59 10564
59 10578
59 10623
59 10719
59 10726
59 10921
59 10940
59 10981
59 11013
59 11043
59 11063
59 11183
59 11295
59 11332
59 11343
59 11354
59 11427
59 11547
59 11614
59 11639
59 11647
59 11667
59 11702
59 11786
59 12001
59 12104
59 12122
59 12436
59 12508
59 12594
59 12675
59 12747
59 12805
59 12926
59 12972
59 13057
59 13077
59 13162
59 13203
59 13244
59 13282
59 13310
59 13350
59 13381
59 13426
59 13593
59 13686
59 13739
59 13765
59 13864
59 13881
59 13981
59 13998
59 14016
59 14061
59 14118
59 14159
59 14196
59 14228
59 14381
59 14443
59 14492
59 14521
59 14679
59 14685
59 14794
59 14804
59 14830
59 14993
59 15099
59 15211
59 15249
59 15263
59 15285
59 15463
59 15488
59 15504
59 15755
59 15881
59 15956
59 15962
59 15964
59 16009
59 16025
59 16198
59 16335
59 16352
59 16402
59 16407
59 16583
59 16597
59 16618
59 16676
59 16707
59 16728
59 16840
59 16897
59 17050
59 17065
59 17141
59 17146
59 17153
59 17171
59 17198
59 17228
59 17236
59 17426
59 17450
59 17478
59 17593
59 17677
59 17766
59 17787
59 17817
59 17835
59 17961
59 18016
59 18033
59 18260
59 18273
59 18377
59 18498
59 18601
59 18620
59 18677
59 18690
59 18733
59 18847
59 18925
59 18932
59 18947
59 18954
59 19104
59 19256
59 19387
59 19401
59 19414
59 19427
59 19466
59 19505
59 19558
59 19595
59 19644
59 19664
59 19753
59 19768
59 19770
59 19806
59 19952
59 19976
59 19979
59 20019
59 20119
59 20138
59 20203
59 20316
59 20322
59 20329
59 20337
59 20425
59 20473
59 20537
59 20588
59 20635
59 20959
59 21097
59 21102
59 21219
59 21290
59 21328
59 21341
59 21438
59 21485
59 21556
59 21562
59 21570
59 21619
59 21649
59 21683
59 21737
59 21815
59 21877
59 21963
59 21980
59 21987
59 22051
59 22210
59 22233
59 22342
59 22394
59 22454
59 22595
59 22692
59 22701
59 22845
59 22919
59 22934
59 22951
59 23000
59 23021
59 23050
59 23126
59 23137
59 23160
59 23200
59 23264
59 23281
59 23282
59 23525
59 23553
59 23565
59 23569
59 23598
59 23719
59 23727
59 23765
59 23783
59 23837
59 23893
59 23924
59 23938
59 23971
59 23974
59 24025
59 24055
59 24069
59 24079
59 24106
59 24208
59 24253
59 24335
59 24440
59 24452
59 24477
59 24533
59 24568
59 24642
59 24672
59 24767
59 24899
50 25
50 71
50 108
50 215
50 281
50 374
50 388
50 436
50 528
50 698
50 706
50 754
50 851
50 958
50 980
50 1094
50 1208
50 1215
50 1228
50 1371
50 1385
50 1394
50 1415
50 1453
50 1460
50 1532
50 1537
50 1678
50 1746
50 1866
50 1946
50 1953
50 1994
50 2139
50 2153
50 2184
50 2188
50 2267
50 2299
50 2300
50 2331
50 2367
50 2373
50 2409
50 2528
50 2588
50 2638
50 2641
50 2668
50 2704
50 2712
50 2764
50 2765
50 2823
50 2853
50 2933
50 3117
50 3210
50 3220
50 3462
50 3484
50 3567
50 3595
50 3628
50 3658
50 3741
50 3820
50 3872
50 3928
50 3948
50 3959
50 4041
50 4097
50 4103
50 4188
50 4194
50 4228
50 4231
50 4264
50 4316
50 4398
50 4411
50 4471
50 4530
50 4661
50 4739
50 4768
50 4805
50 4809
50 4814
50 4847
50 4862
50 4874
50 4935
50 4949
50 4950
50 4976
50 5021
50 5135
50 5240
50 5294
50 5358
50 5416
50 5437
50 5443
50 5447
50 5452
50 5470
50 5546
50 5552
50 5558
50 5588
50 5673
50 5696
50 5748
50 5779
50 5828
50 5886
50 5892
50 5932
50 5969
50 5976
50 6041
50 6111
50 6169
50 6180
50 6324
50 6442
50 6545
50 6612
50 6624
50 6674
50 6855
50 6867
50 6870
50 6891
50 6899
50 6902
50 6914
50 7061
50 7117
50 7155
50 7234
50 7247
50 7276
50 7359
50 7669
50 7696
50 7709
50 7736
50 7740
50 7782
50 7864
50 7886
50 7895
50 7913
50 7936
50 7987
50 8106
50 8156
50 8291
50 8400
50 8462
50 8490
50 8582
50 8628
50 8723
50 8727
50 8880
50 8898
50 8921
50 8930
50 8993
50 9023
50 9062
50 9063
50 9076
50 9101
50 9134
50 9139
50 9140
50 9153
50 9168
50 9192
50 9213
50 9247
50 9248
50 9368
50 9473
50 9532
50 9638
50 9658
50 9877
50 9888
50 9897
50 9898
50 9930
50 10104
50 10109
50 10159
50 10184
50 10227
50 10272
50 10281
50 10417
50 10420
50 10476
50 10687
50 10839
50 10902
50 10924
50 10980
50 10998
50 11055
50 11068
50 11113
50 11116
50 11242
50 11255
50 11434
50 11525
50 11585
50 11629
50 11635
50 11678
50 11769
50 11786
50 11810
50 11944
50 11951
50 12000
50 12053
50 12077
50 12123
50 12126
50 12142
50 12189
50 12216
50 12258
50 12261
50 12356
50 12382
50 12442
50 12467
50 12474
50 12600
50 12700
50 12830
50 12868
50 12900
50 12972
50 12977
50 12982
50 13075
50 13099
50 13107
50 13200
50 13225
50 13334
50 13434
50 13525
50 13528
50 13608
50 13613
50 13676
50 13757
50 13800
50 13823
50 13838
50 13978
50 14187
50 14244
50 14292
50 14308
50 14402
50 14482
50 14866
50 14905
50 14920
50 14972
50 14977
50 15007
50 15102
50 15141
50 15147
50 15206
50 15294
50 15345
50 15463
50 15474
50 15524
50 15537
50 15552
50 15613
50 15631
50 15736
50 15781
50 15848
50 16089
50 16138
50 16144
50 16156
50 16175
50 16261
50 16321
50 16398
50 16412
50 16413
50 16509
50 16522
50 16606
50 16639
50 16651
50 16661
50 16710
50 16792
50 16858
50 16865
50 16907
50 16930
50 16985
50 17022
50 17031
50 17048
50 17058
50 17084
50 17137
50 17160
50 17168
50 17232
50 17239
50 17435
50 17464
50 17557
50 17692
50 17697
50 17724
50 17760
50 17772
50 17853
50 17952
50 17953
50 18000
50 18009
50 18026
50 18147
50 18264
50 18275
50 18297
50 18300
50 18334
50 18357
50 18492
50 18529
50 18543
50 18560
50 18569
50 18622
50 18703
50 18760
50 18828
50 18862
50 18882
50 18912
50 19141
50 19215
50 19294
50 19322
50 19385
50 19415
50 19461
50 19477
50 19480
50 19491
50 19581
50 19610
50 19733
50 19743
50 19767
50 19886
50 19926
50 19942
50 19944
50 20012
50 20046
50 20051
50 20070
50 20099
50 20131
50 20182
50 20234
50 20275
50 20396
50 20408
50 20421
50 20508
50 20569
50 20721
50 20831
50 20849
50 20921
50 20964
50 21008
50 21044
50 21070
50 21194
50 21350
50 21359
50 21369
50 21394
50 21481
50 21573
50 21582
50 21593
50 21605
50 21606
50 21793
50 21899
50 21926
50 21963
50 21974
50 21980
50 22077
50 22138
50 22144
50 22176
50 22449
50 22461
50 22534
50 22543
50 22618
50 22784
50 22867
50 22877
50 22898
50 23092
51 1
51 10
51 33
51 79
51 83
51 164
51 206
51 271
51 310
51 314
51 337
51 441
51 474
51 478
51 493
51 533
51 608
51 615
51 691
51 711
51 767
51 774
51 809
51 923
51 976
51 1010
51 1014
51 1061
51 1308
51 1442
51 1451
51 1530
51 1564
51 1774
51 1917
51 1969
51 2011
51 2132
51 2192
51 2212
51 2254
51 2409
51 2523
51 2579
51 2591
51 2629
51 2654
51 2669
51 2697
51 2745
51 2786
51 3051
51 3069
51 3103
51 3184
51 3209
51 3259
51 3281
51 3299
51 3303
51 3321
51 3366
51 3370
51 3404
51 3438
51 3484
51 3495
51 3606
51 3704
51 3731
51 3760
51 3767
51 3771
51 3950
51 3963
51 3974
51 4010
51 4123
51 4201
51 4371
51 4545
51 4565
51 4568
51 4629
51 4654
51 4673
51 4800
51 4816
51 5134
51 5187
51 5231
51 5258
51 5306
51 5393
51 5576
51 5702
51 5805
51 5939
51 5950
51 6044
51 6061
51 6262
51 6315
51 6317
51 6330
51 6335
51 6418
51 6440
51 6449
51 6522
51 6540
51 6551
51 6700
51 6795
51 6851
51 6879
51 7014
51 7109
51 7196
51 7424
51 7433
51 7490
51 7752
51 7755
51 7928
51 7956
51 8151
51 8359
51 8408
51 8412
51 8444
51 8532
51 8541
51 8707
51 8757
51 8784
51 8870
51 9150
51 9332
51 9636
51 9656
51 9748
51 9753
51 9755
51 9758
51 9910
51 9935
51 9952
51 10069
51 10146
51 10216
51 10225
51 10235
51 10282
51 10315
51 10452
51 10499
51 10549
51 10580
51 10716
51 10844
51 10871
51 10894
51 10965
51 10998
51 11032
51 11045
51 11051
51 11060
51 11066
51 11076
51 11080
51 11093
51 11136
51 11204
51 11220
51 11307
51 11308
51 11320
51 11357
51 11415
51 11634
51 11725
51 11901
51 11907
51 12010
51 12016
51 12084
51 12085
51 12098
51 12263
51 12426
51 12502
51 12570
51 12650
51 12675
51 12696
51 12719
51 12808
51 12854
51 12946
51 12966
51 12982
51 13028
51 13036
51 13119
51 13207
51 13278
51 13330
51 13337
51 13483
51 13502
51 13585
51 13659
51 13707
51 13722
51 13739
51 13747
51 13786
51 13789
51 13806
51 13827
51 13836
51 13858
51 13884
51 13899
51 13930
51 13948
51 13983
51 14010
51 14019
51 14155
51 14208
51 14229
51 14345
51 14414
51 14453
51 14518
51 14661
51 14750
51 14769
51 14778
51 14907
51 14927
51 15006
51 15052
51 15146
51 15377
51 15477
51 15613
51 15697
51 15768
51 15789
51 15813
51 15982
51 16043
51 16079
51 16206
51 16317
51 16319
51 16331
51 16415
51 16427
51 16681
51 16706
51 16734
51 16774
51 16865
51 16909
51 16950
51 16989
51 17035
51 17036
51 17048
51 17236
51 17245
51 17275
51 17318
51 17496
51 17569
51 17577
51 17615
51 17791
51 17825
51 17849
51 17942
51 17973
51 18003
51 18018
51 18022
51 18046
51 18070
51 18146
51 18165
51 18241
51 18270
51 18288
51 18302
51 18380
51 18420
51 18508
51 18589
51 18716
51 18747
51 18930
51 18942
51 18999
51 19015
51 19105
51 19138
51 19154
51 19201
51 19213
51 19216
51 19338
51 19352
51 19357
51 19360
51 19488
51 19626
51 19676
51 19749
51 19836
51 19972
51 20051
51 20092
51 20243
51 20282
51 20338
51 20346
51 20440
51 20485
51 20547
51 20591
51 20626
51 20665
51 20673
51 20683
51 20737
51 20810
51 20822
51 20884
51 20920
51 20929
51 20950
51 20990
51 21152
51 21163
51 21307
51 21327
51 21373
51 21413
51 21452
51 21466
51 21559
51 21579
51 21646
51 21656
51 21764
51 21788
51 21790
51 21839
51 21872
51 21954
51 21966
51 22013
51 22023
51 22075
51 22151
51 22153
51 22208
51 22254
51 22328
51 22332
51 22371
51 22381
51 22392
51 22431
51 22478
51 22587
51 22624
51 22661
51 22695
51 22739
51 22798
51 22860
51 22890
51 22923
51 22939
51 22947
51 22961
51 22977
51 23028
51 23039
51 23121
51 23143
51 23157
51 23165
51 23184
51 23574
51 23579
51 23605
51 23661
51 23718
51 23780
51 23869
51 23888
51 23921
51 23940
51 24104
51 24133
51 24144
51 24155
51 24212
51 24236
55 45
55 47
55 197
55 198
55 260
55 301
55 358
55 382
55 612
55 621
55 769
55 791
55 844
55 860
55 890
55 898
55 973
55 1119
55 1127
55 1133
55 1142
55 1155
55 1194
55 1226
55 1327
55 1413
55 1661
55 1690
55 1692
55 1805
55 1930
55 1931
55 2047
55 2094
55 2100
55 2119
55 2121
55 2189
55 2249
55 2261
55 2282
55 2455
55 2485
55 2625
55 2634
55 2637
55 2709
55 2762
55 2823
55 2856
55 2903
55 2938
55 2957
55 3019
55 3039
55 3073
55 3078
55 3135
55 3137
55 3184
55 3213
55 3240
55 3251
55 3455
55 3541
55 3544
55 3573
55 3605
55 3619
55 3708
55 3714
55 3809
55 3881
55 3888
55 3897
55 3937
55 3980
55 3996
55 4135
55 4165
55 4203
55 4207
55 4220
55 4320
55 4430
55 4511
55 4570
55 4602
55 4643
55 4675
55 4768
55 4773
55 4788
55 5106
55 5116
55 5167
55 5342
55 5346
55 5394
55 5461
55 5477
55 5499
55 5553
55 5571
55 5587
55 5596
55 5650
55 5797
55 5799
55 5874
55 6006
55 6010
55 6015
55 6039
55 6075
55 6127
55 6200
55 6203
55 6313
55 6397
55 6468
55 6574
55 6594
55 6745
55 6747
55 6848
55 6870
55 6964
55 6996
55 7015
55 7064
55 7087
55 7106
55 7187
55 7313
55 7314
55 7413
55 7563
55 7592
55 7643
55 7710
55 7857
55 7874
55 8124
55 8137
55 8164
55 8217
55 8233
55 8340
55 8401
55 8422
55 8439
55 8447
55 8547
55 8607
55 8647
55 8732
55 8791
55 8809
55 8853
55 8926
55 9040
55 9046
55 9071
55 9161
55 9169
55 9269
55 9291
55 9413
55 9579
55 9591
55 9631
55 9636
55 9650
55 9675
55 9804
55 9859
55 9860
55 10054
55 10156
55 10228
55 10448
55 10469
55 10539
55 10569
55 10604
55 10840
55 10858
55 10954
55 10994
55 11029
55 11055
55 11114
55 11189
55 11231
55 11282
55 11382
55 11480
55 11508
55 11530
55 11626
55 11644
55 11666
55 11673
55 11722
55 11743
55 11749
55 11753
55 11763
55 11908
55 12038
55 12182
55 12266
55 12358
55 12364
55 12381
55 12407
55 12482
55 12497
55 12591
55 12616
55 12681
55 12708
55 12769
55 12777
55 12795
55 12805
55 12857
55 12883
55 12942
55 13110
55 13216
55 13258
55 13310
55 13327
55 13335
55 13354
55 13391
55 13419
55 13471
55 13722
55 13725
55 13728
55 13749
55 13799
55 13824
55 13844
55 13853
55 13913
55 13927
55 14043
55 14094
55 14148
55 14188
55 14357
55 14369
55 14375
55 14477
55 14486
55 14573
55 14617
55 14696
55 14774
55 14803
55 14948
55 14987
55 15016
55 15156
55 15259
55 15339
55 15484
55 15516
55 15517
55 15574
55 15651
55 15659
55 15696
55 15765
55 15809
55 15918
55 15958
55 15972
55 15991
55 16035
55 16037
55 16078
55 16137
55 16204
55 16221
55 16259
55 16293
55 16301
55 16391
55 16413
55 16442
55 16483
55 16544
55 16649
55 16783
55 16803
55 16848
55 16875
55 16939
55 17034
55 17181
55 17183
55 17295
55 17350
55 17454
55 17522
55 17615
55 17741
55 17814
55 17878
55 17884
55 17939
55 17988
55 18088
55 18105
55 18160
55 18211
55 18261
55 18326
55 18379
55 18396
55 18431
55 18434
55 18552
55 18560
55 18668
55 18684
55 18736
55 18890
55 18982
55 18987
55 19045
55 19096
55 19106
55 19250
55 19254
55 19303
55 19318
55 19341
55 19383
55 19416
55 19469
55 19480
55 19655
55 19657
55 19658
55 19678
55 19693
55 19727
55 19792
55 19820
55 19907
55 20000
55 20007
55 20071
55 20156
55 20304
55 20317
55 20369
55 20384
55 20526
55 20620
55 20764
55 20798
55 20801
55 20843
55 20873
55 20949
55 21044
55 21076
55 21145
55 21150
55 21199
55 21315
55 21510
55 21578
55 21605
55 21715
55 21725
55 21777
55 21838
55 21850
55 21921
55 21948
55 22057
55 22098
55 22114
55 22153
55 22202
55 22240
55 22342
55 22344
55 22381
55 22422
55 22518
55 22533
55 22548
55 22607
55 22751
55 22757
55 22779
55 22782
55 22825
55 22827
55 23070
55 23088
55 23159
55 23261
55 23470
55 23491
55 23504
55 23511
55 23518
55 23570
55 23574
55 23608
55 23680
55 23773
55 23780
55 23792
55 23882
55 23905
55 23932
55 24015
61 143
61 163
61 185
61 188
61 376
61 395
61 492
61 494
61 499
61 601
61 663
61 755
61 1016
61 1080
61 1126
61 1220
61 1278
61 1326
61 1368
61 1375
61 1492
61 1500
61 1555
61 1587
61 1770
61 1801
61 1863
61 1904
61 1944
61 2114
61 2129
61 2154
61 2172
61 2195
61 2280
61 2310
61 2334
61 2406
61 2427
61 2457
61 2463
61 2484
61 2640
61 2695
61 2709
61 2990
61 3089
61 3129
61 3150
61 3175
61 3193
61 3394
61 3406
61 3480
61 3589
61 3602
61 3669
61 3743
61 3818
61 3827
61 3954
61 3970
61 3993
61 4051
61 4073
61 4080
61 4165
61 4236
61 4243
61 4315
61 4339
61 4375
61 4525
61 4545
61 4572
61 4626
61 4646
61 4700
61 4789
61 4857
61 4914
61 4925
61 4998
61 5020
61 5075
61 5171
61 5194
61 5357
61 5512
61 5599
61 5635
61 5644
61 5830
61 5850
61 5882
61 5918
61 5923
61 5952
61 6160
61 6215
61 6235
61 6501
61 6532
61 6657
61 6720
61 6725
61 6794
61 6823
61 6838
61 6900
61 6988
61 6996
61 7022
61 7036
61 7037
61 7041
61 7152
61 7222
61 7254
61 7284
61 7363
61 7464
61 7513
61 7579
61 7635
61 7815
61 7912
61 7974
61 8009
61 8045
61 8063
61 8126
61 8130
61 8132
61 8167
61 8214
61 8232
61 8253
61 8257
61 8356
61 8423
61 8444
61 8687
61 8694
61 8754
61 8766
61 8807
61 8848
61 8876
61 8964
61 9018
61 9045
61 9092
61 9265
61 9279
61 9302
61 9313
61 9319
61 9323
61 9394
61 9455
61 9489
61 9515
61 9533
61 9568
61 9597
61 9643
61 9656
61 9769
61 9822
61 9918
61 9927
61 9983
61 10000
61 10091
61 10097
61 10181
61 10183
61 10198
61 10220
61 10247
61 10279
61 10338
61 10421
61 10487
61 10772
61 10804
61 10854
61 10877
61 11077
61 11213
61 11273
61 11364
61 11423
61 11444
61 11462
61 11472
61 11748
61 11778
61 11835
61 11874
61 11958
61 12027
61 12051
61 12130
61 12228
61 12252
61 12282
61 12348
61 12363
61 12366
61 12368
61 12425
61 12508
61 12521
61 12554
61 12607
61 12612
61 12769
61 12843
61 12979
61 13081
61 13228
61 13341
61 13404
61 13413
61 13441
61 13453
61 13454
61 13536
61 13565
61 13583
61 13603
61 13657
61 13730
61 13897
61 13908
61 13918
61 13936
61 14060
61 14075
61 14122
61 14251
61 14293
61 14296
61 14360
61 14409
61 14448
61 14457
61 14547
61 14564
61 14779
61 14848
61 14938
61 15087
61 15154
61 15195
61 15257
61 15290
61 15333
61 15646
61 15648
61 15661
61 15719
61 15725
61 15727
61 15739
61 15807
61 15816
61 15867
61 15974
61 15994
61 16084
61 16096
61 16166
61 16211
61 16296
61 16298
61 16317
61 16418
61 16432
61 16497
61 16558
61 16579
61 16602
61 16626
61 16629
61 16728
61 16798
61 16805
61 16844
61 16895
61 16912
61 16915
61 16917
61 16939
61 17067
61 17080
61 17084
61 17142
61 17156
61 17471
61 17476
61 17557
61 17780
61 17830
61 17885
61 17909
61 17913
61 17941
61 17988
61 18100
61 18136
61 18287
61 18437
61 18440
61 18545
61 18548
61 18568
61 18626
61 18848
61 18901
61 18935
61 18944
61 19029
61 19080
61 19148
61 19163
61 19172
61 19280
61 19282
61 19297
61 19355
61 19577
61 19665
61 19709
61 19729
61 19790
61 19793
61 19800
61 19856
61 19879
61 19885
61 19981
61 20014
61 20029
61 20050
61 20172
61 20217
61 20249
61 20254
61 20285
61 20303
61 20318
61 20339
61 20404
61 20436
61 20529
61 20574
61 20601
61 20646
61 20667
61 20704
61 20749
61 20762
61 20832
61 20851
61 20988
61 20993
61 21024
61 21072
61 21111
61 21128
61 21327
61 21369
61 21411
61 21490
61 21493
61 21516
61 21546
61 21554
61 21571
61 21664
61 21814
61 21842
61 21896
61 21926
61 21932
61 21972
61 21981
61 22034
61 22130
61 22167
61 22201
61 22219
61 22282
61 22425
61 22550
61 22566
61 22572
61 22640
61 22676
61 22716
61 22759
61 22818
61 22892
61 22994
61 23020
61 23066
61 23088
61 23097
61 23295
61 23321
61 23394
61 23448
61 23528
61 23543
61 23571
61 23605
61 23642
61 23651
61 23662
61 23737
61 23748
61 23772
61 23810
61 23843
61 23934
61 23981
61 24038
61 24077
61 24107
61 24123
61 24131
61 24204
61 24244
61 24282
61 24286
61 24370
61 24371
61 24382
61 24384
61 24488
61 24600
61 24622
61 24669
61 24716
61 24762
57 31
57 86
57 167
57 213
57 392
57 492
57 522
57 539
57 570
57 666
57 838
57 908
57 923
57 1055
57 1109
57 1282
57 1314
57 1372
57 1397
57 1427
57 1430
57 1451
57 1452
57 1488
57 1542
57 1559
57 1692
57 1693
57 1717
57 1780
57 1825
57 1856
57 1870
57 1933
57 1935
57 2092
57 2129
57 2161
57 2222
57 2244
57 2251
57 2294
57 2366
57 2431
57 2491
57 2496
57 2533
57 2623
57 2643
57 2649
57 2677
57 2782
57 2818
57 2989
57 3041
57 3179
57 3220
57 3227
57 3228
57 3246
57 3371
57 3390
57 3413
57 3434
57 3457
57 3473
57 3518
57 3581
57 3606
57 3614
57 3644
57 3721
57 3723
57 3735
57 3798
57 3824
57 3905
57 3944
57 4000
57 4060
57 4146
57 4177
57 4179
57 4245
57 4365
57 4368
57 4389
57 4421
57 4444
57 4503
57 4591
57 4617
57 4675
57 4678
57 4681
57 4697
57 4700
57 4734
57 4815
57 4843
57 5081
57 5153
57 5220
57 5264
57 5360
57 5364
57 5459
57 5663
57 5767
57 5868
57 5900
57 5944
57 5975
57 5989
57 6001
57 6069
57 6076
57 6283
57 6355
57 6397
57 6466
57 6478
57 6532
57 6710
57 6718
57 6730
57 6806
57 6878
57 6918
57 6934
57 7013
57 7048
57 7124
57 7202
57 7229
57 7328
57 7490
57 7504
57 7522
57 7566
57 7659
57 7671
57 7705
57 7733
57 7804
57 7907
57 8093
57 8112
57 8116
57 8135
57 8139
57 8227
57 8241
57 8287
57 8359
57 8362
57 8394
57 8473
57 8557
57 8558
57 8645
57 8931
57 8942
57 9014
57 9074
57 9193
57 9342
57 9434
57 9493
57 9540
57 9715
57 9845
57 9944
57 10042
57 10095
57 10160
57 10235
57 10360
57 10523
57 10561
57 10650
57 10673
57 10690
57 10694
57 10806
57 10854
57 10859
57 10882
57 10948
57 10951
57 11215
57 11350
57 12026
57 12049
57 12152
57 12339
57 12354
57 12571
57 12803
57 12888
57 13030
57 13144
57 13210
57 13245
57 13284
57 13386
57 13485
57 13536
57 13561
57 13581
57 13712
57 13725
57 13791
57 13806
57 13815
57 13828
57 13900
57 13982
57 14060
57 14062
57 14139
57 14182
57 14424
57 14697
57 14751
57 14863
57 14914
57 15012
57 15074
57 15095
57 15165
57 15220
57 15258
57 15262
57 15290
57 15333
57 15361
57 15532
57 15541
57 15678
57 15679
57 15699
57 15805
57 15905
57 15934
57 15981
57 16107
57 16108
57 16131
57 16252
57 16288
57 16295
57 16300
57 16426
57 16440
57 16497
57 16737
57 16759
57 16764
57 16765
57 16949
57 16960
57 17023
57 17063
57 17320
57 17407
57 17510
57 17582
57 17589
57 17594
57 17632
57 17723
57 17730
57 17840
57 17845
57 17890
57 17893
57 17910
57 18043
57 18069
57 18088
57 18181
57 18188
57 18206
57 18494
57 18648
57 18693
57 18700
57 18744
57 18806
57 18824
57 18842
57 18859
57 18889
57 18979
57 19046
57 19060
57 19132
57 19385
57 19464
57 19500
57 19546
57 19556
57 19624
57 19691
57 19756
57 19768
57 19769
57 19780
57 19812
57 19880
57 19995
57 20015
57 20101
57 20183
57 20203
57 20221
57 20235
57 20264
57 20306
57 20384
57 20496
57 20512
57 20518
57 20616
57 20661
57 20698
57 20738
57 20779
57 20805
57 20865
57 20974
57 21112
57 21183
57 21189
57 21225
57 21283
57 21498
57 21524
57 21583
57 21637
57 21660
57 21735
57 21747
57 21820
57 21883
57 21947
57 21967
57 21994
57 22010
57 22059
57 22080
57 22161
57 22213
57 22295
57 22376
57 22404
57 22555
57 22578
57 22594
57 22741
57 22770
57 22827
57 22884
57 22896
57 22929
57 23013
57 23102
57 23168
57 23194
57 23207
57 23225
57 23288
57 23416
57 23460
57 23468
57 23540
57 23541
57 23543
57 23594
57 23597
57 23633
57 23669
57 23700
57 23768
57 23770
57 23972
57 24000
57 24065
57 24072
57 24101
57 24214
57 24233
57 24260
57 24290
57 24524
57 24554
57 24601
57 24740
60 42
60 68
60 128
60 164
60 289
60 339
60 444
60 520
60 592
60 735
60 756
60 836
60 899
60 1129
60 1286
60 1383
60 1480
60 1506
60 1507
60 1596
60 1624
60 1627
60 1800
60 1802
60 1856
60 1858
60 1866
60 1904
60 1963
60 2066
60 2088
60 2122
60 2275
60 2288
60 2322
60 2420
60 2484
60 2644
60 2648
60 2722
60 2821
60 2896
60 2909
60 2914
60 2926
60 2978
60 3072
60 3091
60 3135
60 3236
60 3289
60 3367
60 3455
60 3473
60 3562
60 3576
60 3595
60 3642
60 3644
60 3719
60 3752
60 3753
60 3888
60 3953
60 3983
60 4019
60 4026
60 4045
60 4104
60 4105
60 4138
60 4143
60 4197
60 4208
60 4433
60 4493
60 4500
60 4535
60 4635
60 4639
60 4656
60 4659
60 4803
60 4864
60 4877
60 4901
60 4958
60 5041
60 5098
60 5134
60 5200
60 5238
60 5402
60 5439
60 5465
60 5491
60 5653
60 5727
60 5813
60 5830
60 5884
60 5985
60 6173
60 6322
60 6518
60 6558
60 6646
60 6739
60 6761
60 6780
60 6879
60 6936
60 6951
60 6997
60 7000
60 7003
60 7109
60 7140
60 7206
60 7237
60 7302
60 7318
60 7327
60 7338
60 7385
60 7580
60 7601
60 7679
60 7705
60 8014
60 8032
60 8038
60 8142
60 8217
60 8240
60 8301
60 8357
60 8405
60 8446
60 8447
60 8470
60 8475
60 8578
60 8764
60 8849
60 8983
60 9006
60 9061
60 9099
60 9112
60 9158
60 9191
60 9209
60 9253
60 9287
60 9292
60 9314
60 9409
60 9512
60 9542
60 9663
60 9713
60 9729
60 9773
60 9783
60 9795
60 9878
60 9933
60 10004
60 10010
60 10045
60 10051
60 10128
60 10189
60 10211
60 10240
60 10336
60 10419
60 10433
60 10539
60 10549
60 10564
60 10592
60 10647
60 10649
60 10722
60 10758
60 10816
60 11129
60 11144
60 11182
60 11313
60 11371
60 11572
60 11818
60 11825
60 11920
60 11921
60 12104
60 12107
60 12117
60 12131
60 12141
60 12234
60 12272
60 12289
60 12325
60 12414
60 12421
60 12496
60 12673
60 12693
60 12709
60 12758
60 12823
60 12905
60 13051
60 13096
60 13246
60 13248
60 13360
60 13365
60 13456
60 13485
60 13547
60 13549
60 13607
60 13671
60 13784
60 13935
60 14253
60 14272
60 14275
60 14335
60 14467
60 14489
60 14513
60 14581
60 14586
60 14598
60 14637
60 14655
60 14688
60 14893
60 14904
60 15009
60 15035
60 15038
60 15044
60 15136
60 15259
60 15300
60 15311
60 15464
60 15465
60 15479
60 15550
60 15553
60 15556
60 15598
60 15676
60 15689
60 15712
60 15726
60 15857
60 15880
60 15917
60 15949
60 16010
60 16043
60 16063
60 16112
60 16323
60 16348
60 16363
60 16424
60 16669
60 16706
60 16742
60 16751
60 16790
60 16802
60 16830
60 16922
60 16986
60 16999
60 17038
60 17070
60 17191
60 17208
60 17217
60 17267
60 17396
60 17416
60 17428
60 17473
60 17681
60 17734
60 17756
60 17771
60 17934
60 17938
60 17967
60 17989
60 18061
60 18263
60 18321
60 18342
60 18377
60 18481
60 18491
60 18513
60 18534
60 18550
60 18552
60 18597
60 18645
60 18708
60 18815
60 18823
60 18936
60 18941
60 19085
60 19086
60 19118
60 19126
60 19271
60 19507
60 19526
60 19590
60 19598
60 19629
60 19723
60 19790
60 20031
60 20054
60 20093
60 20148
60 20165
60 20344
60 20377
60 20401
60 20514
60 20603
60 20727
60 20868
60 20927
60 20978
60 21002
60 21043
60 21086
60 21203
60 21216
60 21238
60 21253
60 21276
60 21280
60 21305
60 21388
60 21460
60 21463
60 21557
60 21638
60 21685
60 21746
60 21758
60 21765
60 21767
60 21915
60 22013
60 22088
60 22115
60 22135
60 22137
60 22173
60 22199
60 22408
60 22461
60 22468
60 22524
60 22629
60 22669
60 22762
60 22792
60 22911
60 23039
60 23084
60 23218
60 23265
60 23409
60 23498
60 23570
60 23623
60 23628
60 23700
60 23854
60 23949
60 24073
60 24078
60 24122
60 24123
60 24200
60 24433
60 24482
60 24492
60 24545
60 24617
60 24655
60 24709
58 516
58 598
58 615
58 651
58 693
58 747
58 825
58 929
58 1212
58 1248
58 1316
58 1338
58 1473
58 1482
58 1661
58 1698
58 1775
58 1794
58 1964
58 2172
58 2191
58 2363
58 2431
58 2463
58 2521
58 2591
58 2624
58 2629
58 2653
58 2686
58 2819
58 2845
58 2859
58 2890
58 2936
58 2949
58 3121
58 3126
58 3149
58 3286
58 3348
58 3490
58 3602
58 3636
58 3644
58 3727
58 3781
58 3840
58 3845
58 3963
58 3972
58 4040
58 4182
58 4205
58 4211
58 4226
58 4264
58 4330
58 4389
58 4408
58 4462
58 4514
58 4557
58 4575
58 4589
58 4600
58 4674
58 4717
58 4876
58 4889
58 4894
58 5005
58 5019
58 5123
58 5125
58 5142
58 5143
58 5390
58 5422
58 5566
58 6254
58 6544
58 6547
58 6700
58 6721
58 6756
58 6775
58 6860
58 6865
58 6983
58 6997
58 7145
58 7201
58 7320
58 7390
58 7411
58 7433
58 7448
58 7500
58 7617
58 7631
58 7652
58 7889
58 7922
58 8089
58 8112
58 8315
58 8390
58 8403
58 8503
58 8634
58 8637
58 8641
58 8664
58 8708
58 8818
58 8841
58 8850
58 8973
58 9016
58 9034
58 9141
58 9274
58 9335
58 9362
58 9380
58 9390
58 9459
58 9500
58 9593
58 9609
58 9644
58 9772
58 9824
58 9839
58 9860
58 10046
58 10049
58 10053
58 10195
58 10199
58 10248
58 10255
58 10335
58 10358
58 10398
58 10450
58 10477
58 10524
58 10652
58 10724
58 10740
58 10745
58 10785
58 10803
58 10809
58 10817
58 10838
58 10903
58 10984
58 11002
58 11092
58 11175
58 11249
58 11288
58 11321
58 11334
58 11370
58 11411
58 11482
58 11537
58 11552
58 11605
58 11624
58 11625
58 11718
58 11822
58 11843
58 11932
58 11933
58 11986
58 12029
58 12067
58 12143
58 12352
58 12375
58 12414
58 12446
58 12571
58 12671
58 12887
58 12916
58 12917
58 12998
58 13088
58 13097
58 13108
58 13165
58 13187
58 13325
58 13386
58 13403
58 13459
58 13565
58 13568
58 13620
58 13667
58 13731
58 13843
58 13859
58 13882
58 13889
58 13890
58 13977
58 14033
58 14079
58 14184
58 14197
58 14254
58 14266
58 14285
58 14319
58 14405
58 14408
58 14409
58 14422
58 14428
58 14475
58 14477
58 14520
58 14611
58 14651
58 14658
58 14741
58 14751
58 14769
58 14877
58 14892
58 15009
58 15161
58 15164
58 15183
58 15207
58 15263
58 15282
58 15341
58 15540
58 15586
58 15673
58 15775
58 15776
58 15827
58 15884
58 15921
58 15943
58 16126
58 16158
58 16163
58 16181
58 16227
58 16232
58 16240
58 16250
58 16312
58 16347
58 16359
58 16415
58 16475
58 16485
58 16492
58 16540
58 16552
58 16553
58 16574
58 16706
58 16757
58 16799
58 16921
58 16972
58 17058
58 17074
58 17139
58 17213
58 17247
58 17272
58 17308
58 17551
58 17582
58 17623
58 17625
58 17721
58 17751
58 17852
58 17905
58 17988
58 18099
58 18102
58 18108
58 18225
58 18246
58 18274
58 18431
58 18550
58 18603
58 18642
58 18662
58 18705
58 18832
58 18846
58 19120
58 19309
58 19402
58 19428
58 19449
58 19497
58 19626
58 19973
58 20085
58 20206
58 20269
58 20315
58 20370
58 20493
58 20503
58 20573
58 20610
58 20654
58 20691
58 20704
58 20751
58 20778
58 20781
58 21004
58 21050
58 21125
58 21130
58 21218
58 21219
58 21437
58 21466
58 21509
58 21609
58 21709
58 21764
58 21837
58 21883
58 21900
58 22021
58 22024
58 22062
58 22073
58 22090
58 22131
58 22137
58 22192
58 22244
58 22338
58 22393
58 22444
58 22506
58 22527
58 22565
58 22665
58 22670
58 22700
58 22752
58 22808
58 22830
58 22847
58 22856
58 22873
58 22951
58 23020
58 23042
58 23068
58 23193
58 23216
58 23228
58 23247
58 23274
58 23314
58 23344
58 23389
58 23399
58 23437
58 23481
58 23652
58 23702
58 23705
58 23719
58 23768
58 23877
58 24053
58 24076
58 24081
58 24219
58 24284
58 24365
58 24380
58 24412
58 24442
58 24503
58 24528
58 24546
58 24594
58 24640
58 24658
58 24689
58 24698
58 24791
58 24835
58 24840
58 24861
58 24954
58 24957
58 25018
58 25024
58 25087
58 25091
58 25124
58 25250
58 25263
58 25265
58 25270
58 25331
58 25334
58 25364
58 25505
58 25575
58 25585
58 25669
58 25683
58 25801
58 25904
58 26007
58 26142
58 26177
58 26190
58 26225
58 26232
58 26271
58 26320
58 26426
50 23337
50 23433
50 23561
50 23573
50 23595
50 23596
50 23636
50 23753
50 23791
50 23843
50 23861
50 23892
50 23907
50 23913
50 23957
50 24017
50 24192
50 24258
50 24266
50 24299
50 24329
50 24354
50 24380
50 24393
50 24478
50 24554
50 24595
50 24613
50 24649
50 24660
50 24677
50 24726
50 24780
50 24782
50 24928
50 25003
50 25017
50 25030
50 25122
50 25152
50 25172
50 25180
50 25249
50 25321
50 25327
50 25372
50 25429
50 25437
50 25450
50 25463
50 25529
50 25539
50 25743
50 25773
50 25775
50 25803
50 25839
50 25886
50 25894
50 25947
50 25991
50 26001
50 26005
50 26027
50 26114
50 26126
50 26195
50 26206
50 26217
50 26227
50 26292
50 26299
50 26430
50 26486
50 26544
50 26574
50 26576
50 26725
50 26736
50 26770
50 26771
50 26810
50 26834
50 26856
50 26878
50 26950
50 27073
50 27280
50 27375
50 27431
50 27511
50 27635
50 27647
50 27795
50 28182
50 28231
50 28242
50 28251
50 28299
50 28310
50 28317
50 28368
50 28407
50 28412
50 28492
50 28551
50 28634
50 28687
50 28695
50 28731
50 28736
50 28829
50 28831
50 28931
50 29077
50 29127
50 29190
50 29436
50 29463
50 29479
50 29485
50 29488
50 29529
50 29558
50 29577
50 29581
50 29612
50 29660
50 29676
50 29846
50 29901
50 30008
50 30071
50 30112
50 30196
50 30254
50 30272
50 30291
50 30425
50 30458
50 30620
50 30662
50 30718
50 30753
50 31007
50 31039
50 31049
50 31097
50 31103
50 31167
50 31200
50 31263
50 31299
50 31367
50 31381
50 31394
50 31470
50 31569
50 31610
50 31663
50 31809
50 31827
50 31848
50 31889
50 31890
50 31902
50 31924
50 31964
50 32025
50 32053
50 32054
50 32087
50 32091
50 32106
50 32133
50 32157
50 32173
50 32398
50 32467
50 32586
50 32611
50 32621
50 32647
50 32675
50 32704
63 19371
63 19414
63 19429
63 19435
63 19511
63 19553
63 19567
63 19604
63 19635
63 19696
63 19827
63 19846
63 19909
63 19963
63 20013
63 20024
63 20025
63 20122
63 20161
63 20286
63 20298
63 20316
63 20344
63 20371
63 20404
63 20461
63 20548
63 20577
63 20643
63 20664
63 20684
63 20688
63 20692
63 20722
63 20737
63 20766
63 20860
63 20872
63 20874
63 20914
63 20922
63 20960
63 20963
63 20967
63 21003
63 21131
63 21146
63 21261
63 21334
63 21529
63 21531
63 21561
63 21732
63 21745
63 21800
63 21911
63 21915
63 21958
63 21981
63 21982
63 22003
63 22005
63 22011
63 22034
63 22037
63 22053
63 22074
63 22101
63 22115
63 22125
63 22159
63 22182
63 22199
63 22256
63 22321
63 22375
63 22381
63 22389
63 22522
63 22542
63 22553
63 22601
63 22615
63 22693
63 22729
63 22796
63 22797
63 22840
63 22948
63 23047
63 23055
63 23058
63 23108
63 23226
63 23300
63 23332
63 23335
63 23360
63 23393
63 23404
63 23415
63 23433
63 23558
63 23582
63 23688
63 23724
63 23816
63 23828
63 23837
63 24013
63 24090
63 24111
63 24117
63 24141
63 24316
63 24340
63 24416
63 24422
63 24526
63 24552
63 24568
63 24649
63 24658
63 24671
63 24673
63 24725
63 24803
63 24856
63 24865
63 24944
63 24950
63 25051
63 25136
63 25146
63 25229
63 25290
63 25322
63 25351
63 25361
63 25363
63 25435
63 25528
63 25734
63 25767
63 25769
63 25774
63 25863
63 25929
63 25997
63 26089
63 26104
63 26109
63 26129
63 26194
63 26202
63 26277
63 26369
63 26370
63 26513
63 26524
63 26595
63 26601
63 26624
63 26625
63 26689
63 26811
63 26890
63 26959
63 26990
63 26999
63 27066
63 27143
63 27191
63 27249
63 27281
63 27370
63 27384
63 27424
63 27466
63 27491
63 27500
63 27508
63 27516
63 27603
63 27618
63 27625
63 27639
63 27717
63 27846
63 27903
63 27913
63 27922
63 27972
63 27982
63 28016
63 28039
63 28076
63 28093
63 28171
63 28172
63 28200
63 28225
63 28251
63 28257
63 28266
63 28288
63 28303
63 28411
63 28468
63 28490
63 28505
63 28664
63 28758
63 28771
63 28780
63 28849
63 28861
63 28970
63 29012
63 29060
63 29101
63 29332
63 29393
63 29399
63 29536
63 29542
63 29577
63 29605
63 29680
63 29737
63 29784
63 29810
63 29854
63 29891
63 30003
63 30030
63 30109
63 30211
63 30316
63 30325
63 30369
63 30388
63 30410
63 30478
63 30503
63 30520
63 30590
63 30616
63 30711
63 30779
63 30827
63 30835
63 30929
63 30991
63 31043
63 31096
63 31099
63 31219
63 31244
63 31282
63 31327
63 31432
63 31459
63 31466
63 31476
63 31528
63 31606
63 31637
63 31651
63 31663
63 31740
63 31763
63 31794
63 31883
63 31889
63 31892
63 31951
63 31971
63 31996
63 32000
63 32036
63 32080
63 32219
63 32246
63 32305
63 32319
63 32342
63 32350
63 32358
63 32498
63 32510
63 32557
63 32607
63 32645
63 32675
63 32686
63 32844
63 32935
63 32985
63 33063
63 33096
63 33158
63 33164
63 33273
63 33299
63 33356
63 33381
63 33401
63 33442
63 33496
63 33534
63 33585
63 33649
63 33654
63 33704
63 33742
63 33812
63 33813
63 33818
63 33886
63 33984
63 34038
63 34106
63 34114
63 34134
63 34162
63 34219
63 34308
63 34382
63 34619
63 34651
63 34701
63 34780
63 34936
63 34954
63 34993
63 35064
63 35124
63 35274
63 35353
63 35361
63 35369
63 35385
63 35402
63 35433
63 35444
63 35464
63 35471
63 35631
63 35635
63 35674
63 35695
63 35729
63 35745
63 35759
63 35814
63 35863
63 35874
63 35876
63 35926
63 36053
63 36078
63 36124
63 36143
63 36145
63 36151
63 36167
63 36182
63 36190
63 36241
63 36259
63 36270
63 36275
63 36280
63 36337
63 36400
63 36407
63 36514
63 36598
63 36619
63 36662
63 36663
63 36683
63 36776
63 36780
63 36790
63 36808
63 36846
63 36884
63 37097
63 37200
63 37247
63 37265
63 37373
63 37389
63 37425
63 37521
63 37537
63 37568
63 37635
63 37647
63 37762
63 37773
63 37843
63 37859
63 37885
63 37896
63 37925
63 37936
63 37975
63 38006
63 38041
63 38043
63 38089
63 38126
64 19802
64 19853
64 19926
64 19985
64 20006
64 20027
64 20188
64 20252
64 20331
64 20339
64 20552
64 20564
64 20568
64 20652
64 20700
64 20838
64 20840
64 20869
64 20877
64 20895
64 20944
64 20976
64 20985
64 21014
64 21044
64 21103
64 21108
64 21348
64 21359
64 21368
64 21445
64 21537
64 21583
64 21585
64 21604
64 21611
64 21618
64 21646
64 21675
64 21725
64 21727
64 21741
64 21751
64 21874
64 21891
64 21892
64 21899
64 22026
64 22041
64 22050
64 22108
64 22137
64 22147
64 22213
64 22220
64 22348
64 22354
64 22461
64 22489
64 22546
64 22604
64 22606
64 22674
64 22721
64 22727
64 22763
64 22809
64 22833
64 23005
64 23204
64 23335
64 23344
64 23429
64 23444
64 23447
64 23758
64 23823
64 23869
64 23879
64 24025
64 24097
64 24126
64 24130
64 24184
64 24187
64 24189
64 24312
64 24422
64 24459
64 24481
64 24564
64 24641
64 24666
64 24674
64 24682
64 24686
64 24728
64 24774
64 24829
64 24902
64 24903
64 24916
64 24976
64 24995
64 25029
64 25165
64 25273
64 25419
64 25432
64 25447
64 25497
64 25595
64 25605
64 25660
64 25669
64 25679
64 25727
64 25870
64 25882
64 25918
64 25974
64 25991
64 25995
64 26022
64 26060
64 26115
64 26276
64 26278
64 26292
64 26339
64 26348
64 26423
64 26425
64 26551
64 26559
64 26699
64 26791
64 26953
64 26956
64 26986
64 27029
64 27170
64 27286
64 27318
64 27370
64 27385
64 27491
64 27514
64 27573
64 27599
64 27647
64 27723
64 27807
64 27865
64 27886
64 27896
64 27902
64 27933
64 28099
64 28217
64 28236
64 28247
64 28253
64 28286
64 28398
64 28427
64 28627
64 28633
64 28646
64 28817
64 28839
64 28849
64 28879
64 28890
64 29037
64 29069
64 29153
64 29213
64 29227
64 29275
64 29388
64 29417
64 29557
64 29636
64 29788
64 29824
64 29839
64 29868
64 29925
64 30072
64 30135
64 30299
64 30548
64 30550
64 30563
64 30588
64 30692
64 30711
64 30734
64 30773
64 30865
64 30873
64 30913
64 30932
64 30979
64 31031
64 31035
64 31085
64 31087
64 31123
64 31136
64 31223
64 31239
64 31244
64 31432
64 31661
64 31665
64 31873
64 31894
64 31929
64 32003
64 32069
64 32107
64 32118
64 32121
64 32159
64 32242
64 32252
64 32335
64 32388
64 32390
64 32415
64 32509
64 32559
64 32564
64 32630
64 32695
64 32701
64 32709
64 32861
64 32877
64 32887
64 32983
64 33068
64 33122
64 33165
64 33200
64 33247
64 33267
64 33432
64 33527
64 33529
64 33539
64 33570
64 33641
64 33676
64 33841
64 33868
64 33870
64 33889
64 33892
64 33932
64 33948
64 33962
64 33985
64 34013
64 34085
64 34114
64 34142
64 34163
64 34244
64 34373
64 34403
64 34481
64 34698
64 34747
64 34767
64 34939
64 34947
64 35004
64 35054
64 35066
64 35102
64 35142
64 35231
64 35421
64 35652
64 35679
64 35692
64 35745
64 35787
64 35982
64 36007
64 36027
64 36163
64 36198
64 36200
64 36330
64 36361
64 36402
64 36475
64 36590
64 36617
64 36652
64 36692
64 36726
64 36817
64 36894
64 36931
64 36937
64 37004
64 37030
64 37050
64 37105
64 37141
64 37201
64 37373
64 37391
64 37499
64 37595
64 37701
64 37719
64 37720
64 37762
64 37774
64 37788
64 37804
64 37819
64 37836
64 37870
64 37891
64 37899
64 37951
64 37966
64 38019
64 38036
64 38042
64 38044
64 38087
64 38146
64 38172
64 38205
64 38212
64 38363
64 38365
64 38368
64 38566
64 38665
64 38710
64 38712
64 38840
64 38853
64 38950
64 38962
64 38984
64 39042
64 39055
64 39111
64 39127
64 39154
64 39194
64 39247
64 39353
64 39411
64 39412
65 21129
65 21195
65 21224
65 21250
65 21303
65 21320
65 21356
65 21357
65 21507
65 21579
65 21696
65 21756
65 21791
65 21926
65 21968
65 21995
65 21998
65 22001
65 22042
65 22120
65 22325
65 22335
65 22492
65 22588
65 22754
65 22852
65 22887
65 22915
65 22944
65 23042
65 23076
65 23122
65 23145
65 23151
65 23200
65 23201
65 23228
65 23259
65 23261
65 23306
65 23370
65 23408
65 23422
65 23586
65 23595
65 23631
65 23671
65 23672
65 23677
65 23692
65 23771
65 23860
65 23922
65 23929
65 24005
65 24052
65 24133
65 24148
65 24165
65 24167
65 24211
65 24336
65 24441
65 24531
65 24714
65 24824
65 24839
65 24927
65 24928
65 24977
65 24989
65 25047
65 25165
65 25197
65 25243
65 25279
65 25288
65 25318
65 25461
65 25541
65 25613
65 25661
65 25817
65 25877
65 25930
65 25976
65 26004
65 26100
65 26124
65 26146
65 26151
65 26180
65 26215
65 26217
65 26224
65 26237
65 26358
65 26400
65 26488
65 26495
65 26609
65 26631
65 26661
65 26662
65 26721
65 26778
65 26783
65 26854
65 26890
65 26942
65 27048
65 27125
65 27135
65 27137
65 27142
65 27152
65 27164
65 27173
65 27238
65 27239
65 27248
65 27289
65 27394
65 27441
65 27470
65 27517
65 27534
65 27585
65 27613
65 27665
65 27695
65 27773
65 27776
65 27794
65 27855
65 27908
65 27923
65 27929
65 27998
65 28005
65 28037
65 28140
65 28193
65 28203
65 28253
65 28256
65 28437
65 28535
65 28672
65 28741
65 28914
65 28927
65 29018
65 29052
65 29162
65 29206
65 29213
65 29260
65 29446
65 29515
65 29517
65 29577
65 29652
65 29744
65 29873
65 29915
65 29997
65 30048
65 30049
65 30069
65 30091
65 30203
65 30264
65 30334
65 30394
65 30474
65 30482
65 30509
65 31028
65 31157
65 31176
65 31322
65 31387
65 31434
65 31435
65 31463
65 31464
65 31571
65 31627
65 31750
65 31769
65 31841
65 31875
65 32096
65 32172
65 32194
65 32202
65 32306
65 32329
65 32430
65 32723
65 32809
65 32961
65 33063
65 33085
65 33253
65 33303
65 33364
65 33387
65 33447
65 33471
65 33476
65 33509
65 33544
65 33568
65 33629
65 33641
65 33660
65 33679
65 33682
65 33716
65 33848
65 33926
65 33966
65 34029
65 34043
65 34044
65 34049
65 34074
65 34203
65 34297
65 34320
65 34390
65 34557
65 34605
65 34677
65 34760
65 34854
65 34862
65 34864
65 34892
65 34918
65 35010
65 35019
65 35053
65 35156
65 35186
65 35192
65 35224
65 35305
65 35306
65 35331
65 35354
65 35386
65 35417
65 35426
65 35585
65 35659
65 35680
65 35739
65 35775
65 35940
65 36151
65 36168
65 36222
65 36282
65 36304
65 36335
65 36346
65 36421
65 36428
65 36450
65 36452
65 36518
65 36522
65 36540
65 36642
65 36726
65 36728
65 36732
65 37025
65 37043
65 37092
65 37243
65 37261
65 37384
65 37550
65 37627
65 37660
65 37661
65 37662
65 37733
65 37942
65 38039
65 38125
65 38137
65 38153
65 38162
65 38180
65 38240
65 38253
65 38279
65 38338
65 38428
65 38432
65 38495
65 38565
65 38604
65 38673
65 38780
65 38871
65 38908
65 38961
65 39006
65 39032
65 39037
65 39055
65 39087
65 39089
65 39147
65 39166
65 39207
65 39218
65 39370
65 39375
65 39383
65 39400
65 39446
65 39524
65 39551
65 39596
65 39719
65 39787
65 39838
65 39912
65 39926
65 39936
65 39944
65 39953
65 39960
65 40028
65 40055
65 40078
65 40092
65 40173
65 40209
65 40234
65 40325
65 40360
65 40490
65 40496
65 40561
65 40570
65 40635
65 40643
65 40676
65 40682
65 40710
65 40899
65 41058
65 41110
65 41158
65 41162
65 41222
65 41233
65 41297
65 41318
65 41340
65 41383
65 41446
65 41497
65 41509
65 41532
65 41601
65 41605
65 41632
65 41652
65 41662
65 41742
65 41803
65 41858
65 41976
65 42011
65 42035
54 23549
54 23668
54 23669
54 23689
54 23721
54 23726
54 23783
54 23839
54 24095
54 24164
54 24169
54 24212
54 24229
54 24311
54 24324
54 24362
54 24402
54 24440
54 24483
54 24747
54 24759
54 24782
54 24807
54 24892
54 24901
54 24927
54 24932
54 25129
54 25133
54 25157
54 25171
54 25309
54 25373
54 25424
54 25552
54 25600
54 25684
54 25706
54 25829
54 25841
54 25843
54 25845
54 25911
54 25949
54 25952
54 26147
54 26156
54 26173
54 26235
54 26269
54 26287
54 26304
54 26308
54 26315
54 26333
54 26367
54 26397
54 26437
54 26468
54 26629
54 26663
54 26719
54 26735
54 26897
54 27013
54 27102
54 27172
54 27328
54 27362
54 27398
54 27429
54 27460
54 27498
54 27544
54 27584
54 27598
54 27661
54 27701
54 27710
54 27735
54 27823
54 27898
54 27991
54 28092
54 28130
54 28211
54 28308
54 28319
54 28355
54 28633
54 28655
54 28675
54 28733
54 28811
54 28988
54 29072
54 29115
54 29160
54 29172
54 29196
54 29254
54 29268
54 29293
54 29337
54 29347
54 29397
54 29437
54 29451
54 29479
54 29482
54 29605
54 29640
54 29682
54 29724
54 30082
54 30142
54 30266
54 30273
54 30279
54 30299
54 30390
54 30460
54 30513
54 30519
54 30683
54 30839
54 30840
54 30849
54 30858
54 30890
54 30933
54 30939
54 30948
54 31079
54 31112
54 31290
54 31378
54 31563
54 31575
54 31782
54 31802
54 31912
54 31916
54 31922
54 32005
54 32055
54 32077
54 32105
54 32108
54 32169
54 32224
54 32302
54 32370
54 32407
54 32411
54 32423
54 32435
54 32450
54 32471
54 32482
54 32492
54 32511
54 32554
54 32856
54 32861
54 32920
54 32972
54 33035
54 33055
54 33079
54 33085
54 33122
54 33162
54 33230
54 33252
54 33253
54 33273
54 33346
54 33347
54 33374
54 33453
54 33478
54 33705
54 33772
54 33795
54 33798
54 33889
54 34048
54 34127
54 34246
54 34256
54 34302
54 34388
54 34485
54 34609
54 34753
54 34754
54 34766
54 34787
54 34923
54 34983
54 34985
54 34992
54 35018
54 35029
54 35037
54 35091
54 35094
54 35189
54 35333
54 35367
54 35409
54 35484
54 35562
54 35603
54 35635
54 35851
54 35870
54 35875
54 35908
54 35977
54 36047
54 36093
54 36233
54 36341
54 36359
54 36371
54 36413
54 36485
54 36565
54 36613
54 36615
54 36723
54 36735
54 36880
54 36922
54 37117
54 37176
54 37228
54 37363
54 37375
54 37390
54 37422
54 37554
54 37581
54 37605
54 37633
54 37904
54 38014
54 38101
54 38111
54 38134
54 38248
54 38252
54 38350
54 38428
54 38458
54 38467
54 38471
54 38489
54 38553
54 38620
54 38664
54 38680
54 38686
54 38746
54 38759
54 38834
54 38839
54 38904
54 38908
54 38927
54 39011
54 39037
54 39075
54 39501
54 39540
54 39676
54 39703
54 39718
54 39734
54 39735
54 39745
54 39824
54 39850
54 39906
54 39962
54 40099
54 40369
54 40386
54 40438
54 40481
54 40521
54 40528
54 40530
54 40561
54 40585
54 40634
54 40670
54 40943
54 40950
54 40970
54 41083
54 41091
54 41094
54 41105
54 41151
54 41221
54 41253
54 41361
54 41363
54 41364
54 41474
54 41501
54 41606
54 41684
54 41692
54 41754
54 41856
54 41861
54 41870
54 41899
54 41956
54 41971
54 42064
54 42201
54 42209
54 42214
54 42281
54 42447
54 42498
54 42546
54 42732
54 42748
54 42769
54 42784
54 42790
54 42818
54 42925
54 43107
54 43156
54 43295
54 43300
54 43367
54 43455
54 43630
54 43757
54 43765
54 43844
54 43862
54 43881
54 44141
54 44248
54 44420
54 44422
54 44459
54 44653
54 44723
54 44782
54 44810
54 44977
54 44990
54 45158
54 45165
54 45223
54 45224
54 45300
54 45312
54 45351
54 45363
54 45365
54 45475
54 45483
54 45514
54 45549
54 45672
54 45706
54 45729
54 45847
54 45938
54 45980
54 45994
54 46038
54 46213
54 46312
54 46341
54 46460
54 46482
54 46572
54 46639
54 46641
54 46750
54 46763
54 46802
54 46828
54 46875
54 46903
54 47027
54 47064
54 47077
54 47082
54 47112
54 47127
54 47209
54 47228
54 47368
54 47416
54 47469
54 47480
56 24287
56 24341
56 24364
56 24479
56 24510
56 24539
56 24560
56 24576
56 24579
56 24661
56 24793
56 24855
56 24856
56 24857
56 24922
56 25086
56 25196
56 25215
56 25358
56 25391
56 25533
56 25659
56 25669
56 25682
56 25717
56 25780
56 25789
56 25881
56 25890
56 25981
56 26016
56 26062
56 26193
56 26252
56 26325
56 26374
56 26434
56 26449
56 26543
56 26550
56 26561
56 26689
56 26741
56 26865
56 26869
56 26880
56 26941
56 26943
56 26961
56 27020
56 27115
56 27224
56 27244
56 27253
56 27261
56 27327
56 27465
56 27508
56 27519
56 27582
56 27603
56 27625
56 27669
56 27703
56 27727
56 27737
56 27762
56 27838
56 27849
56 27928
56 28311
56 28333
56 28366
56 28418
56 28651
56 28666
56 28833
56 28841
56 28956
56 29022
56 29091
56 29206
56 29256
56 29271
56 29363
56 29365
56 29452
56 29476
56 29559
56 29711
56 29742
56 29749
56 29792
56 29797
56 29814
56 29824
56 29834
56 29850
56 29860
56 29904
56 29928
56 30134
56 30152
56 30269
56 30440
56 30454
56 30498
56 30554
56 30569
56 30575
56 30640
56 30668
56 30737
56 30869
56 30970
56 30990
56 31058
56 31072
56 31081
56 31088
56 31146
56 31151
56 31230
56 31240
56 31372
56 31383
56 31419
56 31441
56 31466
56 31494
56 31695
56 31820
56 31830
56 31858
56 31897
56 31968
56 31970
56 32037
56 32098
56 32136
56 32156
56 32172
56 32296
56 32343
56 32523
56 32566
56 32667
56 32695
56 32704
56 32709
56 32712
56 32782
56 32821
56 32858
56 32884
56 32954
56 33041
56 33042
56 33073
56 33094
56 33153
56 33164
56 33202
56 33244
56 33291
56 33317
56 33360
56 33459
56 33532
56 33687
56 33802
56 33950
56 34060
56 34089
56 34100
56 34126
56 34158
56 34175
56 34218
56 34220
56 34254
56 34336
56 34338
56 34342
56 34460
56 34542
56 34597
56 34700
56 34780
56 34787
56 34825
56 34858
56 34865
56 34866
56 34943
56 34965
56 34969
56 34988
56 35029
56 35091
56 35101
56 35113
56 35126
56 35167
56 35242
56 35244
56 35287
56 35368
56 35543
56 35670
56 35672
56 35776
56 35822
56 35840
56 36031
56 36037
56 36069
56 36118
56 36155
56 36171
56 36189
56 36219
56 36254
56 36272
56 36273
56 36325
56 36376
56 36420
56 36441
56 36486
56 36507
56 36534
56 36629
56 36635
56 36664
56 36760
56 36846
56 36874
56 36891
56 37106
56 37180
56 37269
56 37290
56 37392
56 37523
56 37583
56 37601
56 37608
56 37752
56 37909
56 37915
56 38314
56 38498
56 38521
56 38528
56 38552
56 38581
56 38614
56 38619
56 38741
56 38773
56 38792
56 38849
56 38963
56 39008
56 39019
56 39049
56 39125
56 39139
56 39220
56 39242
56 39299
56 39338
56 39404
56 39489
56 39525
56 39571
56 39659
56 39747
56 39749
56 39752
56 39778
56 39825
56 39904
56 39932
56 39960
56 39970
56 40076
56 40108
56 40136
56 40206
56 40216
56 40373
56 40533
56 40540
56 40643
56 40650
56 40698
56 40783
56 40793
56 40920
56 41002
56 41016
56 41171
56 41313
56 41324
56 41326
56 41335
56 41369
56 41395
56 41427
56 41597
56 41658
56 41677
56 41784
56 41805
56 41894
56 41931
56 41980
56 42088
56 42196
56 42255
56 42364
56 42392
56 42418
56 42453
56 42461
56 42508
56 42560
56 42567
56 42581
56 42598
56 42735
56 42829
56 42839
56 42886
56 42924
56 42986
56 42996
56 43067
56 43072
56 43095
56 43113
56 43220
56 43234
56 43288
56 43315
56 43475
56 43777
56 43931
56 43943
56 43977
56 44075
56 44180
56 44237
56 44407
56 44443
56 44491
56 44529
56 44547
56 44568
56 44726
56 44757
56 44815
56 44962
56 45032
56 45105
56 45132
56 45224
56 45234
56 45236
56 45243
56 45263
56 45288
56 45292
56 45362
56 45443
56 45453
56 45652
56 45687
56 45691
56 45694
56 45704
56 45718
56 45865
56 45923
56 45984
56 46006
56 46031
56 46056
56 46094
56 46135
56 46265
56 46344
56 46447
56 46503
56 46519
56 46535
56 46555
56 46570
56 46813
56 46891
56 46905
56 47287
56 47466
56 47597
56 47624
56 47699
56 47700
56 47800
56 47814
56 47837
56 47878
56 47884
56 47926
56 47967
56 47992
56 47997
56 48034
56 48174
56 48222
56 48248
56 48268
56 48273
56 48335
56 48342
56 48442
56 48450
56 48659
56 48692
56 48833
52 24370
52 24425
52 24661
52 24759
52 24791
52 24859
52 24960
52 24989
52 25081
52 25165
52 25210
52 25251
52 25268
52 25317
52 25326
52 25482
52 25584
52 25589
52 25659
52 25716
52 25717
52 25750
52 25911
52 26171
52 26267
52 26287
52 26449
52 26461
52 26478
52 26485
52 26509
52 26620
52 26630
52 26644
52 26785
52 26961
52 26984
52 27079
52 27095
52 27104
52 27135
52 27272
52 27278
52 27297
52 27405
52 27571
52 27589
52 27687
52 27867
52 28037
52 28179
52 28342
52 28429
52 28468
52 28474
52 28486
52 28611
52 28619
52 28655
52 28815
52 28890
52 28947
52 28951
52 29040
52 29058
52 29286
52 29299
52 29327
52 29370
52 29487
52 29491
52 29846
52 29872
52 29917
52 29929
52 30035
52 30096
52 30111
52 30172
52 30238
52 30249
52 30257
52 30391
52 30452
52 30497
52 30694
52 30698
52 30755
52 30770
52 30814
52 30907
52 30951
52 30953
52 31109
52 31136
52 31224
52 31320
52 31322
52 31327
52 31471
52 31475
52 31535
52 31555
52 31575
52 31617
52 31633
52 31744
52 31757
52 31775
52 31871
52 31893
52 32088
52 32127
52 32198
52 32310
52 32373
52 32473
52 32478
52 32504
52 32550
52 32562
52 32585
52 32669
52 32768
52 32780
52 32834
52 32864
52 32890
52 32970
52 32993
52 33000
52 33003
52 33004
52 33081
52 33088
52 33164
52 33251
52 33282
52 33399
52 33407
52 33455
52 33457
52 33544
52 33668
52 33731
52 33741
52 33821
52 33866
52 33925
52 33950
52 33999
52 34093
52 34120
52 34156
52 34218
52 34290
52 34297
52 34324
52 34509
52 34586
52 34604
52 34674
52 34764
52 34847
52 34855
52 34938
52 34976
52 35155
52 35285
52 35305
52 35384
52 35397
52 35416
52 35471
52 35474
52 35509
52 35550
52 35562
52 35627
52 35784
52 35788
52 35817
52 35890
52 35893
52 35940
52 35998
52 36012
52 36216
52 36225
52 36242
52 36303
52 36345
52 36387
52 36442
52 36577
52 36642
52 36707
52 36782
52 36863
52 36876
52 36970
52 36981
52 36991
52 37120
52 37175
52 37244
52 37278
52 37310
52 37362
52 37399
52 37408
52 37478
52 37504
52 37562
52 37568
52 37590
52 37678
52 37743
52 37810
52 37890
52 37922
52 37926
52 37938
52 38062
52 38111
52 38161
52 38162
52 38182
52 38231
52 38233
52 38242
52 38268
52 38279
52 38282
52 38372
52 38393
52 38429
52 38513
52 38522
52 38553
52 38640
52 38643
52 38680
52 38684
52 38715
52 38790
52 38833
52 39014
52 39175
52 39239
52 39258
52 39274
52 39336
52 39383
52 39408
52 39667
52 39670
52 39681
52 39685
52 39716
52 39717
52 39738
52 39741
52 39795
52 39818
52 39899
52 40040
52 40047
52 40073
52 40100
52 40185
52 40226
52 40315
52 40347
52 40556
52 40599
52 40607
52 40712
52 40736
52 40809
52 40830
52 40872
52 40895
52 41048
52 41056
52 41098
52 41134
52 41158
52 41180
52 41382
52 41391
52 41406
52 41437
52 41496
52 41534
52 41541
52 41631
52 41660
52 41688
52 41717
52 41840
52 41866
52 41896
52 41919
52 41946
52 41956
52 41997
52 42020
52 42125
52 42188
52 42197
52 42213
52 42314
52 42508
52 42574
52 42663
52 42670
52 42749
52 42768
52 42828
52 42950
52 42965
52 43031
52 43048
52 43058
52 43102
52 43104
52 43163
52 43196
52 43207
52 43267
52 43280
52 43305
52 43314
52 43356
52 43443
52 43512
52 43513
52 43535
52 43580
52 43793
52 44736
52 44772
52 44823
52 44837
52 44868
52 44936
52 44967
52 45040
52 45100
52 45136
52 45181
52 45261
52 45262
52 45309
52 45327
52 45329
52 45358
52 45423
52 45480
52 45491
52 45623
52 45729
52 45758
52 45762
52 45790
52 45939
52 45940
52 45989
52 45993
52 46074
52 46081
52 46101
52 46109
52 46128
52 46175
52 46198
52 46200
52 46214
52 46242
52 46287
52 46354
52 46412
52 46420
52 46499
52 46514
52 46526
52 46556
52 46565
52 46611
52 46655
52 46662
52 46718
52 46763
52 46811
52 46941
52 46967
52 46986
52 47003
52 47189
52 47194
52 47290
52 47355
52 47391
52 47427
52 47492
52 47502
52 47567
52 47644
52 47714
52 47722
52 47766
52 47767
52 47770
52 47792
52 47798
52 47854
52 47932
52 47942
52 47960
52 48023
52 48106
52 48109
52 48136
52 48182
52 48281
52 48362
52 48371
52 48378
52 48386
52 48392
52 48593
52 48836
52 48966
52 48984
52 48985
52 49054
52 49140
52 49141
52 49227
52 49242
52 49276
52 49388
52 49417
49 22233
49 22237
49 22259
49 22267
49 22281
49 22299
49 22374
49 22387
49 22414
49 22507
49 22546
49 22564
49 22568
49 22616
49 22620
49 22625
49 22643
49 22668
49 22781
49 22854
49 22993
49 23020
49 23066
49 23186
49 23207
49 23240
49 23284
49 23415
49 23418
49 23452
49 23466
49 23467
49 23503
49 23507
49 23518
49 23522
49 23533
49 23576
49 23766
49 23768
49 23847
49 23969
49 24000
49 24024
49 24100
49 24170
49 24185
49 24202
49 24233
49 24254
49 24285
49 24311
49 24371
49 24374
49 24378
49 24452
49 24454
49 24552
49 24578
49 24623
49 24660
49 24682
49 24737
49 24846
49 24879
49 24910
49 24959
49 24967
49 25017
49 25130
49 25132
49 25207
49 25329
49 25434
49 25621
49 25678
49 25699
49 25894
49 25914
49 25918
49 25941
49 25947
49 25948
49 26026
49 26048
49 26087
49 26113
49 26194
49 26331
49 26362
49 26466
49 26535
49 26563
49 26657
49 26702
49 26708
49 26732
49 26746
49 26798
49 26801
49 26985
49 27014
49 27184
49 27221
49 27242
49 27251
49 27260
49 27292
49 27473
49 27537
49 27571
49 27613
49 27615
49 27670
49 27728
49 27904
49 27910
49 27934
49 27990
49 28007
49 28013
49 28221
49 28235
49 28257
49 28302
49 28341
49 28396
49 28437
49 28448
49 28459
49 28460
49 28501
49 28532
49 28616
49 28640
49 28948
49 28970
49 29225
49 29247
49 29303
49 29343
49 29366
49 29411
49 29415
49 29439
49 29444
49 29467
49 29473
49 29490
49 29501
49 29538
49 29549
49 29581
49 29601
49 29611
49 29626
49 29685
49 29686
49 29740
49 29841
49 29865
49 29874
49 29928
49 29978
49 30081
49 30128
49 30132
49 30197
49 30215
49 30331
49 30382
49 30436
49 30510
49 30514
49 30549
49 30625
49 30724
49 30972
49 31077
49 31089
49 31119
49 31284
49 31326
49 31341
49 31372
49 31420
49 31543
49 31550
49 31591
49 31767
49 31793
49 31987
49 32041
49 32056
49 32068
49 32083
49 32112
49 32139
49 32148
49 32160
49 32161
49 32204
49 32230
49 32250
49 32276
49 32367
49 32372
49 32556
49 32564
49 32604
49 32628
49 32702
49 32791
49 32835
49 32908
49 32920
49 32943
49 33031
49 33153
49 33169
49 33252
49 33293
49 33294
49 33369
49 33383
49 33481
49 33501
49 33628
49 33669
49 33697
49 33701
49 33834
49 33845
49 33928
49 33931
49 33955
49 33979
49 34037
49 34135
49 34353
49 34369
49 34413
49 34553
49 34589
49 34637
49 34672
49 34717
49 34724
49 34750
49 34865
49 34894
49 34914
49 34995
49 35077
49 35088
49 35096
49 35156
49 35170
49 35175
49 35194
49 35199
49 35357
49 35387
49 35433
49 35465
49 35492
49 35514
49 35609
49 35615
49 35624
49 35688
49 35715
49 35784
49 35823
49 35916
49 35935
49 35959
49 35964
49 36029
49 36034
49 36065
49 36265
49 36267
49 36344
49 36372
49 36399
49 36425
49 36606
49 36629
49 36661
49 36685
49 36808
49 36839
49 36858
49 37074
49 37130
49 37177
49 37262
49 37275
49 37321
49 37493
49 37508
49 37533
49 37559
49 37584
49 37603
49 37615
49 37681
49 37707
49 37728
49 37871
49 37891
49 37893
49 37964
49 37971
49 38040
49 38060
49 38067
49 38165
49 38348
49 38383
49 38474
49 38505
49 38519
49 38747
49 38751
49 38771
49 38838
49 38901
49 38903
49 38961
49 38969
49 38981
49 39023
49 39044
49 39053
49 39128
49 39220
49 39308
49 39351
49 39373
49 39443
49 39509
49 39547
49 39581
49 39672
49 39683
49 39902
49 39916
49 39919
49 39936
49 39945
49 40008
49 40064
49 40107
49 40135
49 40146
49 40198
49 40213
49 40223
49 40337
49 40340
49 40409
49 40423
49 40447
49 40545
49 40637
49 40870
49 40889
49 40895
49 40947
49 40974
49 41068
49 41274
49 41334
49 41430
49 41441
49 41449
49 41476
49 41485
49 41486
49 41740
49 41745
49 41770
49 41819
49 41846
49 41980
49 42016
49 42118
49 42176
49 42414
49 42416
49 42440
49 42479
49 42513
49 42562
49 42583
49 42596
49 42608
49 42621
49 42649
49 42715
49 42770
49 42772
49 42798
49 42809
49 42847
49 42883
49 42893
49 42922
49 42992
49 43001
49 43005
49 43023
49 43038
49 43094
49 43137
49 43219
49 43239
49 43307
49 43373
49 43454
49 43487
49 43522
49 43530
49 43680
49 43780
49 43935
49 43962
49 43979
49 44006
59 24960
59 24979
59 25089
59 25104
59 25202
59 25313
59 25333
59 25394
59 25460
59 25667
59 25950
59 25972
59 26012
59 26033
59 26162
59 26210
59 26214
59 26306
59 26360
59 26369
59 26377
59 26435
59 26592
59 26665
59 26724
59 26725
59 26772
59 26865
59 26888
59 26921
59 26942
59 26943
59 27036
59 27041
59 27183
59 27212
59 27301
59 27308
59 27342
59 27446
59 27468
59 27501
59 27547
59 27607
59 27687
59 27758
59 27878
59 27975
59 28024
59 28044
59 28046
59 28213
59 28276
59 28404
59 28440
59 28466
59 28468
59 28475
59 28479
59 28763
59 28786
59 28820
59 28821
59 28881
59 28964
59 29025
59 29109
59 29127
59 29178
59 29223
59 29273
59 29289
59 29303
59 29316
59 29329
59 29362
59 29369
59 29386
59 29419
59 29432
59 29456
59 29521
59 29571
59 29598
59 29629
59 29645
59 29690
59 29751
59 29764
59 29850
59 29944
59 29957
59 29965
59 30023
59 30091
59 30120
59 30139
59 30141
59 30164
59 30187
59 30377
59 30427
59 30522
59 30537
59 30543
59 30686
59 30694
59 30735
59 30768
59 30842
59 30921
59 31057
59 31072
59 31243
59 31320
59 31562
59 31649
59 31666
59 31753
59 31974
59 32059
59 32083
59 32130
59 32157
59 32191
59 32234
59 32242
59 32348
59 32573
59 32605
59 32680
59 32740
59 32838
59 32846
59 32868
59 32932
59 32996
59 33017
59 33051
59 33067
59 33100
59 33137
59 33280
59 33449
59 33560
59 33585
59 33657
59 33717
59 33755
59 33761
59 33769
59 33785
59 33837
59 33873
59 33915
59 33970
59 34071
59 34073
59 34074
59 34101
59 34126
59 34149
59 34153
59 34168
59 34183
59 34226
59 34265
59 34299
59 34301
59 34344
59 34357
59 34374
59 34378
59 34540
59 34559
59 34588
59 34612
59 34694
59 34786
59 34839
59 35016
59 35102
59 35115
59 35147
59 35311
59 35331
59 35429
59 35644
59 35687
59 35766
59 35786
59 35851
59 35872
59 35882
59 35889
59 36016
59 36075
59 36294
59 36302
59 36367
59 36488
59 36531
59 36532
59 36540
59 36541
59 36605
59 36620
59 36668
59 36706
59 36748
59 36781
59 36803
59 36816
59 36969
59 37169
59 37218
59 37220
59 37242
59 37298
59 37386
59 37430
59 37526
59 37588
59 37627
59 37640
59 37657
59 37789
59 37807
59 37851
59 37893
59 38143
59 38156
59 38169
59 38226
59 38287
59 38389
59 38534
59 38734
59 38742
59 38746
59 38777
59 38841
59 39022
59 39100
59 39144
59 39241
59 39282
59 39287
59 39474
59 39484
59 39505
59 39544
59 39608
59 39647
59 39770
59 39776
59 39841
59 39880
59 39929
59 39941
59 39962
59 40026
59 40086
59 40092
59 40111
59 40156
59 40176
59 40191
59 40225
59 40226
59 40248
59 40313
59 40475
59 40504
59 40557
59 40571
59 40572
59 40575
59 40764
59 40813
59 40833
59 40921
59 40960
59 41027
59 41032
59 41059
59 41249
59 41409
59 41524
59 41621
59 41627
59 41729
59 41823
59 41911
59 41930
59 41931
59 41998
59 42016
59 42035
59 42049
59 42205
59 42294
59 42322
59 42406
59 42410
59 42419
59 42489
59 42509
59 42761
59 42772
59 42877
59 43098
59 43184
59 43282
59 43296
59 43313
59 43418
59 43698
59 43722
59 43765
59 43776
59 43938
59 44100
59 44136
59 44177
59 44349
59 44362
59 44373
59 44378
59 44414
59 44448
59 44577
59 44617
59 44677
59 44692
59 44748
59 44768
59 44827
59 44856
59 44930
59 44938
59 44964
59 45035
59 45095
59 45172
59 45195
59 45334
59 45426
59 45469
59 45478
59 45494
59 45509
59 45637
59 45745
59 45752
59 45758
59 45759
59 45767
59 46128
59 46157
59 46190
59 46235
59 46253
59 46432
59 46458
59 46538
59 46634
59 46689
59 46748
59 46750
59 46769
59 46776
59 46831
59 46893
59 46918
59 46946
59 47114
59 47240
59 47304
59 47344
59 47364
59 47460
59 47517
59 47534
59 47633
59 47752
59 47780
59 47881
59 47887
59 47902
59 48076
59 48120
59 48200
59 48264
59 48278
59 48312
59 48355
59 48356
59 48464
59 48556
59 48585
59 48595
59 48667
59 48713
59 48720
59 48786
59 48942
59 48945
59 49156
59 49183
59 49247
59 49262
59 49276
59 49513
59 49556
59 49578
59 49604
59 49607
59 49620
59 49669
59 49717
59 49736
59 49752
59 49765
59 49820
59 49868
59 49895
59 49922
59 49934
59 49945
59 50093
59 50099
51 24294
51 24317
51 24394
51 24436
51 24479
51 24521
51 24528
51 24563
51 24574
51 24671
51 24709
51 24725
51 24730
51 24900
51 24928
51 24986
51 25029
51 25047
51 25096
51 25141
51 25179
51 25192
51 25212
51 25251
51 25282
51 25457
51 25534
51 25574
51 25608
51 25629
51 25763
51 25847
51 25903
51 26046
51 26241
51 26249
51 26300
51 26494
51 26539
51 26672
51 26688
51 26726
51 26774
51 26854
51 26900
51 26970
51 27055
51 27150
51 27287
51 27315
51 27321
51 27349
51 27402
51 27562
51 27615
51 27654
51 27772
51 27780
51 27828
51 27894
51 27907
51 28018
51 28086
51 28121
51 28130
51 28149
51 28224
51 28279
51 28310
51 28405
51 28423
51 28461
51 28534
51 28596
51 28608
51 28648
51 28808
51 28821
51 28882
51 29005
51 29036
51 29085
51 29100
51 29239
51 29361
51 29422
51 29537
51 29742
51 29755
51 29765
51 29821
51 29942
51 29984
51 30002
51 30037
51 30068
51 30081
51 30088
51 30112
51 30149
51 30196
51 30258
51 30261
51 30346
51 30373
51 30450
51 30506
51 30535
51 30574
51 30577
51 30641
51 30642
51 30667
51 30830
51 30846
51 30876
51 30916
51 30987
51 30992
51 31004
51 31010
51 31041
51 31048
51 31050
51 31074
51 31128
51 31165
51 31219
51 31240
51 31380
51 31422
51 31430
51 31478
51 31672
51 31709
51 31759
51 31777
51 31918
51 32034
51 32047
51 32048
51 32083
51 32107
51 32123
51 32142
51 32213
51 32283
51 32336
51 32353
51 32363
51 32370
51 32415
51 32440
51 32442
51 32554
51 32582
51 32636
51 32654
51 32660
51 32758
51 32813
51 32917
51 32946
51 33228
51 33333
51 33341
51 33360
51 33363
51 33425
51 33428
51 33475
51 33559
51 33642
51 33645
51 33671
51 33740
51 33748
51 33770
51 33804
51 33809
51 33918
51 33926
51 33984
51 34081
51 34101
51 34109
51 34133
51 34306
51 34363
51 34386
51 34448
51 34548
51 34570
51 34640
51 34666
51 34785
51 34884
51 34920
51 35048
51 35050
51 35113
51 35208
51 35249
51 35358
51 35386
51 35530
51 35534
51 35594
51 35601
51 35602
51 35623
51 35723
51 35731
51 35925
51 35938
51 35975
51 36150
51 36200
51 36337
51 36375
51 36468
51 36490
51 36560
51 36660
51 36953
51 36963
51 36981
51 37159
51 37179
51 37217
51 37256
51 37277
51 37344
51 37374
51 37404
51 37429
51 37540
51 37588
51 37632
51 37687
51 37772
51 37802
51 37852
51 37885
51 37940
51 37949
51 37971
51 37990
51 38079
51 38174
51 38345
51 38398
51 38402
51 38434
51 38448
51 38612
51 38620
51 38700
51 38728
51 38806
51 38821
51 38866
51 38871
51 38921
51 38975
51 38989
51 39045
51 39086
51 39229
51 39269
51 39309
51 39322
51 39399
51 39413
51 39428
51 39496
51 39578
51 39616
51 39623
51 39642
51 39656
51 39708
51 39787
51 39916
51 39961
51 39974
51 39980
51 40012
51 40201
51 40224
51 40235
51 40265
51 40282
51 40319
51 40432
51 40484
51 40506
51 40570
51 40595
51 40609
51 40684
51 40883
51 40915
51 40956
51 40974
51 40976
51 40990
51 41030
51 41067
51 41076
51 41089
51 41101
51 41111
51 41236
51 41276
51 41285
51 41323
51 41387
51 41424
51 41465
51 41534
51 41577
51 41590
51 41748
51 41876
51 41890
51 41924
51 42030
51 42046
51 42077
51 42102
51 42121
51 42163
51 42196
51 42225
51 42231
51 42257
51 42278
51 42282
51 42287
51 42327
51 42414
51 42451
51 42463
51 42474
51 42501
51 42530
51 42551
51 42595
51 42623
51 42677
51 42700
51 42791
51 42794
51 42811
51 42826
51 42849
51 42865
51 42876
51 42894
51 42961
51 43001
51 43043
51 43074
51 43106
51 43128
51 43162
51 43222
51 43241
51 43370
51 43472
51 43614
51 43714
51 43747
51 43831
51 43875
51 43907
51 43910
51 43929
51 43976
51 44020
51 44046
51 44068
51 44092
51 44145
51 44309
51 44399
51 44482
51 44732
51 44831
51 44886
51 44909
51 45021
51 45352
51 45414
51 45422
51 45431
51 45488
51 45505
51 45506
51 45599
51 45635
51 45701
51 45712
51 45867
51 45897
51 45949
51 45973
51 45993
51 46147
51 46212
51 46238
51 46246
51 46269
51 46314
51 46368
51 46424
51 46455
51 46596
51 46618
51 46748
51 46763
51 46964
51 47021
51 47078
51 47236
51 47307
51 47319
51 47395
51 47414
51 47486
51 47537
51 47595
51 47609
51 47629
51 47654
51 47699
51 47717
51 47788
51 47811
55 24143
55 24145
55 24162
55 24173
55 24262
55 24304
55 24357
55 24412
55 24684
55 24711
55 24723
55 24821
55 24874
55 25044
55 25063
55 25083
55 25095
55 25153
55 25155
55 25166
55 25244
55 25255
55 25333
55 25415
55 25469
55 25472
55 25519
55 25532
55 25788
55 25843
55 25954
55 25965
55 25968
55 26026
55 26045
55 26140
55 26349
55 26363
55 26386
55 26463
55 26472
55 26480
55 26516
55 26529
55 26716
55 26718
55 26855
55 27012
55 27077
55 27223
55 27270
55 27279
55 27289
55 27381
55 27385
55 27390
55 27418
55 27498
55 27499
55 27521
55 27588
55 27643
55 27656
55 27760
55 27777
55 27780
55 27794
55 27861
55 27890
55 27981
55 27986
55 27995
55 27999
55 28060
55 28083
55 28216
55 28232
55 28247
55 28273
55 28334
55 28345
55 28395
55 28433
55 28472
55 28473
55 28528
55 28576
55 28594
55 28646
55 28747
55 28757
55 28766
55 28794
55 28876
55 28932
55 28942
55 29083
55 29145
55 29198
55 29330
55 29410
55 29449
55 29453
55 29511
55 29517
55 29560
55 29569
55 29653
55 29694
55 29713
55 29800
55 29805
55 29859
55 30012
55 30077
55 30256
55 30336
55 30424
55 30454
55 30457
55 30562
55 30582
55 30680
55 30736
55 30843
55 30854
55 31035
55 31373
55 31428
55 31476
55 31489
55 31537
55 31610
55 31616
55 31623
55 31627
55 31739
55 31957
55 32060
55 32083
55 32101
55 32113
55 32189
55 32284
55 32388
55 32764
55 32769
55 32808
55 32847
55 33048
55 33124
55 33168
55 33201
55 33246
55 33292
55 33316
55 33317
55 33354
55 33416
55 33475
55 33846
55 33870
55 33890
55 33917
55 34035
55 34061
55 34152
55 34202
55 34286
55 34308
55 34340
55 34592
55 34658
55 34676
55 34725
55 34760
55 34885
55 34957
55 34964
55 34986
55 35082
55 35096
55 35115
55 35136
55 35259
55 35346
55 35446
55 35521
55 35530
55 35537
55 35546
55 35557
55 35586
55 35591
55 35658
55 35665
55 35666
55 35669
55 35672
55 35838
55 35967
55 35978
55 36004
55 36016
55 36065
55 36137
55 36225
55 36389
55 36399
55 36417
55 36439
55 36497
55 36547
55 36692
55 36749
55 36761
55 36927
55 36979
55 37003
55 37192
55 37325
55 37420
55 37429
55 37444
55 37480
55 37521
55 37533
55 37617
55 37643
55 37877
55 37905
55 37921
55 37922
55 37932
55 37938
55 38058
55 38119
55 38148
55 38230
55 38242
55 38258
55 38368
55 38401
55 38415
55 38442
55 38454
55 38476
55 38638
55 38728
55 38775
55 38806
55 38820
55 38860
55 38863
55 38881
55 38950
55 38987
55 39038
55 39131
55 39191
55 39323
55 39363
55 39376
55 39403
55 39423
55 39424
55 39473
55 39488
55 39496
55 39589
55 39603
55 39631
55 39735
55 39896
55 39908
55 39956
55 40001
55 40018
55 40048
55 40166
55 40294
55 40318
55 40344
55 40393
55 40606
55 40650
55 40723
55 40751
55 40902
55 40951
55 40952
55 41084
55 41098
55 41103
55 41213
55 41301
55 41303
55 41319
55 41432
55 41472
55 41474
55 41507
55 41566
55 41582
55 41755
55 41792
55 41843
55 41863
55 41865
55 41898
55 41908
55 41993
55 42023
55 42027
55 42038
55 42085
55 42106
55 42125
55 42170
55 42300
55 42322
55 42326
55 42375
55 42474
55 42480
55 42508
55 42562
55 42595
55 42617
55 42710
55 42773
55 42781
55 42790
55 42805
55 42892
55 42987
55 43007
55 43156
55 43235
55 43253
55 43541
55 43576
55 43579
55 43663
55 43674
55 43694
55 43760
55 43783
55 43871
55 43966
55 44045
55 44126
55 44360
55 44405
55 44470
55 44590
55 44610
55 44627
55 44630
55 44703
55 44787
55 44818
55 44843
55 44968
55 45014
55 45065
55 45122
55 45270
55 45309
55 45314
55 45328
55 45334
55 45342
55 45467
55 45560
55 45582
55 45687
55 45712
55 45805
55 45838
55 45880
55 45952
55 46012
55 46035
55 46171
55 46285
55 46307
55 46380
55 46392
55 46419
55 46447
55 46506
55 46551
55 46592
55 46718
55 46786
55 46809
55 46820
55 46945
55 46949
55 46971
55 47012
55 47050
55 47129
55 47198
55 47223
55 47287
55 47361
55 47368
55 47372
55 47479
55 47485
55 47494
55 47605
55 47642
55 47685
55 47720
55 47855
55 47867
55 47878
55 47964
55 47966
55 48252
55 48292
55 48300
55 48320
55 48378
55 48545
55 48578
55 48596
55 48658
55 48660
55 48846
55 48969
61 24852
61 24873
61 24921
61 24970
61 24983
61 25010
61 25102
61 25114
61 25168
61 25198
61 25199
61 25209
61 25224
61 25346
61 25356
61 25379
61 25480
61 25580
61 25622
61 25711
61 25738
61 25745
61 25748
61 25825
61 25879
61 25975
61 26055
61 26103
61 26249
61 26271
61 26297
61 26328
61 26362
61 26392
61 26409
61 26434
61 26693
61 26736
61 26819
61 26826
61 26834
61 26863
61 26873
61 26890
61 26894
61 26912
61 26964
61 27010
61 27026
61 27086
61 27099
61 27204
61 27218
61 27256
61 27286
61 27359
61 27438
61 27492
61 27662
61 27667
61 27675
61 27685
61 27708
61 27804
61 27841
61 27997
61 28009
61 28028
61 28037
61 28049
61 28050
61 28070
61 28074
61 28304
61 28405
61 28462
61 28500
61 28507
61 28548
61 28609
61 28643
61 28741
61 28796
61 28807
61 28818
61 28845
61 28850
61 28961
61 29032
61 29043
61 29122
61 29149
61 29155
61 29171
61 29190
61 29285
61 29294
61 29400
61 29426
61 29552
61 29570
61 29584
61 29614
61 29653
61 29677
61 29737
61 29739
61 29769
61 29824
61 29874
61 29949
61 29972
61 29987
61 30024
61 30025
61 30084
61 30107
61 30256
61 30325
61 30437
61 30466
61 30637
61 30709
61 30732
61 30756
61 30757
61 30773
61 30776
61 30812
61 31038
61 31054
61 31062
61 31065
61 31217
61 31374
61 31452
61 31586
61 31656
61 31830
61 31892
61 31927
61 31935
61 31944
61 31979
61 31984
61 31999
61 32026
61 32198
61 32287
61 32293
61 32323
61 32466
61 32469
61 32692
61 32754
61 32762
61 32787
61 32794
61 32796
61 32809
61 32973
61 33007
61 33154
61 33227
61 33233
61 33438
61 33575
61 33753
61 33787
61 33863
61 33892
61 33905
61 33921
61 33981
61 34011
61 34101
61 34190
61 34219
61 34270
61 34277
61 34335
61 34363
61 34499
61 34520
61 34530
61 34558
61 34632
61 34634
61 34647
61 34746
61 34809
61 34925
61 34955
61 34968
61 35038
61 35061
61 35092
61 35265
61 35289
61 35393
61 35494
61 35556
61 35600
61 35621
61 35632
61 35666
61 35824
61 35838
61 35890
61 36025
61 36050
61 36059
61 36064
61 36141
61 36185
61 36205
61 36246
61 36313
61 36329
61 36412
61 36430
61 36448
61 36486
61 36542
61 36574
61 36600
61 36601
61 36651
61 36668
61 36670
61 36739
61 36920
61 37042
61 37069
61 37194
61 37199
61 37266
61 37355
61 37395
61 37397
61 37462
61 37476
61 37489
61 37495
61 37538
61 37584
61 37601
61 37638
61 37857
61 38007
61 38200
61 38212
61 38270
61 38271
61 38415
61 38455
61 38550
61 38595
61 38609
61 38633
61 39139
61 39141
61 39185
61 39260
61 39335
61 39339
61 39497
61 39715
61 39929
61 39968
61 39969
61 40017
61 40043
61 40093
61 40131
61 40246
61 40264
61 40278
61 40312
61 40422
61 40530
61 40549
61 40590
61 40693
61 40720
61 40795
61 40875
61 40912
61 40966
61 40973
61 41005
61 41103
61 41154
61 41175
61 41222
61 41239
61 41241
61 41254
61 41326
61 41479
61 41491
61 41505
61 41570
61 41676
61 41701
61 41716
61 41768
61 41794
61 41934
61 41985
61 42040
61 42098
61 42210
61 42277
61 42287
61 42331
61 42406
61 42515
61 42605
61 42724
61 42751
61 42846
61 42910
61 43055
61 43150
61 43156
61 43261
61 43301
61 43378
61 43379
61 43413
61 43428
61 43543
61 43558
61 43640
61 43649
61 43721
61 43753
61 43856
61 43914
61 44040
61 44077
61 44107
61 44124
61 44160
61 44299
61 44339
61 44344
61 44360
61 44434
61 44461
61 44485
61 44568
61 44658
61 44701
61 44824
61 44877
61 44973
61 44987
61 45004
61 45013
61 45038
61 45190
61 45395
61 45406
61 45486
61 45497
61 45527
61 45563
61 45613
61 45639
61 45689
61 45892
61 46044
61 46056
61 46182
61 46263
61 46285
61 46315
61 46380
61 46388
61 46393
61 46404
61 46562
61 46624
61 46647
61 46790
61 46883
61 46900
61 46981
61 47136
61 47274
61 47306
61 47311
61 47338
61 47469
61 47498
61 47583
61 47635
61 47754
61 47799
61 47885
61 47922
61 47957
61 47968
61 48130
61 48164
61 48221
61 48229
61 48262
61 48289
61 48301
61 48320
61 48321
61 48365
61 48426
61 48427
61 48520
61 48524
61 48564
61 48572
61 48588
61 48589
61 48654
61 48671
61 48734
61 48821
61 48843
61 48853
61 48873
61 48980
61 49081
61 49135
61 49138
61 49141
61 49390
61 49411
61 49447
61 49451
61 49499
61 49510
61 49530
61 49576
61 49594
57 24764
57 24818
57 24841
57 24900
57 25071
57 25227
57 25315
57 25322
57 25328
57 25400
57 25471
57 25549
57 25550
57 25609
57 25612
57 25620
57 25636
57 25714
57 25878
57 25979
57 26029
57 26072
57 26077
57 26302
57 26450
57 26497
57 26571
57 26609
57 26684
57 26698
57 26745
57 26760
57 26825
57 26847
57 26857
57 26901
57 27248
57 27258
57 27266
57 27288
57 27301
57 27393
57 27576
57 27687
57 27726
57 27743
57 27836
57 27868
57 27886
57 27928
57 28049
57 28106
57 28216
57 28300
57 28408
57 28537
57 28547
57 28614
57 28657
57 28762
57 28792
57 28865
57 28959
57 29013
57 29049
57 29066
57 29113
57 29132
57 29226
57 29248
57 29273
57 29341
57 29345
57 29354
57 29374
57 29376
57 29453
57 29628
57 29642
57 29664
57 29672
57 29718
57 29799
57 29843
57 29932
57 29995
57 30084
57 30129
57 30142
57 30168
57 30230
57 30398
57 30499
57 30522
57 30594
57 30695
57 30715
57 30891
57 30909
57 30947
57 31000
57 31002
57 31008
57 31278
57 31334
57 31369
57 31378
57 31410
57 31459
57 31525
57 31547
57 31628
57 31632
57 31677
57 31781
57 31827
57 31829
57 31886
57 31923
57 31953
57 31996
57 32018
57 32037
57 32040
57 32093
57 32243
57 32407
57 32495
57 32504
57 32592
57 32850
57 32883
57 33031
57 33062
57 33348
57 33397
57 33414
57 33466
57 33485
57 33530
57 33565
57 33609
57 33641
57 33683
57 33741
57 33885
57 33890
57 33917
57 33929
57 33947
57 33966
57 33998
57 34001
57 34085
57 34088
57 34125
57 34209
57 34545
57 34586
57 34687
57 34727
57 34811
57 34812
57 34848
57 34877
57 34916
57 34982
57 35074
57 35094
57 35132
57 35230
57 35240
57 35244
57 35307
57 35352
57 35440
57 35504
57 35612
57 35754
57 35804
57 35824
57 35895
57 36031
57 36279
57 36477
57 36501
57 36808
57 36910
57 36943
57 36954
57 36966
57 36970
57 36981
57 37021
57 37079
57 37080
57 37163
57 37208
57 37228
57 37283
57 37299
57 37367
57 37445
57 37455
57 37500
57 37504
57 37538
57 37573
57 37751
57 37753
57 37790
57 37795
57 37802
57 37941
57 38019
57 38063
57 38064
57 38304
57 38409
57 38421
57 38422
57 38424
57 38475
57 38482
57 38582
57 38589
57 38719
57 38743
57 38771
57 38788
57 38812
57 38813
57 38815
57 38861
57 38892
57 38946
57 38961
57 38992
57 39039
57 39042
57 39070
57 39143
57 39179
57 39245
57 39290
57 39375
57 39410
57 39464
57 39534
57 39560
57 39575
57 39605
57 39640
57 39752
57 39811
57 39944
57 39961
57 39979
57 40029
57 40070
57 40099
57 40165
57 40221
57 40238
57 40296
57 40364
57 40427
57 40441
57 40445
57 40471
57 40573
57 40640
57 40690
57 40721
57 40725
57 40770
57 40827
57 40865
57 40868
57 41043
57 41054
57 41084
57 41125
57 41176
57 41177
57 41180
57 41260
57 41274
57 41299
57 41350
57 41364
57 41374
57 41386
57 41565
57 41695
57 41703
57 41783
57 41788
57 41831
57 41847
57 41892
57 41931
57 41983
57 42037
57 42109
57 42144
57 42166
57 42203
57 42242
57 42291
57 42322
57 42595
57 42620
57 42799
57 42826
57 42842
57 42875
57 42889
57 42927
57 42949
57 42994
57 43035
57 43073
57 43096
57 43117
57 43148
57 43160
57 43190
57 43237
57 43262
57 43279
57 43302
57 43332
57 43359
57 43561
57 43575
57 43626
57 43652
57 43664
57 43717
57 43765
57 43785
57 43906
57 43937
57 43993
57 44027
57 44031
57 44183
57 44188
57 44210
57 44230
57 44247
57 44381
57 44400
57 44504
57 44550
57 44592
57 44601
57 44663
57 44850
57 44954
57 45016
57 45291
57 45415
57 45437
57 45467
57 45512
57 45577
57 45579
57 45606
57 45698
57 45732
57 45754
57 45764
57 45874
57 45947
57 46032
57 46236
57 46308
57 46319
57 46368
57 46476
57 46526
57 46616
57 46628
57 46761
57 46928
57 47013
57 47066
57 47128
57 47212
57 47228
57 47239
57 47269
57 47320
57 47327
57 47443
57 47511
57 47533
57 47534
57 47537
57 47562
57 47749
57 48066
57 48157
57 48160
57 48169
57 48183
57 48279
57 48312
57 48407
57 48430
57 48446
57 48455
57 48604
57 48617
57 48662
57 48670
57 48831
57 48938
57 49228
57 49306
57 49317
57 49351
60 24791
60 24841
60 24916
60 24997
60 25095
60 25118
60 25168
60 25193
60 25221
60 25279
60 25452
60 25462
60 25627
60 25644
60 25696
60 25760
60 25767
60 25783
60 25899
60 25953
60 25964
60 25972
60 25975
60 26002
60 26215
60 26316
60 26354
60 26387
60 26404
60 26411
60 26437
60 26602
60 26641
60 26801
60 26816
60 26870
60 26908
60 26971
60 26974
60 27028
60 27041
60 27173
60 27201
60 27476
60 27513
60 27653
60 27668
60 27716
60 27760
60 27811
60 27815
60 28005
60 28008
60 28015
60 28053
60 28059
60 28072
60 28149
60 28157
60 28221
60 28224
60 28237
60 28284
60 28312
60 28493
60 28496
60 28515
60 28535
60 28549
60 28554
60 28670
60 28735
60 28739
60 28755
60 28765
60 28772
60 29033
60 29037
60 29190
60 29315
60 29371
60 29373
60 29437
60 29504
60 29661
60 29705
60 30049
60 30080
60 30094
60 30128
60 30217
60 30420
60 30434
60 30468
60 30597
60 30607
60 30617
60 30662
60 30688
60 30793
60 30883
60 31055
60 31070
60 31123
60 31195
60 31499
60 31644
60 31654
60 31696
60 31817
60 31818
60 31933
60 32079
60 32086
60 32118
60 32139
60 32215
60 32255
60 32349
60 32424
60 32552
60 32688
60 32900
60 32929
60 33015
60 33030
60 33084
60 33091
60 33354
60 33559
60 33573
60 33608
60 33638
60 33740
60 33924
60 33956
60 34134
60 34265
60 34301
60 34509
60 34524
60 34533
60 34557
60 34569
60 34572
60 34602
60 34667
60 34843
60 34866
60 34888
60 34931
60 34950
60 34973
60 34990
60 35064
60 35128
60 35137
60 35174
60 35189
60 35200
60 35228
60 35293
60 35318
60 35355
60 35440
60 35458
60 35467
60 35469
60 35578
60 35593
60 35612
60 35719
60 35731
60 35790
60 35869
60 35966
60 35980
60 35991
60 36107
60 36151
60 36216
60 36269
60 36289
60 36293
60 36302
60 36559
60 36616
60 36704
60 36766
60 36836
60 36843
60 36921
60 36943
60 36994
60 37145
60 37155
60 37189
60 37218
60 37244
60 37401
60 37441
60 37506
60 37722
60 37786
60 37787
60 37789
60 37886
60 37904
60 38002
60 38009
60 38054
60 38121
60 38208
60 38231
60 38257
60 38361
60 38374
60 38401
60 38418
60 38461
60 38548
60 38650
60 38675
60 38699
60 38705
60 38788
60 38825
60 39151
60 39236
60 39324
60 39371
60 39491
60 39511
60 39515
60 39756
60 39772
60 39819
60 39840
60 39878
60 39897
60 39918
60 39954
60 40062
60 40068
60 40135
60 40224
60 40340
60 40375
60 40380
60 40385
60 40401
60 40590
60 40628
60 40796
60 40797
60 40820
60 40830
60 40833
60 40884
60 40969
60 41005
60 41093
60 41109
60 41137
60 41150
60 41170
60 41196
60 41201
60 41234
60 41259
60 41344
60 41410
60 41484
60 41549
60 41588
60 41628
60 41639
60 41674
60 41806
60 41953
60 41975
60 41980
60 42097
60 42199
60 42263
60 42330
60 42348
60 42409
60 42455
60 42500
60 42552
60 42560
60 42677
60 42698
60 42734
60 42735
60 42828
60 42836
60 42845
60 42859
60 42875
60 42876
60 42939
60 43038
60 43040
60 43057
60 43075
60 43107
60 43199
60 43280
60 43397
60 43405
60 43444
60 43473
60 43533
60 43590
60 43609
60 43752
60 43767
60 43855
60 43924
60 43954
60 44040
60 44105
60 44201
60 44300
60 44325
60 44413
60 44450
60 44515
60 44529
60 44556
60 44656
60 44758
60 44793
60 44797
60 44799
60 44801
60 44838
60 44868
60 44919
60 44940
60 45013
60 45115
60 45168
60 45320
60 45341
60 45440
60 45472
60 45501
60 45540
60 45560
60 45598
60 45652
60 45748
60 45750
60 45759
60 45760
60 45815
60 45842
60 45858
60 45920
60 45997
60 46034
60 46184
60 46193
60 46410
60 46536
60 46750
60 46815
60 46827
60 46905
60 46942
60 47012
60 47064
60 47074
60 47234
60 47336
60 47528
60 47542
60 47546
60 47678
60 47811
60 48076
60 48089
60 48129
60 48188
60 48242
60 48307
60 48359
60 48521
60 48610
60 48660
60 48718
60 48767
60 48846
60 48899
60 48925
60 49037
60 49134
60 49165
60 49216
60 49296
60 49390
60 49460
60 49486
60 49512
60 49547
60 49615
60 49648
60 49687
60 49771
60 49783
60 49789
60 49808
60 49849
60 49968
60 49969
60 49981
60 50242
60 50316
58 26490
58 26494
58 26511
58 26558
58 26713
58 26810
58 26914
58 27095
58 27282
58 27340
58 27345
58 27374
58 27443
58 27458
58 27470
58 27510
58 27625
58 27758
58 27775
58 27930
58 27944
58 27964
58 27979
58 27983
58 27994
58 28042
58 28050
58 28113
58 28200
58 28337
58 28419
58 28443
58 28451
58 28518
58 28652
58 28788
58 28823
58 28828
58 28889
58 28890
58 28897
58 29035
58 29051
58 29173
58 29221
58 29246
58 29303
58 29335
58 29422
58 29434
58 29455
58 29486
58 29586
58 29623
58 29790
58 29833
58 29957
58 30161
58 30191
58 30248
58 30250
58 30298
58 30333
58 30452
58 30475
58 30540
58 30737
58 30777
58 30783
58 30889
58 30974
58 31093
58 31131
58 31137
58 31175
58 31255
58 31269
58 31278
58 31308
58 31345
58 31418
58 31468
58 31534
58 31655
58 31698
58 31714
58 31834
58 31844
58 31947
58 31992
58 32046
58 32050
58 32133
58 32141
58 32168
58 32172
58 32191
58 32224
58 32230
58 32233
58 32267
58 32282
58 32334
58 32358
58 32389
58 32532
58 32551
58 32581
58 32583
58 32585
58 32656
58 32660
58 32718
58 32764
58 32774
58 32804
58 32832
58 32880
58 32899
58 32926
58 32943
58 33029
58 33090
58 33114
58 33166
58 33233
58 33239
58 33249
58 33286
58 33330
58 33347
58 33397
58 33444
58 33499
58 33706
58 33744
58 33779
58 33810
58 33906
58 33968
58 34285
58 34316
58 34408
58 34481
58 34571
58 34587
58 34640
58 34674
58 34688
58 34701
58 34956
58 34990
58 34994
58 35155
58 35196
58 35251
58 35344
58 35576
58 35660
58 35767
58 35784
58 35790
58 35973
58 35977
58 35979
58 36022
58 36140
58 36343
58 36360
58 36410
58 36435
58 36611
58 36660
58 36664
58 36768
58 36769
58 36774
58 36844
58 37053
58 37085
58 37121
58 37189
58 37191
58 37284
58 37357
58 37580
58 37690
58 37700
58 37785
58 37826
58 37893
58 37917
58 38022
58 38094
58 38288
58 38290
58 38420
58 38532
58 38691
58 38730
58 38813
58 38877
58 38941
58 38964
58 39028
58 39053
58 39083
58 39122
58 39157
58 39209
58 39242
58 39306
58 39421
58 39443
58 39610
58 39629
58 39640
58 39714
58 39727
58 39789
58 39856
58 39876
58 39919
58 39961
58 40018
58 40060
58 40069
58 40119
58 40153
58 40412
58 40452
58 40481
58 40575
58 40739
58 40743
58 40744
58 40751
58 40851
58 40853
58 40928
58 40947
58 41090
58 41149
58 41180
58 41186
58 41193
58 41236
58 41245
58 41301
58 41366
58 41389
58 41417
58 41432
58 41563
58 41667
58 41827
58 41853
58 41927
58 41993
58 42005
58 42013
58 42079
58 42144
58 42206
58 42212
58 42253
58 42291
58 42393
58 42395
58 42414
58 42617
58 42663
58 42735
58 42800
58 42864
58 42872
58 42876
58 42919
58 42969
58 43060
58 43067
58 43257
58 43323
58 43330
58 43338
58 43380
58 43399
58 43622
58 43630
58 43652
58 43659
58 43668
58 43675
58 43676
58 43679
58 43711
58 43768
58 43841
58 43887
58 43929
58 44002
58 44044
58 44190
58 44268
58 44326
58 44390
58 44440
58 44465
58 44542
58 44584
58 44624
58 44673
58 44722
58 44761
58 44795
58 44865
58 44929
58 44961
58 44988
58 45005
58 45038
58 45286
58 45392
58 45544
58 45588
58 45625
58 45638
58 45640
58 45665
58 45746
58 45886
58 46041
58 46049
58 46060
58 46102
58 46168
58 46191
58 46222
58 46253
58 46271
58 46296
58 46314
58 46356
58 46410
58 46448
58 46497
58 46514
58 46584
58 46593
58 46663
58 46677
58 46773
58 46794
58 46800
58 46849
58 46855
58 46859
58 46934
58 47079
58 47154
58 47159
58 47178
58 47222
58 47268
58 47282
58 47300
58 47360
58 47361
58 47393
58 47465
58 47588
58 47659
58 47756
58 47784
58 47835
58 47902
58 48062
58 48213
58 48257
58 48258
58 48502
58 48583
58 48585
58 48610
58 48663
58 48695
58 48797
58 48815
58 48861
58 48877
58 48892
58 48979
58 48986
58 48999
58 49021
58 49150
58 49391
58 49398
58 49554
58 49591
58 49610
58 49721
58 49747
58 49818
58 49829
58 49910
58 49959
58 50041
58 50183
58 50266
58 50279
58 50337
58 50365
58 50509
58 50567
58 50623
58 50676
58 50816
58 50839
58 50861
58 50873
58 50877
58 50969
58 50991
58 51051
58 51055
58 51122
58 51226
58 51250
58 51257
58 51276
58 51358
58 51369
58 51376
58 51432
65 42052
65 42075
65 42088
65 42102
65 42155
65 42165
65 42289
65 42366
65 42486
65 42584
65 42585
65 42654
65 42728
65 42732
65 42757
65 42760
65 42780
65 42841
65 43038
65 43111
65 43175
65 43224
65 43278
65 43482
65 43516
65 43563
65 43582
65 43597
65 43604
65 43649
65 43807
65 43853
65 43889
65 43907
65 43928
65 43987
65 43994
65 44073
65 44091
65 44105
65 44206
65 44242
65 44269
65 44299
65 44300
65 44365
65 44369
65 44370
65 44435
65 44448
65 44582
65 44623
65 44755
65 44826
65 44841
65 44908
65 44953
65 44966
65 44995
65 45077
65 45078
65 45085
65 45210
65 45227
65 45318
65 45348
65 45417
65 45425
65 45449
65 45469
65 45486
65 45496
65 45529
65 45557
65 45602
65 45622
65 45629
65 45641
65 45671
65 45782
65 45876
65 45945
65 45960
65 45971
65 46014
65 46064
65 46117
65 46147
65 46164
65 46298
65 46370
65 46434
65 46496
65 46542
65 46630
65 46660
65 46689
65 46696
65 46699
65 46701
65 46736
65 46800
65 46908
65 47035
65 47066
65 47070
65 47145
65 47148
65 47250
65 47264
65 47283
65 47290
65 47332
65 47377
65 47467
65 47511
65 47537
65 47577
65 47580
65 47612
65 47648
65 47656
65 47750
65 47757
65 47766
65 47859
65 47872
65 47915
65 47984
65 48040
65 48054
65 48101
65 48157
65 48167
65 48175
65 48198
65 48218
65 48314
65 48382
65 48414
65 48472
65 48665
65 48668
65 48692
65 48714
65 48717
65 48724
65 48778
65 48787
65 48799
65 48832
65 48836
65 49051
65 49075
65 49266
65 49284
65 49377
65 49393
65 49422
65 49634
65 49702
65 49727
65 49813
65 49818
65 49842
65 49861
65 49901
65 49909
65 49981
65 50018
65 50092
65 50187
65 50238
65 50242
65 50251
65 50267
65 50352
65 50381
65 50397
57 49401
57 49511
57 49574
57 49653
57 49670
57 49680
57 49681
57 49843
57 49909
57 50048
57 50053
57 50076
57 50232
57 50256
57 50283
57 50369
57 50376
57 50425
57 50440
57 50526
57 50537
57 50607
57 50627
57 50641
57 50753
57 50796
57 50832
57 50892
57 50977
57 51004
57 51006
57 51078
57 51167
57 51271
57 51357
57 51383
57 51584
57 51691
57 51740
57 51789
57 51888
57 51901
57 51946
57 51964
57 51972
57 51999
57 52004
57 52018
57 52042
57 52180
57 52269
57 52287
57 52615
57 52704
57 52714
57 52756
57 52801
57 52836
57 52856
57 52929
57 53023
57 53118
57 53130
57 53167
57 53172
57 53284
57 56290
63 38279
63 38335
63 38382
63 38414
63 38434
63 38493
63 38503
63 38588
63 38591
63 38624
63 38637
63 38700
63 38842
63 38851
63 38902
63 38937
63 38995
63 39116
63 39124
63 39128
63 39187
63 39261
63 39334
63 39338
63 39395
63 39417
63 39453
63 39501
63 39721
63 39855
63 39894
63 39897
63 39900
63 39901
63 39931
63 40000
63 40035
63 40042
63 40122
63 40125
63 40143
63 40192
63 40203
63 40205
63 40208
63 40223
63 40230
63 40275
63 40349
63 40452
63 40481
63 40498
63 40573
63 40614
63 40755
63 40908
63 40959
63 41069
63 41070
63 41071
63 41114
63 41222
63 41356
63 41359
63 41385
63 41478
63 41544
63 41619
63 41650
63 41668
63 41791
63 41806
63 41850
63 41866
63 41901
63 41902
63 41986
63 42007
63 42011
63 42014
63 42026
63 42132
63 42146
63 42183
63 42213
63 42269
63 42345
63 42354
63 42403
63 42689
63 42696
63 42747
63 42810
63 42868
63 42909
63 42910
63 42935
63 42965
63 42980
63 43193
63 43213
63 43233
63 43264
63 43317
63 43367
63 43411
63 43439
63 43484
63 43525
63 43553
63 43908
63 43940
63 44014
63 44035
63 44051
63 44065
63 44094
63 44128
63 44209
63 44239
63 44261
63 44483
63 44587
63 44593
63 44623
63 44692
63 44737
63 44806
63 44898
63 44997
63 45034
63 45078
63 45208
63 45252
63 45283
63 45332
63 45341
63 45428
63 45431
63 45499
63 45628
63 45681
63 45911
63 45978
63 45995
63 46005
63 46014
63 46034
63 46066
63 46076
63 46081
63 46094
63 46104
63 46121
63 46140
63 46158
63 46251
63 46432
63 46456
63 46592
63 46713
63 46729
63 46767
63 46777
63 46782
63 46861
63 46866
63 46890
63 46923
63 47076
63 47086
63 47131
63 47137
63 47207
63 47235
63 47273
63 47328
63 47371
63 47446
63 47541
63 47608
63 47633
63 47674
63 47701
63 47708
63 47721
63 47794
63 47820
63 47829
63 47876
63 47949
63 48074
63 48180
63 48214
63 48249
63 48333
63 48479
63 48559
63 48584
63 48768
63 48790
63 48857
63 48958
63 49006
63 49027
63 49055
63 49060
63 49067
63 49072
63 49145
63 49193
63 49442
63 49498
63 49519
63 49590
63 49621
63 49681
63 49693
63 49773
63 49870
63 49884
63 49947
63 49977
63 50014
63 50105
63 50148
63 50175
63 50238
63 50265
63 50303
63 50308
63 50322
63 50409
63 50414
63 50446
63 50502
63 50538
63 50551
63 50555
63 50557
63 50598
63 50603
63 50644
63 50691
63 50732
63 50779
63 50824
63 50891
63 50908
63 50934
63 50983
63 51011
63 51025
63 51082
63 51095
63 51116
63 51149
63 51200
63 51251
63 51485
63 51488
63 51559
63 51607
63 51666
63 51727
63 51780
63 51893
63 51932
63 51964
63 51971
63 52150
63 52208
63 52240
63 52295
63 52302
63 52324
63 52351
63 52381
63 52460
63 52491
63 52566
63 52584
63 52587
63 52651
63 52686
63 52787
63 52833
63 52867
63 52874
63 52877
63 52896
63 52977
63 53076
63 53134
63 53144
63 53252
63 53277
63 53292
63 53445
63 53649
63 53681
63 53709
63 53719
63 53922
63 53932
63 53941
63 53946
63 53953
63 53961
63 53972
63 54046
63 54179
63 54189
63 54230
63 54235
63 54257
63 54318
63 54321
63 54354
63 54372
63 54430
63 54454
63 54472
63 54476
63 54576
63 54831
63 54836
63 54896
63 55095
63 55246
63 55252
63 55285
63 55287
63 55317
63 55369
63 55425
63 55543
63 55620
63 55659
63 55705
63 55760
63 55811
63 55859
63 55866
63 55872
63 55894
63 55903
63 56056
63 56062
63 56161
63 56195
63 56270
63 56276
63 56292
63 56354
63 56453
63 56507
63 56576
63 56610
63 56628
63 56630
63 56635
63 56642
63 56663
63 56717
63 56719
63 56724
63 56761
63 56833
63 56963
63 57130
64 39554
64 39563
64 39731
64 39791
64 39840
64 39870
64 40011
64 40107
64 40134
64 40137
64 40205
64 40241
64 40386
64 40483
64 40493
64 40508
64 40512
64 40595
64 40596
64 40604
64 40617
64 40672
64 40743
64 40839
64 40844
64 41032
64 41164
64 41238
64 41241
64 41255
64 41323
64 41488
64 41503
64 41538
64 41584
64 41632
64 41651
64 41667
64 41680
64 41695
64 41752
64 41886
64 41897
64 41974
64 42049
64 42084
64 42087
64 42107
64 42183
64 42295
64 42306
64 42313
64 42334
64 42337
64 42349
64 42384
64 42420
64 42437
64 42535
64 42612
64 42630
64 42683
64 42773
64 42782
64 42893
64 42972
64 43003
64 43082
64 43084
64 43138
64 43160
64 43331
64 43374
64 43400
64 43413
64 43467
64 43499
64 43544
64 43552
64 43579
64 43645
64 43647
64 43745
64 43949
64 43952
64 43993
64 44066
64 44096
64 44117
64 44123
64 44155
64 44160
64 44178
64 44274
64 44335
64 44379
64 44390
64 44501
64 44653
64 44663
64 44669
64 44679
64 44711
64 44777
64 44811
64 45027
64 45032
64 45096
64 45098
64 45140
64 45206
64 45358
64 45375
64 45411
64 45451
64 45494
64 45536
64 45547
64 45608
64 45665
64 45711
64 45721
64 45888
64 45890
64 45898
64 45961
64 45988
64 46202
64 46279
64 46304
64 46308
64 46390
64 46818
64 46868
64 47127
64 47192
64 47208
64 47213
64 47220
64 47230
64 47252
64 47268
64 47272
64 47327
64 47533
64 47554
64 47575
64 47663
64 47684
64 47693
64 47807
64 47815
64 47828
64 47878
64 47971
64 48008
64 48041
64 48082
64 48260
64 48270
64 48327
64 48343
64 48348
64 48450
64 48533
64 48636
64 48638
64 48783
64 48808
64 48877
64 48919
64 49060
64 49162
64 49196
64 49243
64 49289
64 49313
64 49349
64 49374
64 49513
64 49521
64 49571
64 49606
64 49629
64 49695
64 49725
64 49783
64 49820
64 49848
64 49929
64 49935
64 49968
64 50042
64 50045
64 50058
64 50126
64 50238
64 50274
64 50282
64 50298
64 50311
64 50316
64 50343
64 50458
64 50471
64 50584
64 50619
64 50633
64 50671
64 50797
64 50903
64 50977
64 50979
64 51046
64 51130
64 51306
64 51318
64 51320
64 51409
64 51542
64 51547
64 51549
64 51582
64 51621
64 51637
64 51639
64 51715
64 51743
64 51821
64 51859
64 51931
64 51997
64 52152
64 52157
64 52222
64 52267
64 52335
64 52360
64 52404
64 52474
64 52478
64 52497
64 52503
64 52560
64 52708
64 52763
64 52767
64 52776
64 52836
64 52847
64 52864
64 52890
64 53012
64 53104
64 53271
64 53401
64 53447
64 53475
64 53485
64 53542
64 53558
64 53618
64 53621
64 53627
64 53776
64 53964
64 53988
64 53998
64 54000
64 54049
64 54128
64 54154
64 54165
64 54243
64 54267
64 54304
64 54360
64 54400
64 54410
64 54558
64 54571
64 54620
64 54621
64 54641
64 54773
64 54871
64 54902
64 54943
64 55004
64 55022
64 55042
64 55101
64 55106
64 55215
64 55217
64 55230
64 55306
64 55347
64 55365
64 55392
64 55427
64 55559
64 55568
64 55590
64 55616
64 55635
64 55642
64 55701
64 55702
64 55716
64 55797
64 55882
64 55884
64 55949
64 55960
64 55989
64 56156
64 56188
64 56249
64 56325
64 56326
64 56441
64 56466
64 56471
64 56635
64 56729
64 56780
64 56941
64 57020
64 57069
64 57165
64 57208
64 57267
64 57268
64 57303
64 57451
64 57479
64 57512
64 57599
64 57634
64 57719
64 57753
64 57765
64 57830
64 57845
64 57876
64 57927
64 57955
64 57971
64 57976
64 58098
64 58272
64 58325
64 58425
64 58435
64 58449
64 58460
64 58497
64 58522
64 58544
64 58551
64 58560
64 58565
64 58615
64 58625
64 58653
64 58828
64 58877
64 58888
64 58919
64 58963
64 59017
64 59025
52 49635
52 49673
52 49686
52 49715
52 49849
52 49881
52 49948
52 49972
52 50063
52 50177
52 50222
52 50232
52 50349
52 50436
52 50467
52 50558
52 50581
52 50636
52 50719
52 50830
52 50843
52 50997
52 51038
52 51135
52 51145
52 51364
52 51394
52 51436
52 51447
52 51512
52 51525
52 51620
52 51637
52 51662
52 51677
52 51725
52 51838
52 51942
52 51999
52 52032
52 52125
52 52258
52 52328
52 52344
52 52436
52 52526
52 52534
52 52645
52 52742
52 52767
52 52797
52 52818
52 52869
52 52922
52 52929
52 53171
52 53220
52 53348
52 53357
52 53418
52 53512
52 53627
52 53676
52 53722
52 53724
52 53757
52 53803
52 53853
52 53889
52 53904
52 53913
52 53927
52 53965
52 53981
52 54011
52 54071
52 54084
52 54102
52 54130
52 54144
52 54202
52 54221
52 54361
52 54536
52 54629
52 54659
52 54705
52 54786
52 54886
52 54896
52 54957
52 54963
52 55116
52 55133
52 55269
52 55317
52 55345
52 55382
52 55388
52 55422
52 55507
52 55581
52 55630
52 55631
52 55663
52 55743
52 55768
52 55807
52 55813
52 55947
52 55961
52 55966
52 56009
52 56032
52 56041
52 56056
52 56061
52 56080
52 56087
52 56150
52 56173
52 56352
52 56383
52 56427
52 56475
52 56507
52 56521
52 56597
52 56676
52 56761
52 56822
52 56847
52 56982
52 57066
52 57117
52 57124
52 57139
52 57148
52 57163
52 57396
52 57422
52 57427
52 57572
52 57577
52 57584
52 57685
52 57808
52 57896
52 57977
52 58018
52 58028
52 58109
52 58157
52 58221
52 58280
52 58379
52 58391
52 58403
52 58445
52 58496
52 58549
52 58602
52 58604
52 58622
52 58630
52 58786
52 58812
52 58827
52 58875
52 58895
52 58937
52 58944
52 59011
52 59130
52 59131
52 59202
52 59299
52 59323
52 59508
52 59585
52 59637
52 59638
52 59710
52 59820
52 59935
52 59936
52 60008
52 60017
52 60096
52 60109
52 60161
52 60359
52 60453
52 60505
52 60553
52 60587
52 60676
52 60678
52 60806
52 60834
52 60837
52 60903
52 60936
52 61039
52 61060
52 61120
52 61191
52 61192
52 61235
52 61353
52 61408
52 61481
52 61537
52 61565
52 61790
52 61807
52 61828
52 61888
52 61930
52 61948
52 62094
52 62128
52 62133
52 62187
52 62244
52 62288
52 62351
52 62352
52 62392
52 62396
52 62520
52 62547
52 62569
52 62623
52 62631
52 62672
52 62680
52 62783
52 62877
52 62880
52 63097
52 63218
52 63313
52 63365
52 63392
52 63451
52 63494
52 63570
52 63588
52 63764
52 63860
52 63969
52 64031
52 64115
52 64131
52 64268
52 64297
52 64372
52 64374
52 64391
52 64415
52 64460
52 64472
52 64486
52 64545
52 64778
52 64785
52 64905
52 65018
52 65067
52 65141
52 65151
52 65194
52 65247
52 65294
52 65345
52 65407
52 65423
52 65500
52 65618
52 65841
52 65866
52 65956
52 66112
52 66179
52 66184
52 66234
52 66352
52 66558
52 66744
54 47542
54 47548
54 47587
54 47696
54 47715
54 47809
54 47848
54 47880
54 47952
54 47965
54 47993
54 47999
54 48014
54 48094
54 48164
54 48240
54 48259
54 48301
54 48348
54 48448
54 48486
54 48500
54 48583
54 48642
54 48667
54 48682
54 48704
54 48707
54 48712
54 48771
54 48795
54 48797
54 48802
54 48816
54 48906
54 48911
54 48918
54 48940
54 49000
54 49102
54 49110
54 49165
54 49209
54 49301
54 49306
54 49410
54 49445
54 49449
54 49519
54 49530
54 49533
54 49563
54 49588
54 49761
54 49855
54 49860
54 49910
54 49966
54 49987
54 49989
54 49999
54 50013
54 50064
54 50089
54 50095
54 50221
54 50238
54 50239
54 50301
54 50370
54 50457
54 50572
54 50586
54 50612
54 50671
54 50726
54 50743
54 50772
54 50792
54 50812
54 50850
54 50922
54 50923
54 51016
54 51043
54 51108
54 51132
54 51259
54 51361
54 51420
54 51476
54 51494
54 51506
54 51529
54 51540
54 51546
54 51561
54 51581
54 51587
54 51632
54 51708
54 51776
54 51785
54 51821
54 51825
54 51826
54 51864
54 51952
54 51962
54 52000
54 52176
54 52180
54 52293
54 52388
54 52409
54 52444
54 52464
54 52520
54 52529
54 52618
54 52672
54 52688
54 52724
54 52731
54 52749
54 52768
54 52775
54 52782
54 52826
54 52891
54 52916
54 52970
54 53064
54 53147
54 53156
54 53183
54 53290
54 53312
54 53395
54 53490
54 53581
54 53649
54 53773
54 53823
54 53850
54 53894
54 54323
54 54330
54 54341
54 54377
54 54397
54 54413
54 54829
54 54942
54 55058
54 55107
54 55222
54 55228
54 55246
54 55341
54 55400
54 55404
54 55428
54 55441
54 55490
54 55538
54 55681
54 55714
54 55716
54 55730
54 55907
54 55915
54 55975
54 56094
54 56108
54 56160
54 56227
54 56229
54 56230
54 56245
54 56334
54 56352
54 56413
54 56421
54 56472
54 56506
54 56542
54 56579
54 56641
54 56674
54 56687
54 56763
54 56813
54 56933
54 57000
54 57027
54 57051
54 57076
54 57262
54 57290
54 57301
54 57325
54 57349
54 57363
54 57372
54 57375
54 57398
54 57431
54 57500
54 57561
54 57587
54 57597
54 57642
54 57664
54 57782
54 57792
54 57796
54 57799
54 57838
54 57862
54 57863
54 57873
54 58003
54 58006
54 58036
54 58058
54 58249
54 58264
54 58373
54 58440
54 58462
54 58468
54 58656
54 58680
54 58800
54 59039
54 59048
54 59205
54 59324
54 59368
54 59521
54 59555
54 59648
54 59666
54 59687
54 59698
54 59755
54 59774
54 59806
54 59817
54 59963
54 60006
54 60023
54 60043
54 60288
54 60323
54 60359
54 60407
54 60446
54 60474
54 60504
54 60519
54 60546
54 60579
54 60623
54 60665
54 60683
54 60767
54 60800
54 61032
54 61114
54 61251
54 61254
54 61256
54 61269
54 61429
54 61452
54 61468
54 61531
54 61556
54 61557
54 61650
54 61835
54 61968
54 62054
54 62131
54 62186
54 62384
54 62566
54 62575
54 62594
54 62597
54 62823
54 62831
54 62891
54 62971
54 62982
54 63082
54 63182
54 63190
54 63235
54 63260
54 63334
54 63339
54 63342
54 63443
54 63451
54 63547
54 63556
54 63673
54 63841
54 63881
54 63892
54 63964
54 63969
54 63990
54 64179
54 64220
54 64364
54 64397
54 64596
54 64642
54 64723
54 64809
54 64814
54 64825
54 64977
54 64984
54 65145
54 65171
54 65188
54 65195
54 65273
54 65285
54 65324
54 65399
54 65421
54 65442
54 65484
54 65502
54 65537
54 65548
54 65561
54 65623
54 65629
54 65636
54 65657
54 65666
54 65746
54 65845
54 65921
54 65931
54 65998
54 66065
54 66098
54 66099
54 66117
54 66258
54 66280
54 66317
54 66328
54 66414
54 66421
54 66519
54 66548
54 66559
54 66637
54 66670
54 66682
54 66811
54 66896
54 66953
54 67032
54 67045
54 67048
54 67136
54 67260
54 67286
54 67301
54 67309
54 67372
54 67450
54 67654
54 67868
54 67945
54 67976
54 67981
54 68052
54 68101
54 68120
54 68122
54 68144
54 68191
54 68257
54 68451
54 68552
54 68632
54 68722
54 68762
54 68801
54 68806
54 68811
54 68813
54 68826
54 68882
54 68953
54 68988
54 68995
54 69006
54 69089
54 69203
54 69205
54 69447
54 69484
54 69523
54 69633
54 69698
54 69735
54 69767
54 69811
54 70025
54 70124
54 70167
54 70240
54 70300
56 48946
56 49034
56 49132
56 49211
56 49273
56 49414
56 49480
56 49581
56 49680
56 49725
56 49777
56 49839
56 49867
56 49948
56 49999
56 50058
56 50083
56 50141
56 50215
56 50267
56 50342
56 50344
56 50351
56 50533
56 50591
56 50641
56 50649
56 50713
56 50718
56 50724
56 50917
56 51302
56 51378
56 51409
56 51445
56 51491
56 51499
56 51554
56 51558
56 51607
56 51691
56 51761
56 51783
56 51820
56 51834
56 51906
56 52061
56 52097
56 52164
56 52211
56 52345
56 52367
56 52432
56 52539
56 52567
56 52569
56 52623
56 52633
56 52958
56 52981
56 52982
56 52992
56 53018
56 53088
56 53089
56 53112
56 53118
56 53129
56 53187
56 53237
56 53285
56 53289
56 53461
56 53469
56 53568
56 53782
56 53854
56 53881
56 53984
56 54040
56 54076
56 54221
56 54311
56 54317
56 54366
56 54370
56 54436
56 54503
56 54718
56 54741
56 54758
56 54796
56 54945
56 54971
56 54985
56 55139
56 55185
56 55202
56 55218
56 55274
56 55449
56 55488
56 55554
56 55616
56 55675
56 55775
56 55889
56 55907
56 55924
56 55947
56 55958
56 55965
56 55981
56 56018
56 56057
56 56085
56 56119
56 56124
56 56142
56 56156
56 56197
56 56329
56 56481
56 56532
56 56575
56 56604
56 56608
56 56726
56 56860
56 56878
56 56891
56 56922
56 57012
56 57083
56 57198
56 57277
56 57424
56 57453
56 57465
56 57586
56 57630
56 57658
56 57676
56 57678
56 57690
56 57790
56 57828
56 57844
56 57875
56 57899
56 57984
56 57986
56 58070
56 58232
56 58263
56 58343
56 58377
56 58452
56 58630
56 58664
56 58686
56 58810
56 58812
56 58873
56 58966
56 58968
56 58987
56 59035
56 59165
56 59281
56 59319
56 59515
56 59701
56 59730
56 59737
56 59746
56 59856
56 59862
56 59919
56 59942
56 59994
56 60089
56 60134
56 60288
56 60336
56 60385
56 60506
56 60530
56 60763
56 60800
56 60954
56 61098
56 61111
56 61146
56 61160
56 61168
56 61283
56 61298
56 61303
56 61389
56 61412
56 61425
56 61442
56 61453
56 61500
56 61530
56 61576
56 61602
56 61613
56 61767
56 61871
56 61933
56 61971
56 62009
56 62045
56 62065
56 62220
56 62447
56 62626
56 62639
56 62708
56 62770
56 62783
56 62786
56 62792
56 62805
56 62880
56 62923
56 62977
56 63026
56 63050
56 63089
56 63090
56 63132
56 63147
56 63278
56 63320
56 63390
56 63400
56 63414
56 63505
56 63575
56 63662
56 63704
56 63749
56 63838
56 63901
56 64096
56 64150
56 64289
56 64336
56 64364
56 64524
56 64644
56 64683
56 64721
56 64776
56 64880
56 64896
56 64923
56 64933
56 64978
56 65029
56 65061
56 65078
56 65391
56 65486
56 65502
56 65515
56 65539
56 65613
56 65656
56 65670
56 65700
56 65816
56 65911
56 65927
56 65988
56 66033
56 66045
56 66059
56 66084
56 66097
56 66119
56 66144
56 66148
56 66165
56 66186
56 66220
56 66252
56 66260
56 66278
56 66328
56 66349
56 66426
56 66532
56 66542
56 66773
56 66789
56 66794
56 66795
56 66852
56 66858
56 67033
56 67125
56 67128
56 67153
56 67181
56 67287
56 67300
56 67400
56 67462
56 67494
56 67591
56 67741
56 67782
56 67797
56 67869
56 68129
56 68185
56 68208
56 68220
56 68226
56 68298
56 68407
56 68419
56 68420
56 68458
56 68499
56 68531
56 68537
56 68563
56 68629
56 68753
56 68838
56 68899
56 68915
56 69064
56 69163
56 69202
56 69347
56 69390
56 69420
56 69435
56 69479
56 69505
56 69540
56 69555
56 69557
56 69656
56 69788
56 69815
56 69920
56 69923
56 69929
56 69986
56 70016
56 70144
56 70157
56 70178
56 70213
56 70293
56 70295
56 70296
56 70303
56 70325
56 70336
56 70430
56 70457
56 70520
56 70552
56 70691
56 70718
56 70743
56 70800
56 70805
56 70823
56 70929
56 71112
56 71194
56 71221
56 71410
56 71418
56 71430
56 71466
56 71560
56 71669
56 71741
56 71776
56 71839
56 71912
56 71965
56 72046
56 72102
56 72108
56 72412
56 72428
56 72429
56 72446
56 72680
56 72900
56 73212
56 73549
56 73554
56 73594
56 73597
56 73636
56 73666
56 73693
56 73752
56 73788
56 73801
56 74059
56 74062
56 74066
56 74091
56 74108
56 74136
56 74137
56 74184
56 74196
56 74286
51 47850
51 48041
51 48051
51 48083
51 48095
51 48199
51 48224
51 48295
51 48367
51 48480
51 48494
51 48533
51 48597
51 48603
51 48648
51 48712
51 49087
51 49096
51 49117
51 49131
51 49173
51 49257
51 49322
51 49323
51 49373
51 49389
51 49447
51 49472
51 49480
51 49488
51 49559
51 49608
51 49685
51 49773
51 49863
51 49882
51 49936
51 50017
51 50068
51 50114
51 50163
51 50181
51 50218
51 50225
51 50233
51 50281
51 50362
51 50414
51 50431
51 50477
51 50667
51 50762
51 50773
51 50945
51 50956
51 51028
51 51070
51 51071
51 51100
51 51254
51 51458
51 51547
51 51561
51 51602
51 51654
51 51738
51 51772
51 51799
51 51818
51 51958
51 51978
51 52015
51 52100
51 52174
51 52228
51 52310
51 52335
51 52343
51 52386
51 52423
51 52476
51 52484
51 52554
51 52569
51 52598
51 52702
51 52944
51 53034
51 53057
51 53075
51 53146
51 53191
51 53202
51 53205
51 53283
51 53314
51 53317
51 53363
51 53488
51 53496
51 53548
51 53595
51 53644
51 53689
51 53713
51 53722
51 53850
51 53907
51 53974
51 54032
51 54105
51 54108
51 54134
51 54148
51 54196
51 54225
51 54299
51 54305
51 54338
51 54357
51 54368
51 54378
51 54515
51 54545
51 54658
51 54767
51 54897
51 54954
51 55059
51 55073
51 55148
51 55173
51 55274
51 55279
51 55284
51 55304
51 55334
51 55644
51 55696
51 55788
51 55840
51 55887
51 55915
51 55993
51 56147
51 56161
51 56193
51 56250
51 56264
51 56402
51 56455
51 56498
51 56522
51 56560
51 56590
51 56600
51 56673
51 56688
51 56830
51 56900
51 56994
51 57003
51 57073
51 57156
51 57207
51 57271
51 57409
51 57450
51 57549
51 57587
51 57666
51 57705
51 57776
51 57822
51 57909
51 57961
51 58024
51 58042
51 58071
51 58155
51 58201
51 58223
51 58243
51 58282
51 58346
51 58392
51 58435
51 58503
51 58526
51 58543
51 58670
51 58715
51 58738
51 58816
51 58851
51 58885
51 58963
51 58981
51 59051
51 59064
51 59171
51 59199
51 59221
51 59242
51 59291
51 59314
51 59415
51 59521
51 59640
51 59705
51 59739
51 59740
51 59748
51 59796
51 59885
51 59928
51 60027
51 60052
51 60260
51 60283
51 60338
51 60368
51 60416
51 60444
51 60446
51 60496
51 60532
51 60569
51 60595
51 60599
51 60685
51 60771
51 60820
51 60878
51 60888
51 60978
51 60981
51 60996
51 61074
51 61100
51 61145
51 61277
51 61774
51 61810
51 61870
51 61875
51 61879
51 61890
51 61906
51 61930
51 61981
51 62000
51 62023
51 62027
51 62059
51 62089
51 62156
51 62217
51 62233
51 62264
51 62265
51 62672
51 62719
51 62804
51 62833
51 62860
51 63039
51 63145
51 63205
51 63257
51 63551
51 63723
51 63767
51 63791
51 63823
51 63981
51 63997
51 64188
51 64244
51 64417
51 64511
51 64584
51 64593
51 64720
51 64822
51 64886
51 64912
51 64964
51 64988
51 65151
51 65192
51 65312
51 65615
51 65674
51 65693
51 65711
51 65739
51 65783
51 65829
51 65887
51 65958
51 66021
51 66251
51 66346
51 66349
51 66401
51 66476
51 66596
51 66619
51 66650
51 66667
51 66722
51 66772
51 66782
51 66806
51 66807
51 66832
51 66895
51 66926
51 66967
51 67048
51 67058
51 67185
51 67275
51 67292
51 67323
51 67346
51 67388
51 67480
51 67490
51 67538
51 67539
51 67636
51 67720
51 67759
51 67810
51 67819
51 67859
51 67873
51 67900
51 67948
51 67987
51 67995
51 68029
51 68126
51 68167
51 68189
51 68292
51 68509
51 68548
51 68559
51 68641
51 68725
51 68770
51 68898
51 68978
51 69180
51 69205
51 69456
51 69468
51 69476
51 69495
51 69514
51 69596
51 69693
51 69704
51 69742
51 69759
51 69793
51 69831
51 69834
51 69940
51 69982
51 70058
51 70105
51 70137
51 70140
51 70153
51 70194
51 70280
51 70314
51 70332
51 70360
51 70372
51 70387
51 70441
51 70494
51 70578
51 70614
51 70636
51 70663
51 70679
51 70735
51 70803
51 70881
51 70916
51 70983
51 71305
59 50165
59 50185
59 50288
59 50305
59 50333
59 50361
59 50461
59 50473
59 50492
59 50567
59 50605
59 50656
59 50671
59 50673
59 50686
59 50693
59 50757
59 50773
59 50777
59 50785
59 50844
59 50852
59 50927
59 50972
59 51276
59 51459
59 51583
59 51643
59 51655
59 51723
59 51759
59 51770
59 51894
59 51970
59 52112
59 52189
59 52220
59 52378
59 52492
59 52504
59 52546
59 52624
59 52662
59 52789
59 52791
59 52884
59 52898
59 52927
59 53006
59 53061
59 53072
59 53101
59 53150
59 53184
59 53207
59 53239
59 53367
59 53378
59 53432
59 53505
59 53509
59 53546
59 53554
59 53615
59 53652
59 53691
59 53706
59 53720
59 53733
59 53797
59 53836
59 53869
59 53882
59 54009
59 54172
59 54185
59 54188
59 54205
59 54245
59 54275
59 54278
59 54332
59 54421
59 54452
59 54481
59 54505
59 54518
59 54582
59 54605
59 54672
59 54785
59 54816
59 54894
59 54917
59 55045
59 55087
59 55089
59 55127
59 55140
59 55143
59 55249
59 55302
59 55387
59 55393
59 55467
59 55515
59 55572
59 55660
59 55683
59 55718
59 55913
59 55927
59 56019
59 56021
59 56087
59 56097
59 56176
59 56195
59 56237
59 56328
59 56475
59 56484
59 56552
59 56609
59 56643
59 56850
59 56914
59 57140
59 57188
59 57213
59 57253
59 57405
59 57460
59 57520
59 57558
59 57625
59 57646
59 57676
59 57746
59 57762
59 57822
59 57894
59 57986
59 58052
59 58062
59 58110
59 58218
59 58256
59 58305
59 58383
59 58409
59 58422
59 58468
59 58474
59 58510
59 58514
59 58565
59 58567
59 58589
59 58704
59 58783
59 58833
59 58851
59 58882
59 59038
59 59121
59 59123
59 59146
59 59180
59 59228
59 59251
59 59257
59 59310
59 59323
59 59393
59 59407
59 59416
59 59709
59 59710
59 59788
59 59836
59 59891
59 59989
59 59990
59 60019
59 60032
59 60053
59 60082
59 60132
59 60138
59 60142
59 60171
59 60198
59 60239
59 60284
59 60327
59 60372
59 60421
59 60499
59 60576
59 60634
59 60777
59 60824
59 60927
59 61034
59 61067
59 61096
59 61125
59 61172
59 61212
59 61229
59 61300
59 61353
59 61358
59 61367
59 61373
59 61450
59 61531
59 61604
59 61714
59 61781
59 61796
59 61843
59 61845
59 61976
59 62112
59 62166
59 62169
59 62228
59 62346
59 62415
59 62436
59 62454
59 62540
59 62626
59 62674
59 62721
59 62778
59 62838
59 62854
59 62863
59 62952
59 63155
59 63177
59 63232
59 63249
59 63261
59 63277
59 63372
59 63373
59 63413
59 63528
59 63717
59 63939
59 63991
59 64053
59 64056
59 64057
59 64067
59 64078
59 64199
59 64236
59 64315
59 64435
59 64436
59 64449
59 64521
59 64583
59 64656
59 64757
59 64763
59 64805
59 64866
59 64882
59 65040
59 65087
59 65118
59 65128
59 65196
59 65314
59 65351
59 65376
59 65380
59 65468
59 65481
59 65491
59 65544
59 65624
59 65758
59 65821
59 65835
59 65901
59 65922
59 66061
59 66089
59 66181
59 66359
59 66368
59 66438
59 66465
59 66511
59 66565
59 66601
59 66782
59 66839
59 66861
59 66901
59 66986
59 67010
59 67025
59 67214
59 67252
59 67261
59 67348
59 67354
59 67459
59 67543
59 67561
59 67618
59 67666
59 67672
59 67782
59 67838
59 67874
59 68059
59 68089
59 68201
59 68254
59 68328
59 68329
59 68382
59 68418
59 68584
59 68602
59 68665
59 68707
59 68755
59 68772
59 68821
59 68957
59 69013
59 69023
59 69069
59 69070
59 69085
59 69110
59 69223
59 69275
59 69390
59 69553
59 69577
59 69585
59 69595
59 69625
59 69654
59 69784
59 69796
59 69896
59 69914
59 70034
59 70219
59 70375
59 70411
59 70639
59 70718
59 70719
59 70745
59 70805
59 70866
59 70956
59 70997
59 71382
59 71410
59 71437
59 71537
59 71538
59 71581
59 71923
59 71956
59 72052
59 72059
59 72089
59 72115
59 72242
59 72260
59 72312
59 72321
59 72373
59 72397
59 72427
59 72455
59 72461
59 72486
59 72517
59 72532
59 72538
59 72647
59 72831
59 72903
59 72906
59 72910
59 72938
59 72950
59 73097
59 73123
59 73133
59 73150
59 73156
59 73184
59 73235
59 73259
59 73281
59 73438
59 73461
59 73513
59 73549
59 73620
59 73678
59 73761
59 73788
59 73817
59 73860
59 73870
59 73960
59 74037
59 74126
59 74140
59 74246
59 74247
61 49695
61 49757
61 49812
61 49837
61 49906
61 49917
61 49943
61 50113
61 50275
61 50315
61 50320
61 50349
61 50365
61 50384
61 50409
61 50417
61 50533
61 50557
61 50563
61 50587
61 50601
61 50763
61 50768
61 50787
61 50800
61 50815
61 50831
61 50910
61 50954
61 50955
61 50990
61 51097
61 51161
61 51168
61 51243
61 51319
61 51374
61 51477
61 51581
61 51838
61 51951
61 52077
61 52260
61 52303
61 52328
61 52330
61 52371
61 52377
61 52398
61 52422
61 52620
61 52741
61 52770
61 52885
61 53068
61 53100
61 53140
61 53279
61 53333
61 53367
61 53376
61 53404
61 53557
61 53558
61 53781
61 53944
61 54068
61 54196
61 54204
61 54218
61 54319
61 54342
61 54350
61 54388
61 54400
61 54426
61 54558
61 54561
61 54678
61 54792
61 54817
61 54842
61 54855
61 54949
61 54958
61 54962
61 55041
61 55042
61 55045
61 55059
61 55077
61 55173
61 55214
61 55216
61 55263
61 55272
61 55280
61 55341
61 55440
61 55496
61 55619
61 55692
61 55729
61 55739
61 55850
61 55918
61 55986
61 56040
61 56047
61 56062
61 56148
61 56318
61 56482
61 56485
61 56500
61 56698
61 56768
61 56772
61 56858
61 56860
61 56940
61 56994
61 57001
61 57129
61 57146
61 57187
61 57206
61 57278
61 57296
61 57402
61 57420
61 57560
61 57586
61 57598
61 57615
61 57694
61 57947
61 57961
61 58063
61 58235
61 58315
61 58336
61 58504
61 58563
61 58599
61 58617
61 58659
61 58688
61 58737
61 58747
61 58770
61 58829
61 58832
61 58833
61 58835
61 58910
61 58969
61 58980
61 59000
61 59084
61 59207
61 59241
61 59265
61 59280
61 59304
61 59385
61 59437
61 59477
61 59589
61 59605
61 59609
61 59637
61 59757
61 59758
61 59890
61 59919
61 60023
61 60191
61 60291
61 60301
61 60405
61 60436
61 60466
61 60476
61 60508
61 60555
61 60633
61 60647
61 60747
61 60750
61 60803
61 60857
61 60942
61 60957
61 61002
61 61086
61 61148
61 61235
61 61247
61 61275
61 61291
61 61372
61 61461
61 61516
61 61578
61 61642
61 61674
61 61727
61 61801
61 61879
61 61962
61 62027
61 62033
61 62075
61 62080
61 62152
61 62266
61 62380
61 62403
61 62621
61 62669
61 62720
61 62762
61 62764
61 62765
61 62792
61 62820
61 62837
61 63114
61 63128
61 63139
61 63233
61 63239
61 63249
61 63319
61 63329
61 63366
61 63508
61 63610
61 63669
61 63678
61 63683
61 63808
61 63847
61 63884
61 63891
61 63920
61 63945
61 63953
61 63972
61 63999
61 64028
61 64062
61 64168
61 64207
61 64258
61 64456
61 64536
61 64561
61 64613
61 64686
61 64732
61 64813
61 64868
61 64962
61 65076
61 65331
61 65387
61 65485
61 65519
61 65536
61 65571
61 65603
61 65643
61 65700
61 65721
61 65728
61 65786
61 65800
61 65820
61 65870
61 65876
61 65933
61 65939
61 65955
61 65975
61 66062
61 66105
61 66177
61 66261
61 66295
61 66374
61 66395
61 66462
61 66485
61 66503
61 66542
61 66677
61 66700
61 66971
61 67021
61 67042
61 67055
61 67078
61 67123
61 67188
61 67195
61 67209
61 67218
61 67257
61 67314
61 67568
61 67657
61 67707
61 67793
61 67806
61 67832
61 67929
61 68050
61 68147
61 68169
61 68239
61 68255
61 68303
61 68379
61 68391
61 68475
61 68494
61 68610
61 68625
61 68755
61 68802
61 68833
61 68917
61 68977
61 69009
61 69037
61 69083
61 69191
61 69197
61 69215
61 69253
61 69449
61 69490
61 69492
61 69761
61 69823
61 69925
61 69968
61 69971
61 70021
61 70041
61 70127
61 70130
61 70153
61 70196
61 70197
61 70221
61 70362
61 70364
61 70400
61 70408
61 70463
61 70546
61 70610
61 70626
61 70667
61 70672
61 70695
61 70731
61 70838
61 70946
61 70967
61 70999
61 71070
61 71076
61 71080
61 71166
61 71189
61 71256
61 71299
61 71307
61 71334
61 71362
61 71369
61 71377
61 71573
61 71759
61 71793
61 71795
61 71843
61 71987
61 72082
61 72126
61 72157
61 72273
61 72285
61 72339
61 72357
61 72507
61 72554
61 72573
61 72587
61 72623
61 72723
61 72916
61 72921
61 72950
61 72994
61 73026
61 73060
61 73065
61 73070
61 73140
61 73256
61 73359
61 73386
61 73550
61 73596
61 73683
61 73754
61 73819
61 73820
61 74084
49 44053
49 44072
49 44097
49 44157
49 44159
49 44238
49 44515
49 44759
49 44807
49 44871
49 44895
49 44896
49 45022
49 45047
49 45173
49 45176
49 45177
49 45210
49 45428
49 45504
49 45566
49 45593
49 45612
49 45695
49 45757
49 45758
49 45809
49 45887
49 45896
49 45942
49 46011
49 46152
49 46225
49 46239
49 46345
49 46405
49 46492
49 46596
49 46625
49 46658
49 46693
49 46772
49 46878
49 46967
49 46996
49 47099
49 47247
49 47288
49 47332
49 47338
49 47437
49 47494
49 47569
49 47576
49 47609
49 47616
49 47674
49 47699
49 47813
49 47884
49 47952
49 48062
49 48087
49 48102
49 48115
49 48184
49 48197
49 48270
49 48299
49 48508
49 48546
49 48600
49 48619
49 48790
49 48808
49 48825
49 48839
49 48851
49 48925
49 48979
49 48997
49 49021
49 49031
49 49035
49 49205
49 49224
49 49265
49 49303
49 49342
49 49347
49 49373
49 49406
49 49891
49 49958
49 50116
49 50119
49 50143
49 50156
49 50208
49 50285
49 50310
49 50333
49 50343
49 50347
49 50479
49 50500
49 50514
49 50517
49 50539
49 50540
49 50571
49 50674
49 50675
49 50714
49 50747
49 50828
49 50889
49 50900
49 50952
49 50979
49 50984
49 50992
49 51027
49 51078
49 51137
49 51171
49 51356
49 51425
49 51479
49 51553
49 51645
49 51659
49 51696
49 51716
49 51730
49 51784
49 51785
49 51883
49 51884
49 51972
49 52030
49 52068
49 52150
49 52180
49 52279
49 52282
49 52306
49 52314
49 52400
49 52416
49 52455
49 52477
49 52503
49 52561
49 52578
49 52641
49 52708
49 52790
49 52824
49 52835
49 52854
49 52867
49 52889
49 52984
49 53405
49 53408
49 53435
49 53509
49 53542
49 53610
49 53675
49 53845
49 53850
49 53854
49 53911
49 53993
49 54009
49 54014
49 54029
49 54063
49 54146
49 54182
49 54189
49 54204
49 54267
49 54311
49 54389
49 54452
49 54531
49 54547
49 54611
49 54624
49 54647
49 54747
49 54756
49 54786
49 54857
49 54876
49 54894
49 54950
49 54963
49 54979
49 55026
49 55081
49 55086
49 55087
49 55099
49 55117
49 55128
49 55147
49 55148
49 55234
49 55290
49 55291
49 55303
49 55337
49 55427
49 55431
49 55436
49 55443
49 55601
49 55649
49 55662
49 55733
49 55791
49 55821
49 55866
49 55882
49 55897
49 55961
49 55972
49 55976
49 55998
49 56067
49 56100
49 56101
49 56106
49 56201
49 56204
49 56208
49 56235
49 56282
49 56293
49 56337
49 56366
49 56499
49 56502
49 56508
49 56530
49 56563
49 56698
49 56737
49 56794
49 56798
49 56831
49 56833
49 56982
49 57146
49 57190
49 57271
49 57333
49 57344
49 57499
49 57763
49 57782
49 57920
49 57973
49 58063
49 58093
49 58099
49 58173
49 58222
49 58615
49 58648
49 58719
49 58721
49 58722
49 58796
49 58867
49 58868
49 58888
49 58925
49 59000
49 59064
49 59085
49 59103
49 59113
49 59207
49 59209
49 59268
49 59305
49 59344
49 59423
49 59455
49 59501
49 59540
49 59861
49 59907
49 60065
49 60092
49 60098
49 60107
49 60126
49 60130
49 60146
49 60170
49 60288
49 60386
49 60441
49 60574
49 60592
49 60608
49 60611
49 60640
49 60668
49 60715
49 60720
49 60728
49 60839
49 60841
49 60883
49 60898
49 60927
49 60943
49 60963
49 61012
49 61043
49 61075
49 61104
49 61204
49 61235
49 61251
49 61291
49 61369
49 61409
49 61466
49 61513
49 61524
49 61532
49 61546
49 61558
49 61606
49 61741
49 61889
49 61911
49 61950
49 62091
49 62195
49 62198
49 62238
49 62268
49 62350
49 62377
49 62413
49 62435
49 62491
49 62499
49 62695
49 62737
49 62739
49 62792
49 62793
49 62862
49 62898
49 62920
49 62926
49 63018
49 63029
49 63048
49 63102
49 63121
49 63184
49 63277
49 63326
49 63421
49 63442
49 63487
49 63499
49 63618
49 63626
49 63655
49 63682
49 63738
49 63817
49 63903
49 63956
49 63996
49 64073
49 64078
49 64194
49 64236
49 64238
49 64333
49 64473
49 64506
49 64655
49 64656
49 64658
49 64748
49 64832
49 64844
49 64913
49 64965
49 64985
49 64993
49 65079
49 65085
49 65117
49 65206
49 65224
49 65356
49 65405
49 65407
49 65415
49 65442
49 65530
49 65609
49 65630
49 65747
49 65799
49 65815
49 65933
49 66110
49 66124
49 66132
49 66171
49 66188
49 66274
55 49091
55 49117
55 49124
55 49164
55 49185
55 49266
55 49348
55 49351
55 49405
55 49549
55 49584
55 49682
55 49767
55 49787
55 49827
55 49831
55 49899
55 49951
55 49955
55 50021
55 50045
55 50129
55 50137
55 50173
55 50213
55 50229
55 50269
55 50294
55 50504
55 50561
55 50586
55 50766
55 50800
55 50831
55 50835
55 50911
55 50947
55 50948
55 51088
55 51114
55 51152
55 51248
55 51262
55 51349
55 51362
55 51383
55 51388
55 51406
55 51478
55 51634
55 51642
55 51656
55 51683
55 51775
55 51953
55 51968
55 51975
55 52035
55 52044
55 52094
55 52105
55 52113
55 52135
55 52150
55 52187
55 52202
55 52299
55 52308
55 52317
55 52393
55 52435
55 52550
55 52582
55 52604
55 52679
55 52690
55 52759
55 52921
55 53017
55 53073
55 53095
55 53109
55 53114
55 53321
55 53398
55 53435
55 53443
55 53450
55 53499
55 53505
55 53616
55 53651
55 53657
55 53724
55 53838
55 54001
55 54041
55 54046
55 54088
55 54100
55 54156
55 54229
55 54349
55 54357
55 54397
55 54516
55 54649
55 54737
55 54764
55 54851
55 54854
55 54889
55 54907
55 54970
55 55015
55 55019
55 55065
55 55077
55 55092
55 55212
55 55224
55 55271
55 55277
55 55438
55 55506
55 55574
55 55580
55 55606
55 55699
55 55717
55 55785
55 55837
55 55974
55 55994
55 56008
55 56022
55 56082
55 56190
55 56196
55 56322
55 56327
55 56355
55 56548
55 56585
55 56596
55 56694
55 56707
55 56793
55 56800
55 56833
55 56841
55 56850
55 56890
55 56942
55 57063
55 57095
55 57170
55 57179
55 57221
55 57235
55 57309
55 57349
55 57412
55 57442
55 57456
55 57551
55 57637
55 57642
55 57721
55 57783
55 57802
55 57815
55 57825
55 57842
55 57855
55 57862
55 57907
55 58000
55 58037
55 58078
55 58144
55 58209
55 58234
55 58272
55 58344
55 58379
55 58380
55 58382
55 58415
55 58445
55 58473
55 58516
55 58541
55 58557
55 58729
55 58734
55 58869
55 58920
55 58935
55 58989
55 59006
55 59160
55 59177
55 59224
55 59228
55 59267
55 59396
55 59423
55 59457
55 59485
55 59566
55 59580
55 59662
55 59696
55 59785
55 59896
55 59996
55 60129
55 60141
55 60156
55 60173
55 60220
55 60221
55 60249
55 60293
55 60353
55 60360
55 60378
55 60440
55 60453
55 60504
55 60718
55 60864
55 60914
55 60939
55 60981
55 61031
55 61074
55 61118
55 61149
55 61160
55 61162
55 61179
55 61193
55 61206
55 61246
55 61288
55 61349
55 61582
55 61617
55 61704
55 61835
55 61973
55 62276
55 62289
55 62430
55 62506
55 62523
55 62538
55 62614
55 62618
55 62683
55 62686
55 62708
55 62795
55 62883
55 62889
55 62949
55 63037
55 63067
55 63168
55 63214
55 63215
55 63314
55 63319
55 63399
55 63506
55 63555
55 63581
55 63616
55 63630
55 63635
55 63762
55 63782
55 63816
55 63851
55 63891
55 63900
55 63915
55 63958
55 63998
55 64080
55 64086
55 64135
55 64140
55 64194
55 64270
55 64291
55 64339
55 64424
55 64628
55 64658
55 64673
55 64711
55 64729
55 64760
55 64820
55 64944
55 65017
55 65141
55 65167
55 65238
55 65258
55 65283
55 65333
55 65448
55 65517
55 65558
55 65576
55 65583
55 65603
55 65606
55 65627
55 65769
55 65787
55 65796
55 65798
55 65836
55 65855
55 65901
55 65943
55 65985
55 66006
55 66077
55 66146
55 66235
55 66244
55 66356
55 66375
55 66436
55 66492
55 66540
55 66553
55 66569
55 66613
55 66726
55 66825
55 66897
55 66974
55 67025
55 67343
55 67365
55 67368
55 67375
55 67545
55 67644
55 67722
55 67847
55 67888
55 67973
55 68080
55 68108
55 68312
55 68331
55 68429
55 68440
55 68441
55 68571
55 68577
55 68633
55 68667
55 68669
55 68707
55 68950
55 68954
55 68980
55 69075
55 69081
55 69162
55 69170
55 69209
55 69245
55 69316
55 69322
55 69336
55 69362
55 69450
55 69486
55 69488
55 69490
55 69523
55 69743
55 69761
55 69787
55 69808
55 69842
55 69921
55 69938
55 70085
55 70156
55 70177
55 70201
55 70218
55 70219
55 70372
55 70470
55 70563
55 70574
55 70789
55 70801
55 70872
55 70984
55 70989
55 71138
55 71140
55 71231
55 71454
55 71531
55 71612
55 71672
55 71725
55 71800
55 71803
55 71857
55 71885
55 71892
55 71937
55 71952
55 72051
55 72084
55 72182
55 72190
55 72201
55 72231
55 72334
55 72370
55 72400
55 72410
60 50362
60 50374
60 50436
60 50457
60 50512
60 50575
60 50776
60 50839
60 50886
60 50893
60 50929
60 50936
60 51003
60 51071
60 51080
60 51102
60 51135
60 51240
60 51300
60 51383
60 51411
60 51541
60 51598
60 51664
60 51668
60 51738
60 51754
60 51790
60 51948
60 51951
60 51974
60 52022
60 52029
60 52071
60 52076
60 52083
60 52125
60 52131
60 52166
60 52211
60 52371
60 52373
60 52489
60 52561
60 52598
60 52685
60 52720
60 52737
60 52750
60 52752
60 52775
60 52959
60 53000
60 53233
60 53348
60 53394
60 53410
60 53429
60 53483
60 53544
60 53608
60 53662
60 53735
60 53882
60 53928
60 53955
60 53971
60 53973
60 54099
60 54142
60 54148
60 54151
60 54181
60 54346
60 54531
60 54593
60 54670
60 54736
60 54764
60 54819
60 54861
60 54964
60 54998
60 55034
60 55041
60 55044
60 55095
60 55187
60 55248
60 55311
60 55363
60 55396
60 55419
60 55497
60 55538
60 55540
60 55586
60 55704
60 55825
60 56075
60 56110
60 56139
60 56141
60 56185
60 56204
60 56292
60 56346
60 56436
60 56457
60 56476
60 56501
60 56530
60 56558
60 56564
60 56565
60 56579
60 56673
60 56733
60 56761
60 56790
60 56818
60 56866
60 56911
60 56913
60 57063
60 57112
60 57237
60 57387
60 57394
60 57432
60 57484
60 57623
60 57758
60 57823
60 57857
60 57990
60 58276
60 58278
60 58295
60 58303
60 58318
60 58391
60 58404
60 58484
60 58537
60 58554
60 58633
60 58682
60 58694
60 58836
60 58865
60 58893
60 58895
60 58897
60 58911
60 58929
60 59112
60 59147
60 59162
60 59260
60 59298
60 59302
60 59401
60 59665
60 59724
60 59744
60 59815
60 59816
60 59822
60 59865
60 59914
60 59920
60 59975
60 60042
60 60338
60 60391
60 60418
60 60446
60 60454
60 60503
60 60665
60 60728
60 60750
60 60770
60 60801
60 60804
60 60845
60 60871
60 60949
60 60999
60 61172
60 61187
60 61498
60 61521
60 61593
60 61632
60 61675
60 61687
60 61698
60 61710
60 61801
60 61921
60 61948
60 62000
60 62020
60 62070
60 62141
60 62156
60 62188
60 62199
60 62211
60 62310
60 62415
60 62426
60 62484
60 62653
60 62808
60 62820
60 62877
60 62914
60 63013
60 63036
60 63081
60 63191
60 63314
60 63380
60 63387
60 63416
60 63434
60 63500
60 63516
60 63612
60 63684
60 63809
60 63897
60 63931
60 63937
60 64084
60 64092
60 64111
60 64248
60 64354
60 64370
60 64483
60 64538
60 64562
60 64652
60 64679
60 64685
60 64687
60 64689
60 64699
60 64733
60 64747
60 64774
60 64821
60 64847
60 64855
60 64874
60 64907
60 64908
60 64972
60 65025
60 65093
60 65122
60 65133
60 65211
60 65215
60 65455
60 65456
60 65637
60 65671
60 65767
60 65800
60 65824
60 65862
60 65873
60 66003
60 66052
60 66095
60 66142
60 66236
60 66297
60 66378
60 66407
60 66431
60 66570
60 66588
60 66596
60 66784
60 66949
60 66950
60 66956
60 66971
60 67096
60 67126
60 67131
60 67132
60 67621
60 67689
60 67772
60 67965
60 68067
60 68183
60 68217
60 68327
60 68350
60 68413
60 68468
60 68626
60 68755
60 68833
60 68870
60 68955
60 69051
60 69061
60 69078
60 69099
60 69162
60 69173
60 69279
60 69289
60 69304
60 69396
60 69640
60 69665
60 69679
60 69728
60 69823
60 69905
60 69967
60 69990
60 70013
60 70171
60 70286
60 70341
60 70382
60 70435
60 70477
60 70488
60 70587
60 70701
60 70716
60 70790
60 70863
60 70872
60 70888
60 70978
60 71043
60 71117
60 71426
60 71434
60 71444
60 71548
60 71645
60 71803
60 71837
60 71847
60 71873
60 71916
60 71924
60 71937
60 71981
60 71999
60 72027
60 72145
60 72194
60 72217
60 72243
60 72261
60 72274
60 72362
60 72369
60 72383
60 72389
60 72390
60 72496
60 72569
60 72660
60 72668
60 72690
60 72698
60 72768
60 72810
60 72824
60 72904
60 72964
60 73014
60 73099
60 73154
60 73157
60 73195
60 73239
60 73271
60 73272
60 73474
58 51602
58 51638
58 51674
58 51720
58 51790
58 51797
58 51840
58 51921
58 51944
58 52021
58 52084
58 52103
58 52109
58 52156
58 52241
58 52260
58 52288
58 52356
58 52393
58 52417
58 52512
58 52579
58 52672
58 52677
58 52694
58 52701
58 52785
58 52803
58 52900
58 52924
58 52951
58 53060
58 53078
58 53110
58 53146
58 53231
58 53272
58 53313
58 53337
58 53340
58 53459
58 53516
58 53522
58 53680
58 53782
58 53785
58 53793
58 53935
58 53970
58 53973
58 54025
58 54218
58 54226
58 54251
58 54357
58 54360
58 54363
58 54369
58 54424
58 54524
58 54532
58 54669
58 54770
58 54822
58 54824
58 54826
58 54857
58 54879
58 54909
58 54921
58 54926
58 54935
58 54947
58 54969
58 55035
58 55248
58 55265
58 55295
58 55302
58 55330
58 55339
58 55365
58 55368
58 55370
58 55419
58 55505
58 55644
58 55685
58 55884
58 56009
58 56121
58 56177
58 56197
58 56209
58 56303
58 56316
58 56345
58 56346
58 56471
58 56632
58 56703
58 56736
58 56744
58 56759
58 56806
58 56809
58 56968
58 56984
58 57019
58 57200
58 57281
58 57313
58 57359
58 57369
58 57376
58 57440
58 57483
58 57512
58 57590
58 57629
58 57645
58 57708
58 57790
58 57826
58 57906
58 57912
58 58055
58 58138
58 58206
58 58263
58 58322
58 58439
58 58455
58 58467
58 58483
58 58528
58 58532
58 58564
58 58604
58 58671
58 58683
58 58712
58 58791
58 58810
58 58935
58 59107
58 59131
58 59172
58 59194
58 59330
58 59517
58 59539
58 59544
58 59593
58 59827
58 59862
58 59897
58 59904
58 59935
58 59938
58 59953
58 60369
58 60463
58 60464
58 60602
58 60665
58 60802
58 60818
58 60827
58 60842
58 60845
58 60879
58 60898
58 61137
58 61138
58 61155
58 61183
58 61245
58 61301
58 61398
58 61468
58 61546
58 61551
58 61689
58 61699
58 61782
58 61819
58 61832
58 61843
58 61961
58 62224
58 62330
58 62344
58 62371
58 62405
58 62445
58 62538
58 62600
58 62610
58 62733
58 62818
58 62826
58 62828
58 62956
58 63156
58 63195
58 63214
58 63279
58 63306
58 63354
58 63402
58 63518
58 63524
58 63569
58 63656
58 63673
58 63718
58 63862
58 63878
58 63902
58 63981
58 64152
58 64174
58 64176
58 64213
58 64361
58 64420
58 64486
58 64924
58 64945
58 64971
58 65172
58 65173
58 65197
58 65205
58 65225
58 65360
58 65379
58 65615
58 65725
58 65759
58 65828
58 65850
58 65940
58 65972
58 66021
58 66089
58 66102
58 66172
58 66198
58 66214
58 66309
58 66468
58 66495
58 66503
58 66557
58 66566
58 66596
58 66634
58 66677
58 66700
58 66703
58 66729
58 66747
58 66835
58 67004
58 67008
58 67009
58 67159
58 67169
58 67280
58 67286
58 67309
58 67558
58 67580
58 67600
58 67649
58 67789
58 67867
58 67943
58 68072
58 68100
58 68148
58 68205
58 68307
58 68376
58 68451
58 68455
58 68484
58 68514
58 68589
58 68669
58 68744
58 68873
58 68973
58 69019
58 69106
58 69124
58 69166
58 69175
58 69184
58 69210
58 69306
58 69315
58 69375
58 69402
58 69459
58 69475
58 69647
58 69945
58 69967
58 70058
58 70151
58 70163
58 70201
58 70403
58 70411
58 70509
58 70544
58 70584
58 70821
58 70848
58 70928
58 70991
58 70998
58 71007
58 71020
58 71141
58 71163
58 71197
58 71276
58 71350
58 71361
58 71432
58 71453
58 71493
58 71690
58 71726
58 71757
58 71793
58 71843
58 71943
58 72120
58 72154
58 72172
58 72188
58 72189
58 72299
58 72343
58 72398
58 72483
58 72720
58 72797
58 72959
58 73000
58 73062
58 73152
58 73264
58 73433
58 73491
58 73523
58 73649
58 73682
58 73724
58 73733
58 73779
58 73807
58 73822
58 73829
58 73884
58 73912
58 73918
58 73991
58 74044
58 74045
58 74099
58 74168
58 74219
58 74253
58 74269
58 74293
58 74381
58 74452
58 74600
58 74633
58 74636
58 74645
58 74719
58 74727
58 74760
58 74766
58 74807
58 75018
58 75068
58 75162
58 75240
58 75315
58 75366
58 75375
58 75430
58 75496
58 75516
58 75520
58 75549
58 75716
58 75732
58 75809
58 75899
58 75939
58 76051
58 76191
58 76200
58 76209
58 76234
58 76250
63 57195
63 57231
63 57235
63 57251
63 57291
63 57302
63 57371
63 57392
63 57434
63 57464
63 57489
63 57502
63 57532
63 57602
63 57604
63 57611
63 57701
63 57735
63 57744
63 57769
63 57814
63 57879
63 57955
63 58172
63 58206
63 58289
63 58353
63 58358
63 58401
63 58415
63 58425
63 58459
63 58543
63 58579
63 58722
63 58873
63 58918
63 58994
63 59043
63 59061
63 59106
63 59120
63 59171
63 59213
63 59221
63 59254
63 59337
63 59430
63 59447
63 59509
63 59541
63 59556
63 59609
63 59644
63 59660
63 59738
63 59906
63 59940
63 59992
63 60020
63 60069
63 60075
63 60083
63 60149
63 60240
63 60335
63 60349
63 60368
63 60395
63 60478
63 60597
63 60638
63 60692
63 60731
63 60757
63 60799
63 60812
63 60859
63 60879
63 60966
63 61005
63 61064
63 61074
63 61089
63 61123
63 61175
63 61188
63 61320
63 61387
63 61434
63 61526
63 61598
63 61612
63 61613
63 61709
63 61765
63 61770
63 61780
63 61814
63 61843
63 61848
63 61863
63 61865
63 61946
63 61994
63 61998
63 62076
63 62087
63 62179
63 62194
63 62308
63 62330
63 62399
63 62548
63 62667
63 62709
63 62862
63 62869
63 62935
63 63045
63 63069
63 63153
63 63271
63 63279
63 63332
63 63508
63 63625
63 63693
63 63900
63 63992
63 63998
63 64022
63 64024
63 64079
63 64087
63 64145
63 64160
63 64164
63 64184
63 64189
63 64203
63 64228
63 64255
63 64269
63 64344
63 64369
63 64410
63 64457
63 64497
63 64514
63 64652
63 64683
63 64698
63 64740
63 64799
63 64805
63 64924
63 64926
63 64958
63 65002
63 65015
63 65086
63 65111
63 65121
63 65128
63 65206
63 65264
63 65318
63 65335
63 65391
63 65470
63 65471
63 65500
63 65560
63 65593
63 65601
63 65604
63 65830
63 65850
63 65882
63 65893
63 65913
63 65932
63 65964
63 65995
63 66121
63 66129
63 66149
63 66161
63 66248
63 66279
63 66340
63 66348
63 66363
63 66417
63 66446
63 66493
63 66525
63 66602
63 66648
63 66686
63 66696
63 66845
63 66909
63 66920
63 67004
63 67030
63 67055
63 67177
63 67186
63 67262
63 67443
63 67468
63 67543
63 67564
63 67603
63 67614
63 67637
63 67646
63 67722
63 67785
63 67790
63 67947
63 67985
63 68037
63 68089
63 68132
63 68271
63 68274
63 68277
63 68290
63 68368
63 68453
63 68511
63 68563
63 68629
63 68663
63 68702
63 68722
63 68815
63 68883
63 68933
63 68967
63 68970
63 68986
63 69025
63 69105
63 69107
63 69142
63 69148
63 69275
63 69288
63 69315
63 69319
63 69320
63 69345
63 69358
63 69368
63 69423
63 69474
63 69522
63 69544
63 69576
63 69615
63 69732
63 69861
63 70006
63 70168
63 70183
63 70187
63 70239
63 70307
63 70328
63 70334
63 70357
63 70401
63 70512
63 70556
63 70700
63 70761
63 70808
63 70816
63 70880
63 70999
63 71062
63 71150
63 71205
63 71209
63 71278
63 71330
63 71512
63 71519
63 71617
63 71764
63 71798
63 71833
63 71866
63 71905
63 71944
63 71990
63 71997
63 72011
63 72013
63 72045
63 72161
63 72273
63 72295
63 72329
63 72389
63 72396
63 72491
63 72556
63 72604
63 72610
63 72620
63 72689
63 72784
63 72814
63 72823
63 72945
63 72973
63 73000
63 73031
63 73064
63 73082
63 73115
63 73193
63 73227
63 73229
63 73258
63 73369
63 73404
63 73408
63 73412
63 73469
63 73542
63 73567
63 73681
63 73705
63 73735
63 73793
63 73805
63 73930
63 73932
63 74004
63 74066
63 74177
63 74192
63 74415
63 74572
63 74646
63 74680
63 74690
63 75004
63 75024
63 75027
63 75048
63 75060
63 75092
63 75145
63 75160
63 75275
63 75282
63 75412
63 75450
63 75468
63 75552
63 75659
63 75668
63 75716
63 75812
63 75832
63 75833
63 75893
63 75946
63 76100
64 59178
64 59201
64 59239
64 59533
64 59552
64 59569
64 59576
64 59608
64 59714
64 59721
64 59730
64 59742
64 59768
64 59832
64 59927
64 60110
64 60158
64 60161
64 60227
64 60319
64 60376
64 60382
64 60388
64 60411
64 60519
64 60536
64 60612
64 60628
64 60649
64 60693
64 60800
64 60840
64 60859
64 60878
64 60886
64 60924
64 60941
64 61052
64 61092
64 61123
64 61167
64 61272
64 61278
64 61287
64 61308
64 61363
64 61451
64 61497
64 61619
64 61696
64 61807
64 61842
64 61912
64 61953
64 62131
64 62143
64 62153
64 62217
64 62241
64 62442
64 62460
64 62472
64 62478
64 62507
64 62566
64 62576
64 62636
64 62666
64 62674
64 62757
64 62830
64 62839
64 62842
64 62859
64 62873
64 62877
64 63007
64 63053
64 63326
64 63363
64 63384
64 63440
64 63470
64 63474
64 63493
64 63533
64 63570
64 63700
64 63727
64 63887
64 63888
64 63894
64 63961
64 63964
64 63976
64 63992
64 64026
64 64044
64 64295
64 64323
64 64430
64 64545
64 64605
64 64712
64 64740
64 64788
64 64797
64 65012
64 65023
64 65046
64 65073
64 65077
64 65087
64 65299
64 65335
64 65339
64 65368
64 65380
64 65462
64 65480
64 65541
64 65559
64 65673
64 65686
64 65790
64 65840
64 65872
64 65886
64 65973
64 66017
64 66046
64 66139
64 66176
64 66218
64 66384
64 66388
64 66397
64 66402
64 66436
64 66507
64 66532
64 66659
64 66697
64 66718
64 66732
64 66745
64 66766
64 66807
64 66996
64 67008
64 67049
64 67050
64 67093
64 67107
64 67109
64 67212
64 67239
64 67259
64 67265
64 67295
64 67385
64 67445
64 67515
64 67516
64 67576
64 67650
64 67671
64 67800
64 68070
64 68072
64 68090
64 68111
64 68147
64 68236
64 68301
64 68399
64 68415
64 68566
64 68764
64 68936
64 69115
64 69209
64 69221
64 69284
64 69315
64 69396
64 69411
64 69508
64 69516
64 69667
64 69701
64 69727
64 69731
64 69739
64 69809
64 69869
64 69900
64 69963
64 69983
64 69989
64 70045
64 70088
64 70132
64 70142
64 70169
64 70213
64 70227
64 70313
64 70318
64 70384
64 70557
64 70568
64 70580
64 70661
64 70693
64 70724
64 70748
64 70771
64 70792
64 70944
64 70946
64 70978
64 71022
64 71123
64 71146
64 71232
64 71291
64 71300
64 71339
64 71370
64 71425
64 71607
64 71610
64 71617
64 71626
64 71732
64 71801
64 71806
64 72066
64 72222
64 72315
64 72326
64 72385
64 72450
64 72506
64 72512
64 72556
64 72624
64 72681
64 72712
64 72750
64 72818
64 72852
64 72870
64 72940
64 73158
64 73165
64 73211
64 73239
64 73283
64 73342
64 73400
64 73405
64 73420
64 73518
64 73532
64 73662
64 73684
64 73971
64 74110
64 74127
64 74140
64 74274
64 74372
64 74430
64 74456
64 74530
64 74543
64 74565
64 74609
64 74671
64 74729
64 74781
64 74811
64 74832
64 74887
64 74910
64 74964
64 75047
64 75057
64 75112
64 75120
64 75308
64 75507
64 75542
64 75549
64 75559
64 75602
64 75620
64 75720
64 75747
64 75804
64 75828
64 75851
64 75867
64 75926
64 76240
64 76241
64 76247
64 76260
64 76288
64 76407
64 76436
64 76447
64 76448
64 76495
64 76576
64 76595
64 76611
64 76946
64 76957
64 77054
64 77057
64 77205
64 77236
64 77256
64 77276
64 77278
64 77283
64 77322
64 77353
64 77358
64 77385
64 77466
64 77514
64 77575
64 77613
64 77696
64 77727
64 77733
64 77734
64 77741
64 77747
64 77778
64 77795
64 77796
64 77803
64 77862
64 77928
64 77983
64 78036
64 78062
64 78088
64 78122
64 78155
64 78199
64 78236
64 78239
64 78269
54 70334
54 70406
54 70632
54 70678
54 70699
54 70843
54 70851
54 70878
54 70900
54 70911
54 70984
54 71022
54 71052
54 71057
54 71169
54 71232
54 71268
54 71283
54 71292
54 71311
54 71389
54 71408
54 71525
54 71530
54 71663
54 71683
54 71768
54 71806
54 71963
54 72004
54 72083
54 72240
54 72256
54 72298
54 72305
54 72330
54 72412
54 72417
54 72538
54 72543
54 72575
54 72666
54 72701
54 72772
54 72788
54 72807
54 72851
54 72891
54 72893
54 72955
54 73061
54 73069
54 73155
54 73195
54 73204
54 73336
54 73401
54 73435
54 73553
54 73688
54 73727
54 73865
54 74099
54 74109
54 74164
54 74172
54 74255
54 74270
54 74285
54 74341
54 74364
54 74413
54 74424
54 74494
54 74495
54 74523
54 74560
54 74574
54 74681
54 74686
54 74695
54 74778
54 74819
54 74861
54 74953
54 74974
54 75037
54 75070
54 75087
54 75148
54 75169
54 75189
54 75297
54 75303
54 75337
54 75371
54 75384
54 75405
54 75546
54 75569
54 75592
54 75600
54 75674
54 75807
54 76050
54 76116
54 76225
54 76284
54 76300
54 76304
54 76399
54 76401
54 76404
54 76615
54 76832
54 76866
54 76869
54 76889
54 76968
54 77003
54 77088
54 77093
54 77119
54 77203
54 77218
54 77289
54 77297
54 77349
54 77430
54 77507
54 77562
54 77627
54 77682
54 77744
54 77771
54 77869
54 77905
54 77910
54 78025
54 78027
54 78045
54 78055
54 78059
54 78062
54 78408
54 78435
54 78475
54 78487
54 78493
54 78581
54 78590
54 78643
54 78666
54 78744
54 78757
54 78771
54 78899
54 78940
54 78962
54 78983
54 78988
54 79145
54 79197
54 79201
54 79231
54 79272
54 79308
54 79334
54 79400
54 79402
54 79405
54 79436
54 79518
54 79526
54 79532
54 79586
54 79622
54 79744
54 79788
54 79820
54 79866
54 79941
54 79952
54 80037
54 80127
54 80144
54 80165
54 80166
54 80213
54 80340
54 80380
54 80405
54 80413
54 80442
54 80475
54 80494
54 80604
54 80605
54 80625
54 80657
54 80685
54 80724
54 80769
54 80775
54 80811
54 80855
54 80876
54 81084
54 81203
54 81235
54 81254
54 81267
54 81334
54 81382
54 81485
54 81542
54 81549
54 81655
54 81727
54 81752
54 81765
54 81807
54 81815
54 81905
54 81915
54 81956
54 82028
54 82130
54 82148
54 82196
54 82197
54 82234
54 82301
54 82361
54 82462
54 82464
54 82486
54 82516
54 82587
54 82606
54 82824
54 82834
54 82919
54 83065
54 83146
54 83152
54 83163
54 83200
54 83206
54 83226
54 83275
54 83323
54 83342
54 83379
54 83410
54 83530
54 83598
54 83659
54 83682
54 83753
54 84220
54 84238
54 84353
54 84438
54 84442
54 84682
54 84711
54 84713
54 84721
54 84797
54 84842
54 84857
54 84953
54 84980
54 85041
54 85043
54 85070
54 85165
54 85191
54 85244
54 85252
54 85273
54 85308
54 85329
54 85337
54 85363
54 85399
54 85496
54 85529
54 85536
54 85660
54 85715
54 85722
54 85759
54 85835
54 85847
54 85964
54 86004
54 86031
54 86155
54 86257
54 86320
54 86326
54 86383
54 86428
54 86515
54 86519
54 86607
54 86620
54 86644
54 86804
54 86857
54 86881
54 86897
54 86948
54 87075
54 87185
54 87210
54 87334
54 87462
54 87481
54 87628
54 87643
54 87661
54 87766
54 87794
54 87824
54 87923
54 87947
54 87990
54 87995
54 88062
54 88229
54 88384
54 88387
54 88394
54 88567
54 88592
54 88721
54 88850
54 88959
54 88984
54 89072
54 89110
54 89186
54 89241
54 89249
54 89260
54 89291
54 89396
54 89468
54 89469
54 89546
54 89643
54 89657
54 89665
54 89702
54 89723
54 89741
54 89879
54 90058
54 90119
54 90230
54 90236
54 90273
54 90317
54 90403
54 90491
54 90616
54 90628
54 90643
54 90698
54 90708
54 90710
54 90768
54 90877
54 90969
54 91005
54 91066
54 91168
54 91172
54 91173
54 91181
54 91547
54 91651
54 91815
54 91832
54 91896
54 92019
54 92067
54 92078
54 92085
54 92150
54 92159
54 92355
54 92360
54 92409
54 92463
54 92472
54 92476
54 92502
54 92516
54 92529
54 92533
54 92562
54 92666
54 92867
54 92908
54 92935
54 92991
54 93009
54 93078
54 93153
54 93253
54 93261
54 93327
54 93363
54 93388
54 93404
54 93411
54 93424
54 93434
54 93504
54 93565
54 93600
54 93816
54 93817
54 93830
54 94007
54 94035
54 94069
54 94081
54 94161
56 74348
56 74382
56 74396
56 74427
56 74451
56 74469
56 74547
56 74599
56 74622
56 74707
56 74844
56 75139
56 75175
56 75194
56 75200
56 75264
56 75288
56 75367
56 75504
56 75522
56 75567
56 75592
56 75595
56 75606
56 75752
56 75814
56 75897
56 76003
56 76008
56 76143
56 76162
56 76274
56 76276
56 76298
56 76325
56 76361
56 76386
56 76451
56 76594
56 76608
56 76618
56 76700
56 76731
56 76735
56 76753
56 76759
56 76778
56 76833
56 76879
56 76884
56 76926
56 76986
56 77020
56 77042
56 77136
56 77145
56 77164
56 77196
56 77215
56 77250
56 77281
56 77295
56 77481
56 77494
56 77544
56 77577
56 77653
56 77666
56 77695
56 77704
56 77729
56 77761
56 77924
56 77985
56 78121
56 78140
56 78164
56 78205
56 78279
56 78357
56 78468
56 78530
56 78555
56 78566
56 78578
56 78599
56 78607
56 78635
56 78744
56 78783
56 78784
56 78791
56 79011
56 79080
56 79229
56 79271
56 79286
56 79362
56 79417
56 79529
56 79547
56 79636
56 79680
56 79690
56 79806
56 79885
56 79987
56 80072
56 80088
56 80192
56 80198
56 80264
56 80274
56 80369
56 80377
56 80379
56 80392
56 80400
56 80423
56 80482
56 80738
56 80752
56 80805
56 80867
56 80970
56 81058
56 81063
56 81068
56 81072
56 81105
56 81116
56 81117
56 81245
56 81252
56 81402
56 81427
56 81482
56 81503
56 81545
56 81582
56 81672
56 81728
56 81729
56 81807
56 81829
56 81911
56 81952
56 81961
56 82012
56 82061
56 82112
56 82132
56 82249
56 82326
56 82379
56 82570
56 82578
56 82620
56 82644
56 82692
56 82734
56 82794
56 82842
56 82850
56 83002
56 83027
56 83044
56 83051
56 83073
56 83100
56 83164
56 83187
56 83360
56 83379
56 83427
56 83435
56 83488
56 83789
56 83862
56 84069
56 84126
56 84243
56 84275
56 84396
56 84444
56 84515
56 84559
56 84637
56 84827
56 84832
56 84845
56 84847
56 84850
56 84852
56 84865
56 84867
56 84915
56 84939
56 85059
56 85112
56 85212
56 85344
56 85627
56 85674
56 85707
56 85713
56 85715
56 85793
56 85817
56 85820
56 85854
56 85985
56 86043
56 86102
56 86241
56 86317
56 86393
56 86486
56 86529
56 86579
56 86621
56 86868
56 86944
56 87047
56 87088
56 87124
56 87156
56 87188
56 87196
56 87222
56 87245
56 87265
56 87295
56 87382
56 87422
56 87431
56 87453
56 87487
56 87532
56 87539
56 87551
56 87559
56 87589
56 87674
56 87717
56 87928
56 88104
56 88248
56 88259
56 88458
56 88543
56 88664
56 88686
56 88689
56 88766
56 88804
56 88919
56 88962
56 88978
56 89072
56 89143
56 89158
56 89159
56 89180
56 89188
56 89224
56 89256
56 89310
56 89409
56 89480
56 89534
56 89747
56 89787
56 89839
56 89948
56 90241
56 90265
56 90317
56 90366
56 90379
56 90381
56 90515
56 90672
56 90758
56 90788
56 90937
56 91055
56 91060
56 91232
56 91268
56 91288
56 91305
56 91391
56 91433
56 91435
56 91471
56 91549
56 91551
56 91559
56 91570
56 91606
56 91648
56 91655
56 91656
56 91681
56 91687
56 91775
56 91777
56 91839
56 91916
56 92021
56 92087
56 92122
56 92265
56 92408
56 92498
56 92530
56 92597
56 92612
56 92656
56 92658
56 92715
56 92772
56 92806
56 93019
56 93125
56 93139
56 93321
56 93358
56 93434
56 93457
56 93462
56 93576
56 93595
56 93598
56 93655
56 93672
56 93718
56 93888
56 93902
56 93987
56 94069
56 94143
56 94209
56 94243
56 94288
56 94296
56 94474
56 94621
56 94643
56 94666
56 94829
56 94894
56 94908
56 94918
56 94976
56 94987
56 95158
56 95203
56 95333
56 95358
56 95361
56 95377
56 95379
56 95380
56 95455
56 95483
56 95634
56 95637
56 95722
56 95726
56 95732
56 95856
56 95894
56 95972
56 96027
56 96083
56 96146
56 96199
56 96209
56 96214
56 96238
56 96277
56 96302
56 96315
56 96372
56 96726
56 96790
56 96808
56 96856
56 96863
56 96906
56 96942
56 97023
56 97032
56 97050
56 97322
56 97342
56 97368
56 97379
56 97394
56 97400
56 97406
56 97432
56 97462
56 97522
56 97587
56 97698
56 97931
56 97992
56 98061
56 98122
56 98131
56 98167
56 98193
56 98216
56 98417
56 98518
56 98563
56 98564
56 98568
56 98607
56 98615
56 98635
56 98645
56 98713
51 71362
51 71404
51 71477
51 71541
51 71587
51 71605
51 71651
51 71653
51 71794
51 71812
51 71898
51 71916
51 71927
51 72065
51 72115
51 72231
51 72320
51 72379
51 72422
51 72664
51 72712
51 72718
51 72790
51 72810
51 72878
51 72942
51 72944
51 72967
51 73078
51 73131
51 73242
51 73262
51 73297
51 73449
51 73470
51 73489
51 73517
51 73658
51 73660
51 73718
51 73844
51 73900
51 73929
51 73974
51 74042
51 74076
51 74115
51 74137
51 74446
51 74469
51 74491
51 74514
51 74701
51 74731
51 74768
51 74840
51 74868
51 74882
51 75005
51 75040
51 75257
51 75279
51 75480
51 75546
51 75602
51 75619
51 75721
51 75785
51 75875
51 75884
51 75931
51 75973
51 75988
51 76060
51 76062
51 76082
51 76143
51 76158
51 76202
51 76286
51 76309
51 76352
51 76384
51 76406
51 76441
51 76511
51 76526
51 76597
51 76688
51 76691
51 76706
51 76785
51 76855
51 76958
51 76966
51 77092
51 77135
51 77188
51 77217
51 77232
51 77331
51 77334
51 77339
51 77359
51 77379
51 77386
51 77449
51 77556
51 77559
51 77578
51 77740
51 77952
51 77957
51 78079
51 78089
51 78103
51 78165
51 78181
51 78375
51 78424
51 78431
51 78464
51 78545
51 78615
51 78671
51 78682
51 78713
51 78774
51 78819
51 78875
51 78941
51 78952
51 79103
51 79156
51 79183
51 79204
51 79332
51 79338
51 79529
51 79580
51 79649
51 79682
51 79685
51 79700
51 79710
51 79728
51 79884
51 79937
51 79984
51 80029
51 80037
51 80038
51 80076
51 80117
51 80197
51 80273
51 80322
51 80388
51 80404
51 80501
51 80613
51 80614
51 80670
51 80759
51 80974
51 80994
51 81008
51 81018
51 81047
51 81069
51 81077
51 81151
51 81220
51 81378
51 81412
51 81430
51 81478
51 81666
51 81717
51 81742
51 81771
51 81845
51 81965
51 82039
51 82061
51 82080
51 82112
51 82154
51 82266
51 82354
51 82371
51 82416
51 82473
51 82543
51 82642
51 82650
51 82661
51 82668
51 82711
51 82843
51 82858
51 82888
51 83308
51 83335
51 83403
51 83430
51 83449
51 83559
51 83569
51 83582
51 83595
51 83620
51 83638
51 83669
51 83730
51 83734
51 83736
51 83750
51 83839
51 83872
51 83967
51 84052
51 84249
51 84290
51 84420
51 84425
51 84435
51 84510
51 84635
51 84728
51 84774
51 84883
51 84966
51 85033
51 85047
51 85081
51 85119
51 85173
51 85232
51 85234
51 85292
51 85299
51 85316
51 85343
51 85395
51 85460
51 85686
51 85731
51 85738
51 85739
51 85816
51 85844
51 85851
51 85882
51 85937
51 85945
51 85993
51 86060
51 86108
51 86150
51 86192
51 86231
51 86364
51 86407
51 86433
51 86522
51 86593
51 86768
51 86808
51 86859
51 86893
51 87047
51 87051
51 87062
51 87081
51 87136
51 87167
51 87276
51 87305
51 87316
51 87519
51 87573
51 87580
51 87780
51 87788
51 87801
51 87989
51 88064
51 88194
51 88373
51 88383
51 88431
51 88557
51 88577
51 88589
51 88726
51 88760
51 88875
51 88973
51 89088
51 89146
51 89241
51 89293
51 89410
51 89483
51 89630
51 89665
51 89727
51 89765
51 89858
51 89867
51 89898
51 89927
51 89980
51 89986
51 90032
51 90052
51 90207
51 90278
51 90370
51 90418
51 90511
51 90617
51 90622
51 90625
51 90655
51 90692
51 90789
51 91060
51 91130
51 91174
51 91206
51 91270
51 91295
51 91297
51 91304
51 91667
51 91695
51 91717
51 91853
51 91934
51 91954
51 91969
51 91979
51 92017
51 92192
51 92255
51 92286
51 92351
51 92365
51 92573
51 92580
51 92769
51 92785
51 92905
51 92922
51 93070
51 93149
51 93176
51 93246
51 93263
51 93333
51 93490
51 93493
51 93561
51 93649
51 93825
51 93918
51 93932
51 93950
51 93975
51 94119
51 94239
51 94328
51 94388
51 94389
51 94446
51 94574
51 94660
51 94685
51 94712
51 94779
51 94864
51 95048
51 95175
51 95206
51 95317
51 95355
51 95398
51 95412
51 95417
51 95503
51 95553
51 95624
51 95709
51 95957
51 95987
51 95999
51 96013
49 66359
49 66746
49 66752
49 66868
49 66946
49 66950
49 66960
49 66961
49 66991
49 67184
49 67226
49 67259
49 67300
49 67428
49 67456
49 67584
49 67601
49 67628
49 67650
49 67819
49 67915
49 67951
49 67986
49 68099
49 68108
49 68138
49 68140
49 68160
49 68210
49 68211
49 68232
49 68414
49 68435
49 68452
49 68513
49 68526
49 68535
49 68561
49 68627
49 68712
49 68856
49 68871
49 68896
49 68987
49 68999
49 69008
49 69023
49 69042
49 69128
49 69152
49 69190
49 69213
49 69215
49 69316
49 69346
49 69366
49 69480
49 69554
49 69560
49 69611
49 69688
49 69697
49 69781
49 69815
49 69835
49 69848
49 69864
49 69891
49 69913
49 69931
49 70106
49 70241
49 70448
49 70465
49 70489
49 70510
49 70537
49 70558
49 70665
49 70676
49 70719
49 70739
49 70817
49 70974
49 71015
49 71065
49 71294
49 71313
49 71314
49 71331
49 71484
49 71491
49 71554
49 71582
49 71620
49 71820
49 71874
49 71910
49 71970
49 72004
49 72069
49 72100
49 72147
49 72235
49 72262
49 72324
49 72452
49 72498
49 72530
49 72579
49 72641
49 72701
49 72820
49 72884
49 72922
49 73052
49 73135
49 73145
49 73277
49 73399
49 73433
49 73515
49 73554
49 73806
49 73840
49 73985
49 74001
49 74125
49 74153
49 74169
49 74227
49 74241
49 74300
49 74394
49 74405
49 74482
49 74490
49 74493
49 74551
49 74785
49 75000
49 75038
49 75062
49 75161
49 75164
49 75199
49 75268
49 75363
49 75396
49 75529
49 75682
49 75710
49 75734
49 75755
49 75785
49 75834
49 75906
49 75912
49 75934
49 76012
49 76013
49 76032
49 76074
49 76157
49 76181
49 76182
49 76191
49 76192
49 76199
49 76311
49 76429
49 76437
49 76465
49 76476
49 76501
49 76538
49 76582
49 76738
49 76882
49 76945
49 76953
49 76978
49 77041
49 77067
49 77074
49 77098
49 77119
49 77270
49 77428
49 77458
49 77475
49 77553
49 77650
49 77753
49 77919
49 77952
49 78027
49 78045
49 78051
49 78065
49 78080
49 78168
49 78220
49 78280
49 78294
49 78315
49 78363
49 78367
49 78437
49 78512
49 78669
49 78936
49 79142
49 79161
49 79181
49 79272
49 79293
49 79324
49 79336
49 79348
49 79374
49 79377
49 79380
49 79470
49 79506
49 79678
49 79767
49 79784
49 79846
49 79860
49 79872
49 79894
49 79907
49 80069
49 80281
49 80285
49 80332
49 80387
49 80425
49 80478
49 80509
49 80587
49 80601
49 80622
49 80671
49 80697
49 80714
49 80731
49 80748
49 80809
49 80814
49 81045
49 81106
49 81242
49 81293
49 81596
49 81701
49 81734
49 81768
49 81870
49 81933
49 81937
49 81960
49 81964
49 82031
49 82035
49 82049
49 82183
49 82258
49 82336
49 82374
49 82393
49 82455
49 82486
49 82496
49 82506
49 82508
49 82576
49 82800
49 82804
49 82837
49 82998
49 83033
49 83035
49 83062
49 83150
49 83200
49 83208
49 83279
49 83349
49 83350
49 83443
49 83525
49 83545
49 83622
49 83630
49 83653
49 83755
49 83762
49 83793
49 83804
49 83823
49 83865
49 83923
49 83933
49 83943
49 83961
49 83963
49 83970
49 84038
49 84065
49 84083
49 84089
49 84111
49 84134
49 84139
49 84223
49 84300
49 84417
49 84513
49 84720
49 84881
49 85132
49 85327
49 85339
49 85344
49 85433
49 85443
49 85449
49 85545
49 85588
49 85606
49 85650
49 85797
49 85810
49 85815
49 85818
49 85943
49 86007
49 86075
49 86087
49 86225
49 86261
49 86373
49 86381
49 86413
49 86593
49 86693
49 86872
49 86931
49 86977
49 87056
49 87063
49 87111
49 87238
49 87280
49 87359
49 87419
49 87482
49 87488
49 87506
49 87509
49 87534
49 87542
49 87649
49 87650
49 87670
49 87687
49 87775
49 87819
49 87838
49 87850
49 87915
49 87988
49 88007
49 88056
49 88090
49 88096
49 88106
49 88138
49 88156
49 88196
49 88206
49 88245
49 88298
49 88345
49 88380
49 88449
49 88460
49 88496
49 88556
49 88572
49 88591
49 88610
49 88612
49 88666
49 88916
49 88952
49 89029
49 89119
49 89181
59 74514
59 74537
59 74714
59 74747
59 74834
59 74848
59 74910
59 75003
59 75125
59 75203
59 75247
59 75250
59 75251
59 75607
59 75650
59 75714
59 75800
59 75836
59 76000
59 76058
59 76138
59 76284
59 76313
59 76507
59 76581
59 76670
59 76705
59 76761
59 76785
59 76869
59 76899
59 77072
59 77081
59 77301
59 77568
59 77650
59 77697
59 77722
59 77741
59 77822
59 77865
59 77875
59 77884
59 77992
59 78046
59 78167
59 78406
59 78432
59 78577
59 78614
59 78652
59 78694
59 78750
59 78777
59 78782
59 78839
59 78893
59 78907
59 78988
59 79328
59 79404
59 79488
59 79547
59 79624
59 79727
59 79806
59 79845
59 79898
59 79944
59 79946
59 80014
59 80087
59 80107
59 80130
59 80175
59 80214
59 80340
59 80512
59 80535
59 80607
59 80665
59 80742
59 80762
59 80831
59 80848
59 80912
59 80957
59 81042
59 81119
59 81187
59 81198
59 81209
59 81223
59 81262
59 81271
59 81298
59 81348
59 81461
59 81489
59 81543
59 81551
59 81562
59 81634
59 81649
59 81652
59 81701
59 81718
59 81721
59 81825
59 81911
59 81944
59 81963
59 82072
59 82095
59 82223
59 82239
59 82478
59 82484
59 82518
59 82565
59 82665
59 82679
59 82685
59 82837
59 82902
59 82990
59 83082
59 83098
59 83180
59 83248
59 83261
59 83377
59 83649
59 83719
59 83895
59 83997
59 84006
59 84164
59 84175
59 84276
59 84286
59 84298
59 84349
59 84621
59 84622
59 84642
59 84674
59 84691
59 84805
59 84858
59 84908
59 84917
59 84918
59 85039
59 85081
59 85095
59 85114
59 85156
59 85163
59 85172
59 85190
59 85350
59 85351
59 85384
59 85450
59 85454
59 85510
59 85627
59 85646
59 85824
59 85920
59 85961
59 85999
59 86088
59 86089
59 86156
59 86157
59 86195
59 86228
59 86258
59 86290
59 86299
59 86318
59 86361
59 86492
59 86494
59 86553
59 86622
59 86672
59 86739
59 86782
59 86802
59 86807
59 86840
59 87018
59 87033
59 87258
59 87269
59 87275
59 87347
59 87358
59 87384
59 87568
59 87691
59 87727
59 87784
59 87794
59 88131
59 88145
59 88147
59 88219
59 88291
59 88415
59 88472
59 88506
59 88529
59 88547
59 88619
59 88667
59 88727
59 88738
59 88856
59 88889
59 88893
59 88941
59 89119
59 89120
59 89264
59 89382
59 89435
59 89662
59 89800
59 89830
59 90113
59 90207
59 90224
59 90406
59 90492
59 90494
59 90577
59 90581
59 90585
59 90593
59 90603
59 90690
59 90715
59 90728
59 90829
59 90838
59 90868
59 90945
59 90969
59 91042
59 91063
59 91112
59 91115
59 91192
59 91196
59 91215
59 91291
59 91435
59 91449
59 91475
59 91809
59 91811
59 91818
59 92019
59 92065
59 92136
59 92165
59 92284
59 92353
59 92361
59 92394
59 92433
59 92452
59 92468
59 92612
59 92628
59 92657
59 92739
59 92791
59 92802
59 92925
59 92945
59 92948
59 92956
59 92959
59 92974
59 93086
59 93097
59 93137
59 93142
59 93161
59 93261
59 93343
59 93534
59 93541
59 93543
59 93586
59 93642
59 93676
59 93707
59 93935
59 93944
59 93952
59 93953
59 94000
59 94018
59 94065
59 94204
59 94212
59 94247
59 94283
59 94290
59 94295
59 94379
59 94441
59 94449
59 94451
59 94523
59 94612
59 94793
59 94840
59 94855
59 94877
59 94895
59 94969
59 95113
59 95323
59 95440
59 95451
59 95860
59 95936
59 96149
59 96324
59 96354
59 96457
59 96487
59 96511
59 96549
59 96561
59 96565
59 96602
59 96611
59 96699
59 96822
59 96859
59 96875
59 96881
59 96900
59 96943
59 97000
59 97149
59 97186
59 97276
59 97292
59 97425
59 97501
59 97748
59 97788
59 97936
59 97953
59 98071
59 98148
59 98204
59 98230
59 98248
59 98249
59 98321
59 98369
59 98423
59 98427
59 98448
59 98464
59 98517
59 98615
59 98646
59 98824
59 98870
59 98896
59 98903
59 98925
59 99005
59 99090
59 99100
59 99221
59 99289
59 99353
61 74240
61 74303
61 74315
61 74344
61 74440
61 74516
61 74523
61 74597
61 74623
61 74638
61 74652
61 74691
61 74693
61 74734
61 74815
61 74879
61 74885
61 75006
61 75049
61 75062
61 75113
61 75118
61 75154
61 75161
61 75252
61 75264
61 75438
61 75495
61 75562
61 75586
61 75596
61 75739
61 75751
61 75770
61 75917
61 75974
61 75978
61 76018
61 76020
61 76022
61 76027
61 76100
61 76116
61 76302
61 76374
61 76391
61 76438
61 76482
61 76494
61 76500
61 76507
61 76582
61 76598
61 76632
61 76699
61 76702
61 76846
61 76912
61 77020
61 77067
61 77197
61 77199
61 77206
61 77228
61 77257
61 77288
61 77329
61 77383
61 77444
61 77493
61 77620
61 77638
61 77706
61 77717
61 77726
61 77729
61 77765
61 77816
61 77821
61 77918
61 78029
61 78074
61 78077
61 78086
61 78104
61 78113
61 78152
61 78248
61 78423
61 78533
61 78600
61 78652
61 78956
61 78998
61 79018
61 79057
61 79235
61 79355
61 79441
61 79546
61 79724
61 79733
61 79741
61 79776
61 79952
61 80046
61 80121
61 80186
61 80217
61 80228
61 80282
61 80288
61 80374
61 80386
61 80469
61 80492
61 80584
61 80765
61 80766
61 80771
61 80780
61 80859
61 80918
61 81015
61 81165
61 81244
61 81277
61 81307
61 81398
61 81450
61 81496
61 81513
61 81603
61 81651
61 81721
61 81773
61 81780
61 81790
61 81793
61 81803
61 81899
61 82015
61 82081
61 82130
61 82231
61 82268
61 82278
61 82298
61 82314
61 82370
61 82391
61 82431
61 82489
61 82587
61 82732
61 82855
61 83089
61 83164
61 83273
61 83338
61 83497
61 83543
61 83582
61 83594
61 83634
61 83645
61 83664
61 83667
61 83923
61 83970
61 84001
61 84015
61 84106
61 84147
61 84213
61 84342
61 84373
61 84475
61 84564
61 84567
61 84579
61 84636
61 84821
61 84886
61 84902
61 84956
61 85031
61 85038
61 85073
61 85083
61 85191
61 85199
61 85265
61 85322
61 85362
61 85513
61 85662
61 85687
61 85702
61 85837
61 85863
61 85876
61 85895
61 85918
61 85943
61 85956
61 85968
61 85985
61 86162
61 86177
61 86192
61 86215
61 86282
61 86341
61 86379
61 86447
61 86517
61 86572
61 86610
61 86616
61 86632
61 86720
61 86753
61 86812
61 86962
61 86968
61 87014
61 87105
61 87232
61 87303
61 87345
61 87419
61 87420
61 87454
61 87486
61 87571
61 87574
61 87622
61 87696
61 87778
61 87803
61 87837
61 87935
61 87967
61 88061
61 88129
61 88220
61 88375
61 88391
61 88432
61 88466
61 88579
61 88581
61 88677
61 88717
61 88792
61 88825
61 88877
61 88961
61 89045
61 89213
61 89268
61 89434
61 89449
61 89485
61 89499
61 89528
61 89746
61 89808
61 89840
61 89872
61 89925
61 89982
61 90115
61 90145
61 90232
61 90252
61 90255
61 90272
61 90496
61 90556
61 90602
61 90707
61 90729
61 90839
61 90886
61 90917
61 90949
61 90965
61 91074
61 91125
61 91244
61 91264
61 91277
61 91306
61 91380
61 91400
61 91428
61 91444
61 91564
61 91612
61 91656
61 91661
61 91733
61 91777
61 91824
61 92084
61 92134
61 92156
61 92193
61 92277
61 92320
61 92358
61 92374
61 92391
61 92458
61 92545
61 92618
61 92742
61 92763
61 93008
61 93070
61 93087
61 93156
61 93164
61 93207
61 93234
61 93279
61 93357
61 93415
61 93449
61 93503
61 93559
61 93637
61 93672
61 93706
61 93928
61 93941
61 93965
61 93986
61 93994
61 94073
61 94162
61 94183
61 94283
61 94479
61 94580
61 94648
61 95065
61 95108
61 95149
61 95168
61 95254
61 95272
61 95355
61 95376
61 95439
61 95472
61 95524
61 95586
61 95662
61 95771
61 95865
61 95889
61 95924
61 95928
61 95935
61 95945
61 96058
61 96064
61 96147
61 96167
61 96168
61 96229
61 96427
61 96438
61 96500
61 96510
61 96584
61 96635
61 96645
61 96693
61 96694
61 96806
61 96852
61 96869
61 96880
61 96989
61 97112
61 97166
61 97177
61 97210
61 97239
61 97244
61 97270
61 97294
61 97463
61 97483
61 97517
61 97549
61 97555
61 97567
61 97660
61 97677
61 97680
61 97759
61 97974
61 98124
61 98205
61 98225
61 98265
61 98267
61 98270
61 98402
61 98690
61 98697
61 98722
61 98941
61 98968
61 99133
61 99150
55 72491
55 72523
55 72535
55 72611
55 72632
55 72654
55 73055
55 73140
55 73151
55 73277
55 73339
55 73361
55 73456
55 73465
55 73484
55 73525
55 73603
55 73638
55 73682
55 73704
55 73773
55 73830
55 73878
55 73896
55 73934
55 73956
55 74054
55 74063
55 74112
55 74148
55 74175
55 74256
55 74365
55 74381
55 74471
55 74637
55 74917
55 74923
55 74927
55 74999
55 75070
55 75133
55 75294
55 75307
55 75449
55 75544
55 75578
55 75626
55 75672
55 75717
55 75774
55 75833
55 75851
55 75945
55 76009
55 76024
55 76043
55 76092
55 76182
55 76250
55 76396
55 76443
55 76457
55 76475
55 76479
55 76527
55 76601
55 76626
55 76714
55 76728
55 76729
55 76846
55 76865
55 76872
55 76959
55 77028
55 77083
55 77183
55 77242
55 77260
55 77274
55 77287
55 77335
55 77341
55 77376
55 77500
55 77616
55 77655
55 77677
55 77823
55 77859
55 77874
55 77896
55 77917
55 77972
55 77976
55 78124
55 78221
55 78451
55 78452
55 78460
55 78642
55 78696
55 78713
55 78766
55 78780
55 79033
55 79064
55 79099
55 79113
55 79127
55 79150
55 79153
55 79177
55 79251
55 79318
55 79352
55 79370
55 79433
55 79685
55 79722
55 79742
55 79822
55 79937
55 79953
55 80017
55 80020
55 80322
55 80374
55 80409
55 80496
55 80561
55 80674
55 80684
55 80696
55 80706
55 80730
55 80867
55 81080
55 81136
55 81338
55 81348
55 81389
55 81413
55 81491
55 81515
55 81593
55 81594
55 81605
55 81627
55 81688
55 81713
55 81714
55 81756
55 81905
55 82000
55 82007
55 82067
55 82087
55 82137
55 82335
55 82442
55 82559
55 82563
55 82592
55 82598
55 82605
55 82713
55 82799
55 82818
55 82942
55 82961
55 83015
55 83061
55 83208
55 83319
55 83328
55 83353
55 83360
55 83576
55 83598
55 83603
55 83657
55 83699
55 83958
55 84003
55 84075
55 84123
55 84195
55 84234
55 84246
55 84280
55 84339
55 84428
55 84576
55 84617
55 84707
55 84729
55 84730
55 84784
55 84785
55 84864
55 85002
55 85026
55 85077
55 85292
55 85343
55 85372
55 85503
55 85838
55 85960
55 85995
55 86020
55 86125
55 86129
55 86153
55 86176
55 86252
55 86345
55 86400
55 86454
55 86463
55 86511
55 86549
55 86635
55 86721
55 86759
55 86872
55 86873
55 86901
55 87005
55 87015
55 87128
55 87177
55 87179
55 87241
55 87311
55 87353
55 87375
55 87407
55 87462
55 87505
55 87506
55 87539
55 87550
55 87562
55 87575
55 87858
55 87861
55 87946
55 87948
55 87965
55 88069
55 88073
55 88075
55 88076
55 88104
55 88174
55 88214
55 88292
55 88342
55 88370
55 88395
55 88411
55 88416
55 88431
55 88521
55 88544
55 88698
55 88732
55 88751
55 88819
55 88843
55 88844
55 88898
55 88922
55 88971
55 88996
55 89108
55 89115
55 89157
55 89161
55 89239
55 89334
55 89359
55 89416
55 89428
55 89453
55 89492
55 89569
55 89644
55 89661
55 89725
55 89842
55 89843
55 89903
55 89936
55 89961
55 89965
55 89994
55 90018
55 90034
55 90071
55 90244
55 90250
55 90329
55 90411
55 90445
55 90475
55 90529
55 90666
55 90728
55 90740
55 90805
55 90955
55 90956
55 90987
55 91004
55 91071
55 91175
55 91226
55 91234
55 91238
55 91250
55 91278
55 91319
55 91352
55 91477
55 91586
55 91715
55 91744
55 91751
55 91791
55 91799
55 91821
55 92116
55 92142
55 92279
55 92299
55 92312
55 92338
55 92427
55 92477
55 92521
55 92557
55 92590
55 92648
55 92777
55 92811
55 92847
55 92939
55 92968
55 92977
55 92981
55 93091
55 93213
55 93239
55 93275
55 93282
55 93284
55 93390
55 93487
55 93562
55 93600
55 93632
55 93708
55 93759
55 93801
55 93855
55 93864
55 94007
55 94083
55 94110
55 94143
55 94195
55 94196
55 94217
55 94333
55 94336
55 94380
55 94393
55 94399
55 94461
55 94606
55 94679
55 94740
55 94799
55 94830
55 94969
55 95031
55 95050
55 95156
55 95196
55 95266
55 95344
55 95375
55 95436
55 95443
55 95469
55 95561
55 95563
55 95581
55 95656
55 95694
55 95760
55 96017
55 96095
55 96130
55 96161
55 96198
55 96222
55 96238
55 96270
55 96306
55 96328
55 96339
55 96344
55 96353
55 96398
55 96483
55 96540
55 96664
55 96672
55 96704
55 96750
55 96803
55 96808
55 96830
55 96846
55 96896
55 97004
55 97017
55 97030
60 73667
60 73682
60 73685
60 73693
60 73748
60 73781
60 73832
60 73865
60 73980
60 73982
60 73984
60 73998
60 74008
60 74084
60 74140
60 74201
60 74232
60 74330
60 74334
60 74383
60 74424
60 74493
60 74528
60 74549
60 74619
60 74667
60 74680
60 74758
60 74765
60 74834
60 74855
60 74985
60 74986
60 75009
60 75018
60 75068
60 75083
60 75144
60 75162
60 75253
60 75320
60 75324
60 75333
60 75354
60 75374
60 75375
60 75447
60 75474
60 75721
60 75725
60 75771
60 75858
60 75864
60 75920
60 75973
60 76012
60 76024
60 76027
60 76092
60 76107
60 76133
60 76135
60 76283
60 76358
60 76374
60 76437
60 76566
60 76674
60 76765
60 76855
60 76975
60 76991
60 77026
60 77036
60 77059
60 77098
60 77203
60 77228
60 77264
60 77266
60 77336
60 77346
60 77409
60 77436
60 77567
60 77657
60 77828
60 77841
60 77895
60 77915
60 77974
60 77978
60 78017
60 78060
60 78123
60 78141
60 78185
60 78195
60 78218
60 78256
60 78309
60 78320
60 78336
60 78410
60 78684
60 78790
60 78882
60 78925
60 79142
60 79158
60 79168
60 79207
60 79210
60 79234
60 79268
60 79360
60 79364
60 79517
60 79540
60 79548
60 79597
60 79704
60 79722
60 79742
60 79743
60 79874
60 80045
60 80171
60 80200
60 80298
60 80302
60 80469
60 80564
60 80621
60 80650
60 80688
60 80690
60 80816
60 80844
60 80881
60 80893
60 80928
60 80937
60 81023
60 81057
60 81227
60 81293
60 81299
60 81324
60 81399
60 81403
60 81620
60 81630
60 81700
60 81707
60 81731
60 81744
60 81747
60 81790
60 81939
60 81969
60 82013
60 82074
60 82178
60 82240
60 82359
60 82387
60 82462
60 82591
60 82734
60 83075
60 83112
60 83138
60 83265
60 83329
60 83390
60 83467
60 83541
60 83548
60 83665
60 83689
60 83723
60 83784
60 84002
60 84005
60 84194
60 84197
60 84221
60 84471
60 84476
60 84488
60 84607
60 84667
60 84678
60 84687
60 84732
60 84757
60 84788
60 84913
60 85013
60 85093
60 85099
60 85365
60 85406
60 85427
60 85554
60 85608
60 85638
60 85642
60 85736
60 85766
60 85792
60 85814
60 85904
60 85988
60 86092
60 86155
60 86158
60 86287
60 86374
60 86468
60 86553
60 86624
60 86640
60 86679
60 86687
60 86727
60 86740
60 86820
60 86876
60 86886
60 86949
60 87070
60 87118
60 87156
60 87233
60 87372
60 87720
60 87796
60 87869
60 87894
60 87966
60 88118
60 88130
60 88143
60 88166
60 88237
60 88309
60 88311
60 88343
60 88429
60 88485
60 88512
60 88597
60 88604
60 88660
60 88736
60 88778
60 88816
60 88874
60 88912
60 88929
60 89064
60 89073
60 89254
60 89313
60 89353
60 89374
60 89419
60 89500
60 89534
60 89552
60 89630
60 89654
60 89660
60 89713
60 89765
60 89904
60 90060
60 90222
60 90313
60 90360
60 90486
60 90541
60 90602
60 90655
60 90664
60 90819
60 90896
60 91066
60 91152
60 91195
60 91365
60 91383
60 91392
60 91522
60 91563
60 91628
60 91732
60 91735
60 91922
60 92062
60 92127
60 92139
60 92141
60 92178
60 92193
60 92197
60 92212
60 92459
60 92649
60 92656
60 92683
60 92692
60 92722
60 92765
60 92807
60 92809
60 92874
60 93010
60 93056
60 93136
60 93144
60 93307
60 93366
60 93404
60 93435
60 93523
60 93575
60 93665
60 93747
60 93782
60 93812
60 93845
60 93927
60 93964
60 94122
60 94136
60 94257
60 94333
60 94458
60 94485
60 94528
60 94807
60 94856
60 94935
60 95003
60 95109
60 95571
60 95619
60 95637
60 95655
60 95826
60 95848
60 95854
60 95996
60 96064
60 96171
60 96334
60 96355
60 96376
60 96416
60 96427
60 96472
60 96558
60 96568
60 96645
60 96665
60 96833
60 96849
60 96860
60 97002
60 97083
60 97147
60 97238
60 97253
60 97312
60 97356
60 97473
60 97503
60 97534
60 97629
60 97664
60 97822
60 97876
60 97885
60 97911
60 97970
60 98007
60 98039
60 98109
60 98209
60 98342
58 76346
58 76697
58 76713
58 76767
58 76782
58 76867
58 76914
58 77094
58 77143
58 77168
58 77219
58 77290
58 77330
58 77465
58 77477
58 77543
58 77567
58 77675
58 77701
58 77744
58 77757
58 77780
58 77837
58 77881
58 77914
58 77916
58 77921
58 77948
58 77992
58 77995
58 78006
58 78024
58 78036
58 78118
58 78122
58 78163
58 78188
58 78216
58 78238
58 78239
58 78313
58 78318
58 78362
58 78398
58 78476
58 78679
58 78717
58 78734
58 78759
58 78820
58 78840
58 78895
58 78896
58 78916
58 78922
58 78995
58 79009
58 79014
58 79032
58 79051
58 79052
58 79101
58 79166
58 79198
58 79226
58 79231
58 79340
58 79710
58 79774
58 79889
58 79947
58 79969
58 79987
58 80039
58 80064
58 80172
58 80231
58 80291
58 80308
58 80340
58 80376
58 80458
58 80678
58 80810
58 80859
58 80866
58 80899
58 80997
58 81036
58 81143
58 81340
58 81430
58 81444
58 81445
58 81590
58 81642
58 81736
58 81787
58 82130
58 82174
58 82204
58 82217
58 82249
58 82281
58 82478
58 82496
58 82511
58 82651
58 82691
58 82948
58 82960
58 82961
58 83034
58 83064
58 83347
58 83383
58 83504
58 83522
58 83569
58 83608
58 83632
58 83647
58 83808
58 83831
58 83918
58 83946
58 83977
58 84011
58 84093
58 84157
58 84385
58 84417
58 84494
58 84582
58 84609
58 84633
58 84637
58 84737
58 84746
58 84762
58 84806
58 84813
58 84861
58 84892
58 84903
58 84942
58 84956
58 85095
58 85104
58 85279
58 85285
58 85342
58 85445
58 85509
58 85510
58 85668
58 85742
58 85783
58 86221
58 86233
58 86245
58 86317
58 86558
58 86639
58 86674
58 86681
58 86686
58 86741
58 86779
58 86808
58 86821
58 86846
58 86976
58 87016
58 87155
58 87206
58 87326
58 87398
58 87433
58 87446
58 87635
58 87732
58 87853
58 87881
58 87893
58 87952
58 87980
58 88021
58 88030
58 88207
58 88223
58 88323
58 88337
58 88465
58 88479
58 88573
58 88976
58 88981
58 89011
58 89070
58 89074
58 89136
58 89144
58 89659
58 89666
58 89669
58 89676
58 89692
58 89787
58 89793
58 89840
58 89933
58 89993
58 90008
58 90020
58 90036
58 90121
58 90233
58 90288
58 90467
58 90492
58 90510
58 90671
58 90699
58 90734
58 90824
58 90873
58 90928
58 91090
58 91101
58 91366
58 91392
58 91452
58 91464
58 91480
58 91533
58 91547
58 91576
58 91587
58 91657
58 91730
58 91777
58 91811
58 91907
58 91922
58 91992
58 92091
58 92173
58 92236
58 92239
58 92265
58 92356
58 92489
58 92720
58 92826
58 92907
58 92969
58 93046
58 93053
58 93070
58 93224
58 93351
58 93491
58 93512
58 93530
58 93553
58 93745
58 93818
58 93828
58 93902
58 94006
58 94151
58 94199
58 94233
58 94269
58 94405
58 94418
58 94506
58 94509
58 94591
58 94626
58 94642
58 94678
58 94784
58 94794
58 94807
58 94840
58 94925
58 94997
58 95018
58 95292
58 95293
58 95306
58 95417
58 95477
58 95511
58 95513
58 95596
58 95608
58 95651
58 95687
58 95690
58 95802
58 95808
58 95836
58 95904
58 96137
58 96213
58 96273
58 96338
58 96348
58 96506
58 96543
58 96695
58 96712
58 96734
58 96754
58 96758
58 96802
58 96826
58 96864
58 96980
58 97047
58 97138
58 97204
58 97244
58 97338
58 97358
58 97394
58 97434
58 97698
58 97802
58 97837
58 97849
58 97996
58 98028
58 98056
58 98070
58 98079
58 98120
58 98171
58 98228
58 98241
58 98243
58 98377
58 98379
58 98439
58 98448
58 98489
58 98500
58 98530
58 98537
58 98574
58 98666
58 98683
58 98687
58 98698
58 98707
58 98731
58 98791
58 98794
58 98801
58 98916
58 98920
58 98950
58 99020
58 99028
58 99041
58 99118
58 99148
58 99175
58 99189
58 99219
58 99255
58 99308
58 99325
58 99338
58 99339
58 99369
58 99521
58 99535
58 99595
58 99652
58 99694
58 99758
58 99801
58 99900
58 99941
58 100049
58 100080
58 100083
58 100243
58 100279
58 100281
58 100323
58 100349
58 100388
58 100392
58 100540
58 100651
58 100666
58 100680
58 100697
58 100799
58 100991
58 101008
63 76127
63 76181
63 76199
63 76249
63 76313
63 76314
63 76331
63 76553
63 76647
63 76687
63 76692
63 76698
63 76766
63 76840
63 76871
63 76888
63 77041
63 77124
63 77187
63 77280
63 77337
63 77385
63 77387
63 77389
63 77390
63 77392
63 77469
63 77582
63 77615
63 77664
63 77747
63 77777
63 77823
63 77882
63 77890
63 78003
63 78049
63 78071
63 78079
63 78221
63 78244
63 78305
63 78325
63 78372
63 78381
63 78494
63 78529
63 78565
63 78621
63 78694
63 78718
63 78805
63 78843
63 78858
63 78883
63 78892
63 78904
63 79101
63 79112
63 79235
63 79257
63 79259
63 79304
63 79378
63 79421
63 79439
63 79490
63 79491
63 79584
63 79779
63 79780
63 79859
63 80039
63 80087
63 80110
63 80142
63 80148
63 80208
63 80242
63 80421
63 80455
63 80470
63 80546
63 80609
63 80629
63 80673
63 80744
63 80780
63 80801
63 80809
63 80819
63 80845
63 80990
63 81112
63 81235
63 81253
63 81311
63 81339
63 81398
63 81424
63 81437
63 81458
63 81461
63 81502
63 81640
63 81645
63 81655
63 81668
63 81680
63 81706
63 81714
63 81727
63 81796
63 81842
63 82020
63 82032
63 82056
63 82141
63 82178
63 82215
63 82316
63 82319
63 82324
63 82357
63 82386
63 82533
63 82601
63 82608
63 82619
63 82634
63 82741
63 82782
63 82808
63 82826
63 82949
63 82984
63 83040
63 83113
63 83311
63 83335
63 83366
63 83453
63 83488
63 83536
63 83601
63 83708
63 83732
63 83734
63 83815
63 84044
63 84068
63 84148
63 84176
63 84211
63 84298
63 84334
63 84358
63 84365
63 84371
63 84394
63 84463
63 84492
63 84589
63 84600
63 84647
63 84685
63 84705
63 84770
63 84831
63 84840
63 85031
63 85072
63 85095
63 85096
63 85116
63 85222
63 85263
63 85288
63 85330
63 85366
63 85425
63 85529
63 85563
63 85568
63 85688
63 85736
63 85762
63 85770
63 85903
63 85938
63 85950
63 85988
63 85994
63 85997
63 86108
63 86145
63 86184
63 86244
63 86250
63 86336
63 86371
63 86456
63 86523
63 86550
63 86553
63 86570
63 86617
63 86749
63 86756
63 86760
63 86783
63 87005
63 87049
63 87067
63 87077
63 87128
63 87133
63 87191
63 87203
63 87220
63 87284
63 87285
63 87321
63 87485
63 87501
63 87524
63 87551
63 87555
63 87571
63 87590
63 87634
63 87670
63 87694
63 87697
63 87786
63 87839
63 87985
63 88055
63 88105
63 88113
63 88147
63 88181
63 88184
63 88245
63 88277
63 88287
63 88404
63 88542
63 88558
63 88666
63 88676
63 88706
63 88770
63 88790
63 88819
63 88868
63 88892
63 88897
63 88900
63 88933
63 88947
63 88997
63 89099
63 89167
63 89174
63 89261
63 89285
63 89436
63 89516
63 89592
63 89630
63 89639
63 89798
63 89824
63 89825
63 89841
63 89915
63 89964
63 90088
63 90120
63 90186
63 90249
63 90263
63 90270
63 90283
63 90329
63 90365
63 90453
63 90492
63 90638
63 90666
63 90676
63 90722
63 90882
63 90927
63 90959
63 90968
63 91010
63 91097
63 91219
63 91256
63 91261
63 91301
63 91321
63 91484
63 91607
63 91763
63 91932
63 91953
63 92080
63 92131
63 92148
63 92356
63 92452
63 92461
63 92503
63 92528
63 92573
63 92593
63 92613
63 92622
63 92729
63 92786
63 92854
63 92871
63 92874
63 92885
63 92887
63 92938
63 92997
63 93103
63 93224
63 93226
63 93383
63 93408
63 93654
63 93689
63 93719
63 93728
63 93734
63 93751
63 93755
63 93877
63 93887
63 93917
63 93980
63 93988
63 93995
63 94126
63 94139
63 94143
63 94145
63 94155
63 94178
63 94269
63 94331
63 94338
63 94366
63 94378
63 94388
63 94420
63 94479
63 94509
63 94525
63 94565
63 94580
63 94584
63 94589
63 94616
63 94738
63 94758
63 94785
63 94812
63 94905
63 94912
63 95013
63 95023
63 95045
63 95153
63 95166
63 95171
64 78455
64 78541
64 78551
64 78554
64 78725
64 78744
64 78834
64 78959
64 79029
64 79047
64 79176
64 79207
64 79213
64 79323
64 79387
64 79388
64 79395
64 79415
64 79467
64 79502
64 79561
64 79587
64 79629
64 79670
64 79810
64 79843
64 79846
64 79927
64 80006
64 80073
64 80111
64 80132
64 80157
64 80179
64 80188
64 80202
64 80224
64 80241
64 80288
64 80354
64 80498
64 80703
64 80715
64 80724
64 80726
64 80749
64 80778
64 80779
64 80806
64 80960
64 81101
64 81122
64 81190
64 81191
64 81211
64 81268
64 81325
64 81338
64 81364
64 81462
64 81476
64 81491
64 81613
64 81644
64 81705
64 81782
64 81791
64 81828
64 81919
64 81965
64 81977
64 82037
64 82048
64 82071
64 82081
64 82105
64 82134
64 82161
64 82207
64 82292
64 82303
64 82364
64 82375
64 82392
64 82407
64 82442
64 82504
64 82513
64 82547
64 82788
64 82792
64 82836
64 82852
64 82891
64 82898
64 82911
64 82927
64 83087
64 83092
64 83098
64 83201
64 83206
64 83213
64 83266
64 83275
64 83280
64 83295
64 83307
64 83311
64 83360
64 83361
64 83375
64 83378
64 83405
64 83486
64 83494
64 83553
64 83646
64 83656
64 83676
64 83713
64 83716
64 83825
64 83868
64 83896
64 83940
64 83971
64 83983
64 84037
64 84056
64 84059
64 84136
64 84151
64 84201
64 84211
64 84294
64 84310
64 84497
64 84527
64 84539
64 84556
64 84572
64 84589
64 84631
64 84668
64 84710
64 84756
64 84783
64 84848
64 84936
64 85027
64 85037
64 85121
64 85173
64 85213
64 85279
64 85282
64 85365
64 85454
64 85466
64 85838
64 85867
64 85945
64 85964
64 85997
64 85998
64 86012
64 86013
64 86179
64 86198
64 86368
64 86433
64 86460
64 86551
64 86608
64 86696
64 86706
64 86832
64 86898
64 86953
64 86973
64 86978
64 87031
64 87117
64 87173
64 87184
64 87192
64 87300
64 87440
64 87451
64 87508
64 87511
64 87514
64 87545
64 87560
64 87586
64 87619
64 87631
64 87638
64 87673
64 87682
64 87696
64 87704
64 87782
64 87816
64 87843
64 87908
64 87921
64 87926
64 87971
64 87985
64 87993
64 88073
64 88110
64 88111
64 88112
64 88120
64 88251
64 88292
64 88473
64 88491
64 88601
64 88658
64 88667
64 88672
64 88788
64 88794
64 88820
64 88864
64 88948
64 88949
64 88954
64 89037
64 89131
64 89156
64 89194
64 89236
64 89275
64 89320
64 89351
64 89455
64 89492
64 89515
64 89529
64 89620
64 89645
64 89696
64 89745
64 89778
64 89853
64 89953
64 90020
64 90175
64 90206
64 90213
64 90277
64 90304
64 90334
64 90355
64 90377
64 90379
64 90420
64 90446
64 90463
64 90483
64 90485
64 90518
64 90520
64 90527
64 90584
64 90750
64 90819
64 90848
64 90968
64 91017
64 91027
64 91084
64 91085
64 91119
64 91170
64 91172
64 91245
64 91262
64 91263
64 91267
64 91308
64 91378
64 91396
64 91410
64 91475
64 91512
64 91567
64 91584
64 91735
64 91858
64 91884
64 91954
64 92154
64 92210
64 92293
64 92418
64 92428
64 92468
64 92472
64 92595
64 92601
64 92629
64 92750
64 92766
64 92802
64 92844
64 92860
64 92890
64 92969
64 92980
64 93048
64 93150
64 93294
64 93322
64 93377
64 93425
64 93483
64 93520
64 93527
64 93559
64 93744
64 93823
64 93974
64 94085
64 94098
64 94200
64 94213
64 94296
64 94313
64 94354
64 94364
64 94486
64 94498
64 94533
64 94550
64 94570
64 94584
64 94591
64 94634
64 94641
64 94645
64 94675
64 94703
64 94704
64 94788
64 94830
64 94852
64 94873
64 94899
64 94922
64 94924
64 94929
64 94937
64 95002
64 95088
64 95115
64 95248
64 95370
64 95376
64 95514
64 95528
64 95545
64 95555
64 95579
64 95643
64 95779
64 95815
64 95962
64 95970
64 95994
64 96154
64 96156
64 96216
64 96252
64 96280
64 96329
64 96373
64 96625
64 96637
64 96663
64 96741
64 96768
64 96776
64 96819
64 96933
64 97006
64 97055
64 97083
64 97127
64 97129
64 97198
64 97202
64 97228
64 97408
64 97433
64 97540
64 97571
64 97600
54 94193
54 94197
54 94218
54 94303
54 94339
54 94456
54 94458
54 94459
54 94460
54 94535
54 94544
54 94644
54 94723
54 94724
54 94735
54 94865
54 94895
54 95158
54 95271
54 95444
54 95481
54 95506
54 95545
54 95654
54 95696
54 95709
54 95712
54 95767
54 95769
54 95959
54 95970
54 96007
54 96040
54 96085
54 96087
54 96157
54 96193
54 96235
54 96246
54 96273
54 96300
54 96313
54 96376
54 96509
54 96550
54 96567
54 96575
54 96599
54 96678
54 96703
54 96711
54 96738
54 96812
54 96893
54 96901
54 96972
54 97004
54 97064
54 97089
54 97119
54 97180
54 97182
54 97278
54 97345
54 97357
54 97399
54 97422
54 97424
54 97462
54 97479
54 97712
54 97718
54 97752
54 97819
54 97826
54 97893
54 97930
54 97993
54 97997
54 97999
54 98073
54 98075
54 98205
54 98281
54 98287
54 98319
54 98334
54 98342
54 98402
54 98519
54 98601
54 98607
54 98627
54 98628
54 98657
54 98664
54 98748
54 98837
54 98845
54 98854
54 98856
54 98873
54 98925
54 99121
54 99185
54 99212
54 99291
54 99315
54 99360
54 99432
54 99527
54 99587
54 99590
54 99607
54 99689
54 99707
54 99734
54 99743
54 99768
54 99818
54 99869
54 100019
54 100120
54 100145
54 100196
54 100199
54 100405
54 100448
54 100457
54 100554
54 100684
54 100693
54 100798
54 100905
54 100916
54 100953
54 100985
54 100995
54 101022
54 101100
54 101136
54 101142
54 101202
54 101244
54 101264
54 101290
54 101476
54 101487
54 101507
54 101541
54 101543
54 101550
54 101624
54 101670
54 101701
54 101781
54 101845
54 101861
54 102020
54 102215
54 102243
54 102271
54 102285
54 102460
54 102543
54 102573
54 102697
54 102803
54 102807
54 102858
54 102874
54 102882
54 102958
54 103133
54 103176
54 103332
54 103462
54 103603
54 103629
54 103696
54 103741
54 103842
54 103915
54 103952
54 104021
54 104068
54 104141
54 104174
54 104281
54 104325
54 104389
54 104397
54 104406
54 104420
54 104421
54 104446
54 104448
54 104459
54 104477
54 104622
54 104748
54 104905
54 104957
54 105023
54 105041
54 105055
54 105089
54 105180
54 105195
54 105212
54 105338
54 105358
54 105362
54 105454
54 105478
54 105494
54 105554
54 105589
54 105664
54 105676
54 105713
54 105786
54 105811
54 105848
54 105880
54 105888
54 105898
54 105903
54 105956
54 105996
54 106081
54 106133
54 106181
54 106220
54 106309
54 106310
54 106426
54 106489
54 106509
54 106573
54 106589
54 106599
54 106699
54 106701
54 106781
54 106799
54 106875
54 106988
54 107062
54 107070
54 107081
54 107090
54 107275
54 107278
54 107283
54 107374
54 107389
54 107406
54 107422
54 107460
54 107676
54 107677
54 107715
54 107739
54 107775
54 107817
54 107836
54 107846
54 107872
54 107908
54 107923
54 107928
54 107932
54 107934
54 108085
54 108109
54 108285
54 108306
54 108355
54 108358
54 108415
54 108483
54 108573
54 108674
54 108688
54 108726
54 108741
54 108752
54 108769
54 108805
54 108854
54 108862
54 108959
54 108976
54 108996
54 109038
54 109102
54 109173
54 109365
54 109499
54 109589
54 109645
54 109689
54 109754
54 109757
54 109767
54 109781
54 109841
54 109855
54 109903
54 110136
54 110157
54 110226
54 110230
54 110375
54 110507
54 110559
54 110579
54 110630
54 110689
54 110716
54 110753
54 110841
54 110960
54 111012
54 111019
54 111056
54 111108
54 111122
54 111177
54 111260
54 111299
54 111325
54 111347
54 111417
54 111446
54 111511
54 111555
54 111641
54 111784
54 111877
54 111884
54 111911
54 111913
54 111948
54 111950
54 112012
54 112043
54 112071
54 112159
54 112178
54 112208
54 112400
54 112419
54 112442
54 112485
54 112486
54 112505
54 112597
54 112617
54 112640
54 112644
54 112670
54 112736
54 112782
54 112889
54 112942
54 113211
54 113293
54 113300
54 113336
54 113347
54 113411
54 113431
54 113491
54 113534
54 113538
54 113547
54 113554
54 113565
54 113595
54 113654
54 113702
54 113709
54 113760
54 113772
54 113822
54 113831
54 113840
54 113876
54 113924
54 113938
54 113962
54 113998
54 114118
54 114138
54 114160
54 114249
54 114304
54 114344
54 114444
54 114552
54 114560
54 114603
54 114619
54 114691
54 114918
54 114946
54 114995
54 115039
54 115198
54 115207
54 115242
54 115278
54 115289
54 115324
54 115540
54 115548
54 115553
54 115640
54 115752
54 115856
54 115902
54 115985
54 116000
54 116152
54 116180
54 116220
54 116567
54 116577
54 116702
54 116794
54 116826
54 116876
54 116879
54 116884
54 116945
54 116948
54 117019
54 117080
54 117101
54 117153
54 117227
54 117368
54 117385
54 117423
54 117427
54 117499
54 117550
54 117562
54 117606
54 117648
54 117759
54 117766
54 117803
56 98790
56 98841
56 98881
56 99133
56 99217
56 99223
56 99263
56 99305
56 99336
56 99397
56 99419
56 99429
56 99565
56 99572
56 99589
56 99649
56 99719
56 99778
56 99831
56 99912
56 100033
56 100063
56 100064
56 100116
56 100143
56 100198
56 100225
56 100427
56 100504
56 100734
56 100825
56 100828
56 100898
56 100987
56 101061
56 101098
56 101134
56 101175
56 101181
56 101358
56 101423
56 101459
56 101500
56 101536
56 101564
56 101581
56 101634
56 101707
56 101773
56 101780
56 101816
56 101835
56 101851
56 101978
56 102008
56 102054
56 102055
56 102114
56 102224
56 102233
56 102288
56 102303
56 102331
56 102338
56 102405
56 102541
56 102557
56 102687
56 102747
56 102774
56 102801
56 102818
56 102882
56 102973
56 103054
56 103063
56 103090
56 103094
56 103114
56 103240
56 103245
56 103264
56 103325
56 103414
56 103517
56 103541
56 103547
56 103641
56 103721
56 103903
56 103954
56 103960
56 103989
56 104027
56 104044
56 104115
56 104268
56 104275
56 104367
56 104495
56 104519
56 104581
56 104617
56 104665
56 104705
56 104903
56 105317
56 105410
56 105502
56 105530
56 105658
56 105722
56 105836
56 105888
56 105976
56 106008
56 106034
56 106035
56 106056
56 106104
56 106129
56 106202
56 106217
56 106332
56 106496
56 106506
56 106610
56 106646
56 106691
56 106792
56 106820
56 106832
56 106904
56 106932
56 106938
56 106979
56 107015
56 107080
56 107092
56 107095
56 107222
56 107262
56 107299
56 107320
56 107331
56 107372
56 107396
56 107472
56 107488
56 107542
56 107658
56 107794
56 107883
56 107921
56 107952
56 107955
56 108034
56 108119
56 108137
56 108227
56 108383
56 108411
56 108488
56 108515
56 108619
56 108638
56 108670
56 108709
56 108800
56 108823
56 108836
56 108881
56 109113
56 109246
56 109261
56 109283
56 109297
56 109375
56 109383
56 109501
56 109536
56 109555
56 109653
56 109741
56 109759
56 109765
56 109797
56 109826
56 109938
56 110035
56 110038
56 110095
56 110220
56 110286
56 110476
56 110497
56 110675
56 110694
56 110711
56 110717
56 110760
56 110765
56 110779
56 110936
56 110952
56 111022
56 111039
56 111075
56 111163
56 111181
56 111225
56 111323
56 111450
56 111683
56 111887
56 111909
56 111914
56 111946
56 111984
56 112128
56 112284
56 112408
56 112434
56 112445
56 112500
56 112531
56 112627
56 112874
56 112919
56 112934
56 112971
56 113057
56 113129
56 113136
56 113137
56 113139
56 113178
56 113195
56 113219
56 113333
56 113387
56 113388
56 113469
56 113491
56 113514
56 113528
56 113572
56 113609
56 113611
56 113653
56 113780
56 113865
56 114015
56 114041
56 114110
56 114178
56 114225
56 114283
56 114291
56 114624
56 114645
56 114713
56 114771
56 114779
56 114789
56 114819
56 114840
56 114876
56 115119
56 115132
56 115160
56 115344
56 115458
56 115471
56 115581
56 115613
56 115696
56 115768
56 115801
56 115804
56 115824
56 115829
56 115847
56 115853
56 115900
56 115960
56 116012
56 116091
56 116155
56 116246
56 116257
56 116348
56 116353
56 116374
56 116468
56 116471
56 116478
56 116520
56 116535
56 116582
56 116642
56 116693
56 116713
56 116736
56 116832
56 116853
56 116875
56 116894
56 116913
56 116972
56 116978
56 117061
56 117114
56 117123
56 117194
56 117199
56 117223
56 117269
56 117343
56 117361
56 117422
56 117443
56 117448
56 117457
56 117504
56 117520
56 117527
56 117539
56 117565
56 117723
56 117735
56 117893
56 117949
56 117969
56 118069
56 118121
56 118126
56 118207
56 118380
56 118403
56 118417
56 118481
56 118538
56 118618
56 118627
56 118636
56 118702
56 118776
56 118822
56 118845
56 118942
56 118983
56 119098
56 119184
56 119187
56 119346
56 119357
56 119400
56 119439
56 119456
56 119516
56 119650
56 119658
56 119682
56 119683
56 119755
56 119856
56 119888
56 119987
56 119995
56 120006
56 120031
56 120129
56 120135
56 120141
56 120148
56 120188
56 120210
56 120255
56 120298
56 120346
56 120361
56 120447
56 120559
56 120578
56 120596
56 120606
56 120635
56 120873
56 120890
56 121009
56 121020
56 121022
56 121045
56 121089
56 121094
56 121131
56 121195
56 121219
56 121245
56 121308
56 121419
56 121426
56 121431
56 121488
56 121490
56 121495
56 121539
56 121703
56 121707
56 121811
56 121895
56 122061
56 122154
56 122179
56 122482
56 122499
56 122538
56 122548
56 122665
56 122679
56 122722
56 122849
56 122853
56 122862
56 122906
56 122935
56 122939
56 123016
56 123038
56 123039
56 123041
51 96295
51 96309
51 96367
51 96397
51 96426
51 96453
51 96617
51 96695
51 96715
51 96795
51 96972
51 97084
51 97089
51 97094
51 97144
51 97187
51 97190
51 97194
51 97314
51 97351
51 97369
51 97449
51 97479
51 97497
51 97554
51 97644
51 97835
51 98006
51 98010
51 98056
51 98068
51 98088
51 98112
51 98161
51 98272
51 98276
51 98281
51 98319
51 98431
51 98445
51 98461
51 98492
51 98497
51 98510
51 98605
51 98626
51 98673
51 98674
51 98802
51 98821
51 98855
51 98862
51 98911
51 98974
51 98984
51 99030
51 99059
51 99101
51 99175
51 99203
51 99235
51 99259
51 99316
51 99395
51 99405
51 99422
51 99429
51 99511
51 99630
51 99631
51 99733
51 99738
51 99812
51 99927
51 100018
51 100023
51 100190
51 100194
51 100327
51 100470
51 100624
51 100635
51 100695
51 100863
51 100955
51 101025
51 101044
51 101178
51 101181
51 101194
51 101257
51 101292
51 101330
51 101339
51 101534
51 101544
51 101577
51 101596
51 101625
51 101627
51 101677
51 101698
51 101753
51 101786
51 102050
51 102061
51 102079
51 102094
51 102158
51 102174
51 102213
51 102232
51 102299
51 102347
51 102384
51 102416
51 102437
51 102456
51 102648
51 102768
51 102789
51 102845
51 102873
51 102891
51 102922
51 103034
51 103041
51 103050
51 103111
51 103174
51 103202
51 103336
51 103386
51 103476
51 103534
51 103599
51 103681
51 103704
51 103902
51 103906
51 104010
51 104013
51 104016
51 104064
51 104089
51 104137
51 104218
51 104354
51 104364
51 104444
51 104636
51 104645
51 104713
51 104756
51 104804
51 104964
51 104974
51 105006
51 105016
51 105040
51 105048
51 105100
51 105103
51 105130
51 105159
51 105246
51 105273
51 105436
51 105499
51 105522
51 105538
51 105556
51 105596
51 105722
51 105806
51 105815
51 105917
51 105949
51 105969
51 106016
51 106022
51 106155
51 106217
51 106244
51 106281
51 106321
51 106358
51 106363
51 106391
51 106413
51 106439
51 106509
51 106606
51 106608
51 106640
51 106647
51 106669
51 106680
51 106689
51 106743
51 106813
51 106870
51 106882
51 107029
51 107033
51 107064
51 107081
51 107124
51 107141
51 107211
51 107256
51 107388
51 107395
51 107430
51 107481
51 107501
51 107524
51 107560
51 107663
51 107688
51 107721
51 107738
51 107794
51 107798
51 107854
51 107855
51 107858
51 107995
51 108065
51 108100
51 108117
51 108191
51 108204
51 108215
51 108227
51 108304
51 108316
51 108372
51 108375
51 108417
51 108424
51 108506
51 108576
51 108622
51 108688
51 108805
51 108833
51 108853
51 108897
51 108899
51 108923
51 109028
51 109034
51 109062
51 109178
51 109209
51 109237
51 109289
51 109348
51 109357
51 109425
51 109464
51 109474
51 109516
51 109640
51 109796
51 109811
51 109875
51 109890
51 109925
51 109952
51 110053
51 110256
51 110259
51 110401
51 110404
51 110520
51 110703
51 110742
51 110794
51 110807
51 110824
51 110865
51 110974
51 111001
51 111047
51 111104
51 111105
51 111119
51 111179
51 111325
51 111335
51 111388
51 111522
51 111544
51 111558
51 111559
51 111571
51 111595
51 111607
51 111705
51 111741
51 112058
51 112099
51 112204
51 112209
51 112414
51 112450
51 112461
51 112472
51 112499
51 112503
51 112513
51 112588
51 112630
51 112693
51 112708
51 112736
51 112744
51 112748
51 112804
51 112857
51 112898
51 112920
51 112939
51 113056
51 113210
51 113251
51 113275
51 113293
51 113371
51 113388
51 113498
51 113499
51 113655
51 113658
51 113660
51 113688
51 113754
51 113927
51 113978
51 113996
51 113998
51 114068
51 114155
51 114196
51 114302
51 114318
51 114321
51 114519
51 114551
51 114700
51 114770
51 114845
51 114900
51 114912
51 114956
51 115008
51 115142
51 115190
51 115210
51 115331
51 115368
51 115423
51 115484
51 115497
51 115548
51 115549
51 115661
51 115733
51 115791
51 115832
51 116151
51 116215
51 116250
51 116288
51 116367
51 116424
51 116470
51 116535
51 116581
51 116698
51 116849
51 116856
51 116882
51 116940
51 116975
51 116994
51 117102
51 117132
51 117228
51 117377
51 117597
51 117637
51 117646
51 117739
51 117847
51 117975
51 118041
51 118054
51 118092
51 118103
51 118229
51 118231
51 118285
51 118314
51 118568
51 118583
51 118678
51 118712
51 118735
51 118768
51 118902
51 118907
51 118936
51 118981
51 119042
51 119057
51 119106
51 119158
51 119175
51 119198
51 119338
51 119397
51 119418
51 119828
51 119984
51 120027
51 120067
51 120181
51 120221
51 120235
51 120238
51 120243
49 89250
49 89306
49 89385
49 89428
49 89437
49 89483
49 89505
49 89596
49 89650
49 89693
49 89883
49 89900
49 89916
49 90140
49 90226
49 90230
49 90236
49 90241
49 90255
49 90333
49 90358
49 90401
49 90470
49 90522
49 90569
49 90597
49 90599
49 90726
49 90881
49 90928
49 91028
49 91053
49 91064
49 91082
49 91088
49 91107
49 91131
49 91160
49 91221
49 91238
49 91273
49 91336
49 91343
49 91345
49 91471
49 91524
49 91546
49 91554
49 91589
49 91598
49 91613
49 91623
49 91657
49 91673
49 91818
49 91852
49 91901
49 92101
49 92137
49 92228
49 92305
49 92379
49 92406
49 92416
49 92549
49 92662
49 92703
49 92805
49 92910
49 92930
49 92942
49 92952
49 92997
49 93006
49 93094
49 93098
49 93104
49 93118
49 93154
49 93287
49 93323
49 93390
49 93503
49 93536
49 93636
49 93646
49 93650
49 93732
49 93741
49 93815
49 93908
49 93935
49 93938
49 94045
49 94077
49 94153
49 94195
49 94241
49 94284
49 94313
49 94316
49 94331
49 94344
49 94353
49 94388
49 94625
49 94651
49 94652
49 94675
49 94725
49 94735
49 94737
49 94886
49 95024
49 95049
49 95062
49 95203
49 95245
49 95291
49 95410
49 95412
49 95644
49 95823
49 95921
49 95929
49 95964
49 95971
49 95975
49 96084
49 96088
49 96213
49 96236
49 96242
49 96305
49 96462
49 96486
49 96497
49 96504
49 96573
49 96619
49 96738
49 96782
49 96861
49 96883
49 96896
49 96917
49 96989
49 97016
49 97042
49 97157
49 97235
49 97282
49 97306
49 97393
49 97436
49 97563
49 97568
49 97582
49 97650
49 97701
49 97763
49 97799
49 97869
49 98077
49 98169
49 98284
49 98394
49 98478
49 98498
49 98604
49 98699
49 98724
49 98729
49 98738
49 98789
49 98843
49 98943
49 98984
49 98995
49 98999
49 99043
49 99243
49 99367
49 99413
49 99424
49 99506
49 99535
49 99548
49 99639
49 99714
49 99779
49 99816
49 99839
49 99841
49 99930
49 100003
49 100044
49 100101
49 100169
49 100396
49 100411
49 100488
49 100542
49 100587
49 100601
49 100627
49 100670
49 100715
49 100729
49 100840
49 100888
49 100911
49 100920
49 100967
49 100994
49 101170
49 101186
49 101225
49 101248
49 101344
49 101366
49 101373
49 101435
49 101494
49 101531
49 101631
49 101693
49 101733
49 101749
49 101752
49 101757
49 101779
49 101837
49 101853
49 101870
49 102039
49 102064
49 102136
49 102358
49 102382
49 102500
49 102512
49 102598
49 102608
49 102645
49 102704
49 102791
49 102883
49 102974
49 103021
49 103057
49 103132
49 103133
49 103140
49 103208
49 103306
49 103379
49 103406
49 103432
49 103436
49 103473
49 103510
49 103575
49 103607
49 103687
49 103709
49 103840
49 103852
49 103947
49 103977
49 104150
49 104315
49 104383
49 104385
49 104417
49 104449
49 104492
49 104494
49 104557
49 104624
49 104697
49 104729
49 104737
49 104756
49 104784
49 104851
49 104909
49 104948
49 105013
49 105023
49 105156
49 105161
49 105195
49 105211
49 105214
49 105286
49 105352
49 105374
49 105512
49 105543
49 105571
49 105657
49 105682
49 105770
49 105844
49 105857
49 105868
49 105963
49 105988
49 106051
49 106090
49 106124
49 106169
49 106464
49 106469
49 106479
49 106481
49 106525
49 106553
49 106583
49 106607
49 106663
49 106667
49 106729
49 106996
49 107131
49 107147
49 107166
49 107222
49 107254
49 107271
49 107289
49 107307
49 107327
49 107441
49 107517
49 107538
49 107552
49 107558
49 107634
49 107669
49 107686
49 107720
49 107736
49 107774
49 107814
49 107827
49 107870
49 107913
49 107957
49 107959
49 108039
49 108045
49 108099
49 108119
49 108138
49 108148
49 108233
49 108242
49 108278
49 108282
49 108331
49 108348
49 108365
49 108370
49 108444
49 108543
49 108697
49 108801
49 108878
49 109098
49 109107
49 109145
49 109188
49 109333
49 109373
49 109396
49 109505
49 109546
49 109576
49 109659
49 109683
49 109808
49 109945
49 109990
49 110086
49 110123
49 110184
49 110201
49 110203
49 110251
49 110283
49 110300
49 110308
49 110330
49 110386
49 110404
49 110410
49 110441
49 110615
49 110626
49 110676
49 110729
49 110747
49 110894
49 110915
49 111051
49 111081
49 111146
49 111152
49 111208
49 111244
49 111314
49 111329
49 111342
49 111398
49 111443
49 111500
49 111507
49 111537
49 111579
49 111827
55 97276
55 97307
55 97381
55 97420
55 97538
55 97544
55 97547
55 97586
55 97594
55 97639
55 97711
55 97739
55 97977
55 98006
55 98059
55 98077
55 98116
55 98149
55 98157
55 98161
55 98294
55 98311
55 98313
55 98360
55 98449
55 98459
55 98477
55 98690
55 98713
55 98793
55 98845
55 98886
55 99016
55 99103
55 99116
55 99192
55 99219
55 99265
55 99370
55 99441
55 99522
55 99635
55 99641
55 99646
55 99759
55 99786
55 99884
55 100015
55 100020
55 100075
55 100112
55 100242
55 100346
55 100353
55 100389
55 100439
55 100504
55 100607
55 100728
55 100746
55 100809
55 100855
55 100960
55 101027
55 101043
55 101071
55 101084
55 101122
55 101154
55 101160
55 101164
55 101266
55 101339
55 101382
55 101397
55 101441
55 101504
55 101583
55 101603
55 101611
55 101713
55 101877
55 101932
55 102102
55 102104
55 102273
55 102314
55 102358
55 102481
55 102535
55 102542
55 102573
55 102634
55 102673
55 102685
55 102759
55 102815
55 102871
55 102886
55 102894
55 102949
55 103038
55 103106
55 103136
55 103183
55 103286
55 103317
55 103572
55 103611
55 103683
55 103803
55 103804
55 103898
55 103904
55 103911
55 103920
55 104333
55 104385
55 104441
55 104444
55 104485
55 104666
55 104700
55 104876
55 104890
55 104915
55 105109
55 105201
55 105223
55 105333
55 105428
55 105551
55 105620
55 105815
55 105831
55 105930
55 105962
55 105987
55 106086
55 106115
55 106198
55 106274
55 106316
55 106337
55 106347
55 106411
55 106513
55 106522
55 106585
55 106617
55 106706
55 106710
55 106754
55 106782
55 106921
55 106979
55 107062
55 107176
55 107236
55 107342
55 107360
55 107430
55 107464
55 107609
55 107663
55 107731
55 107758
55 107878
55 108010
55 108122
55 108271
55 108332
55 108339
55 108463
55 108547
55 108595
55 108728
55 108744
55 108745
55 108751
55 108752
55 108783
55 108818
55 108993
55 109024
55 109054
55 109064
55 109199
55 109289
55 109340
55 109341
55 109442
55 109470
55 109482
55 109503
55 109548
55 109628
55 109641
55 109699
55 109756
55 109935
55 110058
55 110059
55 110097
55 110150
55 110210
55 110321
55 110331
55 110340
55 110484
55 110742
55 110793
55 110809
55 110817
55 110854
55 110887
55 110987
55 110996
55 111167
55 111191
55 111212
55 111224
55 111256
55 111357
55 111365
55 111372
55 111431
55 111483
55 111546
55 111570
55 111672
55 111711
55 111717
55 111729
55 111747
55 111837
55 111863
55 111898
55 111903
55 111911
55 111934
55 111964
55 112041
55 112094
55 112170
55 112302
55 112385
55 112421
55 112460
55 112491
55 112512
55 112539
55 112598
55 112855
55 112857
55 112859
55 112901
55 112912
55 112913
55 112976
55 112983
55 112985
55 112992
55 113040
55 113094
55 113268
55 113279
55 113302
55 113353
55 113359
55 113463
55 113526
55 113596
55 113611
55 113626
55 113634
55 113650
55 113711
55 113802
55 113838
55 113876
55 113910
55 113946
55 114046
55 114055
55 114250
55 114260
55 114322
55 114339
55 114458
55 114498
55 114517
55 114532
55 114554
55 114605
55 114703
55 114805
55 114811
55 114882
55 114892
55 114942
55 114961
55 115009
55 115090
55 115396
55 115480
55 115536
55 115545
55 115547
55 115575
55 115623
55 115708
55 115728
55 115856
55 115858
55 115917
55 115986
55 115989
55 116051
55 116093
55 116107
55 116199
55 116231
55 116246
55 116559
55 116570
55 116600
55 116670
55 116673
55 116683
55 116757
55 116800
55 116813
55 116843
55 116859
55 117013
55 117050
55 117062
55 117080
55 117113
55 117299
55 117309
55 117324
55 117346
55 117356
55 117396
55 117406
55 117556
55 117606
55 117828
55 117844
55 117931
55 117939
55 117986
55 118126
55 118141
55 118342
55 118419
55 118461
55 118598
55 118658
55 118740
55 118757
55 118777
55 118826
55 118834
55 119105
55 119204
55 119235
55 119361
55 119370
55 119825
55 119832
55 119900
55 120023
55 120212
55 120367
55 120368
55 120405
55 120469
55 120554
55 120773
55 120803
55 120812
55 120890
55 121094
55 121235
55 121300
55 121463
55 121518
55 121538
55 121645
55 121665
55 121666
55 121677
59 99489
59 99497
59 99501
59 99527
59 99547
59 99679
59 99726
59 99786
59 99798
59 99817
59 99836
59 99906
59 99950
59 100050
59 100091
59 100140
59 100377
59 100400
59 100402
59 100483
59 100515
59 100532
59 100570
59 100602
59 100857
59 100884
59 100892
59 100932
59 101053
59 101082
59 101109
59 101141
59 101148
59 101189
59 101362
59 101409
59 101512
59 101572
59 101574
59 101666
59 101719
59 101790
59 101817
59 101819
59 102005
59 102019
59 102065
59 102066
59 102078
59 102163
59 102214
59 102310
59 102340
59 102709
59 102726
59 102731
59 102741
59 102812
59 102827
59 102837
59 102860
59 102959
59 103108
59 103236
59 103269
59 103366
59 103416
59 103448
59 103533
59 103665
59 103722
59 103740
59 103803
59 103857
59 103873
59 103955
59 103982
59 104025
59 104028
59 104138
59 104228
59 104235
59 104240
59 104346
59 104482
59 104540
59 104545
59 104547
59 104722
59 104763
59 104891
59 105045
59 105140
59 105276
59 105483
59 105491
59 105503
59 105622
59 105694
59 105821
59 105909
59 105923
59 105942
59 105996
59 106009
59 106222
59 106245
59 106256
59 106423
59 106453
59 106500
59 106541
59 106612
59 106640
59 106788
59 106938
59 106948
59 106960
59 106975
59 107006
59 107028
59 107057
59 107248
59 107343
59 107408
59 107463
59 107499
59 107550
59 107571
59 107575
59 107791
59 107859
59 107873
59 108019
59 108204
59 108207
59 108226
59 108364
59 108408
59 108420
59 108436
59 108482
59 108624
59 108713
59 108807
59 108849
59 108853
59 108875
59 108893
59 108919
59 108959
59 108981
59 108982
59 109060
59 109131
59 109273
59 109284
59 109320
59 109343
59 109448
59 109466
59 109575
59 109591
59 109660
59 109710
59 109721
59 109876
59 109881
59 110052
59 110069
59 110074
59 110084
59 110238
59 110278
59 110279
59 110518
59 110533
59 110571
59 110599
59 110609
59 110626
59 110633
59 110708
59 110757
59 110786
59 110840
59 110978
59 111133
59 111134
59 111243
59 111244
59 111395
59 111653
59 111672
59 111674
59 111766
59 111828
59 111902
59 111938
59 111952
59 112003
59 112037
59 112164
59 112237
59 112289
59 112345
59 112468
59 112528
59 112551
59 112704
59 112727
59 112790
59 112870
59 112901
59 112911
59 112939
59 112956
59 113016
59 113018
59 113098
59 113143
59 113183
59 113228
59 113235
59 113322
59 113355
59 113471
59 113574
59 113646
59 113735
59 113739
59 113994
59 114170
59 114240
59 114244
59 114367
59 114370
59 114413
59 114417
59 114438
59 114449
59 114532
59 114565
59 114574
59 114643
59 114657
59 114704
59 114721
59 114750
59 114761
59 114783
59 114868
59 115048
59 115122
59 115224
59 115283
59 115285
59 115445
59 115490
59 115704
59 115747
59 115893
59 115894
59 116069
59 116157
59 116227
59 116241
59 116320
59 116429
59 116439
59 116494
59 116620
59 116627
59 116695
59 116780
59 116861
59 116875
59 116899
59 116958
59 116983
59 117159
59 117175
59 117452
59 117490
59 117733
59 117746
59 117877
59 118004
59 118091
59 118193
59 118284
59 118295
59 118303
59 118319
59 118330
59 118378
59 118388
59 118534
59 118614
59 118666
59 118709
59 118793
59 118819
59 118872
59 118881
59 119092
59 119125
59 119186
59 119297
59 119314
59 119339
59 119347
59 119468
59 119496
59 119506
59 119596
59 119628
59 119753
59 119795
59 119823
59 119867
59 119878
59 120085
59 120133
59 120135
59 120153
59 120315
59 120332
59 120359
59 120428
59 120477
59 120507
59 120528
59 120529
59 120534
59 120578
59 120601
59 120666
59 120671
59 120701
59 120708
59 120756
59 120797
59 120828
59 120838
59 120858
59 120861
59 120872
59 120929
59 121014
59 121042
59 121139
59 121250
59 121306
59 121373
59 121498
59 121575
59 121627
59 121727
59 121729
59 121773
59 121812
59 121815
59 121900
59 121956
59 122031
59 122135
59 122159
59 122262
59 122480
59 122520
59 122971
59 123047
59 123153
59 123191
59 123211
59 123250
59 123303
59 123549
59 123580
59 123617
59 123632
59 123720
59 123964
59 124004
59 124030
59 124044
59 124104
59 124288
59 124305
59 124381
59 124417
59 124422
59 124450
59 124469
59 124528
59 124561
59 124593
59 124612
59 124786
59 124802
59 124804
59 124855
59 124866
59 124868
59 124907
59 124916
59 124924
59 125072
59 125106
59 125193
61 99216
61 99310
61 99351
61 99426
61 99522
61 99620
61 99662
61 99700
61 99828
61 99883
61 99940
61 99953
61 100070
61 100111
61 100181
61 100226
61 100234
61 100238
61 100267
61 100294
61 100357
61 100385
61 100465
61 100467
61 100566
61 100746
61 100761
61 100765
61 100771
61 100884
61 100940
61 101049
61 101054
61 101151
61 101182
61 101250
61 101276
61 101341
61 101467
61 101511
61 101547
61 101600
61 101645
61 101730
61 101785
61 101870
61 101910
61 101937
61 102124
61 102128
61 102326
61 102349
61 102351
61 102496
61 102521
61 102537
61 102549
61 102591
61 102616
61 102620
61 102730
61 102889
61 102917
61 102919
61 103129
61 103172
61 103175
61 103236
61 103252
61 103353
61 103595
61 103697
61 103791
61 103815
61 103856
61 103878
61 103881
61 104031
61 104099
61 104189
61 104374
61 104397
61 104484
61 104559
61 104561
61 104698
61 104754
61 104756
61 104822
61 104987
61 105030
61 105031
61 105057
61 105080
61 105093
61 105096
61 105257
61 105265
61 105367
61 105424
61 105526
61 105534
61 105587
61 105593
61 105679
61 105723
61 105728
61 105852
61 106029
61 106073
61 106093
61 106139
61 106186
61 106254
61 106369
61 106374
61 106379
61 106531
61 106678
61 106684
61 106715
61 106720
61 106814
61 106828
61 106830
61 106877
61 106941
61 107064
61 107071
61 107098
61 107110
61 107290
61 107316
61 107346
61 107412
61 107431
61 107488
61 107588
61 107589
61 107671
61 107696
61 107699
61 107725
61 107727
61 107771
61 107835
61 107938
61 107982
61 108034
61 108081
61 108097
61 108198
61 108361
61 108467
61 108480
61 108595
61 108633
61 108658
61 108660
61 108684
61 108694
61 108737
61 108964
61 109014
61 109196
61 109221
61 109287
61 109439
61 109507
61 109515
61 109518
61 109584
61 109635
61 109651
61 109670
61 109716
61 109822
61 109943
61 109989
61 110090
61 110118
61 110202
61 110292
61 110299
61 110315
61 110391
61 110403
61 110464
61 110493
61 110620
61 110706
61 110722
61 110740
61 110784
61 110812
61 110879
61 110880
61 110962
61 111054
61 111079
61 111196
61 111346
61 111399
61 111502
61 111524
61 111585
61 111622
61 111663
61 111879
61 111905
61 111940
61 112007
61 112068
61 112083
61 112200
61 112222
61 112235
61 112278
61 112286
61 112287
61 112328
61 112367
61 112373
61 112520
61 112535
61 112705
61 112710
61 112804
61 112814
61 112999
61 113042
61 113189
61 113235
61 113267
61 113380
61 113476
61 113480
61 113484
61 113599
61 113637
61 113740
61 113745
61 113904
61 114088
61 114109
61 114179
61 114228
61 114390
61 114397
61 114591
61 114604
61 114641
61 114690
61 114718
61 115001
61 115011
61 115013
61 115123
61 115181
61 115245
61 115253
61 115269
61 115434
61 115577
61 115610
61 115619
61 115641
61 115677
61 115725
61 115765
61 115813
61 115894
61 115900
61 115909
61 115992
61 116036
61 116041
61 116106
61 116124
61 116251
61 116256
61 116380
61 116442
61 116564
61 116584
61 116672
61 116782
61 116829
61 116858
61 116878
61 116972
61 117022
61 117083
61 117115
61 117265
61 117276
61 117330
61 117375
61 117444
61 117456
61 117490
61 117619
61 117647
61 117666
61 117696
61 117850
61 118109
61 118177
61 118186
61 118274
61 118317
61 118357
61 118403
61 118423
61 118479
61 118503
61 118526
61 118565
61 118648
61 118814
61 118838
61 118861
61 118961
61 118977
61 119004
61 119118
61 119126
61 119220
61 119269
61 119311
61 119334
61 119367
61 119374
61 119377
61 119379
61 119404
61 119471
61 119492
61 119702
61 119722
61 119736
61 119780
61 119833
61 119869
61 119908
61 119917
61 119966
61 120058
61 120124
61 120141
61 120156
61 120194
61 120248
61 120249
61 120484
61 120542
61 120543
61 120582
61 120642
61 120675
61 120816
61 120905
61 121076
61 121177
61 121264
61 121384
61 121509
61 121622
61 121655
61 121694
61 121746
61 121820
61 121899
61 121916
61 121925
61 121976
61 121999
61 122073
61 122137
61 122373
61 122374
61 122406
61 122455
61 122496
61 122546
61 122577
61 122599
61 122642
61 122668
61 122697
61 122725
61 122744
61 122821
61 122827
61 123034
61 123037
61 123071
61 123133
61 123192
61 123194
61 123287
61 123293
61 123342
61 123349
61 123351
61 123360
61 123392
61 123428
61 123450
61 123493
61 123595
61 123611
61 123613
61 123616
61 123641
61 123717
61 123729
61 123755
61 123774
61 123780
61 123781
61 123820
61 123866
61 123870
61 123926
61 124204
61 124210
61 124252
61 124268
61 124355
61 124377
61 124432
61 124482
61 124526
61 124559
61 124564
61 124614
60 98497
60 98611
60 98619
60 98660
60 98734
60 98738
60 98747
60 98748
60 98799
60 98807
60 98835
60 98895
60 98934
60 98938
60 98978
60 99019
60 99098
60 99109
60 99151
60 99406
60 99427
60 99588
60 99599
60 99678
60 99691
60 99772
60 99798
60 99887
60 99954
60 99958
60 100053
60 100161
60 100195
60 100210
60 100227
60 100465
60 100512
60 100571
60 100592
60 100594
60 100683
60 100708
60 100748
60 100843
60 100955
60 100958
60 100987
60 101014
60 101106
60 101139
60 101144
60 101184
60 101284
60 101306
60 101430
60 101515
60 101545
60 101572
60 101634
60 101789
60 101795
60 101829
60 101861
60 101869
60 101932
60 101974
60 101985
60 102093
60 102109
60 102114
60 102140
60 102180
60 102209
60 102350
60 102397
60 102443
60 102579
60 102591
60 102853
60 102874
60 102913
60 103062
60 103090
60 103116
60 103192
60 103209
60 103247
60 103304
60 103313
60 103317
60 103546
60 103575
60 103639
60 103750
60 103849
60 103876
60 103898
60 103969
60 104161
60 104162
60 104237
60 104260
60 104289
60 104314
60 104436
60 104477
60 104513
60 104696
60 104772
60 104911
60 104958
60 104964
60 104976
60 104999
60 105115
60 105207
60 105223
60 105273
60 105313
60 105380
60 105392
60 105407
60 105448
60 105680
60 105710
60 105853
60 105859
60 105906
60 105945
60 105948
60 105956
60 105981
60 106047
60 106131
60 106229
60 106265
60 106286
60 106289
60 106470
60 106476
60 106483
60 106543
60 106651
60 106728
60 106751
60 106823
60 106848
60 106919
60 106920
60 106964
60 107138
60 107180
60 107216
60 107265
60 107297
60 107308
60 107350
60 107357
60 107464
60 107476
60 107481
60 107549
60 107606
60 107642
60 107659
60 107803
60 107858
60 107875
60 107948
60 108044
60 108065
60 108175
60 108209
60 108231
60 108233
60 108240
60 108339
60 108432
60 108482
60 108489
60 108541
60 108542
60 108567
60 108619
60 108661
60 108663
60 108694
60 108957
60 108978
60 109083
60 109124
60 109199
60 109277
60 109365
60 109371
60 109378
60 109597
60 109607
60 109663
60 109732
60 109826
60 109941
60 109956
60 110008
60 110054
60 110142
60 110191
60 110282
60 110353
60 110788
60 110869
60 111117
60 111258
60 111276
60 111279
60 111310
60 111357
60 111436
60 111451
60 111513
60 111545
60 111575
60 111583
60 111652
60 111724
60 111756
60 111878
60 111884
60 111892
60 111897
60 111915
60 111973
60 112007
60 112107
60 112143
60 112254
60 112267
60 112390
60 112443
60 112527
60 112640
60 112709
60 112873
60 112878
60 112912
60 112938
60 113021
60 113131
60 113156
60 113203
60 113217
60 113220
60 113234
60 113237
60 113391
60 113413
60 113490
60 113515
60 113636
60 113657
60 113730
60 113736
60 113830
60 113868
60 113907
60 114018
60 114107
60 114237
60 114274
60 114311
60 114397
60 114517
60 114531
60 114541
60 114551
60 114623
60 114651
60 114845
60 114888
60 114909
60 114943
60 115020
60 115034
60 115098
60 115120
60 115351
60 115357
60 115420
60 115454
60 115545
60 115576
60 115688
60 115800
60 115831
60 115844
60 115847
60 115851
60 115870
60 115898
60 115954
60 115964
60 116031
60 116096
60 116157
60 116164
60 116179
60 116301
60 116369
60 116454
60 116551
60 116601
60 116616
60 116665
60 116731
60 116832
60 116875
60 116912
60 116925
60 116930
60 116959
60 116961
60 117081
60 117109
60 117238
60 117287
60 117326
60 117431
60 117477
60 117478
60 117516
60 117628
60 117664
60 117719
60 117753
60 117952
60 117989
60 118095
60 118107
60 118132
60 118433
60 118454
60 118534
60 118603
60 118676
60 118801
60 118840
60 118890
60 118901
60 119078
60 119161
60 119211
60 119234
60 119269
60 119425
60 119583
60 119639
60 119662
60 119709
60 119922
60 119931
60 119967
60 120012
60 120102
60 120107
60 120191
60 120273
60 120429
60 120442
60 120533
60 120545
60 120620
60 120658
60 120744
60 120769
60 120785
60 120801
60 120853
60 120886
60 120997
60 121050
60 121061
60 121219
60 121302
60 121352
60 121380
60 121603
60 121624
60 121679
60 121846
60 121855
60 121898
60 121927
60 122033
60 122086
60 122091
60 122129
60 122137
60 122195
60 122208
60 122303
60 122354
60 122465
60 122511
60 122599
60 122624
60 122701
60 122717
60 122800
60 122851
60 122936
60 122989
58 101133
58 101134
58 101273
58 101311
58 101394
58 101431
58 101435
58 101500
58 101533
58 101710
58 101714
58 101803
58 101812
58 102033
58 102087
58 102101
58 102195
58 102215
58 102248
58 102273
58 102285
58 102357
58 102371
58 102392
58 102401
58 102402
58 102428
58 102584
58 102693
58 102920
58 102976
58 102990
58 103019
58 103110
58 103206
58 103345
58 103371
58 103475
58 103507
58 103559
58 103616
58 103629
58 103656
58 103704
58 103724
58 103783
58 103834
58 103836
58 103885
58 103933
58 103971
58 103992
58 104096
58 104117
58 104130
58 104154
58 104308
58 104354
58 104492
58 104566
58 104750
58 104752
58 104756
58 104766
58 104769
58 104846
58 104857
58 104879
58 104927
58 104935
58 104941
58 105019
58 105055
58 105064
58 105091
58 105113
58 105262
58 105370
58 105478
58 105507
58 105596
58 105665
58 105784
58 105960
58 106173
58 106189
58 106208
58 106226
58 106261
58 106292
58 106302
58 106305
58 106310
58 106318
58 106443
58 106586
58 106710
58 106737
58 106741
58 106759
58 106872
58 107163
58 107228
58 107343
58 107353
58 107361
58 107422
58 107593
58 107600
58 107632
58 107751
58 107767
58 107821
58 107830
58 107866
58 107926
58 107936
58 107971
58 108033
58 108195
58 108196
58 108204
58 108298
58 108324
58 108424
58 108532
58 108694
58 108952
58 108956
58 108987
58 109081
58 109207
58 109355
58 109413
58 109467
58 109490
58 109545
58 109554
58 109573
58 109856
58 109932
58 109935
58 109941
58 109970
58 109984
58 110059
58 110086
58 110106
58 110274
58 110284
58 110302
58 110314
58 110325
58 110344
58 110442
58 110466
58 110582
58 110610
58 110698
58 110758
58 110763
58 110899
58 110900
58 110922
58 110964
58 111058
58 111089
58 111112
58 111166
58 111218
58 111233
58 111259
58 111280
58 111301
58 111423
58 111436
58 111446
58 111476
58 111660
58 111671
58 111696
58 111716
58 111726
58 111786
58 111809
58 111812
58 111891
58 111908
58 111952
58 111973
58 111992
58 112004
58 112148
58 112268
58 112297
58 112330
58 112338
58 112383
58 112406
58 112427
58 112465
58 112492
58 112672
58 112705
58 112789
58 112806
58 112821
58 112875
58 112926
58 112938
58 112998
58 113019
58 113125
58 113134
58 113157
58 113167
58 113180
58 113288
58 113309
58 113323
58 113343
58 113434
58 113566
58 113590
58 113650
58 113681
58 113749
58 113751
58 113772
58 113785
58 113848
58 114127
58 114136
58 114244
58 114340
58 114360
58 114422
58 114526
58 114561
58 114662
58 114676
58 114708
58 114843
58 114991
58 115023
58 115074
58 115165
58 115188
58 115226
58 115307
58 115441
58 115491
58 115556
58 115568
58 116058
58 116122
58 116231
58 116243
58 116297
58 116515
58 116609
58 116615
58 116882
58 116896
58 116928
58 116967
58 117010
58 117057
58 117091
58 117104
58 117140
58 117239
58 117315
58 117562
58 117638
58 117704
58 117813
58 117851
58 117888
58 117904
58 118024
58 118108
58 118144
58 118197
58 118244
58 118283
58 118289
58 118291
58 118434
58 118439
58 118443
58 118455
58 118472
58 118532
58 118627
58 118698
58 118704
58 118707
58 118708
58 118760
58 118800
58 118942
58 118957
58 119097
58 119188
58 119196
58 119234
58 119262
58 119393
58 119415
58 119422
58 119520
58 119548
58 119614
58 119738
58 119831
58 119847
58 119848
58 119898
58 120217
58 120252
58 120279
58 120327
58 120510
58 120538
58 120615
58 120640
58 120746
58 120754
58 120855
58 121029
58 121185
58 121191
58 121205
58 121284
58 121297
58 121307
58 121313
58 121419
58 121489
58 121812
58 121816
58 122007
58 122010
58 122037
58 122047
58 122133
58 122152
58 122237
58 122244
58 122391
58 122404
58 122430
58 122432
58 122458
58 122555
58 122559
58 122588
58 122608
58 122629
58 122867
58 122877
58 122945
58 123001
58 123037
58 123066
58 123344
58 123433
58 123551
58 123718
58 123880
58 123928
58 124006
58 124206
58 124296
58 124344
58 124426
58 124437
58 124609
58 124718
58 124771
58 124775
58 124817
58 124862
58 124891
58 124929
58 124968
58 125041
58 125096
58 125147
58 125274
58 125418
58 125475
58 125529
58 125561
58 125686
58 125689
58 125760
58 125836
58 125999
58 126029
58 126077
58 126137
58 126189
58 126194
58 126235
58 126318
58 126428
58 126560
58 126747
58 126820
58 126834
58 126926
58 126930
58 126949
58 127177
58 127210
63 95266
63 95278
63 95283
63 95290
63 95330
63 95385
63 95509
63 95539
63 95629
63 95632
63 95640
63 95776
63 95866
63 95938
63 95993
63 95994
63 96020
63 96029
63 96030
63 96057
63 96138
63 96140
63 96184
63 96210
63 96240
63 96295
63 96317
63 96330
63 96333
63 96365
63 96374
63 96391
63 96424
63 96466
63 96488
63 96531
63 96575
63 96644
63 96664
63 96694
63 96723
63 96737
63 96872
63 96982
63 97048
63 97054
63 97082
63 97125
63 97129
63 97146
63 97180
63 97193
63 97259
63 97383
63 97438
63 97452
63 97493
63 97567
63 97705
63 97723
63 97826
63 97846
63 97899
63 97900
63 97954
63 97974
63 98068
63 98104
63 98203
63 98310
63 98328
63 98494
63 98528
63 98552
63 98569
63 98576
63 98620
63 98696
63 98717
63 98719
63 98720
63 98778
63 98789
63 98794
63 98876
63 98969
63 98991
63 99031
63 99093
63 99118
63 99144
63 99171
63 99190
63 99293
63 99299
63 99327
63 99407
63 99431
63 99501
63 99729
63 99737
63 99756
63 99804
63 99856
63 99877
63 99886
63 99890
63 99906
63 99914
63 99924
63 99955
63 99991
63 100018
63 100051
63 100179
63 100209
63 100385
63 100398
63 100416
63 100422
63 100561
63 100627
63 100639
63 100654
63 100745
63 100800
63 100821
63 100843
63 100977
63 101032
63 101130
63 101146
63 101179
63 101307
63 101354
63 101404
63 101413
63 101426
63 101508
63 101545
63 101548
63 101635
63 101782
63 101831
63 101899
63 101910
63 101921
63 101967
63 102004
63 102026
63 102033
63 102060
63 102193
63 102314
63 102375
63 102418
63 102482
63 102585
63 102634
63 102691
63 102746
63 102875
63 103010
63 103038
63 103041
63 103102
63 103150
63 103156
63 103168
63 103287
63 103290
63 103302
63 103326
63 103353
63 103407
63 103415
63 103470
63 103513
63 103516
63 103565
63 103572
63 103598
63 103634
63 103651
63 103681
63 103708
63 103762
63 103781
63 103801
63 103810
63 104051
63 104163
63 104190
63 104206
63 104319
63 104385
63 104399
63 104464
63 104479
63 104567
63 104687
63 104720
63 104906
63 104919
63 105006
63 105044
63 105186
63 105215
63 105262
63 105406
63 105451
63 105458
63 105459
63 105483
63 105618
63 105644
63 105682
63 105688
63 105735
63 105747
63 105867
63 105963
63 105994
63 106018
63 106029
63 106047
63 106050
63 106073
63 106076
63 106094
63 106257
63 106319
63 106336
63 106344
63 106416
63 106425
63 106520
63 106725
63 106755
63 106760
63 106800
63 106821
63 106868
63 106949
63 106981
63 107032
63 107136
63 107273
63 107344
63 107417
63 107583
63 107634
63 107669
63 107686
63 107694
63 107821
63 108096
63 108128
63 108136
63 108249
63 108347
63 108380
63 108416
63 108497
63 108719
63 108795
63 108805
63 108847
63 108896
63 108913
63 108924
63 108934
63 108950
63 109077
63 109093
63 109128
63 109168
63 109183
63 109200
63 109231
63 109236
63 109268
63 109334
63 109428
63 109510
63 109530
63 109563
63 109570
63 109608
63 109611
63 109872
63 109911
63 109951
63 110074
63 110234
63 110275
63 110458
63 110534
63 110632
63 110770
63 110955
63 111232
63 111239
63 111343
63 111379
63 111512
63 111620
63 111654
63 111688
63 111744
63 111760
63 111763
63 111771
63 111803
63 111854
63 111868
63 111932
63 111934
63 111946
63 111980
63 112114
63 112123
63 112125
63 112164
63 112167
63 112195
63 112210
63 112229
63 112231
63 112276
63 112310
63 112406
63 112428
63 112562
63 112571
63 112594
63 112673
63 112688
63 113099
63 113123
63 113149
63 113330
63 113342
63 113424
63 113471
63 113577
63 113612
63 113764
63 113800
63 113849
63 113889
63 114000
64 97735
64 97736
64 97751
64 97768
64 97913
64 97920
64 98030
64 98139
64 98153
64 98217
64 98268
64 98339
64 98418
64 98457
64 98483
64 98522
64 98549
64 98604
64 98722
64 98767
64 98862
64 98866
64 98876
64 98940
64 99018
64 99032
64 99040
64 99086
64 99219
64 99226
64 99245
64 99297
64 99304
64 99417
64 99473
64 99629
64 99630
64 99714
64 99732
64 99757
64 99803
64 99841
64 99932
64 99936
64 100054
64 100057
64 100079
64 100458
64 100662
64 100672
64 100712
64 100754
64 100902
64 100953
64 100975
64 100979
64 100985
64 101020
64 101200
64 101238
64 101341
64 101436
64 101479
64 101487
64 101563
64 101625
64 101633
64 101683
64 101775
64 101786
64 101926
64 101935
64 101966
64 101999
64 102051
64 102080
64 102214
64 102223
64 102242
64 102296
64 102299
64 102385
64 102539
64 102572
64 102620
64 102636
64 102678
64 102733
64 102783
64 102828
64 102853
64 102870
64 102887
64 102961
64 103084
64 103149
64 103253
64 103404
64 103408
64 103448
64 103487
64 103546
64 103578
64 103619
64 103986
64 104068
64 104101
64 104226
64 104273
64 104307
64 104346
64 104372
64 104387
64 104400
64 104446
64 104510
64 104518
64 104521
64 104565
64 104592
64 104601
64 104628
64 104636
64 104650
64 104699
64 104745
64 104754
64 104927
64 105010
64 105033
64 105056
64 105120
64 105160
64 105161
64 105187
64 105216
64 105328
64 105427
64 105458
64 105619
64 105820
64 105888
64 106009
64 106028
64 106044
64 106045
64 106053
64 106068
64 106207
64 106217
64 106226
64 106269
64 106270
64 106276
64 106431
64 106439
64 106469
64 106481
64 106522
64 106540
64 106554
64 106565
64 106634
64 106817
64 106857
64 106973
64 107023
64 107073
64 107146
64 107170
64 107203
64 107322
64 107333
64 107408
64 107433
64 107492
64 107500
64 107585
64 107752
64 107790
64 107831
64 107884
64 108020
64 108070
64 108323
64 108385
64 108461
64 108567
64 108609
64 108672
64 108687
64 108689
64 108712
64 108742
64 108806
64 108807
64 108929
64 108968
64 108977
64 109055
64 109087
64 109168
64 109207
64 109242
64 109297
64 109309
64 109325
64 109489
64 109551
64 109561
64 109576
64 109644
64 109669
64 109679
64 109757
64 109765
64 109840
64 109859
64 109867
64 110009
64 110087
64 110132
64 110151
64 110155
64 110193
64 110311
64 110379
64 110465
64 110520
64 110532
64 110553
64 110591
64 110610
64 110736
64 110773
64 110810
64 110875
64 110882
64 110904
64 110942
64 110985
64 111053
64 111091
64 111101
64 111197
64 111259
64 111301
64 111322
64 111389
64 111427
64 111441
64 111446
64 111521
64 111608
64 111630
64 111656
64 111669
64 111931
64 111945
64 112012
64 112025
64 112037
64 112152
64 112216
64 112307
64 112340
64 112389
64 112411
64 112471
64 112547
64 112551
64 112582
64 112616
64 112648
64 112661
64 112673
64 112680
64 112714
64 112746
64 112765
64 112792
64 112795
64 112825
64 112892
64 112900
64 112936
64 112946
64 112970
64 113206
64 113475
64 113493
64 113693
64 113719
64 113769
64 113780
64 113784
64 113799
64 113802
64 113803
64 113944
64 114037
64 114041
64 114208
64 114256
64 114257
64 114302
64 114352
64 114365
64 114397
64 114418
64 114426
64 114559
64 114673
64 114865
64 114889
64 114913
64 114968
64 115079
64 115095
64 115113
64 115174
64 115241
64 115285
64 115297
64 115381
64 115382
64 115386
64 115444
64 115490
64 115519
64 115624
64 115663
64 115676
64 115818
64 115836
64 115871
64 115884
64 115946
64 115972
64 115991
64 116013
64 116039
64 116104
64 116193
64 116292
64 116298
64 116327
64 116434
64 116497
64 116658
64 116782
64 116830
64 116861
64 116961
64 117025
58 127316
58 127371
58 127375
58 127399
58 127443
58 127506
58 127764
58 127813
58 127838
58 127886
58 127909
58 128002
58 128102
58 128108
58 128181
58 128315
58 128346
58 128385
58 128493
58 128588
58 128618
58 128627
58 128686
58 128777
58 128823
58 128830
58 128835
58 128838
58 128846
58 128849
58 128854
58 128910
58 129009
58 129063
58 129072
58 129087
58 129393
58 129448
58 129504
58 129580
58 129618
58 129660
58 129941
58 130049
58 130080
58 130090
58 130200
58 130239
58 130370
58 130387
58 130460
58 130526
58 130539
58 130561
58 130580
58 130639
58 130671
58 130723
58 130816
58 130831
58 130855
58 130910
58 130922
58 131064
58 131087
58 131103
58 131114
58 131129
58 131192
58 131210
58 131265
58 131501
58 131554
58 131597
58 131747
58 131852
58 131866
58 131867
58 131873
58 131883
58 131937
58 132005
58 132050
58 132067
58 132077
58 132157
58 132165
58 132264
58 132398
58 132420
58 132477
58 132529
58 132602
58 132605
58 132675
58 132768
58 132773
58 132794
58 132889
58 132909
58 132993
58 133083
58 133107
58 133269
58 133300
58 133578
58 133585
58 133611
58 133672
58 133730
58 133753
58 133928
58 133933
58 133972
58 134237
60 123220
60 123308
60 123404
60 123428
60 123459
60 123516
60 123549
60 123671
60 123804
60 124017
60 124147
60 124181
60 124188
60 124223
60 124276
60 124311
60 124499
60 124504
60 124513
60 124604
60 124695
60 125032
60 125066
60 125078
60 125158
60 125353
60 125381
60 125387
60 125435
60 125444
60 125462
60 125501
60 125510
60 125917
60 125932
60 125987
60 126034
60 126058
60 126063
60 126085
60 126172
60 126290
60 126399
60 126537
60 126559
60 126619
60 126698
60 126713
60 126794
60 126797
60 126860
60 126870
60 126872
60 126956
60 126980
60 127058
60 127199
60 127239
60 127262
60 127347
60 127405
60 127605
60 127616
60 127622
60 127625
60 127658
60 127668
60 127685
60 127706
60 127893
60 127935
60 128008
60 128068
60 128118
60 128172
60 128181
60 128298
60 128332
60 128392
60 128444
60 128474
60 128520
60 128592
60 128602
60 128617
60 128733
60 128770
60 128773
60 128828
60 128867
60 128981
60 129027
60 129222
60 129244
60 129266
60 129268
60 129337
60 129371
60 129428
60 129432
60 129542
60 129577
60 129708
60 129732
60 129781
60 129878
60 130030
60 130098
60 130125
60 130148
60 130223
60 130232
60 130243
60 130291
60 130315
60 130337
60 130543
60 130633
60 130636
60 130666
60 130681
60 130702
60 130705
60 130773
60 130813
60 130841
60 130907
60 131014
60 131114
60 131258
60 131292
60 131379
60 131381
60 131434
60 131584
60 131625
60 131768
60 131770
60 131787
60 131788
60 131795
60 131870
60 131960
60 131970
60 132006
60 132057
60 132204
60 132269
60 132284
60 132299
60 132333
60 132334
60 132454
60 132503
60 132518
60 132581
60 132828
60 132844
60 132870
60 132872
60 132933
60 132936
60 132941
60 132946
60 133025
60 133057
60 133145
60 133161
60 133165
60 133196
60 133331
60 133370
60 133419
60 133426
60 133586
60 133603
60 133775
60 133938
60 133975
60 133985
60 134014
60 134145
60 134302
60 134333
60 134346
60 134386
60 134536
60 134544
60 134625
60 134671
60 134695
60 134697
60 134707
60 134900
60 134952
60 135077
60 135227
60 135238
60 135403
60 135412
60 135476
60 135484
60 135522
60 135547
60 135647
60 135685
60 135764
60 135770
60 135863
60 135866
60 135938
60 136000
60 136001
60 136083
60 136116
60 136145
60 136187
60 136377
60 136409
60 136554
60 136648
60 136803
60 136870
60 136902
60 136928
60 136977
60 137117
60 137156
60 137413
60 137453
60 137573
60 137649
60 137755
60 137908
60 137922
60 137993
60 138001
60 138002
60 138004
60 138015
60 138098
60 138131
60 138245
60 138331
60 138338
60 138349
60 138520
60 138552
60 138649
60 138656
60 138798
60 138853
60 138941
60 139044
60 139057
60 139140
60 139187
60 139262
60 139558
60 139559
60 139842
60 139906
60 139980
60 140008
54 118125
54 118275
54 118307
54 118390
54 118400
54 118446
54 118459
54 118497
54 118542
54 118572
54 118639
54 118698
54 118729
54 118747
54 118966
54 119008
54 119043
54 119097
54 119175
54 119218
54 119225
54 119232
54 119324
54 119408
54 119521
54 119573
54 119598
54 119788
54 119850
54 119894
54 119976
54 120009
54 120024
54 120052
54 120193
54 120211
54 120213
54 120263
54 120303
54 120366
54 120385
54 120425
54 120444
54 120545
54 120617
54 120728
54 120845
54 120973
54 120989
54 121118
54 121168
54 121179
54 121345
54 121504
54 121543
54 121556
54 121572
54 121634
54 121637
54 121722
54 121754
54 121755
54 121786
54 121795
54 121873
54 121945
54 122207
54 122267
54 122349
54 122350
54 122469
54 122483
54 122523
54 122547
54 122582
54 122677
54 122709
54 122744
54 122803
54 122812
54 122829
54 122861
54 122882
54 122910
54 123049
54 123198
54 123206
54 123342
54 123369
54 123501
54 123537
54 123608
54 123611
54 123615
54 123625
54 123869
54 123894
54 123896
54 123911
54 123969
54 123980
54 124030
54 124129
54 124162
54 124180
54 124211
54 124295
54 124358
54 124420
54 124435
54 124508
54 124514
54 124675
54 124688
54 124793
54 124800
54 124865
54 125057
54 125062
54 125107
54 125151
54 125179
54 125212
54 125286
54 125291
54 125295
54 125368
54 125385
54 125434
54 125473
54 125509
54 125526
54 125649
54 125665
54 125767
54 125774
54 125782
54 125989
54 126003
54 126125
54 126132
54 126213
54 126237
54 126266
54 126311
54 126346
54 126416
54 126419
54 126437
54 126489
54 126605
54 126713
54 126728
54 126751
54 126907
54 126924
54 126967
54 127199
54 127206
54 127231
54 127242
54 127319
54 127407
54 127524
54 127760
54 127829
54 127870
54 127907
54 127962
54 128095
54 128193
54 128234
54 128245
54 128290
54 128307
54 128352
54 128390
54 128589
54 128685
54 128731
54 128813
54 128933
54 128934
54 129102
54 129146
54 129148
54 129156
54 129187
54 129226
54 129250
54 129403
54 129432
54 129467
54 129518
54 129647
54 129723
54 129739
54 129881
54 129921
54 130130
54 130155
54 130173
54 130211
54 130270
54 130329
54 130337
54 130457
54 130485
54 130490
54 130524
54 130576
54 130657
54 130681
54 130806
54 130881
54 130882
54 131058
54 131104
54 131189
54 131243
54 131305
54 131331
54 131378
54 131381
54 131401
54 131402
54 131410
54 131425
54 131569
54 131574
54 131578
54 131783
54 131795
54 131862
54 131886
54 131898
54 131932
54 131938
54 131981
54 132065
54 132067
54 132094
54 132166
54 132168
54 132230
54 132237
54 132298
54 132301
54 132328
54 132388
54 132396
54 132414
54 132435
54 132492
54 132531
54 132536
54 132566
54 132594
54 132598
54 132617
54 132792
54 132832
54 132933
54 132976
54 133007
54 133049
54 133058
54 133095
54 133210
54 133239
54 133291
54 133339
54 133469
54 133608
54 133609
54 133614
54 133634
54 133685
54 133737
54 133758
54 133813
54 133962
54 133968
54 133983
54 134041
54 134118
54 134249
54 134268
54 134272
54 134319
54 134436
54 134465
54 134466
54 134639
54 134665
54 134707
54 134733
54 134838
54 134867
54 134933
54 134959
54 134985
54 135171
54 135182
54 135291
54 135358
54 135472
54 135505
54 135548
54 135597
54 135614
54 135617
54 135631
54 135636
54 135680
54 135715
54 135735
54 135740
54 135922
54 135992
54 136071
54 136072
54 136159
54 136229
54 136255
54 136281
54 136282
54 136360
54 136406
54 136483
54 136554
54 136556
54 136581
54 136602
54 136655
54 136755
54 136808
54 136920
54 136975
54 136986
54 137065
54 137182
54 137191
54 137196
54 137209
54 137276
54 137376
54 137435
54 137587
54 137588
54 137754
54 137761
54 137878
54 137922
54 138074
54 138092
54 138120
54 138169
54 138196
54 138290
54 138301
54 138439
54 138450
54 138498
54 138603
54 138615
54 138617
54 138703
54 138775
54 138830
54 139007
54 139016
54 139066
54 139249
54 139294
54 139398
54 139409
54 139447
54 139530
54 139715
54 139725
54 139735
54 139749
54 139821
54 139899
54 140023
54 140131
54 140182
54 140187
54 140193
54 140223
54 140349
54 140358
54 140507
54 140528
54 140561
54 140570
54 140573
54 140671
54 140675
54 140692
54 140749
54 140770
54 140782
54 140856
54 140919
54 140925
54 140962
54 141087
54 141104
54 141119
54 141180
54 141193
54 141235
54 141236
54 141252
54 141276
54 141315
54 141340
54 141385
54 141421
54 141436
54 141445
54 141527
54 141616
54 141706
56 123052
56 123067
56 123069
56 123177
56 123205
56 123238
56 123301
56 123303
56 123649
56 123699
56 123712
56 123754
56 123844
56 123873
56 123901
56 123925
56 123952
56 124030
56 124082
56 124106
56 124154
56 124217
56 124286
56 124304
56 124317
56 124451
56 124521
56 124596
56 124608
56 124823
56 125077
56 125094
56 125124
56 125235
56 125295
56 125316
56 125394
56 125539
56 125544
56 125657
56 125658
56 125759
56 125920
56 126109
56 126122
56 126160
56 126313
56 126484
56 126488
56 126514
56 126621
56 126628
56 126636
56 126709
56 126724
56 126732
56 126733
56 126734
56 126850
56 126861
56 126903
56 126953
56 126972
56 127141
56 127175
56 127330
56 127484
56 127499
56 127529
56 127556
56 127559
56 127622
56 127773
56 127812
56 127881
56 127913
56 127960
56 128062
56 128101
56 128236
56 128315
56 128341
56 128420
56 128459
56 128565
56 128603
56 128609
56 128626
56 128813
56 128814
56 128840
56 128890
56 128932
56 128943
56 128984
56 129014
56 129033
56 129100
56 129192
56 129261
56 129279
56 129439
56 129485
56 129628
56 129700
56 129766
56 129802
56 129863
56 130086
56 130115
56 130118
56 130133
56 130192
56 130254
56 130336
56 130347
56 130422
56 130458
56 130519
56 130521
56 130532
56 130572
56 130583
56 130803
56 130893
56 130911
56 130922
56 131049
56 131277
56 131371
56 131421
56 131615
56 131651
56 131656
56 131663
56 131679
56 131705
56 131809
56 131826
56 131932
56 131967
56 132001
56 132079
56 132099
56 132129
56 132149
56 132173
56 132216
56 132280
56 132317
56 132399
56 132515
56 132535
56 132568
56 132598
56 132650
56 132695
56 132779
56 132823
56 132831
56 132852
56 132921
56 132936
56 132990
56 133016
56 133027
56 133120
56 133162
56 133330
56 133358
56 133442
56 133539
56 133662
56 133725
56 133821
56 133832
56 133879
56 134221
56 134236
56 134261
56 134324
56 134392
56 134425
56 134491
56 134522
56 134597
56 134648
56 134924
56 134938
56 134972
56 135174
56 135240
56 135407
56 135505
56 135591
56 135686
56 135701
56 135703
56 135724
56 135765
56 135828
56 135838
56 135885
56 135887
56 135908
56 135939
56 135984
56 136013
56 136063
56 136159
56 136290
56 136293
56 136339
56 136397
56 136552
56 136665
56 136693
56 136700
56 136710
56 136796
56 136856
56 136858
56 136889
56 136930
56 137039
56 137112
56 137145
56 137183
56 137197
56 137225
56 137269
56 137362
56 137393
56 137394
56 137406
56 137431
56 137582
56 137758
56 137773
56 137842
56 137919
56 137960
56 137962
56 138034
56 138041
56 138100
56 138103
56 138177
56 138291
56 138299
56 138339
56 138426
56 138514
56 138614
56 138657
56 138714
56 138737
56 138740
56 138778
56 138797
56 138799
56 138802
56 138806
56 138851
56 138892
56 138914
56 139034
56 139069
56 139075
56 139190
56 139203
56 139205
56 139244
56 139255
56 139270
56 139277
56 139313
56 139413
56 139433
56 139490
56 139533
56 139545
56 139700
56 139755
56 139759
56 139760
56 139793
56 139802
56 139832
56 139926
56 140041
56 140054
56 140087
56 140121
56 140153
56 140184
56 140234
56 140289
56 140326
56 140333
56 140433
56 140504
56 140531
56 140547
56 140680
56 140715
56 140745
56 140876
56 140908
56 140917
56 140970
56 140985
56 141028
56 141041
56 141125
56 141139
56 141170
56 141294
56 141404
56 141435
56 141477
56 141484
56 141606
56 141612
56 141631
56 141677
56 141678
56 141688
56 141734
56 141746
56 141770
56 141789
56 141902
56 142055
56 142098
56 142285
56 142313
56 142328
56 142329
56 142351
56 142386
56 142457
56 142460
56 142613
56 142681
56 142709
56 142903
56 142904
56 142917
56 143004
56 143060
56 143139
56 143191
56 143225
56 143241
56 143282
56 143333
56 143337
56 143379
56 143419
56 143462
56 143548
56 143577
56 143606
56 143627
56 143783
56 143963
56 143997
56 144059
56 144129
56 144166
56 144221
56 144313
56 144324
56 144325
56 144329
56 144333
56 144370
56 144440
56 144568
56 144593
56 144662
56 144671
56 144680
56 144751
56 144778
56 144833
56 144869
56 144984
56 145090
56 145095
56 145190
56 145322
56 145552
56 145594
56 145610
56 145614
56 145718
56 145736
56 145854
56 145868
56 145882
56 145898
56 145918
56 145997
56 146012
56 146061
56 146080
56 146097
56 146133
56 146168
56 146223
56 146300
56 146386
56 146461
56 146580
56 146590
56 146700
56 146720
56 146755
56 146771
56 146802
56 146905
56 146972
56 147262
56 147293
56 147320
56 147381
56 147403
56 147410
56 147417
56 147513
56 147596
56 147669
56 147728
56 147800
51 120426
51 120466
51 120525
51 120595
51 120823
51 120876
51 120937
51 120980
51 120994
51 121110
51 121124
51 121158
51 121168
51 121176
51 121224
51 121426
51 121435
51 121514
51 121551
51 121561
51 121580
51 121636
51 121699
51 121895
51 121999
51 122083
51 122216
51 122221
51 122255
51 122277
51 122290
51 122316
51 122333
51 122337
51 122466
51 122492
51 122583
51 122592
51 122639
51 122719
51 122731
51 122784
51 122831
51 122907
51 122970
51 122996
51 123031
51 123115
51 123195
51 123347
51 123413
51 123416
51 123494
51 123520
51 123747
51 123755
51 123854
51 123943
51 124043
51 124071
51 124161
51 124232
51 124368
51 124370
51 124397
51 124426
51 124450
51 124472
51 124491
51 124504
51 124592
51 124622
51 124669
51 124756
51 124787
51 124844
51 124975
51 124998
51 124999
51 125149
51 125320
51 125321
51 125377
51 125422
51 125653
51 125696
51 125708
51 125709
51 125721
51 125726
51 125840
51 125845
51 125867
51 125888
51 125928
51 125980
51 125986
51 125994
51 126001
51 126122
51 126208
51 126265
51 126293
51 126355
51 126364
51 126390
51 126397
51 126665
51 126691
51 126693
51 126728
51 126729
51 126744
51 126768
51 126800
51 126818
51 126829
51 126848
51 126858
51 126875
51 126882
51 126960
51 126981
51 127068
51 127183
51 127212
51 127224
51 127327
51 127338
51 127591
51 127679
51 127708
51 127825
51 127996
51 128048
51 128074
51 128105
51 128168
51 128292
51 128350
51 128357
51 128366
51 128403
51 128548
51 128592
51 128620
51 128639
51 128723
51 128781
51 128926
51 129040
51 129058
51 129062
51 129065
51 129122
51 129146
51 129177
51 129184
51 129265
51 129276
51 129295
51 129309
51 129381
51 129393
51 129487
51 129499
51 129522
51 129666
51 129719
51 129804
51 129839
51 129853
51 129877
51 129926
51 130033
51 130086
51 130120
51 130123
51 130176
51 130248
51 130276
51 130389
51 130442
51 130446
51 130452
51 130479
51 130494
51 130535
51 130555
51 130673
51 130686
51 130758
51 130824
51 130847
51 130857
51 130866
51 130871
51 130924
51 130964
51 130968
51 130989
51 130991
51 131125
51 131159
51 131298
51 131299
51 131322
51 131343
51 131621
51 131655
51 131667
51 131718
51 131810
51 131822
51 131951
51 132101
51 132217
51 132223
51 132236
51 132299
51 132373
51 132456
51 132474
51 132476
51 132556
51 132650
51 132698
51 132736
51 132753
51 132919
51 133016
51 133079
51 133123
51 133208
51 133299
51 133407
51 133503
51 133594
51 133596
51 133604
51 133643
51 133658
51 133696
51 133714
51 133792
51 133855
51 134006
51 134065
51 134076
51 134158
51 134182
51 134238
51 134239
51 134275
51 134359
51 134383
51 134401
51 134405
51 134443
51 134451
51 134466
51 134474
51 134499
51 134568
51 134625
51 134671
51 134867
51 135004
51 135045
51 135057
51 135087
51 135198
51 135229
51 135256
51 135260
51 135279
51 135296
51 135349
51 135449
51 135453
51 135509
51 135564
51 135604
51 135737
51 135797
51 135934
51 136125
51 136174
51 136218
51 136265
51 136298
51 136309
51 136366
51 136388
51 136391
51 136401
51 136491
51 136600
51 136607
51 136737
51 136819
51 137039
51 137204
51 137215
51 137285
51 137364
51 137382
51 137397
51 137424
51 137461
51 137515
51 137588
51 137621
51 137632
51 137635
51 137682
51 137697
51 137757
51 137790
51 137815
51 137824
51 137837
51 137899
51 137919
51 137937
51 137982
51 138000
51 138025
51 138047
51 138186
51 138248
51 138403
51 138449
51 138514
51 138525
51 138549
51 138602
51 138605
51 138611
51 138677
51 138684
51 138693
51 138723
51 138796
51 138826
51 138875
51 138880
51 138948
51 139036
51 139083
51 139170
51 139216
51 139317
51 139379
51 139449
51 139474
51 139549
51 139577
51 139602
51 139747
51 139797
51 139825
51 139945
51 140112
51 140163
51 140348
51 140410
51 140450
51 140488
51 140510
51 140514
51 140545
51 140557
51 140598
51 140658
51 140676
51 140683
51 140720
51 140726
51 140774
51 140824
51 140831
51 140864
51 140873
51 140890
51 140917
51 141062
51 141146
51 141183
51 141226
51 141409
51 141484
51 141524
51 141587
51 141602
51 141625
51 141628
51 141711
51 141770
51 141779
51 141834
51 141871
51 141887
51 141890
51 141899
51 141924
51 141951
51 142096
51 142113
51 142125
51 142281
51 142397
51 142400
51 142433
51 142442
51 142450
51 142657
51 142754
51 142909
51 142962
51 142971
51 143057
51 143112
51 143199
51 143319
51 143352
51 143459
51 143562
51 143564
51 143600
51 143667
51 143675
51 143845
51 144097
51 144200
51 144304
51 144353
51 144356
51 144407
51 144490
51 144534
51 144586
51 144593
51 144775
51 144826
49 111873
49 111927
49 112165
49 112176
49 112213
49 112414
49 112435
49 112499
49 112630
49 112786
49 112804
49 112876
49 112921
49 112943
49 112987
49 113009
49 113287
49 113295
49 113300
49 113307
49 113332
49 113406
49 113528
49 113547
49 113600
49 113606
49 113627
49 113688
49 113719
49 113763
49 113774
49 113899
49 114097
49 114123
49 114172
49 114193
49 114196
49 114200
49 114261
49 114269
49 114416
49 114417
49 114420
49 114461
49 114501
49 114544
49 114565
49 114587
49 114596
49 114645
49 114812
49 114852
49 114994
49 114996
49 115047
49 115052
49 115093
49 115139
49 115165
49 115188
49 115208
49 115220
49 115240
49 115279
49 115290
49 115417
49 115448
49 115566
49 115671
49 115735
49 115738
49 115801
49 115821
49 115829
49 115953
49 115964
49 115983
49 115992
49 116013
49 116286
49 116374
49 116392
49 116393
49 116396
49 116443
49 116552
49 116570
49 116608
49 116666
49 116971
49 116992
49 117004
49 117077
49 117102
49 117120
49 117128
49 117145
49 117152
49 117416
49 117427
49 117657
49 117805
49 117985
49 118039
49 118050
49 118083
49 118107
49 118162
49 118308
49 118315
49 118407
49 118491
49 118551
49 118589
49 118591
49 118608
49 118615
49 118655
49 118681
49 118781
49 118806
49 118819
49 118846
49 118878
49 119009
49 119029
49 119200
49 119258
49 119292
49 119378
49 119409
49 119427
49 119520
49 119528
49 119530
49 119590
49 119611
49 119713
49 119820
49 119965
49 120048
49 120086
49 120094
49 120119
49 120278
49 120363
49 120368
49 120497
49 120585
49 120617
49 120664
49 120690
49 120711
49 120712
49 120778
49 120835
49 120864
49 120980
49 121091
49 121140
49 121259
49 121346
49 121352
49 121358
49 121430
49 121527
49 121568
49 121657
49 121699
49 121741
49 121782
49 121819
49 121822
49 121835
49 121858
49 121899
49 121931
49 121959
49 122085
49 122097
49 122136
49 122217
49 122347
49 122416
49 122452
49 122473
49 122491
49 122497
49 122513
49 122585
49 122719
49 122724
49 122745
49 122809
49 122818
49 122852
49 122860
49 122863
49 122869
49 123039
49 123148
49 123192
49 123198
49 123293
49 123471
49 123527
49 123742
49 123744
49 123766
49 123967
49 124005
49 124212
49 124237
49 124263
49 124298
49 124304
49 124318
49 124435
49 124475
49 124500
49 124568
49 124571
49 124657
49 124848
49 124851
49 124911
49 124912
49 124924
49 125049
49 125122
49 125127
49 125202
49 125232
49 125244
49 125283
49 125286
49 125380
49 125426
49 125439
49 125492
49 125497
49 125549
49 125568
49 125569
49 125660
49 125675
49 125689
49 125715
49 125862
49 125920
49 125962
49 125973
49 125978
49 126066
49 126076
49 126111
49 126152
49 126192
49 126266
49 126271
49 126282
49 126318
49 126520
49 126605
49 126678
49 126700
49 126759
49 126874
49 126893
49 126906
49 126969
49 127010
49 127126
49 127181
49 127227
49 127296
49 127310
49 127400
49 127618
49 127624
49 127695
49 127698
49 127755
49 127805
49 127837
49 127843
49 127912
49 127992
49 128057
49 128129
49 128215
49 128335
49 128403
49 128405
49 128565
49 128588
49 128594
49 128777
49 128881
49 128883
49 128884
49 128989
49 129032
49 129103
49 129202
49 129224
49 129382
49 129441
49 129540
49 129559
49 129613
49 129658
49 129703
49 129714
49 129736
49 129755
49 129894
49 129919
49 129987
49 129991
49 129998
49 130114
49 130325
49 130404
49 130476
49 130585
49 130623
49 130706
49 130825
49 130859
49 130894
49 130971
49 131024
49 131053
49 131190
49 131213
49 131262
49 131359
49 131404
49 131428
49 131492
49 131518
49 131537
49 131568
49 131633
49 131644
49 131650
49 131667
49 131680
49 131734
49 131775
49 131780
49 131819
49 131852
49 131986
49 132016
49 132087
49 132254
49 132297
49 132334
49 132360
49 132489
49 132536
49 132556
49 132655
49 132657
49 132680
49 132687
49 132786
49 132853
49 132857
49 132933
49 133099
49 133137
49 133153
49 133160
49 133430
49 133448
49 133518
49 133656
49 133746
49 133792
49 133847
49 133884
49 133928
49 133931
49 134100
49 134199
49 134219
49 134281
49 134324
49 134345
49 134368
49 134565
49 134571
49 134592
49 134600
56 147978
56 147981
56 148105
56 148125
56 148188
56 148353
56 148388
56 148467
56 148500
56 148536
56 148555
56 148660
56 148706
56 148790
56 148795
56 148812
56 148851
55 122014
55 122059
55 122105
55 122186
55 122188
55 122321
55 122392
55 122556
55 122569
55 122635
55 122675
55 122792
55 122806
55 122850
55 122897
55 122964
55 122965
55 123006
55 123100
55 123132
55 123138
55 123179
55 123187
55 123547
55 123606
55 123631
55 123642
55 123683
55 123708
55 123770
55 123914
55 123956
55 124008
55 124104
55 124449
55 124463
55 124494
55 124505
55 124653
55 124662
55 124733
55 124895
55 124904
55 124942
55 124967
55 124969
55 125006
55 125090
55 125125
55 125195
55 125246
55 125298
55 125363
55 125407
55 125468
55 125640
55 125659
55 125666
55 125688
55 125749
55 125755
55 125783
55 125826
55 125889
55 126203
55 126313
55 126318
55 126373
55 126414
55 126598
55 126726
55 126728
55 126775
55 126776
55 126865
55 126898
55 126978
55 127004
55 127027
55 127140
55 127421
55 127436
55 127445
55 127686
55 127781
55 127783
55 127840
55 127847
55 127946
55 127948
55 127962
55 128129
55 128329
55 128446
55 128485
55 128542
55 128645
55 128671
55 128713
55 128722
55 128773
55 128778
55 128804
55 128857
55 128868
55 129018
55 129043
55 129058
55 129108
55 129147
55 129180
55 129322
55 129356
55 129449
55 129457
55 129541
55 129692
55 129965
55 129987
55 130026
55 130105
55 130112
55 130171
55 130179
55 130213
55 130255
55 130359
55 130379
55 130396
55 130442
55 130497
55 130499
55 130546
55 130584
55 130608
55 130668
55 130684
55 130692
55 130717
55 130727
55 130742
55 130860
55 130916
55 130949
55 130978
55 131107
55 131207
55 131256
55 131391
55 131409
55 131454
55 131499
55 131508
55 131558
55 131635
55 131889
55 131948
55 132032
55 132091
55 132247
55 132264
55 132357
55 132362
55 132365
55 132374
55 132415
55 132496
55 132530
55 132565
55 132612
55 132639
55 132640
55 132658
55 132715
55 132768
55 132838
55 132861
55 132902
55 132909
55 132982
55 133002
55 133056
55 133079
55 133231
55 133238
55 133245
55 133251
55 133277
55 133289
55 133295
55 133390
55 133445
55 133671
55 133703
55 133840
55 133868
55 133902
55 134056
55 134084
55 134103
55 134140
55 134277
55 134280
55 134435
55 134456
55 134459
55 134467
55 134509
55 134524
55 134622
55 134670
55 134691
55 134712
55 134729
55 134766
55 134791
55 134881
55 134914
55 134991
55 135005
55 135015
55 135022
55 135077
55 135089
55 135094
55 135098
55 135141
55 135197
55 135265
55 135273
55 135341
55 135409
55 135417
55 135547
55 135582
55 135665
55 135741
55 136047
55 136243
55 136387
55 136458
55 136487
55 136635
55 136648
55 136725
55 136807
55 136879
55 136902
55 136914
55 137033
55 137097
55 137156
55 137192
55 137261
55 137290
55 137374
55 137386
55 137449
55 137490
55 137515
55 137533
55 137557
55 137683
55 137702
55 137863
55 137933
55 137951
55 138061
55 138247
55 138257
55 138386
55 138492
55 138505
55 138518
55 138580
55 138644
55 138706
55 138709
55 138735
55 138756
55 138802
55 138839
55 138842
55 138914
55 138958
55 138998
55 139131
55 139270
55 139295
55 139314
55 139412
55 139464
55 139507
55 139652
55 139695
55 139759
55 139808
55 139917
55 140064
55 140085
55 140090
55 140109
55 140116
55 140151
55 140217
55 140424
55 140493
55 140566
55 140658
55 140808
55 140817
55 140838
55 140923
55 140998
55 141036
55 141104
55 141108
55 141110
55 141126
55 141134
55 141164
55 141320
55 141368
55 141405
55 141501
55 141526
55 141546
55 141672
55 141677
55 141706
55 141721
55 141813
55 141820
55 141849
55 141858
55 141868
55 141905
55 141945
55 141996
55 142023
55 142140
55 142152
55 142161
55 142183
55 142208
55 142212
55 142261
55 142276
55 142413
55 142878
55 143032
55 143098
55 143174
55 143246
55 143432
55 143443
55 143470
55 143650
55 143947
55 143978
55 143986
55 144132
55 144293
55 144333
55 144338
55 144353
55 144484
55 144549
55 144590
55 144634
55 144727
55 144730
55 144733
55 144740
55 144747
55 144748
55 144766
55 144799
55 144921
55 145265
55 145273
55 145409
55 145426
55 145561
55 145684
55 145717
55 145729
55 145817
55 145887
55 145924
55 146036
55 146075
55 146098
55 146113
55 146116
55 146175
55 146614
55 146617
55 146654
55 146691
55 146707
55 146734
55 146783
55 146844
55 146881
55 146886
55 146941
55 146942
55 146963
55 147000
55 147029
55 147061
59 125246
59 125338
59 125348
59 125531
59 125648
59 125699
59 125749
59 125769
59 126025
59 126039
59 126057
59 126095
59 126297
59 126326
59 126405
59 126409
59 126454
59 126570
59 126682
59 126784
59 126922
59 127076
59 127181
59 127208
59 127320
59 127379
59 127382
59 127546
59 127732
59 127754
59 127901
59 127960
59 127961
59 127980
59 127988
59 128003
59 128053
59 128221
59 128284
59 128330
59 128526
59 128539
59 128564
59 128701
59 128720
59 128820
59 128845
59 128917
59 129079
59 129280
59 129350
59 129356
59 129452
59 129483
59 129484
59 129529
59 129585
59 129593
59 129595
59 129615
59 129637
59 129682
59 129719
59 129737
59 129762
59 129763
59 129774
59 129833
59 129898
59 129951
59 129990
59 129991
59 129993
59 130006
59 130019
59 130061
59 130275
59 130339
59 130372
59 130379
59 130431
59 130455
59 130558
59 130747
59 130749
59 130779
59 130879
59 130919
59 131063
59 131186
59 131314
59 131392
59 131406
59 131445
59 131608
59 131664
59 131673
59 131677
59 131760
59 131829
59 131954
59 132080
59 132088
59 132105
59 132114
59 132293
59 132302
59 132348
59 132460
59 132513
59 132535
59 132568
59 132731
59 132764
59 132869
59 132898
59 133054
59 133096
59 133179
59 133195
59 133278
59 133345
59 133353
59 133407
59 133430
59 133445
59 133461
59 133564
59 133581
59 133625
59 133681
59 133695
59 133828
59 133837
59 133851
59 133892
59 133904
59 133910
59 134050
59 134116
59 134280
59 134426
59 134531
59 134573
59 134609
59 134673
59 134681
59 134693
59 134915
59 134929
59 134932
59 134954
59 134992
59 135022
59 135065
59 135112
59 135118
59 135123
59 135226
59 135227
59 135291
59 135297
59 135373
59 135383
59 135384
59 135403
59 135405
59 135423
59 135658
59 135720
59 135823
59 135842
59 136020
59 136043
59 136076
59 136151
59 136166
59 136221
59 136271
59 136287
59 136452
59 136550
59 136650
59 136691
59 136713
59 136719
59 136755
59 136841
59 136843
59 136861
59 136867
59 136898
59 136956
59 137037
59 137048
59 137086
59 137335
59 137362
59 137370
59 137446
59 137471
59 137488
59 137501
59 137640
59 137674
59 137804
59 137813
59 137857
59 138017
59 138079
59 138119
59 138159
59 138168
59 138200
59 138201
59 138300
59 138388
59 138527
59 138540
59 138566
59 138567
59 138575
59 138611
59 138817
59 138904
59 138983
59 139001
59 139120
59 139138
59 139243
59 139264
59 139339
59 139435
59 139521
59 139611
59 139665
59 139808
59 139819
59 139906
59 139988
59 140107
59 140147
59 140198
59 140215
59 140405
59 140602
59 140660
59 140760
59 140807
59 140871
59 140920
59 140960
59 140976
59 141008
59 141155
59 141367
59 141375
59 141386
59 141404
59 141466
59 141487
59 141497
59 141594
59 141610
59 141613
59 141679
59 141682
59 141698
59 141747
59 142109
59 142148
59 142211
59 142229
59 142267
59 142297
59 142373
59 142444
59 142470
59 142582
59 142656
59 142669
59 142703
59 142708
59 142711
59 142871
59 143132
59 143158
59 143211
59 143232
59 143292
59 143333
59 143398
59 143403
59 143433
59 143471
59 143479
59 143494
59 143533
59 143534
59 143559
59 143684
59 143756
59 143927
59 143928
59 144081
59 144089
59 144139
59 144179
59 144187
59 144292
59 144300
59 144314
59 144318
59 144357
59 144400
59 144418
59 144470
59 144520
59 144571
59 144594
59 144811
59 144842
59 144911
59 144915
59 144973
59 144991
59 144996
59 145202
59 145271
59 145297
59 145481
59 145609
59 145616
59 145677
59 145716
59 145760
59 145828
59 145859
59 146013
59 146015
59 146110
59 146114
59 146172
59 146189
59 146350
59 146364
59 146398
59 146504
59 146506
59 146542
59 146562
59 146651
59 146905
59 146910
59 147032
59 147060
59 147134
59 147246
59 147281
59 147440
59 147496
59 147651
59 147666
59 147679
59 147713
59 147785
59 147919
59 147986
59 148120
59 148300
59 148406
59 148512
59 148575
59 148627
59 148732
59 148760
59 148803
59 148836
59 148890
59 148980
59 149023
59 149068
59 149160
59 149352
59 149375
59 149408
59 149432
59 149454
59 149481
59 149486
59 149488
59 149526
59 149567
59 149597
59 149610
59 149666
61 124625
61 124640
61 124703
61 124857
61 124907
61 124994
61 125035
61 125163
61 125250
61 125298
61 125393
61 125411
61 125570
61 125648
61 125663
61 125738
61 125747
61 125778
61 125834
61 125950
61 125954
61 125985
61 126023
61 126056
61 126069
61 126082
61 126113
61 126155
61 126219
61 126379
61 126526
61 126729
61 126736
61 126814
61 127202
61 127282
61 127544
61 127629
61 127753
61 127755
61 127820
61 127841
61 127875
61 127887
61 127954
61 127971
61 127978
61 128019
61 128061
61 128233
61 128384
61 128435
61 128458
61 128520
61 128556
61 128666
61 128679
61 128681
61 128872
61 128896
61 128911
61 128981
61 129008
61 129129
61 129148
61 129174
61 129215
61 129267
61 129271
61 129339
61 129436
61 129452
61 129565
61 129596
61 129613
61 129641
61 129681
61 129727
61 129786
61 129930
61 129945
61 129952
61 129962
61 129963
61 129992
61 130112
61 130131
61 130233
61 130288
61 130385
61 130461
61 130472
61 130473
61 130490
61 130504
61 130539
61 130564
61 130572
61 130633
61 130700
61 130721
61 130723
61 130779
61 130959
61 130972
61 130986
61 131004
61 131173
61 131220
61 131229
61 131304
61 131351
61 131553
61 131742
61 131835
61 131842
61 131845
61 131916
61 131940
61 132582
61 132585
61 132623
61 132628
61 132655
61 132719
61 132778
61 132829
61 132851
61 132946
61 132949
61 132967
61 132971
61 132974
61 133049
61 133057
61 133097
61 133127
61 133153
61 133235
61 133298
61 133321
61 133542
61 133553
61 133559
61 133634
61 133728
61 133800
61 133839
61 133855
61 133881
61 133951
61 134057
61 134108
61 134161
61 134214
61 134241
61 134297
61 134324
61 134325
61 134465
61 134486
61 134522
61 134533
61 134547
61 134604
61 134656
61 134774
61 134792
61 134795
61 134848
61 134900
61 134975
61 135030
61 135089
61 135231
61 135238
61 135306
61 135376
61 135385
61 135438
61 135477
61 135499
61 135521
61 135568
61 135764
61 135784
61 135787
61 135843
61 135857
61 135896
61 135955
61 136035
61 136046
61 136052
61 136082
61 136225
61 136266
61 136296
61 136374
61 136410
61 136461
61 136489
61 136503
61 136529
61 136535
61 136677
61 136811
61 136888
61 136904
61 137009
61 137052
61 137218
61 137230
61 137262
61 137611
61 137618
61 137640
61 137662
61 137683
61 137719
61 137818
61 138173
61 138386
61 138545
61 138552
61 138555
61 138603
61 138640
61 138690
61 138721
61 138813
61 138814
61 138844
61 138845
61 138946
61 139048
61 139061
61 139085
61 139091
61 139112
61 139115
61 139279
61 139328
61 139338
61 139550
61 139874
61 139899
61 139978
61 140021
61 140022
61 140049
61 140067
61 140078
61 140110
61 140150
61 140224
61 140225
61 140252
61 140279
61 140362
61 140403
61 140500
61 140510
61 140516
61 140554
61 140698
61 140703
61 140785
61 140951
61 140964
61 140982
61 140992
61 141044
61 141050
61 141145
61 141161
61 141320
61 141341
61 141383
61 141390
61 141520
61 141613
61 141831
61 141898
61 141940
61 142009
61 142111
61 142129
61 142143
61 142180
61 142203
61 142326
61 142380
61 142460
61 142486
61 142513
61 142559
61 142644
61 142694
61 142695
61 142726
61 142902
61 142981
61 143098
61 143106
61 143195
61 143243
61 143378
61 143423
61 143461
61 143468
61 143480
61 143575
61 143592
61 143656
61 143679
61 143710
61 143750
61 143779
61 143802
61 143863
61 144074
61 144126
61 144128
61 144176
61 144178
61 144187
61 144263
61 144302
61 144380
61 144462
61 144478
61 144494
61 144503
61 144508
61 144518
61 144529
61 144599
61 144628
61 144636
61 144641
61 144719
61 144898
61 144939
61 145000
61 145005
61 145066
61 145119
61 145172
61 145216
61 145331
61 145372
61 145390
61 145453
61 145470
61 145493
61 145525
61 145653
61 145819
61 145826
61 145894
61 145902
61 145930
61 145945
61 146017
61 146053
61 146070
61 146106
61 146123
61 146147
61 146157
61 146231
61 146293
61 146349
61 146456
61 146490
61 146502
61 146561
61 146589
61 146616
61 146642
61 146718
61 146738
61 146739
61 146771
61 146823
61 146830
61 146845
61 146850
61 146997
61 147062
61 147069
61 147186
61 147190
61 147207
61 147265
61 147394
61 147427
61 147433
61 147501
61 147544
61 147598
61 147620
61 147698
61 147764
61 147786
61 147807
61 147820
61 147902
61 147948
61 147981
61 147984
61 148107
61 148142
61 148168
61 148255
61 148334
61 148398
61 148428
61 148430
61 148562
61 148595
61 148611
61 148630
61 148735
55 147120
55 147137
55 147210
55 147252
55 147297
55 147416
55 147417
55 147533
55 147535
55 147541
55 147549
55 147580
55 147616
55 147711
55 147752
55 147824
55 148037
55 148054
55 148073
55 148136
55 148151
55 148208
55 148248
55 148290
55 148388
55 148406
55 148424
55 148524
55 148539
55 148633
55 148773
55 148791
55 148875
55 149028
55 149155
55 149165
55 149271
55 149352
55 149516
55 149721
55 149850
55 149898
55 150002
63 114099
63 114106
63 114113
63 114129
63 114195
63 114231
63 114276
63 114311
63 114316
63 114420
63 114443
63 114449
63 114491
63 114516
63 114696
63 114715
63 114717
63 114807
63 114932
63 115047
63 115052
63 115055
63 115066
63 115279
63 115305
63 115524
63 115538
63 115555
63 115559
63 115568
63 115623
63 115664
63 115901
63 116046
63 116049
63 116202
63 116245
63 116248
63 116418
63 116506
63 116626
63 116730
63 116825
63 116897
63 116925
63 116965
63 116983
63 117037
63 117083
63 117121
63 117162
63 117280
63 117296
63 117340
63 117412
63 117521
63 117607
63 117668
63 117722
63 117916
63 117917
63 117943
63 117952
63 117954
63 118000
63 118027
63 118045
63 118108
63 118126
63 118176
63 118192
63 118251
63 118360
63 118408
63 118412
63 118421
63 118436
63 118439
63 118492
63 118649
63 118692
63 118708
63 118735
63 118871
63 118996
63 119032
63 119104
63 119105
63 119147
63 119162
63 119197
63 119339
63 119359
63 119367
63 119386
63 119420
63 119438
63 119466
63 119518
63 119574
63 119635
63 119678
63 119685
63 119800
63 119840
63 119867
63 119877
63 119936
63 119981
63 120089
63 120101
63 120115
63 120252
63 120259
63 120357
63 120389
63 120440
63 120526
63 120547
63 120662
63 120685
63 120714
63 120779
63 120795
63 120829
63 120879
63 120881
63 120902
63 120919
63 120976
63 120997
63 121011
63 121020
63 121031
63 121060
63 121090
63 121169
63 121219
63 121268
63 121296
63 121304
63 121343
63 121352
63 121377
63 121431
63 121548
63 121549
63 121623
63 121692
63 121722
63 121784
63 121840
63 121858
63 121866
63 121893
63 121905
63 122084
63 122099
63 122101
63 122151
63 122162
63 122186
63 122256
63 122284
63 122371
63 122429
63 122461
63 122532
63 122583
63 122594
63 122614
63 122667
63 122801
63 122813
63 122968
63 122975
63 122977
63 123014
63 123031
63 123035
63 123206
63 123236
63 123395
63 123437
63 123476
63 123518
63 123528
63 123585
63 123605
63 123611
63 123617
63 123657
63 123673
63 123743
63 123744
63 123767
63 123828
63 123938
63 123958
63 124022
63 124071
63 124081
63 124092
63 124093
63 124200
63 124204
63 124235
63 124254
63 124288
63 124317
63 124319
63 124327
63 124452
63 124497
63 124548
63 124578
63 124583
63 124618
63 124686
63 124689
63 124704
63 124738
63 124809
63 124840
63 124894
63 124927
63 125006
63 125021
63 125053
63 125086
63 125154
63 125160
63 125170
63 125171
63 125292
63 125374
63 125405
63 125433
63 125487
63 125631
63 125685
63 125764
63 125772
63 125780
63 125900
63 125982
63 125987
63 125991
63 126060
63 126062
63 126116
63 126186
63 126189
63 126193
63 126206
63 126300
63 126332
63 126409
63 126419
63 126497
63 126570
63 126621
63 126731
63 126751
63 126883
63 126933
63 127007
63 127077
63 127083
63 127161
63 127188
63 127200
63 127248
63 127261
63 127294
63 127330
63 127357
63 127401
63 127506
63 127553
63 127571
63 127594
63 127825
63 127884
63 127891
63 128168
63 128174
63 128218
63 128223
63 128228
63 128255
63 128286
63 128321
63 128324
63 128506
63 128555
63 128679
63 128697
63 128706
63 128764
63 128766
63 128863
63 128909
63 128988
63 129006
63 129019
63 129021
63 129075
63 129166
63 129204
63 129250
63 129268
63 129323
63 129379
63 129416
63 129419
63 129465
63 129472
63 129481
63 129507
63 129576
63 129698
63 129867
63 129893
63 129907
63 129911
63 129922
63 129942
63 129980
63 130071
63 130121
63 130201
63 130215
63 130222
63 130353
63 130366
63 130437
63 130459
63 130479
63 130508
63 130572
63 130654
63 130662
63 130687
63 130725
63 130843
63 130896
63 130929
63 130962
63 130992
63 131056
63 131064
63 131073
63 131082
63 131083
63 131222
63 131298
63 131323
63 131331
63 131379
63 131406
63 131407
63 131409
63 131434
63 131447
63 131526
63 131612
63 131620
63 131716
63 131844
63 131903
63 131981
63 132144
63 132150
63 132201
63 132229
63 132291
63 132339
63 132361
63 132362
63 132392
63 132421
63 132570
63 132661
63 132744
63 132770
63 132841
63 132863
63 132972
63 133168
63 133172
63 133187
63 133212
63 133313
63 133354
64 117047
64 117241
64 117250
64 117288
64 117289
64 117318
64 117379
64 117491
64 117568
64 117613
64 117944
64 117997
64 118114
64 118138
64 118192
64 118283
64 118318
64 118388
64 118399
64 118443
64 118484
64 118519
64 118522
64 118548
64 118565
64 118572
64 118641
64 118667
64 118711
64 118730
64 118792
64 118858
64 118862
64 118878
64 118912
64 118949
64 118965
64 119146
64 119256
64 119265
64 119296
64 119311
64 119328
64 119437
64 119454
64 119459
64 119517
64 119576
64 119623
64 119662
64 119663
64 119711
64 119733
64 119781
64 119784
64 119796
64 119879
64 119897
64 119916
64 119918
64 120009
64 120163
64 120239
64 120285
64 120309
64 120337
64 120424
64 120448
64 120476
64 120481
64 120483
64 120586
64 120691
64 120721
64 120760
64 120827
64 120846
64 121073
64 121074
64 121129
64 121193
64 121336
64 121342
64 121346
64 121531
64 121630
64 121673
64 121790
64 121827
64 121939
64 122007
64 122102
64 122126
64 122145
64 122173
64 122180
64 122211
64 122267
64 122470
64 122518
64 122523
64 122542
64 122568
64 122596
64 122614
64 122617
64 122711
64 122816
64 122862
64 122885
64 122903
64 122957
64 122966
64 122989
64 123035
64 123119
64 123125
64 123169
64 123305
64 123377
64 123398
64 123429
64 123540
64 123572
64 123671
64 123739
64 124071
64 124081
64 124090
64 124160
64 124225
64 124248
64 124258
64 124551
64 124598
64 124687
64 124719
64 124961
64 125118
64 125286
64 125320
64 125360
64 125376
64 125394
64 125409
64 125412
64 125455
64 125492
64 125502
64 125523
64 125546
64 125624
64 125629
64 125666
64 125747
64 125791
64 125875
64 125880
64 125916
64 126003
64 126067
64 126104
64 126124
64 126144
64 126167
64 126171
64 126228
64 126253
64 126302
64 126359
64 126367
64 126440
64 126452
64 126630
64 126632
64 126633
64 126702
64 126742
64 126855
64 126876
64 127090
64 127129
64 127263
64 127352
64 127378
64 127471
64 127521
64 127600
64 127670
64 127687
64 127729
64 127767
64 127799
64 127867
64 127869
64 127885
64 127900
64 127922
64 128135
64 128169
64 128255
64 128307
64 128411
64 128412
64 128438
64 128453
64 128466
64 128647
64 128651
64 128656
64 128691
64 128719
64 128778
64 128891
64 128974
64 129018
64 129125
64 129196
64 129212
64 129354
64 129387
64 129489
64 129495
64 129569
64 129614
64 129727
64 129816
64 129909
64 129927
64 129963
64 129988
64 130016
64 130087
64 130141
64 130146
64 130178
64 130247
64 130317
64 130319
64 130453
64 130528
64 130603
64 130612
64 130697
64 130737
64 130966
64 131030
64 131037
64 131105
64 131299
64 131347
64 131350
64 131376
64 131431
64 131472
64 131527
64 131556
64 131564
64 131711
64 131783
64 131831
64 131856
64 131965
64 132138
64 132183
64 132192
64 132244
64 132252
64 132275
64 132277
64 132290
64 132303
64 132373
64 132406
64 132655
64 132669
64 132704
64 132736
64 132772
64 132777
64 132897
64 132903
64 133004
64 133024
64 133102
64 133146
64 133181
64 133194
64 133228
64 133333
64 133477
64 133505
64 133519
64 133540
64 133568
64 133595
64 133598
64 133616
64 133641
64 133747
64 133817
64 133923
64 133988
64 134133
64 134154
64 134256
64 134293
64 134299
64 134353
64 134354
64 134357
64 134394
64 134408
64 134437
64 134491
64 134522
64 134543
64 134567
64 134643
64 134663
64 134705
64 134735
64 134819
64 134846
64 134865
64 134910
64 134917
64 134929
64 135043
64 135065
64 135107
64 135146
64 135170
64 135209
64 135261
64 135341
64 135357
64 135388
64 135395
64 135433
64 135471
64 135520
64 135556
64 135566
64 135592
64 135633
64 135657
64 135790
64 135828
64 135857
64 135874
64 135930
64 135949
64 136013
64 136242
64 136256
64 136279
64 136295
64 136355
64 136418
64 136570
64 136591
64 136607
64 136743
64 136750
64 136809
64 136839
64 136858
64 136914
64 136925
64 136930
64 137005
64 137044
64 137092
64 137095
64 137101
64 137104
64 137171
64 137252
64 137298
64 137398
64 137423
64 137609
64 137641
64 137686
64 137854
64 137910
64 138127
64 138137
64 138160
64 138165
64 138280
59 149707
59 149729
59 149734
59 149774
59 149808
59 149983
59 150036
59 150188
59 150299
59 150347
59 150353
59 150542
59 150603
59 150608
59 150618
59 150659
59 150903
59 150920
59 150958
59 151042
59 151086
59 151155
59 151224
59 151244
59 151387
59 151495
59 151499
59 151559
59 151635
59 151833
59 151888
59 151952
59 151955
59 151998
59 152031
59 152093
59 152113
59 152151
59 152311
59 152335
59 152361
59 152365
59 152420
59 152464
59 152492
59 152515
59 152520
59 152704
59 152746
59 152806
59 152921
59 152967
59 153015
59 153022
59 153060
59 153067
59 153112
59 153146
59 153217
59 153382
59 153410
59 153497
59 153538
59 153546
59 153586
59 153621
59 153678
59 153693
59 153767
59 153787
59 153809
59 153849
59 153976
59 154040
59 154118
59 154188
59 154203
59 154250
59 154304
59 154343
59 154373
59 154433
59 154458
59 154459
59 154521
59 154591
59 154613
59 154791
59 154811
59 154922
59 154955
59 154968
59 154981
59 155005
59 155162
59 155185
59 155221
59 155267
59 155294
59 155339
59 155411
59 155474
59 155510
59 155536
59 155622
59 155706
59 155740
59 155752
59 155757
59 155760
59 155784
59 155834
59 155836
59 155870
59 155893
59 155896
59 155905
59 155955
59 155982
59 156031
59 156032
59 156062
59 156081
59 156107
59 156161
59 156203
59 156205
59 156236
59 156352
59 156591
59 156629
61 148947
61 149132
61 149147
61 149359
61 149413
61 149457
61 149480
61 149621
61 149669
61 149670
61 149682
61 149727
61 149845
61 149847
61 149881
61 149903
61 149934
61 149960
61 149982
61 150085
61 150109
61 150125
61 150161
61 150172
61 150230
61 150254
61 150259
61 150279
61 150365
61 150457
61 150472
61 150509
61 150555
61 150579
61 150597
61 150629
61 150646
61 150696
61 150745
61 150791
61 151024
61 151114
61 151152
61 151198
61 151471
61 151638
61 151641
61 151651
61 151799
61 151831
61 151873
61 151925
61 151935
61 151963
61 151969
61 152114
61 152227
61 152270
61 152291
61 152314
61 152428
61 152497
61 152505
61 152673
61 152686
61 152693
61 152823
61 152946
61 152979
61 153067
61 153072
61 153082
61 153190
61 153272
61 153462
61 153483
61 153514
61 153646
61 153688
61 153739
61 153757
61 153769
61 153808
61 153995
61 154020
61 154023
61 154092
61 154145
61 154175
61 154216
61 154219
61 154294
61 154415
61 154437
61 154484
61 154574
61 154632
61 154638
61 154642
61 154645
61 154674
61 154688
61 154698
61 154720
61 154761
61 154804
61 154878
61 154976
61 155084
61 155125
61 155143
61 155410
61 155426
61 155429
61 155594
61 155608
61 155625
61 155635
61 155645
61 155657
61 155750
61 155806
61 155842
61 155879
61 155989
61 156011
61 156227
61 156280
61 156325
61 156339
61 156393
61 156427
61 156711
61 156719
61 156863
61 156898
61 156907
61 157312
61 157380
61 157382
61 157463
61 157466
61 157536
61 157553
61 157597
61 157641
61 157647
61 157783
61 157816
61 157995
61 158098
61 158145
61 158149
61 158221
61 158328
61 158458
61 158485
61 158510
61 158648
61 158736
61 158751
61 158767
61 158872
61 158913
61 158990
61 159026
61 159040
61 159156
61 159265
61 159556
61 159620
61 159689
61 159704
61 159740
61 159801
61 159870
61 159932
61 160090
61 160101
61 160213
61 160304
61 160311
61 160317
61 160388
61 160543
61 160589
61 160597
61 160653
61 160673
61 160676
61 160801
61 160813
61 160864
61 160893
61 160908
61 161003
61 161037
61 161236
61 161247
61 161456
61 161485
61 161521
61 161640
61 161740
61 161763
61 161865
61 161927
61 161967
61 162063
61 162091
61 162100
61 162167
61 162330
61 162414
61 162420
61 162586
61 162671
61 162675
61 162732
61 162819
61 162836
61 162926
61 162965
61 162985
61 163029
61 163202
61 163236
61 163245
61 163257
61 163331
61 163366
54 141824
54 141834
54 141844
54 141853
54 141939
54 141960
54 141977
54 141995
54 142005
54 142016
54 142072
54 142097
54 142182
54 142294
54 142407
54 142471
54 142535
54 142548
54 142575
54 142610
54 142624
54 142642
54 142720
54 142733
54 142743
54 142811
54 142831
54 142877
54 143052
54 143084
54 143114
54 143124
54 143125
54 143227
54 143238
54 143245
54 143248
54 143289
54 143374
54 143402
54 143406
54 143467
54 143496
54 143523
54 143545
54 143579
54 143589
54 143633
54 143671
54 143736
54 143953
54 144025
54 144030
54 144039
54 144060
54 144165
54 144340
54 144359
54 144412
54 144520
54 144680
54 144685
54 144695
54 144819
54 144826
54 144921
54 144938
54 144971
54 144974
54 144976
54 145062
54 145073
54 145091
54 145222
54 145282
54 145299
54 145371
54 145408
54 145416
54 145433
54 145436
54 145518
54 145547
54 145554
54 145605
54 145636
54 145656
54 145721
54 145739
54 145750
54 145841
54 145875
54 145900
54 145910
54 145919
54 145959
54 145981
54 146110
54 146163
54 146190
54 146224
54 146274
54 146325
54 146335
54 146533
54 146571
54 146591
54 146953
54 147080
54 147112
54 147317
54 147587
54 147598
54 147712
54 147768
54 147817
54 147858
54 147899
54 147994
54 148019
54 148027
54 148057
54 148177
54 148244
54 148248
54 148251
54 148407
54 148411
54 148451
54 148456
54 148480
54 148487
54 148626
54 148850
54 148895
54 148904
54 148915
54 148924
54 148990
54 149030
54 149154
54 149193
54 149195
54 149217
54 149227
54 149243
54 149255
54 149323
54 149421
54 149440
54 149444
54 149475
54 149508
54 149512
54 149580
54 149608
54 149615
54 149683
54 149729
54 149958
54 149979
54 150073
54 150145
54 150336
54 150382
54 150452
54 150459
54 150461
54 150566
54 150578
54 150640
54 150660
54 150672
54 150677
54 150869
54 150911
54 150913
54 150956
54 151012
54 151109
54 151186
54 151191
54 151212
54 151335
54 151461
54 151480
54 151497
54 151518
54 151528
54 151549
54 151608
54 151653
54 151698
54 151743
54 151783
54 151829
54 151887
54 151988
54 152045
54 152050
54 152107
54 152187
54 152229
54 152249
54 152291
54 152368
54 152427
54 152451
54 152551
54 152569
54 152589
54 152601
54 152662
54 152758
54 152839
54 152886
54 152975
54 152977
54 153014
54 153067
54 153287
54 153293
54 153330
54 153344
54 153384
54 153441
54 153459
54 153489
54 153516
54 153669
54 153776
54 153833
54 153859
54 153929
54 154024
54 154054
54 154120
54 154349
54 154355
54 154405
54 154422
54 154453
54 154475
54 154544
54 154584
54 154652
54 154665
54 154797
54 154828
54 154855
54 154961
54 155119
54 155205
54 155221
54 155280
54 155396
54 155489
54 155662
54 155700
54 155790
54 155910
54 155962
54 155983
54 156031
54 156188
54 156259
54 156392
54 156402
54 156429
54 156448
54 156499
54 156537
54 156538
54 156559
54 156574
54 156640
54 156665
54 156709
54 156753
54 156787
54 156791
54 156823
54 156870
54 157035
54 157080
54 157141
54 157187
54 157198
54 157205
54 157326
54 157353
54 157376
54 157405
54 157415
54 157423
54 157483
54 157556
54 157639
54 157676
54 157683
54 157800
54 157806
54 157866
54 157875
54 157955
54 158037
54 158055
54 158107
54 158113
54 158171
54 158283
54 158332
54 158337
54 158338
54 158424
54 158508
54 158566
54 158573
54 158637
54 158680
54 158701
54 158735
54 158804
54 158970
54 159125
54 159180
54 159193
54 159204
54 159258
54 159370
54 159506
54 159515
54 159545
54 159658
54 159667
54 159734
54 159804
54 159890
54 159975
54 160023
54 160063
54 160104
54 160127
54 160181
54 160198
54 160320
54 160390
54 160479
54 160480
54 160508
54 160613
54 160750
54 160813
54 160827
54 160909
54 160992
54 161028
54 161082
54 161151
54 161345
54 161353
54 161424
54 161455
54 161552
54 161568
54 161605
54 161634
54 161675
54 161732
54 161773
54 161854
54 161867
54 161968
54 161976
54 162097
54 162103
54 162293
54 162411
54 162439
54 162528
54 162580
54 162590
54 162594
54 162733
54 162735
54 162790
54 163145
54 163185
54 163270
54 163378
54 163391
54 163424
54 163435
54 163452
54 163541
54 163571
54 163635
54 163636
54 163653
54 163688
54 163715
54 163770
54 163773
54 163779
54 164095
54 164156
54 164203
54 164250
54 164272
54 164644
54 164658
54 164735
54 164800
54 164857
54 164913
54 164925
54 164934
54 165139
54 165172
51 144855
51 144987
51 145041
51 145059
51 145064
51 145066
51 145092
51 145195
51 145206
51 145388
51 145519
51 145590
51 145599
51 145725
51 145736
51 145907
51 146057
51 146058
51 146113
51 146147
51 146158
51 146199
51 146204
51 146354
51 146394
51 146514
51 146520
51 146573
51 146609
51 146619
51 146631
51 146658
51 146674
51 146705
51 146721
51 146737
51 146740
51 146832
51 146834
51 146892
51 146938
51 146984
51 146985
51 146988
51 147207
51 147394
51 147405
51 147419
51 147482
51 147492
51 147498
51 147656
51 147664
51 147724
51 147731
51 147737
51 147762
51 147782
51 147856
51 147875
51 148034
51 148175
51 148234
51 148281
51 148314
51 148539
51 148560
51 148585
51 148730
51 148871
51 148874
51 148905
51 148944
51 148972
51 148976
51 148980
51 149069
51 149087
51 149141
51 149144
51 149170
51 149172
51 149259
51 149268
51 149314
51 149364
51 149436
51 149478
51 149574
51 149587
51 149656
51 149698
51 149789
51 149823
51 149911
51 150036
51 150151
51 150233
51 150272
51 150388
51 150507
51 150528
51 150611
51 150655
51 150683
51 150715
51 150756
51 150764
51 150800
51 150819
51 150874
51 150878
51 150925
51 150938
51 150946
51 151025
51 151086
51 151101
51 151159
51 151181
51 151191
51 151199
51 151239
51 151282
51 151363
51 151395
51 151409
51 151492
51 151509
51 151579
51 151708
51 151711
51 151778
51 151803
51 151901
51 151935
51 151954
51 152053
51 152070
51 152074
51 152159
51 152163
51 152169
51 152425
51 152444
51 152544
51 152639
51 152899
51 153128
51 153142
51 153149
51 153151
51 153238
51 153278
51 153289
51 153322
51 153350
51 153425
51 153437
51 153443
51 153444
51 153454
51 153517
51 153578
51 153597
51 153609
51 153619
51 153689
51 153784
51 153815
51 153836
51 153897
51 153940
51 153964
51 154059
51 154134
51 154196
51 154265
51 154360
51 154395
51 154450
51 154631
51 154650
51 154678
51 154751
51 154755
51 154793
51 154816
51 154862
51 155029
51 155114
51 155163
51 155174
51 155191
51 155277
51 155414
51 155503
51 155534
51 155742
51 155772
51 155825
51 155832
51 155857
51 155923
51 155954
51 155967
51 156194
51 156207
51 156376
51 156425
51 156576
51 156744
51 156858
51 156894
51 156932
51 156959
51 157058
51 157102
51 157149
51 157182
51 157232
51 157303
51 157342
51 157395
51 157513
51 157544
51 157592
51 157607
51 157608
51 157664
51 157689
51 157735
51 157756
51 157773
51 157800
51 157842
51 157921
51 157986
51 158038
51 158060
51 158192
51 158207
51 158273
51 158315
51 158360
51 158495
51 158530
51 158602
51 158611
51 158614
51 158730
51 158744
51 158778
51 158790
51 158856
51 158960
51 159031
51 159034
51 159198
51 159228
51 159292
51 159375
51 159408
51 159531
51 159655
51 159666
51 159707
51 159797
51 159885
51 159934
51 160052
51 160062
51 160063
51 160070
51 160101
51 160188
51 160254
51 160294
51 160339
51 160444
51 160525
51 160553
51 160686
51 160691
51 160741
51 160753
51 160769
51 160923
51 160943
51 161053
51 161067
51 161102
51 161169
51 161271
51 161281
51 161327
51 161445
51 161448
51 161488
51 161539
51 161617
51 161671
51 161747
51 161777
51 161780
51 161788
51 161792
51 161856
51 161892
51 161895
51 161989
51 162113
51 162147
51 162215
51 162236
51 162251
51 162433
51 162450
51 162458
51 162503
51 162530
51 162679
51 162834
51 162854
51 162856
51 162910
51 162970
51 162983
51 163109
51 163198
51 163322
51 163332
51 163354
51 163424
51 163427
51 163436
51 163448
51 163467
51 163471
51 163472
51 163684
51 163735
51 163802
51 163821
51 163918
51 163953
51 163954
51 163959
51 163991
51 163999
51 164016
51 164070
51 164154
51 164179
51 164181
51 164202
51 164221
51 164324
51 164337
51 164340
51 164350
51 164373
51 164386
51 164401
51 164537
51 164569
51 164613
51 164628
51 164634
51 164637
51 164638
51 164666
51 164722
51 164811
51 164833
51 164894
51 164960
51 165089
51 165105
51 165128
51 165162
51 165209
51 165283
51 165341
51 165378
51 165442
51 165477
51 165538
51 165652
51 165705
51 165712
51 165719
51 165772
51 165827
51 166075
51 166149
51 166194
51 166248
51 166392
51 166589
49 134706
49 134845
49 134853
49 134900
49 134903
49 134994
49 135067
49 135118
49 135166
49 135205
49 135210
49 135211
49 135335
49 135336
49 135473
49 135518
49 135623
49 135672
49 135743
49 135750
49 135820
49 135845
49 135867
49 135926
49 135929
49 135961
49 136100
49 136179
49 136283
49 136317
49 136344
49 136455
49 136633
49 136675
49 136690
49 136724
49 136725
49 136942
49 136948
49 136958
49 136984
49 137109
49 137235
49 137245
49 137301
49 137310
49 137313
49 137379
49 137425
49 137433
49 137442
49 137484
49 137489
49 137587
49 137648
49 137709
49 137729
49 137827
49 138052
49 138095
49 138096
49 138106
49 138133
49 138237
49 138343
49 138365
49 138476
49 138514
49 138515
49 138541
49 138592
49 138725
49 138773
49 138813
49 138888
49 138932
49 139079
49 139095
49 139097
49 139103
49 139353
49 139404
49 139486
49 139547
49 139701
49 139741
49 139772
49 139867
49 139892
49 139922
49 139929
49 139981
49 140120
49 140156
49 140165
49 140171
49 140183
49 140199
49 140205
49 140269
49 140274
49 140356
49 140376
49 140446
49 140517
49 140539
49 140694
49 140759
49 140798
49 140802
49 140900
49 140917
49 140958
49 140976
49 141009
49 141046
49 141083
49 141114
49 141163
49 141250
49 141317
49 141388
49 141391
49 141412
49 141419
49 141473
49 141519
49 141630
49 141662
49 141765
49 141768
49 141799
49 141869
49 141880
49 141908
49 141917
49 141923
49 142085
49 142090
49 142146
49 142222
49 142235
49 142273
49 142294
49 142298
49 142340
49 142457
49 142483
49 142533
49 142555
49 142681
49 142757
49 142791
49 142832
49 142847
49 142871
49 142879
49 142946
49 143049
49 143059
49 143091
49 143099
49 143101
49 143164
49 143245
49 143295
49 143342
49 143488
49 143625
49 143631
49 143640
49 143694
49 143772
49 143807
49 143956
49 144029
49 144180
49 144240
49 144251
49 144276
49 144305
49 144315
49 144399
49 144402
49 144404
49 144405
49 144533
49 144583
49 144654
49 144791
49 144822
49 144861
49 144925
49 144965
49 145111
49 145119
49 145248
49 145347
49 145390
49 145590
49 145668
49 145682
49 145716
49 145725
49 145773
49 145880
49 145900
49 145912
49 145923
49 146075
49 146080
49 146111
49 146170
49 146198
49 146229
49 146230
49 146244
49 146250
49 146364
49 146387
49 146406
49 146457
49 146537
49 146576
49 146613
49 146712
49 146787
49 146828
49 146866
49 146961
49 147028
49 147044
49 147124
49 147219
49 147220
49 147239
49 147322
49 147371
49 147376
49 147418
49 147428
49 147437
49 147438
49 147491
49 147495
49 147509
49 147517
49 147662
49 147663
49 147791
49 147832
49 147850
49 147852
49 147898
49 147904
49 147930
49 147943
49 147995
49 148020
49 148031
49 148120
49 148133
49 148155
49 148173
49 148266
49 148273
49 148293
49 148343
49 148387
49 148499
49 148518
49 148520
49 148526
49 148573
49 148574
49 148597
49 148715
49 148717
49 148751
49 148772
49 148779
49 148784
49 148826
49 148935
49 148937
49 148963
49 149099
49 149188
49 149189
49 149258
49 149269
49 149303
49 149482
49 149564
49 149579
49 149643
49 149669
49 149677
49 149839
49 149863
49 149889
49 149965
49 150008
49 150070
49 150087
49 150159
49 150162
49 150178
49 150188
49 150275
49 150300
49 150314
49 150352
49 150354
49 150383
49 150458
49 150481
49 150503
49 150528
49 150725
49 150726
49 150739
49 150795
49 150835
49 150891
49 150924
49 150944
49 150952
49 150970
49 150982
49 151046
49 151078
49 151287
49 151313
49 151325
49 151415
49 151421
49 151480
49 151554
49 151558
49 151580
49 151717
49 151753
49 151757
49 151774
49 151863
49 152061
49 152090
49 152106
49 152157
49 152170
49 152242
49 152252
49 152278
49 152289
49 152296
49 152325
49 152599
49 152655
49 152666
49 152678
49 152729
49 152763
49 152790
49 152904
49 152951
49 153060
49 153089
49 153131
49 153148
49 153208
49 153350
49 153374
49 153382
49 153397
49 153764
49 153790
49 153957
49 153974
49 153987
49 154107
49 154120
49 154213
49 154214
49 154307
49 154334
49 154338
49 154378
49 154456
49 154597
49 154649
49 154673
49 154683
49 154704
49 154766
49 154794
49 154897
49 154982
49 155049
49 155074
49 155108
49 155157
49 155209
49 155301
49 155369
49 155489
49 155533
49 155555
49 155607
49 155608
49 155621
49 155753
49 155858
49 155876
49 155880
49 156002
49 156075
49 156108
49 156135
49 156186
49 156229
49 156252
49 156516
49 156535
49 156572
49 156601
49 156622
49 156629
49 156640
49 156703
49 156719
49 156747
49 156796
49 156812
49 156827
49 156887
49 156895
49 156931
49 157051
54 165212
54 165252
54 165301
54 165478
54 165482
54 165551
54 165595
54 165671
54 165722
54 165884
54 165923
54 166138
54 166276
54 166337
54 166353
54 166405
54 166416
54 166452
54 166520
54 166531
54 166535
54 166562
54 166640
54 166805
54 166818
54 166837
54 166947
54 167112
54 167173
54 167208
54 167216
54 167243
54 167310
54 167432
54 167444
54 167538
54 167546
54 167633
54 167747
54 167764
54 167823
54 167859
54 167906
54 167974
54 168388
54 168407
54 168471
54 168487
54 168672
54 168673
54 168697
54 168702
54 168715
54 168722
54 168786
54 168788
54 168908
54 168912
54 168936
54 168958
54 168962
54 169052
54 169082
54 169154
54 169363
54 169366
54 169522
54 169561
54 169618
54 169649
54 169655
54 169684
54 169708
54 169731
54 169760
54 169806
54 169886
54 169931
63 133387
63 133493
63 133497
63 133536
63 133551
63 133605
63 133706
63 133717
63 133753
63 133761
63 133792
63 133803
63 133806
63 133836
63 133845
63 133871
63 133942
63 134055
63 134090
63 134109
63 134342
63 134351
63 134482
63 134595
63 134642
63 134678
63 134701
63 134924
63 135000
63 135047
63 135051
63 135106
63 135132
63 135276
63 135293
63 135423
63 135552
63 135572
63 135585
63 135701
63 135718
63 135719
63 135914
63 135976
63 136111
63 136118
63 136189
63 136296
63 136301
63 136432
63 136459
63 136480
63 136493
63 136507
63 136537
63 136609
63 136611
63 136637
63 136654
63 136722
63 136743
63 136803
63 136830
63 136893
63 136924
63 137055
63 137080
63 137087
63 137166
63 137345
63 137397
63 137421
63 137474
63 137536
63 137584
63 137653
63 137784
63 137799
63 137828
63 137842
63 137927
63 137984
63 138130
63 138225
63 138226
63 138237
63 138295
63 138320
63 138529
63 138631
63 138656
63 138664
63 138802
63 138825
63 138840
63 138888
63 138954
63 138981
63 138998
63 139080
63 139099
63 139152
63 139174
63 139207
63 139216
63 139226
63 139243
63 139245
63 139263
63 139282
63 139384
63 139408
63 139410
63 139417
63 139477
63 139481
63 139483
63 139555
63 139593
63 139621
63 139661
63 139703
63 139954
63 140002
63 140022
63 140031
63 140169
63 140175
63 140189
63 140253
63 140310
63 140387
63 140418
63 140510
63 140523
63 140534
63 140603
63 140694
63 140766
63 140780
63 140852
63 140862
63 141012
63 141032
63 141101
63 141159
63 141202
63 141212
63 141253
63 141352
63 141460
63 141596
63 141649
63 141679
63 141702
63 141731
63 141744
63 141804
63 141814
63 142015
63 142031
63 142092
63 142174
63 142222
63 142272
63 142278
63 142408
63 142411
63 142450
63 142453
63 142491
63 142634
63 142638
63 142644
63 142721
63 142773
63 142776
63 142929
63 143009
63 143042
63 143062
63 143138
63 143335
63 143351
63 143421
63 143548
63 143611
63 143613
63 143690
63 143733
63 143749
63 143753
63 143920
63 143921
63 143949
63 143993
63 144015
63 144084
63 144096
63 144129
63 144132
63 144184
63 144270
63 144443
63 144478
63 144484
63 144495
63 144528
63 144550
63 144608
63 144775
63 144845
63 144889
63 145089
63 145195
63 145304
63 145309
63 145355
63 145373
63 145406
63 145434
63 145435
63 145449
63 145483
63 145548
63 145559
63 145639
63 145646
63 145649
63 145683
63 145716
63 145727
63 145930
63 145940
63 145965
63 145996
63 146015
63 146083
63 146128
63 146169
63 146264
63 146265
63 146416
63 146418
63 146449
63 146465
63 146508
63 146512
63 146564
63 146643
63 146836
63 146848
63 146889
63 147146
63 147148
63 147170
63 147278
63 147303
63 147362
63 147437
63 147537
63 147574
63 147583
63 147688
63 147803
63 147805
63 147816
63 147865
63 148038
63 148175
63 148234
63 148263
63 148276
63 148278
63 148284
63 148346
63 148467
63 148588
63 148595
63 148616
63 148658
63 148667
63 148669
63 148692
63 148732
63 148815
63 148822
63 148981
63 148995
63 149008
63 149037
63 149038
63 149040
63 149075
63 149170
63 149369
63 149385
63 149396
63 149443
63 149448
63 149486
63 149487
63 149509
63 149547
63 149563
63 149578
63 149607
63 149636
63 149743
63 149841
63 149842
63 149895
63 149929
63 149978
63 150037
63 150160
63 150215
63 150217
63 150420
63 150448
63 150449
63 150460
63 150510
63 150593
63 150596
63 150641
63 150742
63 150937
63 150999
63 151078
63 151133
63 151257
63 151296
63 151355
63 151376
63 151405
63 151666
63 151729
63 151735
63 151910
63 151927
63 151967
63 152049
63 152082
63 152120
63 152186
63 152205
63 152285
63 152330
63 152339
63 152369
63 152373
63 152379
63 152383
63 152391
63 152401
63 152408
49 157128
49 157192
49 157366
49 157405
49 157412
49 157416
49 157467
49 157482
49 157520
49 157547
49 157669
49 157678
49 157690
49 157732
49 157769
49 157792
49 157906
49 157915
49 157926
49 157969
49 157994
49 158058
49 158085
49 158106
49 158190
49 158372
49 158441
49 158460
49 158476
49 158546
49 158561
49 158639
49 158659
49 158691
49 158694
49 158697
49 158726
49 158741
49 158842
49 158856
49 158861
49 158939
49 158950
49 159038
49 159091
49 159376
49 159399
49 159513
49 159523
49 159525
49 159538
49 159540
49 159660
49 159682
49 159713
49 159787
49 159900
49 159937
49 159954
49 159956
49 159969
49 159981
49 160005
49 160042
49 160075
49 160131
49 160138
49 160157
49 160282
49 160286
49 160302
49 160343
49 160365
49 160415
49 160435
49 160494
49 160548
49 160605
49 160674
49 160706
49 160784
49 160834
49 160865
49 160890
49 160926
49 161061
49 161063
49 161097
49 161137
49 161163
49 161194
49 161272
49 161339
49 161349
49 161460
49 161514
49 161545
49 161568
49 161637
49 161668
49 161685
49 161869
64 138298
64 138305
64 138317
64 138355
64 138360
64 138393
64 138436
64 138438
64 138465
64 138491
64 138556
64 138683
64 138710
64 138729
64 138741
64 138813
64 138860
64 138895
64 138943
64 138945
64 139064
64 139132
64 139139
64 139163
64 139177
64 139182
64 139189
64 139256
64 139303
64 139388
64 139418
64 139456
64 139465
64 139501
64 139615
64 139626
64 139757
64 139900
64 140250
64 140297
64 140341
64 140345
64 140429
64 140474
64 140550
64 140610
64 140674
64 140709
64 140718
64 140729
64 140737
64 140758
64 140781
64 140840
64 140882
64 140980
64 141193
64 141224
64 141278
64 141362
64 141384
64 141437
64 141473
64 141516
64 141553
64 141567
64 141670
64 141824
64 141863
64 141973
64 142012
64 142303
64 142332
64 142347
64 142399
64 142422
64 142436
64 142454
64 142563
64 142565
64 142570
64 142842
64 142902
64 142946
64 143072
64 143130
64 143215
64 143304
64 143409
64 143416
64 143464
64 143477
64 143510
64 143518
64 143591
64 143593
64 143595
64 143614
64 143628
64 143695
64 143752
64 143833
64 143896
64 143903
64 143925
64 144040
64 144094
64 144148
64 144218
64 144239
64 144250
64 144266
64 144397
64 144443
64 144506
64 144515
64 144557
64 144615
64 144714
64 144740
64 144776
64 144822
64 144827
64 144861
64 144992
64 145072
64 145082
64 145196
64 145234
64 145279
64 145393
64 145411
64 145573
64 145606
64 145609
64 145648
64 145664
64 145724
64 145746
64 145766
64 145820
64 145872
64 145873
64 145890
64 145927
64 145947
64 146033
64 146183
64 146310
64 146377
64 146389
64 146454
64 146455
64 146618
64 146633
64 146669
64 146682
64 146684
64 146722
64 146809
64 146840
64 146852
64 146952
64 147044
64 147148
64 147195
64 147367
64 147402
64 147428
64 147430
64 147484
64 147486
64 147530
64 147587
64 147621
64 147766
64 147775
64 147959
64 148082
64 148099
64 148211
64 148323
64 148347
64 148408
64 148633
64 148721
64 148794
64 148813
64 148902
64 148927
64 148941
64 148947
64 149030
64 149046
64 149075
64 149105
64 149127
64 149131
64 149165
64 149285
64 149311
64 149414
64 149469
64 149487
64 149499
64 149520
64 149532
64 149534
64 149550
64 149558
64 149734
64 149788
64 149826
64 149836
64 149886
64 149902
64 149912
64 149967
64 149979
64 149989
64 149990
64 150042
64 150109
64 150155
64 150159
64 150221
64 150333
64 150334
64 150335
64 150416
64 150447
64 150465
64 150499
64 150543
64 150659
64 150700
64 150757
64 150838
64 150897
64 150973
64 151426
64 151459
64 151469
64 151495
64 151654
64 151688
64 151719
64 151736
64 151738
64 151759
64 151860
64 152149
64 152158
64 152260
64 152376
64 152478
64 152506
64 152607
64 152626
64 152669
64 152675
64 152681
64 152734
64 152761
64 152765
64 152788
64 152825
64 152841
64 152978
64 153000
64 153004
64 153011
64 153049
64 153058
64 153167
64 153184
64 153216
64 153222
64 153354
64 153391
64 153473
64 153558
64 153690
64 153713
64 153716
64 153717
64 153786
64 153797
64 153887
64 153935
64 154010
64 154043
64 154066
64 154075
64 154084
64 154169
64 154173
64 154234
64 154316
64 154362
64 154420
64 154465
64 154535
64 154600
64 154612
64 154628
64 154683
64 154737
64 154748
64 154749
64 154769
64 154788
64 154789
64 154794
64 154819
64 154871
64 154905
64 154907
64 154931
64 154997
64 155033
64 155153
64 155168
64 155182
64 155263
64 155277
64 155391
64 155457
64 155610
64 155628
64 155706
64 155796
64 155899
64 155916
64 155939
64 155970
64 156023
64 156054
64 156074
64 156091
64 156149
64 156166
64 156279
64 156311
64 156316
64 156382
64 156416
64 156421
64 156473
64 156504
64 156533
64 156700
64 156757
64 156797
64 156817
64 156866
64 156899
64 156978
64 157065
64 157266
64 157301
64 157331
64 157394
64 157448
64 157473
64 157495
64 157506
64 157566
64 157575
64 157616
64 157629
64 157657
64 157743
64 157795
64 157842
64 157856
64 157878
64 157883
64 157898
63 152535
63 152569
63 152580
63 152685
63 152773
63 152860
63 152979
63 152996
63 152997
63 153012
63 153023
63 153167
63 153187
63 153198
63 153202
63 153215
63 153310
63 153312
63 153369
63 153428
63 153512
63 153667
63 153748
63 153775
63 153804
63 153812
63 153934
63 153960
63 154087
63 154089
63 154127
63 154163
63 154225
63 154272
63 154389
63 154441
63 154549
63 154554
63 154569
63 154612
63 154614
63 154634
63 154658
63 154669
63 154717
63 154837
63 154842
63 154861
63 154880
63 154901
63 155031
63 155139
63 155231
63 155281
63 155293
63 155334
63 155424
63 155481
63 155496
63 155611
63 155621
63 155652
63 155776
63 155782
63 155918
63 156008
63 156029
63 156079
63 156095
63 156146
63 156155
63 156256
63 156271
63 156344
63 156355
63 156450
63 156472
63 156474
63 156480
63 156534
63 156640
63 156716
63 156810
63 156823
63 156930
63 156936
63 156957
63 157159
63 157225
63 157291
63 157308
63 157343
63 157374
63 157470
63 157483
63 157565
63 157568
63 157603
63 157653
63 157684
63 157689
63 157704
63 157713
63 157722
63 157737
63 157744
63 157758
63 157763
63 157801
63 157847
63 157862
63 157871
63 157900
63 158006
63 158136
63 158173
63 158194
63 158330
63 158379
63 158576
63 158600
63 158605
63 158642
63 158682
63 158685
63 158804
63 158843
63 158856
63 158902
63 158910
63 158948
63 158951
63 159006
63 159037
63 159080
63 159094
63 159114
63 159127
63 159138
63 159193
63 159348
63 159371
63 159455
63 159603
63 159604
63 159617
63 159627
63 159680
63 159745
63 159756
63 159781
63 159815
63 159816
63 159829
63 159839
63 159858
63 159978
63 159991
63 160044
63 160086
63 160420
63 160538
63 160590
63 160594
63 160644
63 160697
63 160771
63 160816
63 160828
63 160894
63 160920
63 160947
63 160982
63 161026
63 161087
63 161090
63 161093
63 161317
63 161320
63 161351
63 161436
63 161469
63 161634
63 161688
63 161701
63 161702
63 161718
63 161719
63 161738
63 161739
63 161832
63 161876
63 161941
63 162021
63 162055
63 162075
63 162114
63 162123
63 162135
63 162198
63 162209
63 162264
63 162362
63 162366
63 162437
63 162521
63 162529
63 162552
63 162629
63 162662
63 162711
63 162755
63 162801
63 162841
63 163003
63 163095
63 163159
63 163207
63 163252
63 163483
63 163615
63 163699
63 163704
63 163793
63 163812
63 163817
63 163991
63 164057
63 164074
63 164177
63 164195
63 164252
63 164254
63 164267
63 164329
63 164348
63 164414
63 164424
63 164456
63 164480
63 164496
63 164521
63 164612
63 164631
63 164638
63 164655
63 164932
63 164974
63 165155
63 165174
63 165187
63 165277
63 165284
63 165286
63 165335
63 165434
63 165479
63 165514
63 165533
63 165553
63 165653
63 165718
63 165960
63 165972
63 165981
63 165993
63 166051
63 166071
63 166112
63 166136
63 166190
63 166206
63 166211
63 166236
63 166252
63 166269
63 166292
63 166335
63 166423
63 166426
63 166586
63 166669
63 166676
63 166686
63 166961
63 166974
63 167006
63 167017
63 167035
63 167060
63 167079
63 167143
63 167211
63 167254
63 167306
63 167407
63 167417
63 167453
63 167471
63 167579
63 167613
63 167617
63 167623
63 167659
63 167696
63 167701
63 167706
63 167722
63 167783
63 167821
63 167845
63 167884
63 168038
63 168081
63 168097
63 168165
63 168217
63 168251
63 168312
63 168324
63 168359
63 168366
63 168383
63 168451
63 168616
63 168658
63 168697
63 168785
63 168820
63 168950
63 168961
63 169007
63 169025
63 169064
63 169066
63 169070
63 169109
63 169119
63 169152
63 169218
63 169255
63 169302
63 169337
63 169357
63 169396
63 169405
63 169449
63 169490
63 169520
63 169526
63 169531
63 169534
63 169548
63 169570
63 169627
63 169688
63 169719
63 169808
63 169877
63 169943
63 169953
63 170013
63 170059
63 170088
63 170146
63 170149
63 170173
63 170222
63 170265
63 170302
63 170357
63 170392
63 170394
63 170402
63 170414
63 170496
63 170525
63 170611
63 170684
63 170754
63 170795
63 170826
63 170873
63 171009
63 171077
63 171114
63 171120
63 171194
63 171207
63 171274
63 171366
63 171476
63 171538
63 171566
63 171609
63 171619
63 171666
64 157914
64 157927
64 157940
64 157997
64 158094
64 158154
64 158159
64 158190
64 158209
64 158220
64 158275
64 158325
64 158366
64 158394
64 158465
64 158561
64 158657
64 158660
64 158674
64 158822
64 158859
64 158899
64 158967
64 158994
64 159021
64 159038
64 159099
64 159169
64 159248
64 159263
64 159300
64 159336
64 159516
64 159530
64 159587
64 159810
64 159827
64 159974
64 160062
64 160067
64 160236
64 160244
64 160275
64 160291
64 160377
64 160498
64 160507
64 160553
64 160567
64 160606
64 160684
64 160708
64 160716
64 160733
64 160758
64 160760
64 160810
64 161046
64 161072
64 161123
64 161225
64 161320
64 161330
64 161332
64 161457
64 161590
64 161671
64 161702
64 161819
64 161828
64 161936
64 162078
64 162084
64 162142
64 162225
64 162232
64 162357
64 162504
64 162572
64 162575
64 162582
64 162637
64 162690
64 162739
64 162743
64 162835
64 162839
64 162876
64 162948
64 162962
64 162994
64 163058
64 163083
64 163138
64 163240
64 163404
64 163591
64 163608
64 163611
64 163696
64 163766
64 163791
64 163831
64 163856
64 163882
64 163889
64 163895
64 163922
64 163958
64 164013
64 164147
64 164158
64 164172
64 164225
64 164368
64 164479
64 164498
64 164523
64 164546
64 164576
64 164598
64 164620
64 164671
64 164714
64 164742
64 164769
64 164838
64 164853
64 164883
64 165067
64 165142
64 165189
64 165246
64 165257
64 165269
64 165285
64 165363
64 165513
64 165585
64 165590
64 165592
64 165605
64 165613
64 165682
64 165832
64 165905
64 166028
64 166044
64 166055
64 166137
64 166173
64 166198
64 166249
64 166284
64 166325
64 166332
64 166507
64 166523
64 166545
64 166569
64 166599
64 166648
64 166697
64 166772
64 166794
64 166869
64 166930
64 167067
64 167111
64 167194
64 167264
64 167323
64 167356
64 167414
64 167429
64 167443
64 167506
64 167537
64 167812
64 167901
64 167903
64 167945
64 167958
64 167976
64 167978
64 168101
64 168137
64 168159
64 168167
64 168230
64 168307
64 168338
64 168412
64 168481
64 168499
64 168567
64 168636
64 168667
64 168673
64 168767
64 168792
64 168934
64 168940
64 168948
64 168962
64 169027
64 169062
64 169065
64 169124
64 169141
64 169152
64 169180
64 169247
64 169343
64 169364
64 169473
64 169565
64 169601
64 169618
64 169629
64 169634
64 169767
64 169780
64 169782
64 169887
64 169891
64 169919
64 169959
64 169999
64 170126
64 170174
64 170227
64 170257
64 170267
64 170333
64 170363
64 170410
64 170472
64 170524
64 170552
64 170622
64 170703
64 170728
64 170729
64 170789
64 171010
64 171044
64 171168
64 171198
64 171200
64 171236
64 171242
64 171290
64 171317
64 171377
64 171398
64 171454
64 171509
64 171548
64 171598
64 171818
64 171844
64 171846
64 171908
64 171934
64 171942
64 171950
64 171992
64 172001
64 172061
64 172204
64 172276
64 172331
64 172364
64 172368
64 172689
64 172833
64 172884
64 172909
64 172937
64 172941
64 173002
64 173061
64 173198
64 173229
64 173231
64 173234
64 173279
64 173342
64 173425
64 173555
64 173613
64 173629
64 173643
64 173720
64 173770
64 173862
64 173883
64 173928
64 173951
64 173994
64 174053
64 174087
64 174119
64 174154
64 174223
64 174238
64 174326
64 174539
64 174691
64 174700
64 174992
64 175021
64 175024
64 175140
64 175211
64 175332
64 175336
64 175367
64 175409
64 175422
64 175453
64 175544
64 175699
64 175811
64 175817
64 175832
64 175854
64 175903
64 175939
64 175943
64 176011
64 176030
64 176168
64 176361
64 176396
64 176403
64 176432
64 176445
64 176447
64 176507
64 176533
64 176545
64 176560
64 176699
64 176704
64 176741
64 176912
64 177017
64 177018
64 177029
64 177068
64 177072
63 171715
63 171738
63 171816
63 171910
63 171935
63 171972
63 171981
63 171999
63 172061
63 172095
63 172096
63 172104
63 172135
63 172147
63 172201
63 172205
63 172299
63 172312
63 172335
63 172375
63 172414
63 172415
63 172496
63 172608
63 172664
63 172745
63 172779
63 172819
63 172850
63 172914
63 172928
63 172984
63 173230
63 173343
63 173468
63 173629
63 173637
63 173681
63 173731
63 173789
63 173877
63 173897
63 173916
63 173973
63 174004
63 174015
63 174064
63 174110
63 174114
63 174129
63 174134
63 174279
63 174389
63 174391
63 174420
63 174427
63 174503
63 174532
63 174624
63 174663
63 174734
63 174771
63 174895
63 174901
63 174935
63 175018
63 175053
63 175071
63 175094
63 175109
63 175196
63 175342
63 175343
63 175356
63 175409
63 175567
63 175636
63 175654
63 175718
63 175830
63 175853
63 175904
63 175914
63 175999
63 176129
63 176164
63 176347
63 176440
63 176478
63 176481
63 176529
63 176637
63 176645
63 176740
63 176742
63 176830
63 176854
63 176874
63 177005
63 177033
63 177047
63 177069
63 177095
63 177096
63 177162
63 177210
63 177277
63 177298
63 177408
63 177432
63 177477
63 177480
63 177492
63 177507
63 177565
63 177572
63 177584
63 177588
63 177657
63 177755
63 177765
63 177821
63 177856
63 177911
63 177923
63 177934
63 177960
63 178020
63 178024
63 178050
63 178118
63 178120
63 178138
63 178169
63 178189
63 178259
63 178291
63 178320
63 178365
63 178693
63 178716
63 178786
63 178801
63 178895
63 178899
63 178921
63 178927
63 178963
63 178982
63 178989
63 178994
63 178999
63 179046
63 179166
63 179292
63 179313
63 179400
63 179411
63 179430
63 179432
63 179548
63 179551
63 179695
63 179709
63 179771
63 179787
63 179840
63 179887
63 179935
63 180029
63 180108
63 180140
63 180208
63 180336
63 180348
63 180383
63 180424
63 180447
63 180450
63 180474
63 180571
63 180583
63 180788
63 180811
63 180848
63 180938
63 180966
63 180992
63 181028
63 181122
63 181276
63 181280
63 181374
63 181425
63 181467
63 181526
63 181570
63 181608
63 181765
63 181772
63 181887
63 181935
63 182016
63 182025
63 182053
63 182054
63 182063
63 182131
63 182153
63 182165
63 182279
63 182289
63 182291
63 182308
63 182322
63 182400
63 182522
63 182621
63 182697
63 182752
63 182780
63 182797
63 182832
63 182870
63 182879
63 182886
63 183064
63 183166
63 183178
63 183293
63 183329
63 183336
63 183378
63 183388
63 183428
63 183449
63 183461
63 183521
63 183638
63 183657
63 183794
63 183839
63 183860
63 183895
63 183940
63 183948
63 184000
63 184005
63 184048
63 184082
63 184157
63 184181
63 184198
63 184207
63 184247
63 184334
63 184437
63 184446
63 184461
63 184483
63 184488
63 184519
63 184577
63 184635
63 184823
63 184954
63 185042
63 185105
63 185125
63 185253
63 185308
63 185322
63 185400
63 185428
63 185436
63 185475
63 185477
63 185485
63 185582
63 185588
63 185647
63 185653
63 185794
63 185954
63 185959
63 185990
63 186140
63 186159
63 186181
63 186259
63 186299
63 186351
63 186353
63 186478
63 186547
63 186554
63 186595
63 186626
63 186680
63 186735
63 186755
63 186792
63 186814
63 186821
63 186837
63 186846
63 186892
63 186950
63 186968
63 186980
63 187090
63 187127
63 187216
63 187322
63 187338
63 187342
63 187360
63 187413
63 187513
63 187517
63 187656
63 187662
63 187784
63 187939
63 188032
63 188100
63 188146
63 188221
63 188286
63 188336
63 188377
63 188414
63 188442
63 188471
63 188478
63 188491
63 188516
63 188668
63 188704
63 188768
63 188807
63 188814
63 188833
63 188842
63 188965
63 188999
63 189037
63 189054
63 189156
63 189199
63 189269
63 189280
63 189359
63 189373
63 189415
63 189416
63 189457
63 189528
63 189562
63 189837
63 189856
63 189892
63 189894
63 190032
63 190048
63 190250
63 190280
63 190289
63 190362
63 190367
63 190389
63 190458
63 190481
63 190521
63 190545
63 190716
63 190762
64 177142
64 177180
64 177206
64 177207
64 177212
64 177270
64 177340
64 177347
64 177458
64 177509
64 177611
64 177624
64 177720
64 177790
64 177795
64 177997
64 178036
64 178113
64 178132
64 178182
64 178196
64 178223
64 178323
64 178327
64 178454
64 178478
64 178481
64 178545
64 178549
64 178556
64 178564
64 178594
64 178657
64 178663
64 178673
64 178788
64 178818
64 178914
64 178953
64 178956
64 178959
64 179017
64 179051
64 179061
64 179106
64 179215
64 179296
64 179310
64 179398
64 179409
64 179459
64 179463
64 179468
64 179511
64 179591
64 179599
64 179611
64 179635
64 179643
64 179727
64 179807
64 179884
64 179920
64 179925
64 179953
64 179991
64 180033
64 180126
64 180187
64 180249
64 180252
64 180353
64 180428
64 180468
64 180485
64 180520
64 180553
64 180611
64 180692
64 180702
64 180764
64 180897
64 181044
64 181094
64 181113
64 181150
64 181183
64 181254
64 181411
64 181414
64 181417
64 181512
64 181520
64 181580
64 181589
64 181592
64 181624
64 181659
64 181666
64 181670
64 181685
64 181688
64 181700
64 181707
64 181781
64 181784
64 181787
64 181798
64 181835
64 181982
64 182036
64 182087
64 182126
64 182162
64 182188
64 182243
64 182260
64 182296
64 182327
64 182348
64 182360
64 182380
64 182391
64 182396
64 182467
64 182521
64 182569
64 182577
64 182609
64 182625
64 182721
64 182767
64 182886
64 182887
64 182909
64 182925
64 182998
64 183072
64 183076
64 183139
64 183177
64 183194
64 183219
64 183272
64 183319
64 183440
64 183459
64 183487
64 183524
64 183601
64 183639
64 183647
64 183679
64 183710
64 183793
64 183889
64 183914
64 183987
64 184052
64 184130
64 184136
64 184137
64 184143
64 184152
64 184177
64 184267
64 184320
64 184441
64 184458
64 184468
64 184513
64 184517
64 184669
64 184706
64 184763
64 184766
64 184806
64 184833
64 184947
64 184995
64 185088
64 185154
64 185187
64 185276
64 185363
64 185388
64 185485
64 185515
64 185650
64 185666
64 185758
64 185768
64 185791
64 185848
64 186141
64 186148
64 186199
64 186299
64 186302
64 186384
64 186402
64 186442
64 186446
64 186553
64 186556
64 186567
64 186630
64 186668
64 186699
64 186737
64 186817
64 186822
64 186881
64 186928
64 186965
64 187016
64 187022
64 187040
64 187056
64 187089
64 187135
64 187137
64 187194
64 187220
64 187290
64 187304
64 187340
64 187371
64 187449
64 187509
64 187591
64 187628
64 187646
64 187690
64 187713
64 187741
64 187783
64 187864
64 187932
64 187966
64 187978
64 188041
64 188045
64 188085
64 188155
64 188390
64 188511
64 188519
64 188526
64 188533
64 188553
64 188707
64 188788
64 188839
64 188868
64 188938
64 188989
64 189009
64 189026
64 189035
64 189111
64 189127
64 189200
64 189239
64 189248
64 189272
64 189327
64 189335
64 189375
64 189385
64 189436
64 189499
64 189522
64 189599
64 189712
64 189805
64 189813
64 189862
64 189911
64 189991
64 190009
64 190067
64 190239
64 190268
64 190277
64 190287
64 190298
64 190388
64 190444
64 190457
64 190464
64 190517
64 190555
64 190584
64 190912
64 190981
64 191050
64 191092
64 191171
64 191196
64 191259
64 191315
64 191395
64 191426
64 191485
64 191488
64 191578
64 191655
64 191679
64 191700
64 191750
64 191760
64 191814
64 191835
64 191844
64 191885
64 191910
64 192075
64 192111
64 192145
64 192151
64 192211
64 192334
64 192376
64 192512
64 192643
64 192647
64 192674
64 192701
64 192739
64 192783
64 192806
64 192956
64 192984
64 192996
64 193052
64 193060
64 193086
64 193176
64 193207
64 193248
64 193296
64 193301
64 193346
64 193351
64 193420
64 193451
64 193517
64 193572
64 193621
64 193631
64 193647
64 193749
64 193805
64 193829
64 193866
64 193877
64 193967
64 193996
64 194050
64 194065
64 194141
64 194207
64 194224
64 194250
64 194345
64 194354
64 194388
64 194393
64 194412
64 194446
64 194525
64 194676
64 194685
64 194735
64 194736
64 194752
64 194794
64 194899
64 194996
64 195011
64 195063
64 195101
64 195106
64 195278
64 195418
64 195531
64 195534
64 195549
64 195636
64 195673
64 195767
64 195787
64 195963
64 195984
64 196014
63 190867
63 190905
63 190925
63 190930
63 190960
63 191016
63 191067
63 191163
63 191292
63 191316
63 191479
63 191565
63 191633
63 191669
63 191691
63 191779
63 191802
63 191834
63 191837
63 191845
63 191865
63 191868
63 191869
63 191946
63 191962
63 192021
63 192200
63 192247
63 192317
63 192388
63 192493
63 192508
63 192515
63 192625
63 192720
63 192789
63 192812
63 192861
63 192863
63 192902
63 192994
63 193090
63 193169
63 193197
63 193251
63 193292
63 193299
63 193376
63 193464
63 193503
63 193510
63 193511
63 193534
63 193549
63 193587
63 193674
63 193677
63 193724
63 193773
63 193782
63 193795
63 193810
63 193826
63 193889
63 193901
63 193919
63 194051
63 194069
63 194203
63 194422
63 194538
63 194595
63 194685
63 194718
63 194745
63 194775
63 194778
63 194892
63 194897
63 195004
63 195053
63 195087
63 195091
63 195412
63 195426
63 195454
63 195485
63 195490
63 195522
63 195594
63 195621
63 195677
63 195862
63 195934
63 195953
63 196088
63 196154
63 196186
63 196197
63 196203
63 196247
63 196275
63 196277
63 196292
63 196333
63 196362
63 196416
63 196425
63 196536
63 196581
63 196671
63 196710
63 196738
63 196746
63 196748
63 196856
63 196866
63 196876
63 196899
63 196903
63 196904
63 196999
63 197019
63 197083
63 197092
63 197102
63 197184
63 197204
63 197326
63 197432
63 197614
63 197619
63 197633
63 197647
63 197680
63 197690
63 197709
63 197772
63 197780
63 197878
63 197984
63 198083
63 198100
63 198147
63 198162
63 198194
63 198210
63 198237
63 198266
63 198268
63 198313
63 198336
63 198384
63 198411
63 198452
63 198548
63 198566
63 198596
63 198604
63 198631
63 198677
63 198687
63 198753
63 198758
63 198853
63 198894
63 198914
63 198926
63 198992
63 199015
63 199085
63 199183
63 199283
63 199342
63 199441
63 199553
63 199664
63 199683
63 199713
63 199752
63 199756
63 199874
63 199884
63 199895
63 200020
63 200196
63 200210
63 200288
63 200436
63 200470
63 200495
63 200548
63 200583
63 200598
63 200626
63 200731
63 200739
63 200822
63 200856
63 200860
63 200908
63 200977
63 200980
63 200988
63 200992
63 201047
63 201090
63 201096
63 201101
63 201150
63 201183
63 201185
63 201202
63 201233
63 201270
63 201313
63 201352
63 201466
63 201511
63 201585
63 201594
63 201695
63 201714
63 201728
63 201803
63 201952
63 201975
63 202088
63 202091
63 202128
63 202167
63 202181
63 202185
63 202295
63 202349
63 202367
63 202421
63 202445
63 202487
63 202515
63 202607
63 202616
63 202663
63 202716
63 202724
63 202773
63 202839
63 202859
63 202954
63 203014
63 203090
63 203147
63 203196
63 203213
63 203280
63 203338
63 203346
63 203358
63 203364
63 203369
63 203423
63 203474
63 203504
63 203540
63 203597
63 203600
63 203702
63 203707
63 203715
63 203778
63 203808
63 203821
63 203915
63 203941
63 203961
63 203962
63 203964
63 203997
63 204034
63 204046
63 204079
63 204118
63 204210
63 204212
63 204248
63 204254
63 204293
63 204345
63 204356
63 204449
63 204538
63 204575
63 204737
63 204747
63 204895
63 205076
63 205100
63 205171
63 205173
63 205293
63 205344
63 205420
63 205485
63 205515
63 205645
63 205684
63 205702
63 205878
63 205938
63 205939
63 205975
63 205999
63 206012
63 206031
63 206043
63 206045
63 206205
63 206245
63 206252
63 206255
63 206281
63 206365
63 206465
63 206468
63 206505
63 206509
63 206592
63 206656
63 206697
63 206773
63 206788
63 206800
63 206804
63 207097
63 207284
63 207412
63 207414
63 207421
63 207442
63 207620
63 207627
63 207652
63 207676
63 207780
63 207790
63 207925
63 208026
63 208106
63 208131
63 208235
63 208330
63 208338
63 208352
63 208397
63 208422
63 208435
63 208545
63 208559
63 208699
63 208726
63 208843
63 208884
63 209073
63 209128
63 209149
63 209296
63 209346
63 209373
63 209398
63 209482
63 209489
63 209490
63 209679
63 209722
63 209761
63 209780
63 209797
63 209848
63 209913
63 209940
63 209988
63 210130
63 210150
63 210185
64 196075
64 196078
64 196086
64 196230
64 196328
64 196342
64 196381
64 196395
64 196417
64 196422
64 196468
64 196514
64 196532
64 196536
64 196546
64 196643
64 196672
64 196885
64 196893
64 196894
64 196965
64 196982
64 196987
64 196993
64 197065
64 197079
64 197099
64 197100
64 197112
64 197129
64 197145
64 197200
64 197211
64 197228
64 197285
64 197324
64 197373
64 197406
64 197437
64 197438
64 197493
64 197516
64 197603
64 197609
64 197725
64 197781
64 197872
64 197929
64 197942
64 197954
64 197977
64 198049
64 198061
64 198099
64 198117
64 198135
64 198159
64 198209
64 198238
64 198292
64 198365
64 198417
64 198520
64 198544
64 198724
64 198779
64 198855
64 198921
64 198927
64 199060
64 199086
64 199184
64 199198
64 199272
64 199306
64 199339
64 199379
64 199561
64 199676
64 199688
64 199689
64 199729
64 199744
64 199792
64 199803
64 199810
64 199958
64 199981
64 200052
64 200069
64 200081
64 200124
64 200131
64 200150
64 200180
64 200189
64 200222
64 200410
64 200555
64 200589
64 200700
64 200839
64 200849
64 200873
64 200974
64 200992
64 201007
64 201047
64 201122
64 201160
64 201389
64 201461
64 201466
64 201533
64 201584
64 201642
64 201728
64 201769
64 201811
64 201838
64 201846
64 201882
64 201917
64 201949
64 201957
64 202003
64 202013
64 202044
64 202050
64 202064
64 202123
64 202136
64 202182
64 202194
64 202234
64 202294
64 202375
64 202457
64 202492
64 202539
64 202566
64 202586
64 202634
64 202654
64 202725
64 202769
64 202832
64 202894
64 202914
64 202941
64 203058
64 203141
64 203222
64 203255
64 203293
64 203331
64 203364
64 203421
64 203454
64 203579
64 203682
64 203808
64 203813
64 203870
64 203949
64 203987
64 204033
64 204039
64 204145
64 204167
64 204224
64 204230
64 204307
64 204315
64 204404
64 204534
64 204537
64 204543
64 204647
64 204657
64 204736
64 204869
64 204886
64 205084
64 205090
64 205175
64 205246
64 205338
64 205382
64 205430
64 205450
64 205465
64 205511
64 205621
64 205654
64 205670
64 205699
64 205704
64 205727
64 205851
64 205900
64 205913
64 205977
64 205978
64 206066
64 206073
64 206147
64 206154
64 206327
64 206386
64 206393
64 206446
64 206564
64 206646
64 206647
64 206686
64 206687
64 206806
64 206838
64 206867
64 206986
64 207012
64 207136
64 207151
64 207238
64 207309
64 207434
64 207545
64 207549
64 207553
64 207594
64 207610
64 207630
64 207714
64 207763
64 207767
64 207780
64 207798
64 207805
64 207816
64 207873
64 207875
64 207915
64 208049
64 208052
64 208239
64 208372
64 208517
64 208558
64 208594
64 208629
64 208633
64 208646
64 208731
64 208739
64 208803
64 208841
64 208893
64 208954
64 209071
64 209153
64 209183
64 209203
64 209243
64 209297
64 209333
64 209362
64 209397
64 209444
64 209608
64 209692
64 209824
64 209868
64 209888
64 209906
64 209926
64 209927
64 209948
64 209982
64 210056
64 210109
64 210118
64 210182
64 210235
64 210236
64 210249
64 210328
64 210331
64 210399
64 210447
64 210464
64 210528
64 210697
64 210737
64 210841
64 210933
64 210949
64 210954
64 210960
64 211043
64 211047
64 211088
64 211094
64 211215
64 211234
64 211249
64 211344
64 211433
64 211435
64 211613
64 211724
64 211734
64 211776
64 211804
64 211869
64 211877
64 211906
64 211952
64 211976
64 212025
64 212059
64 212170
64 212180
64 212246
64 212253
64 212343
64 212460
64 212489
64 212544
64 212556
64 212580
64 212600
64 212622
64 212630
64 212667
64 212689
64 212724
64 212760
64 212796
64 212833
64 212856
64 212903
64 212973
64 213038
64 213286
64 213314
64 213332
64 213334
64 213340
64 213341
64 213342
64 213345
64 213446
64 213541
64 213576
64 213580
64 213595
64 213660
64 213666
64 213676
64 213730
64 213752
64 213786
64 213790
64 213883
64 213914
64 213965
64 213969
64 213991
64 214061
64 214087
64 214090
64 214093
64 214142
64 214199
64 214215
64 214289
64 214317
64 214420
64 214447
64 214473
64 214474
64 214591
64 214617
64 214647
64 214726
64 214784
64 214899
64 214927
64 214992
64 215059
64 215065
64 215113
64 215143
64 215158
64 215276
64 215280
64 215317
64 215333
63 210313
63 210391
63 210420
63 210488
63 210509
63 210569
63 210604
63 210625
63 210722
63 210723
63 210958
63 210961
63 211094
63 211188
63 211261
63 211269
63 211286
63 211357
63 211364
63 211394
63 211403
63 211495
63 211502
63 211519
63 211573
63 211625
63 211652
63 211673
63 211761
63 211826
63 211874
63 211877
63 211991
63 212035
63 212184
63 212196
63 212293
63 212516
63 212640
63 212748
63 212749
63 212795
63 213033
63 213045
63 213048
63 213136
63 213205
63 213207
63 213213
63 213223
63 213273
63 213277
63 213320
63 213343
63 213358
63 213374
63 213422
63 213430
63 213439
63 213517
63 213519
63 213537
63 213545
63 213553
63 213580
63 213627
63 213796
63 213869
63 213872
63 213877
63 213930
63 214028
63 214034
63 214134
63 214258
63 214276
63 214278
63 214527
63 214562
63 214588
63 214601
63 214617
63 214641
63 214912
63 215054
63 215078
63 215093
63 215108
63 215224
63 215247
63 215302
63 215405
63 215445
63 215471
63 215556
63 215595
63 215617
63 215669
63 215688
63 215703
63 215836
63 215884
63 216029
63 216141
63 216241
63 216247
63 216267
63 216270
63 216272
63 216321
63 216338
63 216433
63 216434
63 216474
63 216528
63 216548
63 216578
63 216709
63 216742
63 216770
63 216789
63 216939
63 217023
63 217053
63 217139
63 217286
63 217396
63 217402
63 217457
63 217468
63 217481
63 217487
63 217505
63 217554
63 217571
63 217572
63 217636
63 217647
63 217722
63 217816
63 217855
63 217888
63 217995
63 218064
63 218099
63 218109
63 218192
63 218207
63 218287
63 218349
63 218403
63 218405
63 218406
63 218496
63 218575
63 218598
63 218666
63 218672
63 218886
63 218950
63 219109
63 219124
63 219223
63 219251
63 219362
63 219365
63 219430
63 219597
64 215464
64 215481
64 215489
64 215528
64 215580
64 215694
64 215727
64 215813
64 215836
64 215856
64 215900
64 215921
64 215983
64 216005
64 216039
64 216103
64 216174
64 216284
64 216389
64 216538
64 216557
64 216586
64 216627
64 216722
64 216784
64 216820
64 216840
64 216866
64 216942
64 216952
64 216967
64 216994
64 217020
64 217037
64 217049
64 217075
64 217186
64 217238
64 217283
64 217288
64 217300
64 217399
64 217420
64 217429
64 217461
64 217480
64 217514
64 217542
64 217549
64 217771
64 217818
64 217851
64 217860
64 217861
64 217917
64 217937
64 218024
64 218062
64 218107
64 218128
64 218217
64 218236
64 218268
64 218276
64 218331
64 218346
64 218489
64 218609
64 218614
64 218937
64 219063
64 219108
64 219181
64 219225
64 219292
64 219357
64 219396
64 219438
64 219512
64 219528
64 219536
64 219564
64 219628
64 219634
64 219746
64 219810
64 220038
64 220145
64 220187
64 220193
64 220222
64 220271
64 220336
64 220372
64 220410
64 220437
64 220729
64 220748
64 220764
64 220771
64 220784
64 220887
64 220895
64 220901
64 220938
64 221027
64 221053
64 221057
64 221068
64 221211
64 221234
64 221263
64 221291
64 221300
64 221430
64 221436
64 221534
64 221537
64 221564
64 221568
64 221575
64 221586
64 221623
64 221677
64 221719
64 221726
64 221729
64 221802
64 221932
64 221933
64 221948
64 221993
64 222005
64 222032
64 222126
64 222131
64 222184
64 222237
64 222418
64 222422
64 222476
64 222515
64 222563
64 222608
64 222688
64 222741
64 222744
64 222763
64 222856
64 222945
64 222950
64 222980
64 222998
64 223019
64 223133
64 223135
64 223199
64 223203
64 223210
64 223274
64 223291
64 223347
64 223412
64 223456
64 223538
64 223603
64 223633
64 223683
64 223741
64 223791
64 223853
64 223870
64 223883
64 223887
64 223941
64 223967
64 224072
64 224199
64 224377
64 224380
64 224386
64 224440
64 224573
64 224579
64 224621
64 224635
64 224731
64 224782
64 224849
64 224948
64 225052
64 225058
64 225076
64 225090
64 225185
64 225267
64 225296
64 225312
64 225376
64 225450
64 225523
64 225633
64 225635
64 225647
64 225664
64 225675
64 225677
64 225726
64 225768
64 225784
64 225935
64 225954
64 225956
64 225963
64 226103
64 226174
64 226254
64 226260
64 226333
64 226343
64 226348
64 226379
64 226428
64 226450
64 226508
64 226667
64 226692
64 226713
64 226718
64 226817
64 226866
64 227008
64 227092
64 227093
64 227126
64 227154
64 227231
64 227256
64 227331
64 227368
64 227374
64 227389
64 227425
64 227443
64 227526
64 227544
64 227560
64 227707
64 227754
64 227851
64 227852
64 227874
64 227992
64 228205
64 228229
64 228299
64 228300
64 228329
64 228405
64 228407
64 228458
64 228478
64 228559
64 228580
64 228634
64 228707
64 228801
64 228841
64 228847
64 228924
64 228926
64 229004
64 229052
64 229139
64 229160
64 229190
64 229197
64 229394
64 229480
64 229502
64 229534
64 229547
64 229599
64 229663
64 229748
64 229777
64 229823
64 229867
64 229884
64 229930
64 230098
64 230138
64 230225
64 230424
64 230530
64 230647
64 230660
64 230776
64 230790
64 230794
64 230815
64 230909
64 230964
64 231021
64 231080
64 231166
64 231171
64 231187
64 231299
64 231308
64 231392
64 231404
64 231476
64 231484
64 231580
64 231747
64 231803
64 231948
64 231954
64 231964
64 232081
64 232139
64 232201
64 232217
64 232240
64 232274
64 232303
64 232336
64 232381
64 232400
64 232449
64 232640
64 232651
64 232767
64 232808
64 232816
64 232888
64 232954
64 233000
64 233021
64 233085
64 233099
64 233259
64 233293
64 233306
64 233364
64 233371
64 233384
64 233428
64 233485
64 233543
64 233579
64 233706
64 233853
64 233877
64 233892
64 234028
64 234048
64 234051
64 234077
64 234087
64 234127
64 234151
64 234203
64 234230
64 234304
64 234442
64 234497
64 234661
64 234731
64 234755
64 234976
64 235086
64 235106
64 235145
64 235205
64 235222
64 235235
64 235244
64 235334
64 235447
64 235475
64 235525
64 235586
64 235608
64 235633
64 235693
64 235698
64 235732
64 235765
64 235835
64 235852
64 235887
64 235898
64 235914
64 235933
64 236058
64 236100
64 236279
64 236376
64 236401
64 236550
64 236655
64 236736
64 236828
64 236861
64 236880
64 236890
64 236985
64 237059
64 237089
64 237153
64 237161
64 237175
64 237190
64 237243
64 237374
64 237392
64 237538
64 237605
64 237670
64 237699
64 237712
64 237721
64 237772
64 237813
64 237880
64 237930
64 237948
64 237954
64 238061
64 238117
64 238258
64 238336
64 238705
64 238804
64 238918
64 238981
64 239046
64 239057
64 239127
64 239233
64 239341
64 239409
64 239490
64 239686
64 239700
64 239707
64 239715
64 239740
64 239755
64 239783
64 239803
64 239811
64 239846
64 239885
64 239979
64 240056
64 240080
64 240160
64 240182
64 240187
64 240207
64 240409
64 240473
64 240571
64 240593
64 240643
64 240717
64 240770
64 240815
64 240825
64 240900
64 240915
64 240953
64 241006
64 241044
64 241062
64 241089
64 241123
64 241140
64 241194
64 241225
64 241276
64 241281
64 241312
64 241378
64 241411
64 241427
64 241453
64 241538
64 241541
64 241679
64 241696
64 241723
64 241834
64 241852
64 241952
64 241984
64 242023
64 242075
64 242093
64 242168
64 242266
64 242292
64 242320
64 242419
64 242471
64 242496
64 242568
64 242596
64 242629
64 242649
64 242664
64 242692
64 242897
64 242929
64 243008
64 243043
64 243131
64 243179
64 243257
64 243280
64 243291
64 243492
64 243606
64 243642
64 243722
64 243760
64 243804
64 243815
64 243911
64 243965
64 244015
64 244035
64 244143
64 244292
64 244309
64 244327
64 244383
64 244449
64 244535
64 244536
64 244651
64 244662
64 244826
64 244862
64 244885
64 244905
64 244968
64 245008
64 245031
64 245194
64 245250
64 245357
64 245402
64 245412
64 245454
64 245469
64 245589
64 245662
64 245724
64 245899
64 245945
64 246012
64 246052
64 246058
64 246064
64 246069
64 246088
64 246092
64 246205
64 246225
64 246231
64 246367
64 246374
64 246449
64 246468
64 246520
64 246602
64 246650
64 246699
64 246737
64 246751
64 246757
64 246771
64 246780
64 246890
64 246942
64 246945
64 246956
64 247029
64 247074
64 247098
64 247102
64 247106
64 247166
64 247191
64 247200
64 247249
64 247339
64 247453
64 247529
64 247639
64 247674
64 247759
64 247779
64 247784
64 247835
64 247845
64 247860
64 247867
64 247978
64 247999
64 248006
64 248103
64 248121
64 248242
64 248275
64 248454
64 248524
64 248562
64 248580
64 248669
64 248792
64 248802
64 248806
64 248853
64 248865
64 248893
64 248925
64 249003
64 249014
64 249058
64 249222
64 249330
64 249336
64 249366
64 249392
64 249453
64 249620
64 249630
64 249643
64 249685
64 249697
64 249720
64 249805
64 249914
64 249938
64 249980
64 250091
64 250191
64 250276
64 250354
64 250383
64 250506
64 250558
64 250592
64 250598
64 250628
64 250720
64 250736
64 250833
64 250835
64 250856
64 250859
64 250928
64 250977
64 251044
64 251049
64 251087
64 251098
64 251103
64 251217
64 251218
64 251227
64 251345
64 251373
64 251408
64 251477
64 251561
64 251583
64 251666
64 251669
64 251712
64 251760
64 251881
64 251933
64 251946
64 251967
64 252180
64 252401
64 252461
64 252462
64 252614
64 252655
64 252675
64 252801
64 252804
64 252809
64 252860
64 253060
