53 12
53 56
53 59
53 87
53 112
53 128
53 135
53 142
53 187
53 206
53 253
53 263
53 295
53 303
53 404
53 406
53 451
53 463
53 478
53 479
53 483
53 524
53 529
53 534
53 564
53 568
53 586
53 593
53 598
53 621
53 622
53 670
53 732
53 743
53 773
53 775
53 782
53 806
53 832
53 891
53 904
53 905
53 917
53 978
53 993
53 1006
53 1033
53 1171
53 1174
53 1195
53 1234
53 1267
53 1278
53 1295
53 1307
53 1350
53 1363
53 1364
53 1367
53 1376
53 1386
53 1394
53 1436
53 1469
53 1492
53 1540
53 1572
53 1580
53 1583
53 1642
53 1653
53 1701
53 1734
53 1737
53 1740
53 1742
53 1802
53 1817
53 1830
53 1848
53 1853
53 1872
53 1917
53 1938
53 1985
53 1986
53 1997
53 2029
53 2035
53 2044
53 2066
53 2098
53 2181
53 2227
53 2232
53 2273
53 2291
53 2298
53 2315
53 2324
53 2355
53 2382
53 2398
53 2409
53 2417
53 2420
53 2444
53 2447
53 2484
53 2498
53 2508
53 2511
53 2525
53 2549
53 2579
53 2586
53 2591
53 2605
53 2631
53 2692
53 2703
53 2708
53 2713
53 2761
53 2781
53 2803
53 2814
53 2869
53 2879
53 2889
53 2893
53 2943
53 2944
53 2980
53 2990
53 2993
53 2997
53 3011
53 3050
53 3071
53 3094
53 3112
53 3156
53 3165
53 3222
53 3226
53 3230
53 3238
53 3250
53 3283
53 3380
53 3419
53 3428
53 3436
53 3478
53 3487
53 3496
53 3497
53 3505
53 3586
53 3597
53 3607
53 3634
53 3650
53 3667
53 3682
53 3700
53 3725
53 3769
53 3784
53 3822
53 3823
53 3844
53 3909
53 3939
53 3943
53 3952
53 3965
53 3986
53 4019
53 4055
53 4057
53 4059
53 4067
53 4104
53 4141
53 4142
53 4143
53 4165
53 4169
53 4189
53 4217
53 4240
53 4242
53 4262
53 4265
53 4280
53 4290
53 4309
53 4341
53 4345
53 4378
53 4447
53 4526
53 4553
53 4555
53 4583
53 4599
53 4603
53 4608
53 4611
53 4636
53 4659
53 4664
53 4665
53 4666
53 4675
53 4707
53 4733
53 4759
53 4778
53 4803
53 4822
53 4825
53 4857
53 4862
53 4924
53 4971
53 4980
53 5012
53 5015
53 5022
53 5024
53 5040
53 5050
53 5052
53 5059
53 5083
53 5091
53 5108
53 5130
53 5152
53 5175
53 5180
53 5214
53 5219
53 5237
53 5256
53 5270
53 5314
53 5376
53 5440
53 5461
53 5481
53 5496
53 5498
53 5511
53 5531
53 5559
53 5571
53 5593
53 5606
53 5635
53 5647
53 5655
53 5660
53 5678
53 5705
53 5710
53 5713
53 5753
53 5791
53 5809
53 5891
53 5896
53 5905
53 5915
53 5916
53 5953
53 5959
53 6067
53 6100
53 6114
53 6155
53 6168
53 6191
53 6283
53 6333
53 6350
53 6399
53 6480
53 6498
53 6511
53 6512
53 6608
53 6671
53 6681
53 6686
53 6716
53 6723
53 6753
53 6812
53 6817
53 6824
53 6851
53 6887
53 6929
53 6947
53 6950
53 6989
53 7035
53 7049
53 7056
53 7095
53 7161
53 7185
53 7214
53 7244
53 7254
53 7279
53 7301
53 7314
53 7350
53 7361
53 7375
53 7405
53 7406
53 7419
53 7453
53 7494
53 7517
53 7518
53 7521
53 7536
53 7556
53 7567
53 7583
53 7608
53 7620
53 7680
53 7738
53 7769
53 7816
53 7827
53 7851
53 7853
53 7885
53 7887
53 7908
53 7970
53 8003
53 8017
53 8020
53 8045
53 8069
53 8080
53 8092
53 8093
53 8123
53 8151
53 8164
53 8185
53 8228
53 8295
53 8317
53 8328
53 8339
53 8342
53 8381
53 8382
53 8400
53 8402
53 8420
53 8432
53 8450
53 8473
53 8483
53 8504
53 8506
53 8521
53 8547
53 8570
53 8574
53 8598
53 8641
53 8650
53 8689
53 8710
53 8712
53 8784
53 8793
53 8812
53 8832
53 8842
53 8858
53 8877
53 8898
53 8931
53 8941
53 8944
53 9074
53 9094
53 9204
53 9230
53 9249
53 9250
53 9259
53 9299
53 9353
53 9381
53 9407
53 9464
53 9487
53 9488
53 9509
53 9574
53 9623
53 9656
53 9682
53 9700
53 9713
53 9716
53 9722
53 9786
53 9798
53 9806
53 9845
53 9888
53 9988
53 9994
53 9998
53 10009
53 10047
53 10106
53 10153
53 10173
53 10190
53 10210
53 10258
53 10293
53 10339
53 10340
53 10348
53 10362
53 10374
53 10392
53 10407
53 10414
53 10453
53 10491
53 10494
53 10520
53 10534
53 10538
53 10539
53 10568
53 10570
53 10585
53 10590
53 10619
53 10667
53 10725
53 10726
53 10798
53 10850
53 10867
53 10872
53 10881
53 10936
53 10939
53 10940
53 10963
53 11004
53 11010
53 11020
53 11021
53 11074
53 11120
53 11129
53 11147
53 11153
53 11157
53 11162
53 11192
53 11196
53 11228
53 11231
53 11251
53 11281
53 11359
53 11381
53 11387
53 11392
53 11435
53 11482
53 11510
53 11539
53 11541
53 11559
53 11568
53 11579
53 11595
53 11616
53 11618
53 11635
53 11662
53 11688
53 11748
53 11793
53 11824
53 11879
53 11895
53 11941
53 11952
53 11953
53 11970
53 11980
53 12012
53 12018
53 12019
53 12062
53 12080
53 12086
53 12099
53 12101
53 12128
53 12133
53 12199
53 12210
53 12245
53 12250
53 12258
53 12289
53 12351
53 12374
53 12390
53 12465
53 12488
53 12509
53 12535
53 12547
53 12560
53 12590
53 12681
53 12700
53 12701
53 12729
53 12736
53 12770
53 12830
53 12861
53 12866
53 12868
53 12887
53 12916
53 12925
53 12957
53 12960
53 12971
53 13019
53 13041
53 13042
53 13066
53 13076
53 13099
53 13124
53 13150
53 13163
53 13243
53 13266
53 13274
53 13278
53 13323
53 13353
53 13359
53 13373
53 13380
53 13392
53 13397
53 13398
53 13420
53 13448
53 13451
53 13522
53 13534
53 13536
53 13562
53 13595
53 13613
53 13627
53 13660
53 13663
53 13664
53 13685
53 13726
53 13733
53 13791
53 13805
53 13825
53 13832
53 13859
53 13867
53 13899
53 13900
53 13920
53 13934
53 13947
53 14049
53 14051
53 14064
53 14092
53 14094
53 14096
53 14120
53 14132
53 14153
53 14167
53 14175
53 14193
53 14213
53 14282
53 14292
53 14320
53 14323
53 14355
53 14376
53 14401
53 14402
53 14502
53 14536
53 14577
53 14590
53 14609
53 14610
53 14613
53 14627
53 14658
53 14669
53 14701
53 14728
53 14828
53 14877
53 14894
53 14896
53 14899
53 14936
53 14982
53 15003
53 15008
53 15014
53 15021
53 15062
53 15133
53 15138
53 15165
53 15188
53 15238
53 15301
53 15356
53 15370
53 15420
53 15426
53 15431
53 15463
53 15473
53 15479
53 15483
53 15527
53 15532
53 15568
53 15572
53 15575
53 15578
53 15579
53 15600
53 15610
53 15614
53 15674
53 15733
53 15749
53 15750
53 15789
53 15816
53 15824
53 15829
53 15837
53 15850
53 15869
53 15881
53 15920
53 15991
53 15994
53 15996
53 16012
53 16176
53 16178
53 16203
53 16221
53 16263
53 16289
53 16331
53 16369
53 16567
53 16584
50 57
50 63
50 95
50 297
50 302
50 323
50 409
50 417
50 423
50 460
50 500
50 521
50 568
50 577
50 586
50 602
50 628
50 673
50 680
50 731
50 774
50 778
50 808
50 862
50 885
50 893
50 905
50 934
50 947
50 970
50 982
50 1013
50 1024
50 1035
50 1114
50 1138
50 1148
50 1236
50 1280
50 1281
50 1316
50 1321
50 1333
50 1423
50 1437
50 1503
50 1527
50 1541
50 1561
50 1565
50 1586
50 1600
50 1614
50 1615
50 1629
50 1675
50 1688
50 1728
50 1778
50 1786
50 1797
50 1798
50 1809
50 1818
50 1851
50 1853
50 1985
50 2029
50 2038
50 2062
50 2071
50 2148
50 2186
50 2193
50 2218
50 2231
50 2232
50 2279
50 2282
50 2302
50 2350
50 2356
50 2408
50 2423
50 2447
50 2514
50 2521
50 2539
50 2557
50 2614
50 2636
50 2647
50 2661
50 2709
50 2730
50 2841
50 2847
50 2859
50 2863
50 2866
50 2878
50 2891
50 2902
50 2947
50 3010
50 3012
50 3017
50 3029
50 3040
50 3054
50 3066
50 3071
50 3103
50 3111
50 3112
50 3158
50 3162
50 3169
50 3271
50 3286
50 3287
50 3349
50 3351
50 3385
50 3395
50 3397
50 3400
50 3407
50 3412
50 3512
50 3541
50 3546
50 3601
50 3606
50 3608
50 3624
50 3688
50 3726
50 3729
50 3733
50 3735
50 3744
50 3817
50 3828
50 3836
50 3857
50 3886
50 3892
50 3955
50 3961
50 3975
50 3992
50 4006
50 4114
50 4121
50 4149
50 4153
50 4181
50 4220
50 4324
50 4333
50 4358
50 4415
50 4448
50 4526
50 4620
50 4642
50 4696
50 4697
50 4776
50 4794
50 4829
50 4834
50 4888
50 4904
50 4914
50 4990
50 5004
50 5010
50 5065
50 5077
50 5082
50 5105
50 5130
50 5142
50 5181
50 5208
50 5273
50 5274
50 5293
50 5314
50 5323
50 5339
50 5344
50 5357
50 5389
50 5410
50 5423
50 5426
50 5481
50 5509
50 5610
50 5616
50 5636
50 5694
50 5767
50 5816
50 5842
50 5854
50 5888
50 5941
50 5942
50 5952
50 5988
50 5990
50 5997
50 6021
50 6025
50 6026
50 6037
50 6072
50 6085
50 6116
50 6126
50 6155
50 6156
50 6201
50 6206
50 6224
50 6228
50 6234
50 6253
50 6278
50 6281
50 6293
50 6309
50 6334
50 6376
50 6394
50 6402
50 6423
50 6521
50 6567
50 6574
50 6593
50 6632
50 6643
50 6708
50 6709
50 6736
50 6750
50 6788
50 6791
50 6828
50 6850
50 6869
50 6881
50 6904
50 6944
50 7056
50 7089
50 7100
50 7105
50 7120
50 7130
50 7173
50 7214
50 7243
50 7244
50 7256
50 7264
50 7283
50 7284
50 7346
50 7356
50 7392
50 7394
50 7434
50 7455
50 7462
50 7470
50 7491
50 7558
50 7570
50 7580
50 7587
50 7623
50 7646
50 7663
50 7684
50 7698
50 7704
50 7752
50 7796
50 7824
50 7831
50 7868
50 7881
50 7904
50 7906
50 7926
50 7943
50 7960
50 7972
50 8063
50 8089
50 8108
50 8122
50 8129
50 8238
50 8253
50 8306
50 8315
50 8326
50 8331
50 8335
50 8416
50 8421
50 8437
50 8473
50 8500
50 8552
50 8593
50 8627
50 8635
50 8636
50 8638
50 8651
50 8690
50 8759
50 8800
50 8814
50 8848
50 8867
50 8912
50 8937
50 8947
50 8990
50 9027
50 9028
50 9035
50 9048
50 9085
50 9086
50 9115
50 9141
50 9154
50 9160
50 9167
50 9171
50 9202
50 9228
50 9246
50 9260
50 9301
50 9312
50 9321
50 9327
50 9332
50 9348
50 9367
50 9393
50 9394
50 9483
50 9540
50 9553
50 9571
50 9588
50 9600
50 9605
50 9619
50 9621
50 9629
50 9637
50 9676
50 9702
50 9745
50 9757
50 9812
50 9813
50 9838
50 9841
50 9862
50 9874
50 9883
50 9903
50 9921
50 9936
50 9952
50 10000
50 10008
50 10019
50 10033
50 10034
50 10059
50 10065
50 10082
50 10086
50 10158
50 10177
50 10180
50 10206
50 10224
50 10231
50 10236
50 10261
50 10327
50 10335
50 10336
50 10341
50 10370
50 10372
50 10451
50 10453
50 10472
50 10535
50 10575
50 10594
50 10609
50 10617
50 10629
50 10645
50 10651
50 10678
50 10710
50 10721
50 10747
50 10781
50 10875
50 10881
50 10887
50 10896
50 10923
50 10930
50 10943
50 10945
50 10962
50 10997
50 11019
50 11042
50 11047
50 11054
50 11063
50 11069
50 11118
50 11138
50 11169
50 11171
50 11182
50 11243
50 11306
50 11307
50 11329
50 11330
50 11368
50 11444
50 11464
50 11482
50 11509
50 11515
50 11566
50 11584
50 11593
50 11606
50 11632
50 11634
50 11640
50 11644
50 11660
50 11677
50 11740
50 11755
50 11788
50 11796
50 11865
50 11889
50 11919
50 11927
50 11980
50 11983
50 11988
50 11996
50 12033
50 12058
50 12136
50 12144
50 12151
50 12154
50 12167
50 12244
50 12271
50 12283
50 12288
50 12295
50 12373
50 12376
50 12393
50 12395
50 12400
50 12408
50 12454
50 12455
50 12457
50 12508
50 12514
50 12523
50 12526
50 12530
50 12674
50 12709
50 12733
50 12737
50 12768
50 12772
50 12822
50 12844
50 12855
50 12865
50 12882
50 12891
50 12905
50 12916
50 12941
50 12948
50 12957
50 12998
50 13022
50 13039
50 13061
50 13073
50 13083
50 13122
50 13132
50 13162
50 13165
50 13203
50 13240
50 13280
50 13304
50 13337
50 13347
50 13369
50 13386
50 13405
50 13497
50 13500
50 13513
50 13527
50 13599
50 13639
50 13640
50 13645
50 13649
50 13672
50 13689
50 13744
50 13827
50 13837
50 13851
50 13860
50 13876
50 13884
50 13936
50 13950
50 13959
50 13993
50 14015
50 14016
50 14054
50 14066
50 14146
50 14151
50 14154
50 14213
50 14251
50 14256
50 14264
50 14291
50 14294
50 14305
50 14343
50 14359
50 14367
50 14393
50 14405
50 14414
50 14423
50 14432
50 14434
50 14460
50 14532
50 14557
50 14573
50 14580
50 14656
50 14679
50 14692
50 14694
50 14695
50 14705
50 14715
50 14728
50 14741
50 14744
50 14755
50 14763
50 14767
50 14846
50 14851
50 14911
50 14926
50 14935
50 14975
50 14980
50 14986
50 15081
50 15120
50 15123
50 15132
50 15173
50 15196
50 15207
50 15210
50 15222
50 15229
50 15299
50 15328
50 15341
50 15352
50 15423
50 15427
50 15435
50 15466
50 15531
50 15595
50 15626
50 15630
50 15645
50 15648
50 15666
50 15673
50 15675
50 15705
50 15706
50 15731
50 15748
50 15773
50 15804
50 15809
50 15818
50 15825
50 15861
50 15872
50 15888
50 15913
50 15942
50 15954
50 16060
50 16075
50 16085
50 16100
50 16114
50 16129
50 16142
50 16149
50 16157
50 16188
50 16224
50 16246
50 16258
50 16309
50 16322
50 16325
50 16336
50 16338
50 16368
50 16417
50 16436
50 16441
50 16484
50 16517
50 16547
50 16568
50 16580
50 16610
50 16628
50 16658
50 16668
50 16677
50 16738
50 16753
50 16764
50 16813
50 16835
50 16842
50 16848
50 16873
50 16877
50 16879
50 16938
50 16950
50 16962
50 17011
50 17015
50 17053
50 17070
50 17121
50 17132
50 17141
50 17158
50 17211
50 17236
50 17257
50 17284
50 17329
50 17335
50 17352
50 17354
50 17375
50 17379
50 17385
50 17393
50 17412
50 17413
50 17426
50 17451
50 17456
50 17468
50 17502
50 17610
50 17625
50 17630
50 17639
50 17641
50 17647
50 17659
50 17698
50 17703
50 17778
50 17840
50 17862
50 17865
50 17880
50 17909
50 17927
50 17950
50 17988
50 18003
50 18017
50 18036
50 18049
50 18078
50 18081
50 18091
50 18110
50 18131
50 18160
50 18174
50 18180
50 18189
50 18221
50 18248
50 18293
50 18338
50 18350
50 18354
50 18362
50 18364
50 18376
50 18378
50 18391
50 18464
50 18466
50 18502
50 18514
50 18539
50 18552
50 18591
50 18599
50 18601
50 18650
50 18672
50 18678
50 18699
50 18706
50 18787
50 18794
50 18859
50 18872
50 18878
50 18889
50 18891
50 18918
50 18939
50 18962
50 18964
50 18971
50 18973
50 18984
50 19003
50 19047
50 19062
50 19084
50 19100
50 19153
50 19161
50 19178
50 19189
50 19202
50 19205
50 19242
50 19245
50 19258
50 19274
50 19315
50 19364
50 19367
50 19393
50 19407
50 19458
50 19479
50 19483
50 19495
50 19509
50 19519
50 19530
50 19567
50 19576
50 19586
50 19596
50 19605
50 19606
50 19612
50 19652
50 19687
50 19695
50 19734
50 19760
50 19791
50 19795
50 19799
50 19818
50 19831
50 19841
50 19949
50 19997
50 20026
50 20098
50 20103
50 20132
50 20149
50 20157
50 20177
50 20178
50 20209
50 20224
50 20233
50 20263
50 20286
50 20292
50 20308
50 20331
50 20335
50 20344
50 20371
50 20391
50 20402
50 20427
50 20497
50 20516
50 20532
50 20553
50 20591
50 20602
50 20607
50 20611
50 20623
50 20628
50 20634
50 20639
50 20645
50 20654
50 20702
50 20707
50 20724
50 20742
50 20758
50 20763
50 20791
50 20806
50 20817
50 20826
50 20837
50 20916
50 20937
50 20951
50 20957
50 20978
50 20996
50 21015
50 21028
50 21050
50 21105
50 21113
50 21122
50 21170
50 21207
50 21221
50 21228
50 21232
50 21250
50 21251
50 21252
50 21264
50 21317
50 21329
50 21336
50 21370
50 21411
50 21461
50 21464
50 21475
50 21490
50 21510
50 21541
50 21553
50 21569
50 21574
50 21630
50 21659
50 21660
50 21680
50 21707
50 21710
50 21711
50 21719
50 21735
50 21749
50 21781
50 21799
50 21840
50 21848
50 21853
50 21961
50 21973
50 21990
50 22010
50 22011
50 22043
50 22054
50 22085
50 22099
50 22159
50 22169
50 22199
50 22232
50 22252
50 22301
50 22303
50 22314
50 22342
50 22348
50 22361
50 22362
50 22391
50 22395
50 22398
50 22434
50 22438
50 22478
50 22499
50 22507
50 22525
50 22528
50 22563
50 22596
50 22612
50 22614
50 22625
50 22640
50 22673
50 22675
50 22702
50 22742
50 22806
50 22820
50 22871
50 22919
50 22924
50 22944
50 23002
50 23023
50 23037
50 23058
50 23070
50 23079
50 23083
50 23090
50 23093
50 23115
50 23181
50 23188
50 23191
50 23222
50 23241
50 23245
50 23260
50 23263
50 23274
50 23278
50 23284
50 23288
50 23325
50 23338
50 23368
50 23401
50 23404
50 23418
50 23424
50 23525
50 23527
50 23581
50 23621
50 23629
50 23678
50 23709
50 23710
50 23740
50 23745
50 23776
50 23787
50 23793
50 23877
50 23920
50 23950
50 23958
50 23973
50 24000
50 24009
50 24019
50 24058
50 24063
50 24119
50 24129
50 24166
50 24168
50 24173
50 24176
50 24195
50 24209
50 24249
50 24251
50 24255
50 24310
50 24327
50 24340
50 24346
50 24351
50 24374
50 24377
50 24383
50 24389
50 24410
50 24424
50 24608
50 24614
50 24619
50 24648
50 24659
50 24670
50 24671
50 24690
50 24692
50 24693
50 24718
50 24730
50 24743
50 24745
50 24758
50 24821
50 24822
50 24836
50 24838
50 24861
50 24872
50 24882
50 24890
50 24898
50 24903
50 24919
50 25004
50 25005
50 25019
50 25050
50 25056
50 25091
50 25093
50 25133
50 25160
50 25161
50 25177
50 25185
50 25192
50 25198
50 25261
50 25266
50 25275
50 25296
50 25305
50 25310
50 25322
50 25337
50 25406
50 25416
50 25449
50 25457
50 25474
50 25491
50 25494
50 25504
50 25522
50 25571
50 25584
50 25603
50 25605
50 25629
50 25646
50 25649
50 25659
50 25667
50 25668
50 25680
50 25682
50 25692
50 25695
50 25712
50 25733
50 25764
50 25812
50 25833
50 25954
50 25990
50 26015
50 26054
50 26055
50 26062
50 26066
50 26069
50 26081
50 26089
50 26104
50 26109
50 26113
50 26115
50 26124
50 26138
50 26139
50 26244
50 26293
50 26304
50 26308
50 26332
50 26333
50 26366
50 26374
50 26404
50 26418
50 26453
50 26470
50 26511
50 26515
50 26528
50 26534
50 26540
50 26545
50 26549
50 26550
50 26654
50 26671
50 26687
50 26688
50 26691
50 26695
50 26697
50 26700
50 26712
50 26756
50 26762
50 26763
50 26840
50 26849
50 26923
50 26947
50 26955
50 27010
50 27047
50 27095
50 27106
50 27139
50 27147
50 27157
50 27168
50 27169
50 27170
50 27186
50 27222
50 27224
50 27225
50 27243
50 27246
50 27275
50 27278
50 27310
50 27345
50 27359
50 27371
50 27387
50 27412
50 27441
50 27445
50 27465
50 27525
50 27540
50 27557
50 27607
50 27615
50 27637
50 27643
50 27656
50 27658
50 27670
50 27706
50 27711
50 27720
50 27732
50 27751
50 27759
50 27805
50 27809
50 27876
50 27879
50 27885
50 27904
50 27935
50 27940
50 27957
50 27966
50 27997
50 28028
50 28052
50 28071
50 28078
50 28111
50 28132
50 28190
50 28235
50 28260
50 28273
50 28276
50 28295
50 28316
50 28321
50 28322
50 28342
50 28411
50 28451
50 28472
50 28505
50 28521
50 28523
50 28559
50 28585
50 28599
50 28677
50 28725
50 28734
50 28742
50 28775
50 28785
50 28795
50 28849
50 28874
50 28880
50 28888
50 28892
50 28894
50 28926
50 28927
50 28972
50 28978
50 28990
50 29048
50 29049
50 29078
50 29079
50 29102
50 29107
50 29132
50 29152
50 29160
50 29180
50 29198
50 29200
50 29209
50 29225
50 29270
50 29274
50 29328
50 29380
50 29398
50 29404
50 29454
50 29483
50 29493
50 29513
50 29522
50 29582
50 29602
50 29621
50 29625
50 29643
50 29656
50 29661
50 29662
50 29680
50 29701
50 29725
50 29752
50 29759
50 29800
50 29802
50 29806
50 29877
50 29892
50 29934
50 29952
50 29969
50 29986
50 29987
50 30001
50 30012
50 30024
50 30028
50 30049
50 30062
50 30098
50 30140
50 30143
50 30154
50 30189
50 30191
50 30200
50 30201
50 30239
50 30280
50 30319
50 30321
50 30385
50 30389
50 30394
50 30403
50 30431
50 30436
50 30441
50 30488
50 30494
50 30497
50 30555
50 30603
50 30607
50 30618
50 30647
50 30655
50 30674
50 30684
50 30689
50 30726
50 30768
50 30814
50 30830
50 30861
50 30863
50 30868
50 30895
50 30896
50 30897
50 30948
50 30968
50 30984
50 30987
50 31002
50 31135
50 31149
50 31153
50 31156
50 31174
50 31201
50 31205
50 31222
50 31240
50 31242
50 31284
50 31333
50 31359
50 31371
50 31375
50 31379
50 31451
50 31458
50 31465
50 31474
50 31516
50 31519
50 31522
50 31543
50 31556
50 31562
50 31570
50 31576
50 31592
50 31634
50 31678
50 31720
50 31731
50 31732
50 31742
50 31757
50 31836
50 31851
50 31857
50 31867
50 31916
50 31918
50 31926
50 31937
50 31946
50 31960
50 31978
50 32015
50 32034
50 32044
50 32080
50 32090
50 32112
50 32122
50 32123
50 32182
50 32191
50 32196
50 32248
50 32249
50 32259
50 32275
50 32284
50 32289
50 32296
50 32300
50 32340
50 32351
50 32364
50 32370
50 32386
50 32401
50 32437
50 32463
50 32466
50 32476
50 32508
50 32535
50 32563
50 32615
50 32624
50 32632
50 32636
50 32653
50 32658
50 32661
50 32681
50 32702
65 10
65 65
65 79
65 98
65 125
65 129
65 153
65 199
65 208
65 210
65 230
65 252
65 298
65 332
65 343
65 352
65 355
65 383
65 385
65 415
65 416
65 417
65 464
65 484
65 526
65 551
65 566
65 606
65 643
65 676
65 678
65 685
65 696
65 765
65 781
65 808
65 809
65 819
65 824
65 835
65 847
65 849
65 865
65 946
65 959
65 969
65 977
65 992
65 1009
65 1026
65 1029
65 1031
65 1035
65 1046
65 1047
65 1066
65 1076
65 1081
65 1114
65 1123
65 1175
65 1234
65 1240
65 1313
65 1323
65 1327
65 1346
65 1354
65 1389
65 1395
65 1427
65 1433
65 1440
65 1545
65 1546
65 1578
65 1589
65 1695
65 1773
65 1885
65 1905
65 1954
65 2175
65 2229
65 2233
65 2294
65 2373
65 2411
65 2449
65 2493
65 2619
65 2633
65 2682
65 2690
65 2693
65 2748
65 2761
65 2771
65 2792
65 2838
65 2876
65 2960
65 3010
65 3033
65 3035
65 3040
65 3049
65 3052
65 3084
65 3114
65 3128
65 3154
65 3168
65 3197
65 3218
65 3263
65 3265
65 3270
65 3272
65 3291
65 3299
65 3369
65 3403
65 3411
65 3417
65 3426
65 3430
65 3438
65 3468
65 3473
65 3537
65 3568
65 3634
65 3656
65 3658
65 3674
65 3739
65 3747
65 3763
65 3782
65 3804
65 3846
65 3847
65 3864
65 3914
65 3927
65 3934
65 3971
65 3983
65 4005
65 4030
65 4064
65 4065
65 4066
65 4129
65 4141
65 4143
65 4161
65 4174
65 4206
65 4230
65 4238
65 4262
65 4263
65 4276
65 4278
65 4314
65 4338
65 4382
65 4389
65 4420
65 4426
65 4438
65 4440
65 4466
65 4474
65 4500
65 4530
65 4540
65 4560
65 4578
65 4603
65 4618
65 4635
65 4663
65 4685
65 4688
65 4707
65 4711
65 4725
65 4733
65 4738
65 4739
65 4753
65 4757
65 4765
65 4773
65 4778
65 4809
65 4811
65 4816
65 4819
65 4832
65 4838
65 4841
65 4847
65 4850
65 4866
65 4872
65 4891
65 4911
65 4927
65 4957
65 4960
65 4982
65 4995
65 5021
65 5043
65 5062
65 5087
65 5118
65 5137
65 5167
65 5181
65 5192
65 5199
65 5232
65 5244
65 5265
65 5280
65 5282
65 5297
65 5349
65 5355
65 5357
65 5363
65 5401
65 5404
65 5448
65 5472
65 5491
65 5521
65 5540
65 5567
65 5579
65 5587
65 5595
65 5601
65 5603
65 5631
65 5634
65 5675
65 5698
65 5730
65 5746
65 5785
65 5804
65 5834
65 5842
65 5860
65 5911
65 5936
65 5951
65 5999
65 6032
65 6038
65 6043
65 6045
65 6061
65 6079
65 6088
65 6110
65 6118
65 6124
65 6128
65 6129
65 6161
65 6165
65 6180
65 6191
65 6224
65 6228
65 6268
65 6271
65 6294
65 6322
65 6352
65 6355
65 6359
65 6402
65 6421
65 6485
65 6518
65 6523
65 6525
65 6553
65 6554
65 6556
65 6558
65 6567
65 6599
65 6630
65 6633
65 6646
65 6659
65 6682
65 6684
65 6721
65 6724
65 6749
65 6841
65 6844
65 6887
65 6890
65 6912
65 6914
65 6975
65 6976
65 6995
65 6996
65 7006
65 7040
65 7147
65 7165
65 7171
65 7172
65 7200
65 7223
65 7275
65 7286
65 7342
65 7350
65 7358
65 7389
65 7395
65 7411
65 7445
65 7467
65 7481
65 7489
65 7506
65 7509
65 7516
65 7545
65 7552
65 7553
65 7561
65 7578
65 7580
65 7585
65 7592
65 7611
65 7622
65 7638
65 7657
65 7668
65 7686
65 7699
65 7722
65 7729
65 7734
65 7815
65 7833
65 7845
65 7881
65 7904
65 7910
65 7924
65 7931
65 7954
65 7979
65 8031
65 8038
65 8050
65 8051
65 8086
65 8104
65 8121
65 8127
65 8160
65 8190
65 8203
65 8210
65 8220
65 8231
65 8241
65 8250
65 8302
65 8305
65 8325
65 8346
65 8354
65 8362
65 8367
65 8383
65 8394
65 8440
65 8461
65 8465
65 8504
65 8506
65 8526
65 8557
65 8574
65 8586
65 8606
65 8632
65 8656
65 8670
65 8688
65 8707
65 8714
65 8719
65 8751
65 8784
65 8785
65 8801
65 8804
65 8808
65 8826
65 8828
65 8829
65 8840
65 8854
65 8893
65 8925
65 8942
65 8964
65 8966
65 8981
65 8995
65 9005
65 9054
65 9084
65 9099
65 9104
65 9108
65 9113
65 9119
65 9127
65 9159
65 9169
65 9173
65 9183
65 9184
65 9196
65 9204
65 9271
65 9286
65 9295
65 9323
65 9337
65 9347
65 9352
65 9366
65 9390
65 9402
65 9404
65 9461
65 9493
65 9519
65 9525
65 9528
65 9530
65 9544
65 9546
65 9549
65 9555
65 9560
65 9566
65 9614
65 9621
65 9623
65 9627
65 9634
65 9658
65 9667
65 9680
65 9689
65 9691
65 9707
65 9756
65 9785
65 9831
65 9841
65 9869
65 9883
65 9888
65 9893
65 9897
65 9904
65 9905
65 9935
65 9962
65 9986
65 10006
65 10059
65 10101
65 10102
65 10105
65 10106
65 10110
65 10138
65 10160
65 10162
65 10183
65 10211
65 10219
65 10238
65 10279
65 10294
65 10318
65 10353
65 10358
65 10367
65 10369
65 10375
65 10377
65 10404
65 10421
65 10458
65 10466
65 10472
65 10476
65 10501
65 10535
65 10548
65 10564
65 10636
65 10641
65 10642
65 10649
65 10669
65 10729
65 10750
65 10764
65 10766
65 10790
65 10792
65 10801
65 10809
65 10820
65 10829
65 10842
65 10847
65 10848
65 10851
65 10880
65 10916
65 10918
65 10922
65 10949
65 10981
65 10985
65 10987
65 10989
65 11003
65 11005
65 11010
65 11023
65 11038
65 11084
65 11132
65 11149
65 11201
65 11210
65 11219
65 11226
65 11241
65 11268
65 11269
65 11273
65 11286
65 11290
65 11293
65 11306
65 11319
65 11327
65 11363
65 11367
65 11416
65 11446
65 11482
65 11492
65 11496
65 11513
65 11525
65 11537
65 11543
65 11569
65 11591
65 11596
65 11599
65 11606
65 11615
65 11622
65 11624
65 11629
65 11640
65 11645
65 11661
65 11675
65 11680
65 11690
65 11695
65 11708
65 11717
65 11719
65 11769
65 11771
65 11775
65 11801
65 11855
65 11859
65 11888
65 11898
65 11903
65 11919
65 11932
65 11970
65 11993
65 11994
65 12025
65 12063
65 12075
65 12077
65 12118
65 12166
65 12177
65 12187
65 12229
65 12284
65 12307
65 12337
65 12343
65 12371
65 12388
65 12392
65 12394
65 12412
65 12435
65 12483
65 12484
65 12502
65 12516
65 12557
65 12587
65 12599
65 12606
65 12656
65 12692
65 12709
65 12717
65 12721
65 12722
65 12727
65 12770
65 12783
65 12807
65 12815
65 12840
65 12844
65 12880
65 12897
65 12899
65 12916
65 12919
65 12936
65 12943
65 12946
65 12964
65 12998
65 13034
65 13048
65 13068
65 13083
65 13093
65 13094
65 13107
65 13119
65 13120
65 13130
65 13139
65 13143
65 13159
65 13164
65 13191
65 13195
65 13201
65 13209
65 13217
65 13238
65 13239
65 13274
65 13301
65 13320
65 13365
65 13367
65 13396
65 13404
65 13416
65 13425
65 13428
65 13439
65 13446
65 13450
65 13457
65 13465
65 13474
65 13482
65 13485
65 13509
65 13516
65 13526
65 13535
65 13542
65 13563
65 13578
65 13602
65 13606
65 13613
65 13618
65 13637
65 13661
65 13665
65 13677
65 13692
65 13730
65 13738
65 13755
65 13782
65 13786
65 13789
65 13816
65 13825
65 13826
65 13828
65 13829
65 13836
65 13839
65 13859
65 13869
65 13873
65 13891
65 13894
65 13929
65 13935
65 13976
65 13998
65 14014
65 14029
65 14042
65 14051
65 14056
65 14072
65 14085
65 14109
65 14120
65 14130
65 14134
65 14175
65 14195
65 14203
65 14204
65 14224
65 14248
65 14261
65 14262
65 14286
65 14298
65 14320
65 14368
65 14388
65 14402
65 14422
65 14428
65 14434
65 14455
65 14490
65 14497
65 14500
65 14574
65 14580
65 14585
65 14597
65 14605
65 14651
65 14671
65 14675
65 14683
65 14703
65 14737
65 14751
65 14777
65 14779
65 14788
65 14800
65 14822
65 14837
65 14875
65 14892
65 14894
65 14897
65 14914
65 14917
65 14931
65 14934
65 14974
65 15007
65 15023
65 15039
65 15045
65 15065
65 15071
65 15107
65 15111
65 15139
65 15141
65 15144
65 15168
65 15180
65 15187
65 15203
65 15252
65 15255
65 15307
65 15312
65 15345
65 15365
65 15419
65 15438
65 15446
65 15450
65 15459
65 15482
65 15534
65 15587
65 15608
65 15642
65 15661
65 15662
65 15672
65 15683
65 15693
65 15699
65 15744
65 15746
65 15747
65 15750
65 15768
65 15769
65 15782
65 15791
65 15805
65 15828
65 15867
65 15873
65 15877
65 15897
65 15912
65 15945
65 15962
65 15971
65 15983
65 16043
65 16049
65 16050
65 16065
65 16097
65 16099
65 16106
65 16127
65 16137
65 16141
65 16152
65 16182
65 16207
65 16210
65 16220
65 16242
65 16317
65 16337
65 16342
65 16375
65 16386
65 16402
65 16421
65 16424
65 16441
65 16455
65 16465
65 16522
65 16540
65 16542
65 16545
65 16554
65 16566
65 16573
65 16582
65 16605
65 16629
65 16633
65 16638
65 16647
65 16685
65 16746
65 16759
65 16785
65 16808
65 16810
65 16838
65 16849
65 16896
65 16912
65 16940
65 16952
65 16959
65 16966
65 16967
65 16982
65 17001
65 17047
65 17059
65 17077
65 17098
65 17113
65 17118
65 17133
65 17160
65 17167
65 17189
65 17192
65 17209
65 17211
65 17217
65 17226
65 17250
65 17265
65 17270
65 17302
65 17312
65 17347
65 17360
65 17363
65 17382
65 17407
65 17428
65 17432
65 17465
65 17474
65 17478
65 17481
65 17483
65 17485
65 17487
65 17488
65 17496
65 17516
65 17526
65 17533
65 17545
65 17546
65 17554
65 17575
65 17595
65 17602
65 17606
65 17658
65 17672
65 17701
65 17742
65 17750
65 17768
65 17772
65 17846
65 17858
65 17860
65 17861
65 17882
65 17910
65 17912
65 17924
65 17939
65 17942
65 17948
65 17951
65 17952
65 17983
65 18006
65 18008
65 18025
65 18037
65 18058
65 18118
65 18146
65 18149
65 18153
65 18167
65 18173
65 18176
65 18177
65 18181
65 18185
65 18201
65 18226
65 18229
65 18261
65 18271
65 18280
65 18281
65 18284
65 18324
65 18340
65 18351
65 18356
65 18377
65 18386
65 18435
65 18437
65 18449
65 18456
65 18495
65 18497
65 18511
65 18563
65 18567
65 18577
65 18602
65 18609
65 18615
65 18627
65 18664
65 18683
65 18698
65 18720
65 18747
65 18794
65 18812
65 18815
65 18836
65 18890
65 18920
65 18927
65 18949
65 18950
65 18956
65 18983
65 18993
65 19027
65 19030
65 19036
65 19044
65 19053
65 19056
65 19094
65 19105
65 19155
65 19172
65 19176
65 19186
65 19200
65 19236
65 19260
65 19284
65 19296
65 19306
65 19321
65 19327
65 19363
65 19366
65 19384
65 19443
65 19451
65 19452
65 19466
65 19490
65 19491
65 19502
65 19506
65 19539
65 19548
65 19567
65 19571
65 19586
65 19638
65 19687
65 19691
65 19720
65 19721
65 19725
65 19745
65 19749
65 19786
65 19828
65 19838
65 19861
65 19862
65 19875
65 19876
65 19890
65 19895
65 19913
65 19915
65 19926
65 19938
65 19939
65 19942
65 19944
65 19987
65 20022
65 20095
65 20096
65 20097
65 20102
65 20110
65 20144
65 20152
65 20159
65 20174
65 20226
65 20232
65 20238
65 20248
65 20267
65 20269
65 20282
65 20315
65 20325
65 20328
65 20384
65 20394
65 20401
65 20425
65 20428
65 20429
65 20435
65 20446
65 20449
65 20455
65 20538
65 20539
65 20552
65 20557
65 20566
65 20567
65 20591
65 20595
65 20600
65 20670
65 20759
65 20761
65 20766
65 20779
65 20780
65 20781
65 20785
65 20824
65 20855
65 20879
65 20888
65 20909
65 20915
65 20965
65 20985
65 21004
65 21017
65 21037
65 21057
65 21080
65 21098
65 21101
65 21102
65 21108
65 21109
65 21113
65 21124
65 21128
65 21134
65 21155
65 21234
65 21259
65 21274
65 21300
65 21338
65 21349
65 21362
65 21365
65 21372
65 21407
65 21408
65 21428
65 21441
65 21447
65 21491
65 21522
65 21529
65 21534
65 21545
65 21563
65 21572
65 21585
65 21588
65 21591
65 21602
65 21616
65 21636
65 21640
65 21676
65 21679
65 21686
65 21693
65 21702
65 21714
65 21743
65 21745
65 21753
65 21784
65 21789
65 21839
65 21898
65 21915
65 21949
65 21950
65 21955
65 22035
65 22043
65 22077
65 22079
65 22081
65 22098
65 22110
65 22111
65 22118
65 22119
65 22122
65 22133
65 22149
65 22160
65 22169
65 22203
65 22204
65 22253
65 22285
65 22338
65 22369
65 22382
65 22390
65 22442
65 22461
65 22464
65 22477
65 22482
65 22501
65 22517
65 22556
65 22566
65 22616
65 22734
65 22741
65 22748
65 22802
65 22814
65 22882
65 22896
65 22940
65 22943
65 22953
65 22963
65 23067
65 23102
65 23104
65 23172
65 23187
65 23191
65 23204
65 23237
65 23245
65 23250
65 23265
65 23310
65 23313
65 23326
65 23342
65 23352
65 23357
65 23364
65 23365
65 23366
65 23402
65 23417
65 23471
65 23496
65 23521
65 23544
65 23620
65 23621
65 23635
65 23636
65 23641
65 23668
65 23682
65 23687
65 23699
65 23701
65 23728
65 23731
65 23746
65 23776
65 23794
65 23806
65 23808
65 23834
65 23850
65 23885
65 23891
65 23898
65 23932
65 23973
65 24067
65 24072
65 24077
65 24081
65 24113
65 24126
65 24132
65 24161
65 24182
65 24188
65 24208
65 24209
65 24249
65 24254
65 24257
65 24261
65 24275
65 24281
65 24287
65 24297
65 24315
65 24333
65 24368
65 24370
65 24385
65 24415
65 24423
65 24487
65 24532
65 24545
65 24546
65 24550
65 24562
65 24567
65 24594
65 24617
65 24640
65 24652
65 24653
65 24682
65 24689
65 24700
65 24703
65 24704
65 24728
65 24769
65 24790
65 24800
65 24803
65 24807
65 24811
65 24816
65 24880
65 24882
65 24884
65 24895
65 24914
65 24915
65 24946
65 24955
65 24971
65 24979
65 24980
65 24991
65 25016
65 25017
65 25022
65 25025
65 25035
65 25048
65 25049
65 25056
65 25059
65 25068
65 25075
65 25078
65 25089
65 25113
65 25132
65 25136
65 25143
65 25180
65 25185
65 25210
65 25217
65 25224
65 25275
65 25281
65 25294
65 25295
65 25299
65 25301
65 25328
65 25329
65 25332
65 25353
65 25354
65 25361
65 25405
65 25440
65 25444
65 25464
65 25477
65 25514
65 25534
65 25535
65 25546
65 25562
65 25569
65 25571
65 25581
65 25583
65 25584
65 25603
65 25612
65 25652
65 25659
65 25662
65 25686
65 25689
65 25734
65 25750
65 25751
65 25766
65 25797
65 25804
65 25814
65 25818
65 25820
65 25839
65 25846
65 25848
65 25857
65 25871
65 25889
65 25895
65 25916
65 25926
65 25945
65 25955
65 25964
65 25965
65 25973
65 25979
65 25980
65 25997
65 26003
65 26019
65 26020
65 26046
65 26073
65 26112
65 26123
65 26164
65 26172
65 26189
65 26202
65 26294
65 26319
65 26334
65 26348
65 26363
65 26366
65 26368
65 26384
65 26388
65 26402
65 26422
65 26427
65 26430
65 26434
65 26459
65 26487
65 26490
65 26492
65 26536
65 26548
65 26565
65 26567
65 26635
65 26640
65 26645
65 26672
65 26693
65 26719
65 26744
65 26776
65 26796
65 26812
65 26816
65 26826
65 26827
65 26859
65 26863
65 26888
65 26897
65 26908
65 26917
65 26918
65 26927
65 26948
65 26984
65 26988
65 26991
65 27004
65 27006
65 27014
65 27042
65 27089
65 27097
65 27140
65 27156
65 27172
65 27184
65 27203
65 27230
65 27275
65 27288
65 27307
65 27351
65 27359
65 27367
65 27376
65 27389
65 27421
65 27434
65 27451
65 27456
65 27459
65 27460
65 27462
65 27490
65 27492
65 27506
65 27525
65 27544
65 27548
65 27567
65 27597
65 27644
65 27648
65 27649
65 27654
65 27661
65 27690
65 27746
65 27752
65 27754
65 27778
65 27817
65 27836
65 27876
65 27883
65 27887
65 27904
65 27907
65 27925
65 27927
65 27968
65 27976
65 27989
65 27994
65 28000
65 28016
65 28085
65 28086
65 28124
65 28160
65 28200
65 28224
65 28226
65 28246
65 28248
65 28252
65 28267
65 28294
65 28304
65 28327
65 28336
65 28341
65 28360
65 28384
65 28385
65 28403
65 28407
65 28457
65 28484
65 28493
65 28526
65 28536
65 28568
65 28569
65 28579
65 28580
65 28610
65 28639
65 28644
65 28649
65 28677
65 28686
65 28715
65 28744
65 28761
65 28764
65 28774
65 28785
65 28786
65 28809
65 28833
65 28848
65 28855
65 28861
65 28862
65 28870
65 28887
65 28911
65 28918
65 28934
65 28957
65 28962
65 28978
65 28994
65 29005
65 29014
65 29015
65 29025
65 29026
65 29074
65 29133
65 29137
65 29165
65 29166
65 29176
65 29195
65 29196
65 29203
65 29230
65 29291
65 29307
65 29317
65 29322
65 29324
65 29333
65 29340
65 29342
65 29343
65 29365
65 29392
65 29423
65 29434
65 29435
65 29453
65 29456
65 29512
65 29533
65 29535
65 29550
65 29552
65 29559
65 29599
65 29612
65 29653
65 29670
65 29676
65 29693
65 29695
65 29706
65 29738
65 29747
65 29754
65 29758
65 29792
65 29847
65 29853
65 29855
65 29869
65 29885
65 29891
65 29901
65 29917
65 29926
65 29937
65 29953
65 30029
65 30093
65 30104
65 30148
65 30170
65 30182
65 30206
65 30214
65 30241
65 30242
65 30362
65 30381
65 30395
65 30426
65 30457
65 30481
65 30497
65 30636
65 30690
65 30702
65 30749
65 30750
65 30874
65 31016
65 31174
65 31295
65 31298
65 31305
65 31338
65 31341
65 31342
65 31413
65 31431
65 31487
65 31546
65 31563
65 31579
65 31583
65 31613
65 31724
65 31789
65 31838
65 31843
65 31864
65 31911
65 31974
65 31983
65 32019
65 32040
65 32063
65 32146
65 32170
65 32174
65 32200
65 32238
65 32247
65 32258
65 32262
65 32282
65 32310
65 32395
65 32448
65 32454
65 32455
65 32459
65 32516
65 32526
65 32538
65 32566
65 32608
65 32631
65 32675
65 32696
65 32697
65 32743
65 32753
65 32767
65 32778
65 32800
65 32812
65 32827
65 32830
65 32846
65 32847
65 32873
65 32878
65 32897
65 32936
65 32943
65 32949
65 32981
65 32986
65 32994
65 33044
65 33058
65 33106
65 33115
65 33135
65 33154
65 33214
65 33222
65 33280
65 33295
65 33309
65 33314
65 33318
65 33362
65 33376
65 33389
65 33398
65 33409
65 33423
65 33429
65 33449
65 33456
65 33462
65 33497
65 33518
65 33528
65 33529
65 33543
65 33556
65 33581
65 33592
65 33656
65 33700
65 33702
65 33763
65 33788
65 33790
65 33806
65 33807
65 33808
65 33821
65 33841
65 33856
65 33889
65 33901
65 33945
65 33980
65 33994
65 34001
65 34012
65 34023
65 34024
65 34025
65 34050
65 34119
65 34148
65 34241
65 34249
65 34277
65 34290
65 34315
65 34350
65 34368
65 34380
65 34408
65 34441
65 34450
65 34464
65 34475
65 34477
65 34484
65 34490
65 34505
65 34509
65 34537
65 34547
65 34563
65 34573
65 34577
65 34599
65 34613
65 34618
65 34635
65 34683
65 34688
65 34689
65 34715
65 34727
65 34731
65 34744
65 34761
65 34764
65 34785
65 34802
65 34809
65 34834
65 34853
65 34856
65 34865
65 34887
65 34888
65 34900
65 34911
65 34932
65 34993
65 35021
65 35025
65 35088
65 35095
65 35103
65 35104
65 35133
65 35140
65 35153
65 35227
65 35236
65 35249
65 35262
65 35281
65 35299
65 35313
65 35325
65 35327
65 35388
65 35399
65 35434
65 35443
65 35458
65 35464
65 35494
65 35499
65 35503
65 35533
65 35557
65 35605
65 35620
65 35637
65 35639
65 35683
65 35684
65 35706
65 35719
65 35723
65 35747
65 35749
65 35750
65 35758
65 35762
65 35765
65 35770
65 35806
65 35817
65 35826
65 35829
65 35857
65 35865
65 35875
65 35878
65 35883
65 35887
65 35892
65 35898
65 35912
65 35925
65 35927
65 35978
65 36010
65 36049
65 36063
65 36071
65 36072
65 36099
65 36112
65 36114
65 36116
65 36154
65 36161
65 36231
65 36233
65 36284
65 36325
65 36342
65 36352
65 36378
65 36391
65 36425
65 36440
65 36446
65 36447
65 36461
65 36485
65 36497
65 36507
65 36513
65 36544
65 36553
65 36572
65 36580
65 36587
65 36591
65 36592
65 36609
65 36626
65 36643
65 36654
65 36682
65 36691
65 36700
65 36701
65 36713
65 36725
65 36738
65 36741
65 36746
65 36753
65 36767
65 36768
65 36778
65 36808
65 36829
65 36879
65 36902
65 36945
65 36954
65 36976
65 36980
65 36990
65 37035
65 37051
65 37070
65 37168
65 37198
65 37219
65 37224
65 37226
65 37232
65 37244
65 37325
65 37364
65 37380
65 37383
65 37392
65 37462
65 37475
65 37476
65 37490
65 37517
65 37576
65 37586
65 37598
65 37605
65 37607
65 37611
65 37620
65 37649
65 37669
65 37689
65 37695
65 37702
65 37711
65 37714
65 37729
65 37755
65 37778
65 37783
65 37787
65 37797
65 37798
65 37805
65 37819
65 37827
65 37839
65 37896
65 37927
65 37938
65 37970
65 38006
65 38026
65 38033
65 38042
65 38044
65 38054
65 38059
65 38066
65 38087
65 38091
65 38098
65 38115
65 38166
65 38178
65 38230
65 38247
65 38259
65 38270
65 38272
65 38322
65 38324
65 38354
65 38400
65 38403
65 38444
65 38467
65 38490
65 38503
65 38543
65 38548
65 38562
65 38578
65 38609
65 38635
65 38667
65 38698
65 38718
65 38753
65 38756
65 38762
65 38778
65 38790
65 38803
65 38805
65 38806
65 38813
65 38832
65 38847
65 38879
65 38889
65 38891
65 38966
65 38971
65 38984
65 38993
65 39016
65 39030
65 39038
65 39045
65 39084
65 39101
65 39105
65 39134
65 39141
65 39153
65 39169
65 39215
65 39253
65 39261
65 39272
65 39273
65 39281
65 39283
65 39294
65 39305
65 39319
65 39351
65 39353
65 39354
65 39356
65 39393
65 39414
65 39418
65 39420
65 39431
65 39441
65 39442
65 39449
65 39461
65 39466
65 39485
65 39499
65 39503
65 39510
65 39512
65 39517
65 39540
65 39609
65 39617
65 39620
65 39621
65 39626
65 39631
65 39641
65 39644
65 39655
65 39657
65 39689
65 39699
65 39702
65 39722
65 39734
65 39756
65 39767
65 39777
65 39778
65 39804
65 39806
65 39811
65 39816
65 39824
65 39841
65 39846
65 39847
65 39852
65 39858
65 39872
65 39907
65 39917
65 39922
65 39950
65 39967
65 40022
65 40039
65 40049
65 40053
65 40093
65 40108
65 40109
65 40112
65 40115
65 40116
65 40128
65 40161
65 40183
65 40208
65 40215
65 40224
65 40228
65 40247
65 40268
65 40284
65 40370
65 40394
65 40397
65 40406
65 40413
65 40433
65 40470
65 40493
65 40499
65 40506
65 40544
65 40553
65 40572
65 40590
65 40610
65 40631
65 40660
65 40692
65 40699
65 40725
65 40789
65 40797
65 40811
65 40823
65 40836
65 40853
65 40887
65 40933
65 40938
65 40969
65 40993
65 41001
65 41011
65 41015
65 41053
65 41064
65 41075
65 41080
65 41099
65 41101
65 41186
65 41201
65 41203
65 41210
65 41220
65 41235
65 41243
65 41257
65 41276
65 41304
65 41308
65 41323
65 41328
65 41329
65 41330
65 41344
65 41363
65 41368
65 41378
65 41394
65 41416
65 41419
65 41473
65 41519
65 41528
65 41529
65 41574
65 41598
65 41607
65 41689
65 41701
65 41702
65 41727
65 41738
65 41807
65 41852
65 41855
65 41887
65 41890
65 41896
65 41926
65 41957
65 41980
65 41986
65 41995
65 41996
65 42008
65 42024
65 42027
65 42034
65 42051
65 42069
65 42108
65 42122
65 42153
65 42156
65 42161
65 42177
65 42206
65 42208
65 42265
65 42286
65 42290
65 42292
65 42365
65 42384
65 42393
65 42426
65 42429
65 42452
65 42458
65 42503
65 42553
65 42565
65 42601
65 42632
65 42657
65 42667
65 42684
65 42739
65 42752
65 42764
65 42766
65 42795
65 42803
65 42866
65 42881
65 42897
65 42924
65 42963
65 42966
65 42987
65 43016
65 43069
65 43087
65 43101
65 43112
65 43131
65 43143
65 43146
65 43193
65 43266
65 43282
65 43289
65 43293
65 43305
65 43344
65 43356
65 43374
65 43410
65 43439
65 43456
65 43468
65 43469
65 43484
65 43492
65 43497
65 43498
65 43540
65 43543
65 43558
65 43605
65 43678
65 43723
65 43756
65 43812
65 43826
65 43835
65 43845
65 43861
65 43862
65 43894
65 43931
65 43945
65 43949
65 43971
65 43972
65 43974
65 43978
65 43981
65 43984
65 44034
65 44067
65 44129
65 44136
65 44149
65 44189
65 44196
65 44222
65 44247
65 44250
65 44291
65 44341
65 44394
65 44396
65 44427
65 44429
65 44436
65 44495
65 44565
65 44578
65 44589
65 44596
65 44616
65 44620
65 44624
65 44628
65 44647
65 44656
65 44664
65 44673
65 44683
65 44691
65 44698
65 44744
65 44779
65 44787
65 44789
65 44790
65 44801
65 44811
65 44845
65 44848
65 44855
65 44861
65 44874
65 44887
65 44889
65 44914
65 44963
65 44964
65 44984
65 45010
65 45020
65 45031
65 45038
65 45041
65 45048
65 45075
65 45120
65 45133
65 45142
65 45164
65 45176
65 45200
65 45252
65 45262
65 45269
65 45324
65 45337
65 45378
65 45383
65 45391
65 45420
65 45421
65 45422
65 45451
65 45467
65 45491
65 45516
65 45543
65 45576
65 45615
65 45628
65 45692
65 45693
65 45699
65 45731
65 45748
65 45750
65 45791
65 45834
65 45841
65 45848
65 45881
65 45888
65 45909
65 45917
65 45928
65 45932
65 45938
65 45970
65 45988
65 46004
65 46067
65 46113
65 46115
65 46142
65 46148
65 46155
65 46180
65 46184
65 46193
65 46201
65 46227
65 46232
65 46234
65 46245
65 46283
65 46295
65 46306
65 46329
65 46333
65 46338
65 46351
65 46356
65 46357
65 46402
65 46417
65 46441
65 46448
65 46478
65 46498
65 46507
65 46510
65 46512
65 46551
65 46575
65 46584
65 46626
65 46661
65 46663
65 46672
65 46708
65 46714
65 46722
65 46761
65 46777
65 46785
65 46804
65 46832
65 46878
65 46883
65 46907
65 46912
65 46941
65 46947
65 46949
65 46989
65 47049
65 47065
65 47096
65 47098
65 47108
65 47110
65 47114
65 47155
65 47195
65 47232
65 47247
65 47263
65 47288
65 47312
65 47316
65 47317
65 47329
65 47339
65 47362
65 47371
65 47402
65 47414
65 47417
65 47432
65 47457
65 47508
65 47559
65 47578
65 47583
65 47589
65 47603
65 47657
65 47667
65 47688
65 47698
65 47725
65 47749
65 47767
65 47807
65 47819
65 47829
65 47833
65 47862
65 47895
65 47950
65 47951
65 47955
65 47957
65 47973
65 47985
65 47992
65 48020
65 48035
65 48065
65 48073
65 48078
65 48086
65 48107
65 48131
65 48140
65 48160
65 48161
65 48162
65 48172
65 48174
65 48176
65 48178
65 48181
65 48185
65 48191
65 48193
65 48206
65 48220
65 48224
65 48237
65 48243
65 48245
65 48346
65 48353
65 48363
65 48379
65 48387
65 48422
65 48424
65 48430
65 48435
65 48452
65 48455
65 48476
65 48483
65 48512
65 48524
65 48531
65 48542
65 48558
65 48560
65 48567
65 48598
65 48626
65 48634
65 48646
65 48656
65 48658
65 48672
65 48683
65 48708
65 48711
65 48725
65 48737
65 48739
65 48749
65 48756
65 48773
65 48784
65 48788
65 48808
65 48823
65 48825
65 48833
65 48842
65 48861
65 48884
65 48893
65 48925
65 48936
65 48957
65 48990
65 49010
65 49039
65 49053
65 49063
65 49065
65 49069
65 49081
65 49089
65 49096
65 49113
65 49120
65 49126
65 49151
65 49175
65 49244
65 49251
65 49281
65 49302
65 49305
65 49314
65 49320
65 49347
65 49358
65 49386
65 49388
65 49439
65 49447
65 49467
65 49534
65 49549
65 49560
65 49590
65 49601
65 49625
65 49653
65 49680
65 49681
65 49714
65 49724
65 49728
65 49729
65 49736
65 49741
65 49752
65 49775
65 49779
65 49781
65 49784
65 49787
65 49790
65 49811
65 49838
65 49846
65 49869
65 49875
65 49879
65 49906
65 49934
65 49963
65 49998
65 50007
65 50050
65 50079
65 50086
65 50100
65 50109
65 50110
65 50119
65 50124
65 50128
65 50144
65 50161
65 50164
65 50165
65 50171
65 50179
65 50209
65 50222
65 50241
65 50253
65 50274
65 50337
65 50347
65 50358
65 50363
65 50376
65 50399
65 50400
65 50402
65 50410
65 50438
65 50439
65 50451
65 50453
57 41
57 52
57 71
57 88
57 118
57 182
57 186
57 242
57 245
57 291
57 336
57 365
57 366
57 374
57 375
57 386
57 404
57 407
57 422
57 425
57 429
57 552
57 606
57 619
57 633
57 638
57 660
57 672
57 680
57 708
57 720
57 759
57 765
57 792
57 808
57 840
57 853
57 880
57 892
57 926
57 937
57 972
57 992
57 1028
57 1041
57 1051
57 1067
57 1070
57 1073
57 1078
57 1080
57 1092
57 1094
57 1115
57 1174
57 1178
57 1188
57 1190
57 1194
57 1208
57 1250
57 1283
57 1318
57 1393
57 1473
57 1478
57 1497
57 1503
57 1514
57 1544
57 1579
57 1629
57 1670
57 1685
57 1704
57 1725
57 1747
57 1767
57 1770
57 1776
57 1778
57 1783
57 1793
57 1821
57 1832
57 1845
57 1860
57 1889
57 1896
57 1934
57 1944
57 1950
57 1983
57 2009
57 2010
57 2036
57 2057
57 2072
57 2081
57 2137
57 2138
57 2235
57 2277
57 2326
57 2343
57 2346
57 2363
57 2365
57 2389
57 2413
57 2434
57 2438
57 2443
57 2455
57 2505
57 2509
57 2531
57 2586
57 2609
57 2610
57 2630
57 2640
57 2668
57 2682
57 2693
57 2694
57 2710
57 2754
57 2756
57 2759
57 2798
57 2823
57 2827
57 2833
57 2842
57 2857
57 2874
57 2883
57 2887
57 2901
57 2904
57 2909
57 2922
57 2929
57 2937
57 2942
57 2974
57 2980
57 3024
57 3043
57 3048
57 3054
57 3077
57 3141
57 3149
57 3178
57 3266
57 3271
57 3280
57 3286
57 3307
57 3399
57 3400
57 3422
57 3437
57 3474
57 3477
57 3493
57 3498
57 3509
57 3511
57 3535
57 3538
57 3551
57 3621
57 3642
57 3643
57 3679
57 3703
57 3709
57 3760
57 3781
57 3788
57 3790
57 3811
57 3819
57 3834
57 3850
57 3888
57 3913
57 3918
57 3919
57 3921
57 3943
57 3949
57 3977
57 3984
57 4015
57 4019
57 4050
57 4073
57 4096
57 4099
57 4116
57 4128
57 4134
57 4140
57 4144
57 4153
57 4161
57 4173
57 4181
57 4190
57 4193
57 4196
57 4202
57 4217
57 4218
57 4220
57 4227
57 4259
57 4297
57 4314
57 4327
57 4395
57 4405
57 4425
57 4427
57 4457
57 4471
57 4475
57 4480
57 4491
57 4507
57 4574
57 4575
57 4584
57 4611
57 4618
57 4653
57 4657
57 4669
57 4677
57 4689
57 4711
57 4713
57 4726
57 4739
57 4743
57 4768
57 4794
57 4837
57 4845
57 4850
57 4883
57 4892
57 4898
57 4916
57 4930
57 4972
57 5008
57 5021
57 5024
57 5025
57 5048
57 5058
57 5067
57 5115
57 5142
57 5202
57 5239
57 5263
57 5327
57 5345
57 5349
57 5370
57 5386
57 5442
57 5458
57 5462
57 5480
57 5516
57 5534
57 5560
57 5576
57 5603
57 5606
57 5631
57 5634
57 5641
57 5653
57 5662
57 5672
57 5698
57 5700
57 5703
57 5733
57 5775
57 5830
57 5834
57 5848
57 5849
57 5862
57 5937
57 5945
57 5957
57 5958
57 5971
57 6003
57 6046
57 6054
57 6082
57 6095
57 6134
57 6138
57 6178
57 6256
57 6271
57 6302
57 6348
57 6398
57 6403
57 6409
57 6436
57 6550
57 6554
57 6579
57 6644
57 6652
57 6659
57 6679
57 6693
57 6794
57 6841
57 6854
57 6873
57 6886
57 6937
57 6942
57 6982
57 7002
57 7009
57 7016
57 7045
57 7160
57 7217
57 7248
57 7287
57 7296
57 7314
57 7318
57 7320
57 7361
57 7371
57 7419
57 7424
57 7440
57 7470
57 7474
57 7486
57 7501
57 7502
57 7509
57 7582
57 7593
57 7615
57 7616
57 7639
57 7642
57 7662
57 7684
57 7799
57 7879
57 7880
57 7956
57 7972
57 7991
57 8004
57 8047
57 8048
57 8071
57 8163
57 8165
57 8218
57 8280
57 8323
57 8330
57 8331
57 8374
57 8400
57 8468
57 8490
57 8511
57 8513
57 8520
57 8523
57 8533
57 8635
57 8639
57 8647
57 8649
57 8659
57 8725
57 8745
57 8758
57 8760
57 8790
57 8810
57 8847
57 8851
57 8868
57 8897
57 8928
57 8947
57 8955
57 8969
57 8971
57 8974
57 8987
57 9023
57 9024
57 9036
57 9110
57 9126
57 9155
57 9184
57 9201
57 9210
57 9225
57 9263
57 9294
57 9314
57 9329
57 9338
57 9389
57 9395
57 9401
57 9422
57 9438
57 9441
57 9478
57 9496
57 9520
57 9533
57 9585
57 9627
57 9634
57 9683
57 9684
57 9720
57 9755
57 9776
57 9780
57 9859
57 9866
57 9878
57 9895
57 9947
57 9967
57 9997
57 10093
57 10128
57 10134
57 10141
57 10144
57 10193
57 10215
57 10225
57 10241
57 10301
57 10328
57 10332
57 10338
57 10358
57 10373
57 10385
57 10396
57 10399
57 10448
57 10461
57 10464
57 10467
57 10482
57 10492
57 10497
57 10574
57 10589
57 10630
57 10656
57 10683
57 10685
57 10760
57 10781
57 10802
57 10862
57 10892
57 10904
57 10927
57 10936
57 10943
57 10973
57 10980
57 10983
57 10995
57 11000
57 11026
57 11036
57 11091
57 11104
57 11120
57 11162
57 11184
57 11209
57 11240
57 11271
57 11278
57 11290
57 11360
57 11367
57 11385
57 11409
57 11450
57 11457
57 11462
57 11496
57 11504
57 11508
57 11518
57 11603
57 11641
57 11668
57 11683
57 11714
57 11755
57 11784
57 11800
57 11806
57 11822
57 11823
57 11837
57 11854
57 11856
57 11870
57 11885
57 11906
57 11917
57 11933
57 11953
57 11978
57 11986
57 11988
57 11995
57 12036
57 12039
57 12051
57 12052
57 12130
57 12140
57 12157
57 12200
57 12202
57 12210
57 12225
57 12240
57 12252
57 12264
57 12277
57 12309
57 12318
57 12326
57 12391
57 12421
57 12427
57 12428
57 12483
57 12508
57 12522
57 12551
57 12573
57 12609
57 12610
57 12640
57 12642
57 12656
57 12660
57 12664
57 12733
57 12736
57 12742
57 12773
57 12790
57 12791
57 12797
57 12875
57 12913
57 12924
57 12927
57 12934
57 12938
57 12952
57 12974
57 12982
57 13005
57 13016
57 13043
57 13134
57 13167
57 13178
57 13194
57 13218
57 13244
57 13246
57 13270
57 13296
57 13351
57 13454
57 13474
57 13494
57 13495
57 13501
57 13520
57 13527
57 13530
57 13643
57 13657
57 13666
57 13667
57 13668
57 13710
57 13724
57 13755
57 13760
57 13816
57 13826
57 13892
57 13899
57 13912
57 13914
57 13925
57 13965
57 13972
57 13976
57 13988
57 13995
57 14048
57 14057
57 14134
57 14147
57 14158
57 14226
57 14227
57 14250
57 14260
57 14321
57 14385
57 14396
57 14401
57 14488
57 14513
57 14515
57 14578
57 14583
57 14602
57 14609
57 14622
57 14636
57 14663
57 14680
57 14772
57 14774
57 14830
57 14832
57 14857
57 14865
57 14872
57 14883
57 14887
57 14889
57 14904
57 14906
57 14945
57 14962
57 14978
57 14995
57 14997
57 15003
57 15089
57 15094
57 15102
57 15135
57 15188
57 15225
57 15231
57 15236
57 15268
57 15273
57 15287
57 15297
57 15308
57 15310
57 15322
57 15345
57 15355
57 15391
57 15394
57 15397
57 15423
57 15437
57 15462
57 15542
57 15551
57 15582
57 15607
57 15623
57 15631
57 15648
57 15726
57 15749
57 15763
57 15800
57 15810
57 15820
57 15830
57 15831
57 15836
57 15837
57 15843
57 15844
57 15878
57 15892
57 15949
57 15950
57 15990
57 16011
57 16012
57 16038
57 16127
57 16137
57 16140
57 16144
57 16147
57 16163
57 16169
57 16176
57 16195
57 16199
57 16210
57 16231
57 16239
57 16245
57 16250
57 16260
57 16287
57 16362
57 16373
57 16394
57 16403
57 16417
57 16452
57 16474
57 16481
57 16519
57 16562
57 16566
57 16574
57 16577
57 16581
57 16594
57 16613
57 16638
57 16702
57 16716
57 16743
57 16772
57 16794
57 16807
57 16875
57 16896
57 16900
57 16934
57 16962
57 17004
57 17015
57 17018
57 17034
57 17080
57 17083
57 17118
57 17129
57 17161
57 17196
57 17198
57 17241
57 17264
57 17317
57 17341
57 17352
57 17358
57 17383
57 17420
57 17425
57 17554
57 17599
57 17629
57 17652
57 17655
57 17674
57 17678
57 17711
57 17717
57 17753
57 17775
57 17791
57 17795
57 17838
57 17862
57 17877
57 17912
57 17919
57 17928
57 17937
57 17957
57 17974
57 18047
57 18073
57 18094
57 18108
57 18129
57 18144
57 18170
57 18251
57 18294
57 18297
57 18345
57 18359
57 18362
57 18383
57 18398
57 18413
57 18421
57 18436
57 18450
57 18476
57 18507
57 18545
57 18589
57 18633
57 18640
57 18661
57 18666
57 18680
57 18695
57 18722
57 18723
57 18725
57 18735
57 18749
57 18777
57 18793
57 18794
57 18815
57 18825
57 18826
57 18847
57 18877
57 18895
57 18897
57 18942
57 18961
57 18962
57 18966
57 18967
57 18981
57 18991
57 18995
57 19014
57 19024
57 19036
57 19044
57 19120
57 19211
57 19234
57 19239
57 19265
57 19284
57 19334
57 19361
57 19402
57 19418
57 19444
57 19449
57 19450
57 19452
57 19470
57 19519
57 19521
57 19582
57 19586
57 19594
57 19613
57 19630
57 19649
57 19665
57 19683
57 19706
57 19722
57 19804
57 19814
57 19848
57 19908
57 19911
57 19915
57 19929
57 19939
57 19976
57 19987
57 19990
57 19991
57 20007
57 20009
57 20040
57 20048
57 20051
57 20074
57 20079
57 20094
57 20111
57 20118
57 20124
57 20125
57 20179
57 20204
57 20207
57 20218
57 20225
57 20234
57 20250
57 20259
57 20305
57 20328
57 20333
57 20337
57 20346
57 20358
57 20375
57 20376
57 20383
57 20390
57 20396
57 20399
57 20400
57 20455
57 20465
57 20550
57 20624
57 20631
57 20752
57 20766
57 20803
57 20830
57 20956
57 20984
57 21025
57 21051
57 21067
57 21074
57 21075
57 21120
57 21130
57 21165
57 21246
57 21281
57 21300
57 21310
57 21328
57 21341
57 21346
57 21357
57 21375
57 21408
57 21451
57 21489
57 21495
57 21496
57 21538
57 21542
57 21548
57 21558
57 21574
57 21597
57 21645
57 21657
57 21674
57 21719
57 21736
57 21749
57 21751
57 21768
57 21779
57 21790
57 21791
57 21803
57 21804
57 21806
57 21822
57 21901
57 21928
57 21940
57 21981
57 22009
57 22011
57 22025
57 22083
57 22086
57 22118
57 22129
57 22166
57 22173
57 22190
57 22195
57 22203
57 22220
57 22341
57 22367
57 22374
57 22444
57 22468
57 22470
57 22507
57 22546
57 22588
57 22599
57 22601
57 22653
57 22668
57 22678
57 22687
57 22704
57 22721
57 22725
57 22735
57 22759
57 22802
57 22812
57 22823
57 22852
57 22949
57 22967
57 22968
57 22984
57 22986
57 22994
57 23018
57 23021
57 23048
57 23054
57 23082
57 23092
57 23105
57 23119
57 23129
57 23144
57 23192
57 23217
57 23224
57 23267
57 23287
57 23333
57 23337
57 23391
57 23396
57 23411
57 23417
57 23420
57 23432
57 23436
57 23450
57 23466
57 23477
57 23478
57 23479
57 23506
57 23521
57 23546
57 23547
57 23595
57 23606
57 23611
57 23614
57 23634
57 23646
57 23648
57 23660
57 23694
57 23787
57 23806
57 23808
57 23816
57 23820
57 23822
57 23860
57 23867
57 23883
57 23897
57 23904
57 23920
57 23927
57 23952
57 23954
57 23968
57 23971
57 23976
57 23986
57 23994
57 24004
57 24011
57 24048
57 24062
57 24089
57 24119
57 24152
57 24154
57 24161
57 24184
57 24227
57 24245
57 24281
57 24294
57 24342
57 24350
57 24354
57 24357
57 24363
57 24418
57 24438
57 24452
57 24457
57 24506
57 24540
57 24577
57 24631
57 24645
57 24678
57 24699
57 24710
57 24729
57 24737
57 24744
57 24746
57 24804
57 24825
57 24879
57 24887
57 24958
57 24961
57 24971
57 25019
57 25033
57 25083
57 25109
57 25110
57 25133
57 25142
57 25158
57 25201
57 25258
57 25262
57 25270
57 25284
57 25314
57 25324
57 25340
57 25406
57 25411
57 25417
57 25431
57 25456
57 25461
57 25480
57 25494
57 25520
57 25522
57 25542
57 25594
57 25615
57 25627
57 25642
57 25699
57 25704
57 25707
57 25740
57 25743
57 25751
57 25782
57 25794
57 25799
57 25836
57 25837
57 25848
57 25849
57 25860
57 25862
57 25891
57 25917
57 25958
57 26023
57 26080
57 26096
57 26098
57 26099
57 26115
57 26126
57 26149
57 26154
57 26190
57 26192
57 26204
57 26244
57 26251
57 26252
57 26280
57 26330
57 26418
57 26420
57 26423
57 26431
57 26432
57 26435
57 26469
57 26500
57 26515
57 26522
57 26533
57 26546
57 26569
57 26584
57 26593
57 26611
57 26637
57 26639
57 26655
57 26658
57 26659
57 26674
57 26686
57 26708
57 26734
57 26736
57 26780
57 26839
57 26874
57 26879
57 26883
57 26884
57 26905
57 26918
57 26945
57 26956
57 26965
57 26989
57 27018
57 27020
57 27022
57 27041
57 27088
57 27096
57 27118
57 27136
57 27165
57 27182
57 27207
57 27217
57 27231
57 27303
57 27333
57 27360
57 27378
57 27388
57 27390
57 27395
57 27402
57 27415
57 27449
57 27457
57 27470
57 27499
57 27530
57 27583
57 27621
57 27649
57 27681
57 27714
57 27738
57 27776
57 27786
57 27797
57 27805
57 27813
57 27828
57 27834
57 27835
57 27852
57 27900
57 27920
57 27927
57 27939
57 27953
57 27992
57 28031
57 28048
57 28061
57 28080
57 28089
57 28104
57 28107
57 28123
57 28146
57 28205
57 28229
57 28284
57 28344
57 28365
57 28409
57 28410
57 28412
57 28414
57 28415
57 28429
57 28447
57 28460
57 28498
57 28500
57 28510
57 28519
57 28526
57 28600
57 28607
57 28632
57 28634
57 28646
57 28745
57 28747
57 28785
57 28790
57 28807
57 28833
57 28844
57 28849
57 28867
57 28908
57 28921
57 28928
57 28938
57 28982
57 29034
57 29045
57 29061
57 29065
57 29089
57 29091
57 29115
57 29123
57 29172
57 29178
57 29191
57 29192
57 29265
57 29279
57 29287
57 29289
57 29292
57 29306
57 29362
57 29375
57 29401
57 29426
57 29454
57 29464
57 29494
57 29498
57 29529
57 29633
57 29638
57 29645
57 29656
57 29660
57 29680
57 29699
57 29702
57 29713
57 29715
57 29719
57 29726
57 29736
57 29738
57 29743
57 29764
57 29767
57 29820
57 29854
57 29861
57 29870
57 29890
57 29919
57 29986
57 30006
57 30015
57 30024
57 30085
57 30092
57 30095
57 30098
57 30124
57 30209
57 30218
57 30242
57 30246
57 30249
57 30259
57 30269
57 30313
57 30321
57 30332
57 30346
57 30370
57 30430
57 30465
57 30480
57 30488
57 30551
57 30570
57 30577
57 30627
57 30630
57 30635
57 30654
57 30658
57 30666
57 30710
57 30780
57 30792
57 30810
57 30814
57 30825
57 30880
57 30883
57 30887
57 30906
57 30927
57 30976
57 30991
57 30993
57 31066
57 31074
57 31084
57 31126
57 31139
57 31147
57 31223
57 31281
57 31346
57 31364
57 31375
57 31401
57 31403
57 31417
57 31419
57 31435
57 31453
57 31475
57 31490
57 31535
57 31553
57 31579
57 31596
57 31631
57 31650
57 31681
57 31702
57 31710
57 31744
57 31751
57 31771
57 31787
57 31806
57 31825
57 31844
57 31852
57 31860
57 31874
57 31900
57 31904
57 31911
57 31948
57 31984
57 31985
57 31989
57 32038
57 32047
57 32087
57 32123
57 32133
57 32140
57 32143
57 32144
57 32158
57 32191
57 32197
57 32215
57 32225
57 32247
57 32279
57 32309
57 32342
57 32358
57 32375
57 32406
57 32429
57 32430
57 32434
57 32435
57 32442
57 32477
57 32482
57 32540
57 32554
57 32609
57 32637
57 32682
57 32724
57 32763
57 32772
57 32784
57 32788
57 32802
57 32805
57 32817
57 32825
57 32830
57 32851
57 32855
57 32856
57 32904
57 32918
57 32931
57 32955
57 32971
57 32981
57 32989
57 32993
57 33042
57 33045
57 33050
57 33085
57 33102
57 33104
57 33125
57 33135
57 33137
57 33160
57 33185
57 33224
57 33305
57 33318
57 33320
57 33342
57 33343
57 33347
57 33410
57 33417
57 33469
57 33475
57 33488
57 33497
57 33536
57 33582
57 33675
57 33722
57 33725
57 33746
57 33752
57 33818
57 33858
57 33861
57 33889
57 33906
57 33913
57 33931
57 33953
57 33980
57 33990
57 34004
57 34009
57 34020
57 34028
57 34056
57 34099
57 34110
57 34137
57 34175
57 34197
57 34206
57 34253
57 34259
57 34284
57 34297
57 34307
57 34316
57 34319
57 34338
57 34342
57 34353
57 34384
57 34393
57 34445
57 34497
57 34503
57 34512
57 34520
57 34524
57 34536
57 34564
57 34621
57 34641
57 34643
57 34661
57 34696
57 34747
57 34753
57 34756
57 34792
57 34864
57 34880
57 34892
57 34898
57 34902
57 34906
57 34962
57 34997
57 35020
57 35044
57 35046
57 35057
57 35090
57 35115
57 35129
57 35137
57 35141
57 35172
57 35198
57 35243
57 35266
57 35291
57 35301
57 35325
57 35333
57 35336
57 35343
57 35360
57 35371
57 35380
57 35395
57 35444
57 35494
57 35507
57 35510
57 35551
57 35553
57 35555
57 35563
57 35564
57 35568
57 35574
57 35616
57 35620
57 35627
57 35631
57 35643
57 35676
57 35702
57 35730
57 35752
57 35755
57 35775
57 35794
57 35796
57 35799
57 35805
57 35808
57 35825
57 35842
57 35853
57 35860
57 35871
57 35995
57 36006
57 36013
57 36046
57 36084
57 36086
57 36146
57 36147
57 36170
57 36173
57 36177
57 36193
57 36205
57 36222
57 36234
57 36263
57 36282
57 36327
57 36330
57 36347
57 36374
57 36376
57 36426
57 36433
57 36489
57 36507
57 36515
57 36556
57 36583
57 36595
57 36684
57 36699
57 36789
57 36818
57 36830
57 36837
57 36864
57 36869
57 36871
57 37030
57 37051
57 37096
57 37102
57 37115
57 37165
57 37169
57 37234
57 37253
57 37297
57 37319
57 37350
57 37357
57 37369
57 37400
57 37459
57 37475
57 37521
57 37537
57 37542
57 37554
57 37602
57 37603
57 37608
57 37638
57 37643
57 37650
57 37651
57 37656
57 37663
57 37668
57 37671
57 37676
57 37697
57 37752
57 37763
57 37764
57 37765
57 37785
57 37811
57 37813
57 37848
57 37859
57 37870
57 37931
57 37932
57 37955
57 37976
57 37986
57 37992
57 38000
57 38002
57 38009
57 38049
57 38100
57 38103
57 38109
57 38119
57 38186
57 38190
57 38215
57 38234
57 38237
57 38250
57 38261
57 38266
57 38282
57 38314
57 38324
57 38330
57 38333
57 38420
57 38451
57 38479
57 38481
57 38492
57 38514
57 38545
57 38546
57 38583
57 38588
57 38595
57 38646
57 38667
57 38711
57 38769
57 38779
57 38803
57 38806
57 38826
57 38908
57 38925
57 38927
57 38937
57 38965
57 38972
57 38973
57 38982
57 38988
57 39018
57 39029
57 39040
57 39050
57 39085
57 39121
57 39210
57 39216
57 39222
57 39230
57 39232
57 39250
57 39263
57 39293
57 39307
57 39342
57 39343
57 39348
57 39359
57 39363
57 39368
57 39422
57 39423
57 39456
57 39459
57 39462
57 39488
57 39495
57 39508
57 39538
57 39546
57 39549
57 39574
57 39595
57 39601
57 39603
57 39606
57 39627
57 39639
57 39643
57 39644
57 39744
57 39781
57 39819
57 39835
57 39868
57 39884
57 39891
57 39981
57 39996
57 40007
57 40056
57 40085
57 40102
57 40126
57 40131
57 40132
57 40159
57 40211
57 40216
57 40249
57 40250
57 40253
57 40293
57 40325
57 40340
57 40409
57 40416
57 40456
57 40492
57 40516
57 40543
57 40547
57 40560
57 40581
57 40617
57 40626
57 40643
57 40696
57 40705
57 40722
57 40724
57 40751
57 40760
57 40795
57 40800
57 40857
57 40858
57 40884
57 40885
57 40923
57 40925
57 40965
57 40972
57 41010
57 41037
57 41047
57 41050
57 41073
57 41076
57 41101
57 41113
57 41131
57 41166
57 41190
57 41247
57 41269
57 41305
57 41311
57 41331
57 41335
57 41365
57 41418
57 41428
57 41453
57 41464
57 41510
57 41541
57 41551
57 41557
57 41583
57 41593
57 41662
57 41668
57 41696
57 41710
57 41738
57 41745
57 41748
57 41761
57 41776
57 41835
57 41836
57 41882
57 41891
57 41901
57 41918
57 41948
57 42025
57 42028
57 42076
57 42092
57 42102
57 42150
57 42185
57 42189
57 42215
57 42236
57 42263
57 42349
57 42376
57 42385
57 42398
57 42462
57 42473
57 42478
57 42511
57 42517
57 42521
57 42587
57 42591
57 42600
57 42632
57 42705
57 42748
57 42776
57 42778
57 42851
57 42852
57 42866
57 42870
57 42878
57 42882
57 42901
57 42948
57 42950
57 42953
57 42969
57 42990
57 43014
57 43053
57 43133
57 43136
57 43137
57 43142
57 43185
57 43188
57 43198
57 43214
57 43242
57 43278
57 43310
57 43322
57 43324
57 43368
57 43373
57 43383
57 43400
57 43409
57 43414
57 43422
57 43428
57 43432
57 43450
57 43462
57 43470
57 43500
57 43507
57 43528
57 43550
57 43555
57 43559
57 43562
57 43599
57 43635
57 43649
57 43654
57 43696
57 43712
57 43718
57 43745
57 43794
57 43831
57 43850
57 43878
57 43883
57 43898
57 43933
57 43973
57 43976
57 43987
57 44096
57 44115
57 44119
57 44196
57 44198
57 44199
57 44279
57 44289
57 44302
57 44307
57 44324
57 44338
57 44387
57 44446
57 44487
57 44506
57 44510
57 44542
57 44588
57 44596
57 44599
57 44600
57 44613
57 44624
57 44632
57 44707
57 44716
57 44721
57 44748
57 44765
57 44777
57 44820
57 44827
57 44865
57 44891
57 44892
57 44918
57 44938
57 44965
57 44997
57 45031
57 45078
57 45087
57 45096
57 45099
57 45100
57 45101
57 45119
57 45130
57 45151
57 45182
57 45184
57 45200
57 45214
57 45226
57 45238
57 45245
57 45255
57 45271
57 45280
57 45282
57 45317
57 45321
57 45328
57 45377
57 45380
57 45387
57 45447
57 45461
57 45475
57 45508
57 45569
57 45574
57 45589
57 45602
57 45605
57 45622
57 45630
57 45655
57 45671
57 45674
57 45683
57 45700
57 45706
57 45760
57 45783
57 45793
57 45815
57 45825
57 45841
57 45889
57 45930
57 45949
57 45965
57 45968
57 45973
57 46055
57 46107
57 46149
57 46152
57 46168
57 46178
57 46184
57 46196
57 46204
57 46226
57 46249
57 46253
57 46297
57 46325
57 46330
57 46382
57 46384
57 46401
57 46453
57 46460
57 46504
57 46552
57 46569
57 46585
57 46637
57 46651
57 46654
57 46688
57 46751
57 46777
57 46789
57 46796
57 46823
57 46829
57 46830
57 46852
57 46891
57 46929
57 46932
57 46942
57 46955
57 47022
57 47024
57 47053
57 47089
57 47115
57 47170
57 47248
57 47250
57 47256
57 47258
57 47265
57 47275
57 47282
57 47292
57 47310
57 47319
57 47358
57 47369
57 47385
57 47433
57 47481
57 47538
57 47548
57 47617
57 47633
57 47634
57 47638
57 47639
57 47652
57 47703
57 47734
57 47854
57 47869
57 47884
57 47960
57 47961
57 48092
57 48096
57 48098
57 48155
57 48166
57 48182
57 48191
57 48213
57 48289
57 48293
57 48341
57 48356
57 48359
57 48362
57 48443
57 48507
57 48543
57 48560
57 48564
57 48569
57 48571
57 48578
57 48663
57 48699
57 48727
57 48733
57 48750
57 48759
57 48808
57 48813
57 48832
57 48837
57 48857
57 48861
57 48870
57 48960
57 48982
57 48995
57 49020
57 49032
57 49036
57 49105
57 49142
57 49145
57 49186
57 49193
57 49233
57 49275
57 49280
57 49283
57 49359
57 49432
57 49446
57 49449
57 49462
57 49481
57 49495
57 49516
57 49537
57 49540
57 49569
57 49607
57 49646
57 49655
57 49666
57 49707
57 49718
57 49725
57 49765
57 49798
57 49804
57 49842
57 49848
57 49875
57 49888
57 49918
57 49932
57 49939
57 49941
57 49949
57 49967
57 49974
57 50003
57 50028
57 50047
57 50059
57 50098
57 50104
57 50192
57 50208
57 50243
57 50249
57 50253
57 50257
57 50262
57 50271
57 50273
57 50280
57 50325
57 50332
57 50350
57 50375
57 50381
57 50382
57 50394
57 50421
57 50460
57 50508
57 50511
57 50525
57 50571
57 50573
57 50624
57 50628
57 50633
57 50677
57 50690
57 50697
57 50763
57 50766
57 50869
57 50982
57 50990
57 51008
57 51011
57 51019
57 51025
57 51051
57 51062
57 51070
57 51076
57 51127
57 51165
57 51215
57 51253
57 51259
57 51295
57 51320
57 51327
57 51349
57 51390
57 51397
57 51407
57 51427
57 51428
57 51446
57 51455
57 51483
57 51509
57 51512
57 51517
57 51519
57 51525
57 51612
57 51635
57 51640
57 51658
57 51676
57 51707
57 51710
57 51744
57 51752
57 51756
57 51767
57 51771
57 51781
57 51822
57 51836
57 51837
57 51883
57 51887
57 51904
57 51941
57 51968
57 51971
57 51976
57 51983
57 51991
57 52005
57 52035
57 52038
57 52043
57 52050
57 52057
57 52119
57 52125
57 52129
57 52133
57 52150
57 52203
57 52212
57 52221
57 52247
57 52276
57 52309
57 52328
57 52360
57 52363
57 52386
57 52393
57 52439
57 52497
57 52504
57 52514
57 52516
57 52565
57 52572
57 52600
57 52605
57 52607
57 52643
57 52689
57 52716
57 52740
57 52752
57 52755
57 52768
57 52788
57 52808
57 52813
57 52828
57 52832
57 52834
57 52854
57 52867
57 52886
57 52887
57 52898
57 52987
57 53075
57 53099
57 53124
57 53128
57 53159
57 53212
57 53213
57 53219
57 53230
57 53266
57 53944
57 55281
57 55380
57 56010
57 56110
57 56296
57 57627
52 18
52 20
52 37
52 41
52 76
52 82
52 91
52 99
52 102
52 108
52 127
52 239
52 247
52 248
52 273
52 281
52 286
52 382
52 396
52 411
52 433
52 434
52 444
52 480
52 531
52 532
52 541
52 545
52 547
52 583
52 621
52 634
52 636
52 704
52 751
52 754
52 775
52 780
52 839
52 885
52 886
52 894
52 896
52 897
52 908
52 915
52 963
52 964
52 965
52 971
52 972
52 996
52 1014
52 1027
52 1036
52 1049
52 1053
52 1062
52 1063
52 1084
52 1094
52 1110
52 1165
52 1172
52 1176
52 1178
52 1179
52 1180
52 1190
52 1223
52 1226
52 1281
52 1342
52 1345
52 1347
52 1365
52 1375
52 1394
52 1400
52 1414
52 1476
52 1496
52 1505
52 1561
52 1574
52 1589
52 1600
52 1629
52 1635
52 1668
52 1695
52 1720
52 1737
52 1747
52 1777
52 1783
52 1793
52 1808
52 1815
52 1820
52 1824
52 1831
52 1878
52 1902
52 1904
52 1978
52 2012
52 2032
52 2060
52 2117
52 2121
52 2202
52 2231
52 2238
52 2247
52 2273
52 2290
52 2295
52 2314
52 2328
52 2332
52 2333
52 2351
52 2407
52 2418
52 2441
52 2445
52 2501
52 2507
52 2520
52 2525
52 2553
52 2569
52 2666
52 2704
52 2720
52 2726
52 2773
52 2801
52 2833
52 2874
52 2884
52 2892
52 2900
52 2904
52 2936
52 2988
52 2995
52 2998
52 3011
52 3012
52 3014
52 3036
52 3065
52 3075
52 3086
52 3138
52 3185
52 3189
52 3197
52 3201
52 3204
52 3206
52 3214
52 3225
52 3241
52 3264
52 3331
52 3337
52 3343
52 3347
52 3377
52 3388
52 3413
52 3435
52 3478
52 3483
52 3509
52 3513
52 3522
52 3546
52 3552
52 3575
52 3609
52 3623
52 3679
52 3689
52 3716
52 3729
52 3735
52 3753
52 3767
52 3813
52 3866
52 3877
52 3878
52 3885
52 3892
52 3901
52 3913
52 3953
52 3956
52 3982
52 3993
52 3997
52 4051
52 4066
52 4072
52 4130
52 4215
52 4233
52 4244
52 4262
52 4294
52 4311
52 4327
52 4380
52 4393
52 4411
52 4431
52 4434
52 4442
52 4466
52 4617
52 4651
52 4655
52 4663
52 4665
52 4687
52 4727
52 4761
52 4845
52 4857
52 4881
52 4907
52 4909
52 4910
52 4960
52 4961
52 4978
52 4989
52 5024
52 5029
52 5033
52 5034
52 5049
52 5062
52 5071
52 5090
52 5099
52 5101
52 5119
52 5152
52 5158
52 5174
52 5205
52 5208
52 5218
52 5247
52 5258
52 5268
52 5299
52 5322
52 5452
52 5464
52 5466
52 5485
52 5614
52 5682
52 5683
52 5688
52 5700
52 5791
52 5873
52 5916
52 5920
52 5938
52 5954
52 5957
52 5964
52 5979
52 5987
52 6005
52 6006
52 6057
52 6070
52 6132
52 6149
52 6150
52 6163
52 6249
52 6251
52 6258
52 6259
52 6264
52 6295
52 6303
52 6316
52 6347
52 6349
52 6351
52 6363
52 6380
52 6385
52 6394
52 6420
52 6445
52 6454
52 6493
52 6494
52 6511
52 6519
52 6524
52 6554
52 6572
52 6581
52 6588
52 6619
52 6637
52 6639
52 6675
52 6704
52 6758
52 6759
52 6775
52 6807
52 6844
52 6875
52 6887
52 6888
52 6906
52 6948
52 6962
52 6987
52 6992
52 7020
52 7050
52 7066
52 7083
52 7101
52 7111
52 7117
52 7144
52 7146
52 7163
52 7179
52 7188
52 7273
52 7322
52 7343
52 7368
52 7391
52 7394
52 7422
52 7432
52 7450
52 7479
52 7484
52 7534
52 7541
52 7543
52 7549
52 7565
52 7570
52 7692
52 7731
52 7741
52 7770
52 7795
52 7813
52 7831
52 7839
52 7849
52 7887
52 7907
52 7924
52 7937
52 7943
52 7949
52 7994
52 8045
52 8070
52 8106
52 8109
52 8124
52 8131
52 8143
52 8177
52 8182
52 8218
52 8263
52 8277
52 8299
52 8317
52 8351
52 8353
52 8364
52 8366
52 8380
52 8417
52 8448
52 8451
52 8465
52 8482
52 8497
52 8518
52 8533
52 8539
52 8543
52 8552
52 8560
52 8592
52 8620
52 8628
52 8640
52 8656
52 8677
52 8695
52 8712
52 8713
52 8727
52 8766
52 8778
52 8784
52 8861
52 8916
52 8957
52 8966
52 8970
52 9019
52 9022
52 9025
52 9033
52 9039
52 9074
52 9101
52 9106
52 9137
52 9138
52 9192
52 9208
52 9220
52 9235
52 9252
52 9254
52 9276
52 9301
52 9309
52 9329
52 9365
52 9406
52 9410
52 9415
52 9417
52 9476
52 9496
52 9503
52 9504
52 9521
52 9554
52 9560
52 9584
52 9595
52 9640
52 9673
52 9687
52 9691
52 9713
52 9746
52 9839
52 9878
52 9889
52 9930
52 9970
52 9981
52 9991
52 9998
52 10020
52 10027
52 10080
52 10151
52 10174
52 10183
52 10184
52 10209
52 10240
52 10245
52 10276
52 10307
52 10320
52 10346
52 10364
52 10438
52 10475
52 10481
52 10507
52 10508
52 10509
52 10525
52 10617
52 10623
52 10637
52 10720
52 10722
52 10742
52 10769
52 10803
52 10820
52 10873
52 10893
52 10899
52 10922
52 10945
52 10961
52 10985
52 11019
52 11041
52 11060
52 11063
52 11096
52 11103
52 11120
52 11147
52 11183
52 11202
52 11205
52 11275
52 11278
52 11316
52 11332
52 11349
52 11377
52 11436
52 11450
52 11453
52 11515
52 11530
52 11593
52 11604
52 11609
52 11669
52 11673
52 11686
52 11695
52 11698
52 11738
52 11743
52 11813
52 11837
52 11884
52 11903
52 11937
52 11986
52 12007
52 12016
52 12072
52 12101
52 12141
52 12194
52 12254
52 12302
52 12311
52 12317
52 12320
52 12333
52 12336
52 12360
52 12385
52 12408
52 12469
52 12504
52 12507
52 12511
52 12527
52 12570
52 12620
52 12636
52 12702
52 12740
52 12750
52 12772
52 12785
52 12790
52 12796
52 12816
52 12842
52 12843
52 12847
52 12894
52 12930
52 12935
52 12948
52 12961
52 13021
52 13051
52 13087
52 13106
52 13107
52 13137
52 13153
52 13155
52 13156
52 13271
52 13281
52 13294
52 13311
52 13331
52 13333
52 13364
52 13395
52 13423
52 13519
52 13552
52 13556
52 13576
52 13578
52 13592
52 13624
52 13643
52 13646
52 13664
52 13687
52 13725
52 13735
52 13737
52 13748
52 13837
52 13852
52 13859
52 13870
52 13878
52 13900
52 13917
52 13935
52 13936
52 13954
52 13959
52 14004
52 14053
52 14060
52 14070
52 14186
52 14228
52 14246
52 14261
52 14266
52 14304
52 14328
52 14367
52 14376
52 14415
52 14418
52 14421
52 14451
52 14465
52 14483
52 14487
52 14521
52 14582
52 14631
52 14637
52 14640
52 14672
52 14692
52 14697
52 14748
52 14798
52 14829
52 14871
52 14876
52 14877
52 14888
52 14899
52 14968
52 14991
52 15039
52 15053
52 15054
52 15093
52 15097
52 15107
52 15112
52 15113
52 15115
52 15135
52 15139
52 15183
52 15242
52 15298
52 15311
52 15316
52 15339
52 15376
52 15384
52 15412
52 15415
52 15439
52 15441
52 15442
52 15448
52 15461
52 15482
52 15488
52 15549
52 15576
52 15604
52 15650
52 15666
52 15686
52 15705
52 15714
52 15748
52 15846
52 15885
52 15899
52 15900
52 15968
52 15999
52 16036
52 16047
52 16062
52 16067
52 16083
52 16088
52 16108
52 16132
52 16135
52 16142
52 16168
52 16169
52 16199
52 16200
52 16226
52 16231
52 16343
52 16390
52 16395
52 16416
52 16458
52 16484
52 16491
52 16521
52 16523
52 16525
52 16526
52 16551
52 16587
52 16590
52 16610
52 16617
52 16628
52 16635
52 16650
52 16668
52 16704
52 16749
52 16791
52 16803
52 16958
52 16987
52 17031
52 17036
52 17093
52 17094
52 17101
52 17110
52 17119
52 17134
52 17140
52 17200
52 17209
52 17211
52 17225
52 17229
52 17257
52 17273
52 17306
52 17384
52 17397
52 17415
52 17469
52 17474
52 17506
52 17530
52 17546
52 17555
52 17570
52 17592
52 17612
52 17724
52 17738
52 17752
52 17756
52 17785
52 17788
52 17819
52 17832
52 17848
52 17853
52 17862
52 17908
52 17930
52 17963
52 17983
52 18003
52 18004
52 18026
52 18031
52 18049
52 18143
52 18165
52 18192
52 18200
52 18213
52 18232
52 18257
52 18314
52 18316
52 18328
52 18330
52 18352
52 18368
52 18423
52 18435
52 18457
52 18485
52 18519
52 18527
52 18528
52 18533
52 18560
52 18562
52 18578
52 18580
52 18581
52 18651
52 18673
52 18747
52 18768
52 18769
52 18811
52 18854
52 18874
52 18880
52 18984
52 18994
52 18997
52 19003
52 19039
52 19049
52 19093
52 19109
52 19110
52 19163
52 19166
52 19173
52 19179
52 19224
52 19232
52 19271
52 19290
52 19299
52 19305
52 19383
52 19403
52 19421
52 19453
52 19497
52 19521
52 19554
52 19576
52 19577
52 19579
52 19584
52 19658
52 19668
52 19716
52 19745
52 19791
52 19811
52 19822
52 19854
52 19877
52 19920
52 19931
52 19946
52 19974
52 19986
52 19997
52 20024
52 20029
52 20040
52 20053
52 20069
52 20116
52 20146
52 20148
52 20153
52 20160
52 20168
52 20179
52 20180
52 20208
52 20252
52 20265
52 20280
52 20283
52 20296
52 20300
52 20317
52 20336
52 20342
52 20380
52 20408
52 20445
52 20512
52 20532
52 20538
52 20588
52 20616
52 20620
52 20634
52 20666
52 20702
52 20704
52 20725
52 20777
52 20824
52 20885
52 20897
52 20904
52 20926
52 20941
52 20960
52 20966
52 20978
52 20992
52 21027
52 21036
52 21050
52 21071
52 21079
52 21086
52 21107
52 21182
52 21188
52 21194
52 21213
52 21218
52 21227
52 21249
52 21327
52 21334
52 21349
52 21404
52 21419
52 21455
52 21466
52 21510
52 21541
52 21567
52 21569
52 21571
52 21575
52 21586
52 21634
52 21649
52 21664
52 21665
52 21673
52 21691
52 21758
52 21805
52 21812
52 21826
52 21858
52 21859
52 21882
52 21917
52 21926
52 21939
52 21956
52 21977
52 21994
52 22025
52 22175
52 22209
52 22218
52 22224
52 22269
52 22285
52 22297
52 22309
52 22342
52 22349
52 22360
52 22381
52 22421
52 22423
52 22424
52 22471
52 22472
52 22473
52 22513
52 22576
52 22582
52 22585
52 22591
52 22592
52 22598
52 22600
52 22609
52 22619
52 22624
52 22629
52 22682
52 22689
52 22753
52 22761
52 22796
52 22800
52 22853
52 22875
52 22891
52 22901
52 22933
52 22948
52 22983
52 23034
52 23041
52 23144
52 23145
52 23168
52 23184
52 23206
52 23231
52 23253
52 23266
52 23302
52 23310
52 23337
52 23386
52 23404
52 23413
52 23424
52 23455
52 23465
52 23550
52 23552
52 23574
52 23587
52 23607
52 23660
52 23689
52 23695
52 23715
52 23735
52 23784
52 23804
52 23829
52 23860
52 23874
52 23875
52 23897
52 23917
52 24023
52 24080
52 24133
52 24146
52 24153
52 24159
52 24172
52 24184
52 24194
52 24204
52 24215
52 24224
52 24228
52 24256
52 24285
52 24287
52 24295
52 24304
52 24342
52 24383
52 24403
52 24407
52 24415
52 24416
52 24418
52 24429
52 24457
52 24483
52 24643
52 24653
52 24658
52 24673
52 24681
52 24687
52 24704
52 24737
52 24740
52 24744
52 24745
52 24747
52 24751
52 24784
52 24785
52 24786
52 24789
52 24798
52 24802
52 24806
52 24819
52 24901
52 24909
52 24940
52 24958
52 24961
52 24962
52 24976
52 24990
52 24997
52 25028
52 25034
52 25046
52 25054
52 25090
52 25117
52 25138
52 25175
52 25179
52 25180
52 25188
52 25207
52 25212
52 25227
52 25248
52 25261
52 25333
52 25350
52 25376
52 25401
52 25408
52 25415
52 25428
52 25444
52 25462
52 25467
52 25492
52 25503
52 25529
52 25537
52 25568
52 25593
52 25610
52 25611
52 25629
52 25635
52 25664
52 25670
52 25683
52 25684
52 25689
52 25753
52 25793
52 25802
52 25860
52 25893
52 25979
52 25981
52 26008
52 26023
52 26057
52 26083
52 26124
52 26127
52 26131
52 26141
52 26149
52 26163
52 26178
52 26192
52 26196
52 26205
52 26207
52 26217
52 26220
52 26229
52 26235
52 26250
52 26254
52 26261
52 26274
52 26315
52 26322
52 26331
52 26351
52 26356
52 26377
52 26379
52 26407
52 26421
52 26430
52 26437
52 26440
52 26451
52 26474
52 26513
52 26550
52 26567
52 26593
52 26595
52 26601
52 26603
52 26617
52 26643
52 26690
52 26691
52 26694
52 26718
52 26794
52 26825
52 26835
52 26839
52 26947
52 26962
52 27047
52 27117
52 27182
52 27208
52 27226
52 27236
52 27237
52 27241
52 27269
52 27324
52 27338
52 27344
52 27373
52 27395
52 27402
52 27467
52 27485
52 27501
52 27515
52 27561
52 27594
52 27604
52 27662
52 27672
52 27676
52 27741
52 27746
52 27762
52 27769
52 27775
52 27796
52 27800
52 27840
52 27871
52 27895
52 27938
52 27961
52 27985
52 28002
52 28023
52 28039
52 28044
52 28080
52 28122
52 28144
52 28147
52 28152
52 28195
52 28226
52 28228
52 28246
52 28250
52 28263
52 28264
52 28281
52 28294
52 28304
52 28324
52 28326
52 28442
52 28450
52 28452
52 28455
52 28475
52 28479
52 28488
52 28501
52 28519
52 28542
52 28567
52 28673
52 28741
52 28758
52 28790
52 28796
52 28797
52 28847
52 28870
52 28874
52 28905
52 28945
52 28979
52 29017
52 29064
52 29102
52 29103
52 29116
52 29138
52 29204
52 29255
52 29259
52 29265
52 29272
52 29279
52 29281
52 29303
52 29329
52 29339
52 29348
52 29355
52 29374
52 29384
52 29403
52 29432
52 29445
52 29480
52 29484
52 29540
52 29544
52 29549
52 29562
52 29576
52 29593
52 29662
52 29674
52 29734
52 29743
52 29757
52 29769
52 29771
52 29791
52 29804
52 29819
52 29821
52 29827
52 29853
52 29890
52 29904
52 29908
52 29919
52 29938
52 29961
52 29986
52 30012
52 30047
52 30130
52 30208
52 30210
52 30231
52 30268
52 30269
52 30320
52 30349
52 30372
52 30378
52 30382
52 30383
52 30388
52 30406
52 30491
52 30516
52 30532
52 30592
52 30639
52 30660
52 30661
52 30705
52 30708
52 30744
52 30788
52 30795
52 30799
52 30838
52 30879
52 30894
52 30900
52 30924
52 30961
52 31033
52 31044
52 31070
52 31074
52 31110
52 31160
52 31161
52 31184
52 31208
52 31272
52 31292
52 31313
52 31339
52 31350
52 31355
52 31366
52 31376
52 31389
52 31401
52 31402
52 31428
52 31466
52 31517
52 31534
52 31581
52 31602
52 31614
52 31621
52 31647
52 31649
52 31672
52 31785
52 31787
52 31795
52 31805
52 31824
52 31832
52 31833
52 31874
52 31881
52 31883
52 31983
52 32005
52 32011
52 32049
52 32057
52 32110
52 32113
52 32188
52 32200
52 32215
52 32216
52 32222
52 32252
52 32298
52 32304
52 32315
52 32319
52 32340
52 32343
52 32372
52 32387
52 32488
52 32492
52 32514
52 32528
52 32542
52 32559
52 32566
52 32571
52 32582
52 32610
52 32641
52 32643
52 32710
52 32744
52 32751
52 32754
52 32779
52 32792
52 32817
52 32847
52 32865
52 32886
52 32905
52 32948
52 32955
52 32981
52 33019
52 33042
52 33049
52 33051
52 33053
52 33185
52 33198
52 33235
52 33260
52 33302
52 33319
52 33324
52 33342
52 33387
52 33389
52 33418
52 33531
52 33548
52 33567
52 33575
52 33580
52 33583
52 33594
52 33614
52 33635
52 33640
52 33705
52 33716
52 33768
52 33775
52 33796
52 33809
52 33881
52 33904
52 33915
52 33949
52 33957
52 33964
52 33992
52 34052
52 34053
52 34069
52 34070
52 34087
52 34102
52 34198
52 34313
52 34315
52 34360
52 34373
52 34399
52 34484
52 34520
52 34559
52 34593
52 34596
52 34652
52 34658
52 34663
52 34675
52 34689
52 34717
52 34734
52 34766
52 34770
52 34775
52 34894
52 34934
52 34955
52 34989
52 34995
52 34999
52 35001
52 35025
52 35033
52 35056
52 35062
52 35069
52 35071
52 35120
52 35214
52 35304
52 35411
52 35470
52 35492
52 35521
52 35522
52 35577
52 35580
52 35604
52 35611
52 35635
52 35644
52 35695
52 35704
52 35760
52 35767
52 35773
52 35797
52 35806
52 35819
52 35843
52 35853
52 35860
52 35861
52 35873
52 35899
52 35929
52 35946
52 35948
52 35949
52 35965
52 35974
52 35983
52 35990
52 36004
52 36075
52 36120
52 36182
52 36193
52 36221
52 36229
52 36256
52 36324
52 36326
52 36355
52 36371
52 36384
52 36414
52 36444
52 36461
52 36504
52 36508
52 36524
52 36556
52 36599
52 36646
52 36665
52 36695
52 36724
52 36727
52 36759
52 36766
52 36809
52 36824
52 36826
52 36860
52 36866
52 36871
52 36872
52 36889
52 36894
52 36906
52 36927
52 36929
52 36943
52 36948
52 36961
52 36978
52 37005
52 37024
52 37094
52 37146
52 37224
52 37234
52 37340
52 37353
52 37369
52 37411
52 37415
52 37424
52 37425
52 37456
52 37462
52 37464
52 37527
52 37535
52 37602
52 37619
52 37648
52 37654
52 37670
52 37693
52 37700
52 37767
52 37796
52 37808
52 37869
52 37878
52 37888
52 37905
52 37954
52 37976
52 37986
52 37991
52 38006
52 38039
52 38059
52 38122
52 38127
52 38129
52 38134
52 38143
52 38144
52 38145
52 38164
52 38170
52 38175
52 38228
52 38256
52 38285
52 38317
52 38359
52 38430
52 38433
52 38442
52 38454
52 38456
52 38465
52 38500
52 38507
52 38509
52 38520
52 38524
52 38617
52 38621
52 38679
52 38701
52 38734
52 38783
52 38809
52 38825
52 38840
52 38864
52 38869
52 38884
52 38897
52 38987
52 38992
52 39007
52 39027
52 39028
52 39029
52 39039
52 39049
52 39050
52 39074
52 39076
52 39122
52 39130
52 39151
52 39154
52 39181
52 39183
52 39267
52 39270
52 39289
52 39302
52 39320
52 39345
52 39346
52 39360
52 39369
52 39391
52 39402
52 39425
52 39435
52 39477
52 39495
52 39512
52 39561
52 39573
52 39574
52 39610
52 39614
52 39628
52 39637
52 39641
52 39661
52 39673
52 39703
52 39731
52 39745
52 39753
52 39771
52 39784
52 39787
52 39789
52 39798
52 39846
52 39859
52 39885
52 39965
52 39980
52 39994
52 40028
52 40071
52 40093
52 40124
52 40144
52 40173
52 40178
52 40203
52 40259
52 40276
52 40334
52 40365
52 40371
52 40432
52 40457
52 40473
52 40487
52 40493
52 40498
52 40502
52 40503
52 40528
52 40550
52 40619
52 40623
52 40661
52 40662
52 40673
52 40704
52 40731
52 40775
52 40790
52 40892
52 40901
52 40905
52 40916
52 40938
52 40957
52 40964
52 40972
52 41001
52 41003
52 41042
52 41070
52 41074
52 41105
52 41150
52 41159
52 41171
52 41182
52 41192
52 41203
52 41205
52 41309
52 41338
52 41349
52 41355
52 41369
52 41370
52 41372
52 41394
52 41399
52 41410
52 41423
52 41430
52 41440
52 41457
52 41464
52 41505
52 41515
52 41530
52 41575
52 41624
52 41630
52 41648
52 41650
52 41695
52 41728
52 41739
52 41764
52 41773
52 41870
52 41886
52 41897
52 41914
52 41948
52 41954
52 41963
52 42006
52 42008
52 42015
52 42028
52 42036
52 42053
52 42057
52 42065
52 42101
52 42219
52 42233
52 42274
52 42317
52 42321
52 42337
52 42392
52 42396
52 42401
52 42422
52 42455
52 42461
52 42463
52 42480
52 42520
52 42528
52 42569
52 42579
52 42582
52 42653
52 42678
52 42733
52 42760
52 42769
52 42797
52 42813
52 42822
52 42856
52 42889
52 42959
52 42983
52 43032
52 43054
52 43066
52 43080
52 43084
52 43138
52 43155
52 43173
52 43183
52 43219
52 43252
52 43271
52 43283
52 43299
52 43350
52 43379
52 43382
52 43393
52 43409
52 43414
52 43436
52 43476
52 43477
52 43478
52 43484
52 43494
52 43500
52 43527
52 43610
52 43612
52 43620
52 43621
52 43637
52 43650
52 43657
52 43658
52 43672
52 43679
52 43698
52 43717
52 43723
52 43726
52 43734
52 43738
52 43804
52 43823
52 43828
52 44694
52 44760
52 44787
52 44801
52 44938
52 44957
52 45069
52 45078
52 45111
52 45115
52 45125
52 45166
52 45244
52 45359
52 45383
52 45415
52 45419
52 45447
52 45455
52 45482
52 45505
52 45524
52 45526
52 45533
52 45537
52 45566
52 45569
52 45581
52 45638
52 45699
52 45791
52 45812
52 45822
52 45834
52 45887
52 45926
52 45961
52 45966
52 45978
52 46005
52 46039
52 46052
52 46061
52 46075
52 46086
52 46158
52 46193
52 46217
52 46255
52 46260
52 46284
52 46331
52 46337
52 46348
52 46357
52 46376
52 46403
52 46406
52 46425
52 46452
52 46503
52 46525
52 46529
52 46563
52 46581
52 46593
52 46640
52 46651
52 46693
52 46704
52 46753
52 46820
52 46824
52 46860
52 46865
52 46900
52 46901
52 46981
52 47033
52 47057
52 47081
52 47101
52 47118
52 47121
52 47122
52 47147
52 47180
52 47181
52 47223
52 47249
52 47309
52 47326
52 47334
52 47347
52 47354
52 47358
52 47375
52 47384
52 47422
52 47453
52 47499
52 47504
52 47505
52 47513
52 47518
52 47587
52 47593
52 47611
52 47700
52 47747
52 47773
52 47853
52 47910
52 47924
52 47982
52 48016
52 48033
52 48122
52 48139
52 48192
52 48204
52 48208
52 48233
52 48241
52 48273
52 48274
52 48316
52 48335
52 48375
52 48389
52 48415
52 48425
52 48524
52 48592
52 48618
52 48633
52 48636
52 48663
52 48679
52 48684
52 48722
52 48731
52 48737
52 48756
52 48809
52 48825
52 48839
52 48850
52 48945
52 48948
52 48968
52 48993
52 49039
52 49049
52 49055
52 49091
52 49101
52 49184
52 49185
52 49187
52 49195
52 49206
52 49214
52 49236
52 49237
52 49259
52 49285
52 49289
52 49307
52 49332
52 49334
52 49341
52 49380
52 49408
52 49440
52 49463
52 49545
52 49547
52 49549
52 49597
52 49647
52 49651
52 49654
52 49671
52 49676
52 49683
52 49690
52 49718
52 49725
52 49741
52 49759
52 49765
52 49770
52 49776
52 49860
52 49863
52 49960
52 50052
52 50102
52 50105
52 50118
52 50137
52 50220
52 50254
52 50259
52 50279
52 50282
52 50343
52 50361
52 50407
52 50415
52 50423
52 50451
52 50490
52 50505
52 50520
52 50522
52 50534
52 50553
52 50562
52 50595
52 50625
52 50627
52 50629
52 50637
52 50657
52 50658
52 50665
52 50718
52 50743
52 50746
52 50757
52 50763
52 50765
52 50805
52 50828
52 50842
52 50856
52 50861
52 50864
52 50874
52 50878
52 50901
52 50911
52 50917
52 50999
52 51032
52 51041
52 51042
52 51054
52 51107
52 51120
52 51132
52 51164
52 51182
52 51211
52 51241
52 51341
52 51358
52 51359
52 51379
52 51416
52 51446
52 51477
52 51533
52 51589
52 51595
52 51598
52 51616
52 51639
52 51652
52 51710
52 51732
52 51764
52 51765
52 51792
52 51794
52 51795
52 51832
52 51839
52 51893
52 51903
52 51919
52 51927
52 51937
52 51977
52 51979
52 52006
52 52009
52 52011
52 52052
52 52055
52 52074
52 52119
52 52126
52 52212
52 52237
52 52288
52 52303
52 52317
52 52325
52 52342
52 52391
52 52425
52 52443
52 52449
52 52451
52 52541
52 52559
52 52564
52 52646
52 52652
52 52656
52 52710
52 52737
52 52777
52 52795
52 52811
52 52876
52 52890
52 52910
52 52926
52 52932
52 52944
52 52948
52 52958
52 52991
52 53020
52 53056
52 53122
52 53170
52 53230
52 53252
52 53274
52 53300
52 53315
52 53387
52 53503
52 53557
52 53571
52 53660
52 53729
52 53783
52 53805
52 53831
52 53832
52 53836
52 53860
52 53941
52 53966
52 53975
52 54043
52 54056
52 54075
52 54085
52 54091
52 54109
52 54137
52 54152
52 54181
52 54223
52 54236
52 54237
52 54253
52 54279
52 54289
52 54330
52 54338
52 54392
52 54408
52 54413
52 54456
52 54466
52 54483
52 54498
52 54500
52 54593
52 54620
52 54622
52 54630
52 54682
52 54696
52 54700
52 54709
52 54722
52 54797
52 54798
52 54815
52 54825
52 54834
52 54837
52 54863
52 54891
52 54938
52 54968
52 54996
52 54998
52 55008
52 55023
52 55082
52 55115
52 55123
52 55154
52 55194
52 55229
52 55245
52 55256
52 55262
52 55263
52 55287
52 55310
52 55342
52 55393
52 55396
52 55409
52 55413
52 55426
52 55447
52 55448
52 55478
52 55569
52 55573
52 55575
52 55595
52 55598
52 55602
52 55607
52 55619
52 55700
52 55710
52 55728
52 55731
52 55756
52 55764
52 55774
52 55782
52 55790
52 55793
52 55803
52 55817
52 55845
52 55853
52 55861
52 55880
52 55911
52 55920
52 55922
52 55967
52 55996
52 56005
52 56047
52 56072
52 56105
52 56121
52 56133
52 56143
52 56147
52 56197
52 56211
52 56226
52 56228
52 56264
52 56288
52 56311
52 56322
52 56344
52 56365
52 56404
52 56419
52 56423
52 56447
52 56463
52 56499
52 56509
52 56518
52 56534
52 56583
52 56594
52 56606
52 56612
52 56623
52 56629
52 56651
52 56663
52 56681
52 56705
52 56733
52 56775
52 56818
52 56841
52 56870
52 56877
52 56882
52 56898
52 56909
52 56933
52 56956
52 57053
52 57069
52 57094
52 57097
52 57116
52 57120
52 57141
52 57174
52 57195
52 57199
52 57227
52 57264
52 57274
52 57290
52 57306
52 57313
52 57317
52 57345
52 57367
52 57375
52 57444
52 57445
52 57467
52 57491
52 57538
52 57557
52 57560
52 57562
52 57573
52 57586
52 57601
52 57610
52 57612
52 57640
52 57690
52 57716
52 57726
52 57743
52 57770
52 57785
52 57794
52 57811
52 57817
52 57825
52 57832
52 57860
52 57870
52 57886
52 57898
52 57909
52 57911
52 57913
52 57921
52 57982
52 57985
52 58001
52 58024
52 58026
52 58035
52 58042
52 58043
52 58052
52 58093
52 58114
52 58116
52 58123
52 58166
52 58216
52 58220
52 58223
52 58245
52 58300
52 58310
52 58324
52 58336
52 58370
52 58376
52 58404
52 58428
52 58530
52 58556
52 58565
52 58568
52 58577
52 58578
52 58618
52 58624
52 58698
52 58719
52 58741
52 58768
52 58792
52 58794
52 58811
52 58840
52 58853
52 58861
52 58873
52 58915
52 58918
52 58939
52 58961
52 58968
52 59002
52 59009
52 59060
52 59062
52 59127
52 59142
52 59160
52 59219
52 59225
52 59262
52 59274
52 59278
52 59337
52 59361
52 59404
52 59423
52 59424
52 59441
52 59443
52 59456
52 59478
52 59497
52 59514
52 59534
52 59547
52 59579
52 59593
52 59601
52 59649
52 59725
52 59738
52 59758
52 59788
52 59808
52 59818
52 59830
52 59855
52 59857
52 59862
52 59878
52 59890
52 59958
52 59960
52 59989
52 60014
52 60079
52 60111
52 60171
52 60219
52 60244
52 60250
52 60256
52 60322
52 60343
52 60346
52 60390
52 60401
52 60438
52 60556
52 60560
52 60583
52 60616
52 60648
52 60681
52 60718
52 60722
52 60844
52 60897
52 60908
52 60918
52 60940
52 60952
52 60960
52 60967
52 60999
52 61012
52 61019
52 61023
52 61027
52 61044
52 61101
52 61118
52 61122
52 61125
52 61154
52 61169
52 61181
52 61185
52 61200
52 61236
52 61238
52 61264
52 61271
52 61338
52 61347
52 61365
52 61378
52 61390
52 61399
52 61410
52 61454
52 61456
52 61517
52 61522
52 61541
52 61568
52 61623
52 61684
52 61773
52 61811
52 61829
52 61896
52 61904
52 61916
52 61927
52 61942
52 61945
52 61950
52 61974
52 61997
52 62003
52 62015
52 62025
52 62067
52 62113
52 62149
52 62172
52 62179
52 62202
52 62208
52 62223
52 62231
52 62235
52 62247
52 62294
52 62319
52 62328
52 62366
52 62379
52 62383
52 62394
52 62403
52 62413
52 62432
52 62475
52 62510
52 62515
52 62523
52 62540
52 62572
52 62587
52 62616
52 62642
52 62649
52 62662
52 62675
52 62709
52 62761
52 62775
52 62838
52 62907
52 62913
52 62991
52 62994
52 63029
52 63048
52 63058
52 63061
52 63087
52 63144
52 63151
52 63155
52 63160
52 63165
52 63167
52 63185
52 63238
52 63255
52 63271
52 63287
52 63297
52 63331
52 63341
52 63346
52 63400
52 63434
52 63439
52 63496
52 63509
52 63514
52 63544
52 63639
52 63646
52 63682
52 63695
52 63725
52 63755
52 63772
52 63778
52 63858
52 63892
52 63896
52 63915
52 63940
52 63949
52 63966
52 63986
52 63998
52 64008
52 64092
52 64124
52 64147
52 64192
52 64213
52 64228
52 64242
52 64263
52 64290
52 64293
52 64322
52 64325
52 64335
52 64349
52 64351
52 64370
52 64449
52 64465
52 64478
52 64484
52 64515
52 64533
52 64572
52 64589
52 64590
52 64594
52 64599
52 64653
52 64681
52 64713
52 64720
52 64724
52 64753
52 64776
52 64780
52 64806
52 64811
52 64823
52 64829
52 64830
52 64841
52 64858
52 64897
52 64915
52 64917
52 64943
52 64960
52 64965
52 64973
52 65010
52 65013
52 65021
52 65044
52 65066
52 65078
52 65099
52 65126
52 65144
52 65152
52 65209
52 65268
52 65284
52 65303
52 65305
52 65363
52 65402
52 65418
52 65419
52 65453
52 65493
52 65567
52 65585
52 65644
52 65656
52 65704
52 65761
52 65779
52 65780
52 65785
52 65797
52 65803
52 65806
52 65861
52 65863
52 65901
52 65911
52 65922
52 65987
52 66032
52 66038
52 66088
52 66097
52 66107
52 66150
52 66180
52 66211
52 66214
52 66317
52 66357
52 66369
52 66395
52 66415
52 66430
52 66435
52 66579
52 66736
52 66745
60 44
60 93
60 139
60 163
60 166
60 168
60 198
60 212
60 260
60 263
60 265
60 270
60 284
60 324
60 328
60 364
60 370
60 371
60 409
60 411
60 415
60 426
60 446
60 481
60 506
60 511
60 551
60 561
60 660
60 684
60 761
60 788
60 792
60 803
60 863
60 872
60 873
60 908
60 918
60 937
60 944
60 966
60 973
60 994
60 1001
60 1018
60 1045
60 1056
60 1059
60 1101
60 1143
60 1150
60 1198
60 1205
60 1265
60 1276
60 1355
60 1374
60 1413
60 1414
60 1422
60 1431
60 1455
60 1470
60 1472
60 1487
60 1514
60 1526
60 1555
60 1612
60 1621
60 1641
60 1672
60 1695
60 1730
60 1756
60 1771
60 1795
60 1805
60 1827
60 1862
60 1873
60 1887
60 1910
60 1936
60 1944
60 1967
60 2004
60 2013
60 2029
60 2036
60 2072
60 2144
60 2152
60 2173
60 2205
60 2233
60 2240
60 2253
60 2273
60 2277
60 2287
60 2296
60 2307
60 2312
60 2316
60 2318
60 2319
60 2333
60 2352
60 2360
60 2375
60 2380
60 2401
60 2426
60 2474
60 2482
60 2483
60 2485
60 2508
60 2544
60 2600
60 2625
60 2632
60 2649
60 2655
60 2668
60 2734
60 2767
60 2770
60 2805
60 2837
60 2841
60 2905
60 2937
60 3015
60 3088
60 3096
60 3204
60 3215
60 3245
60 3256
60 3314
60 3336
60 3400
60 3418
60 3428
60 3475
60 3489
60 3516
60 3529
60 3534
60 3538
60 3544
60 3552
60 3591
60 3611
60 3616
60 3653
60 3655
60 3661
60 3670
60 3718
60 3721
60 3794
60 3805
60 3850
60 3856
60 3865
60 3874
60 3879
60 3881
60 3883
60 3918
60 3930
60 3957
60 3992
60 3998
60 4006
60 4017
60 4042
60 4062
60 4085
60 4098
60 4100
60 4121
60 4165
60 4167
60 4192
60 4264
60 4270
60 4275
60 4279
60 4290
60 4384
60 4386
60 4445
60 4452
60 4473
60 4532
60 4548
60 4580
60 4592
60 4655
60 4660
60 4685
60 4694
60 4744
60 4782
60 4787
60 4800
60 4835
60 4851
60 4919
60 4927
60 4930
60 4941
60 4950
60 4971
60 4976
60 5023
60 5044
60 5079
60 5105
60 5146
60 5198
60 5203
60 5208
60 5228
60 5242
60 5313
60 5315
60 5320
60 5330
60 5336
60 5380
60 5400
60 5429
60 5430
60 5499
60 5504
60 5510
60 5526
60 5587
60 5649
60 5673
60 5713
60 5715
60 5763
60 5770
60 5795
60 5805
60 5821
60 5839
60 5840
60 5860
60 5865
60 5891
60 5910
60 5943
60 5954
60 6009
60 6012
60 6015
60 6059
60 6107
60 6116
60 6118
60 6147
60 6182
60 6188
60 6197
60 6201
60 6225
60 6246
60 6259
60 6263
60 6268
60 6281
60 6310
60 6342
60 6355
60 6371
60 6372
60 6381
60 6406
60 6414
60 6431
60 6469
60 6486
60 6546
60 6555
60 6574
60 6575
60 6577
60 6594
60 6602
60 6701
60 6720
60 6728
60 6735
60 6763
60 6766
60 6785
60 6794
60 6816
60 6822
60 6840
60 6905
60 6916
60 6967
60 6969
60 6977
60 6979
60 7007
60 7009
60 7025
60 7033
60 7051
60 7054
60 7078
60 7085
60 7151
60 7179
60 7185
60 7189
60 7279
60 7289
60 7319
60 7347
60 7405
60 7462
60 7479
60 7494
60 7504
60 7524
60 7535
60 7553
60 7590
60 7650
60 7658
60 7684
60 7724
60 7746
60 7758
60 7784
60 7816
60 7820
60 7832
60 7834
60 7844
60 7857
60 7861
60 7870
60 7885
60 7902
60 7911
60 7921
60 7935
60 7952
60 7992
60 7999
60 8008
60 8043
60 8077
60 8098
60 8110
60 8111
60 8135
60 8141
60 8160
60 8161
60 8176
60 8203
60 8227
60 8233
60 8251
60 8275
60 8284
60 8305
60 8338
60 8355
60 8364
60 8369
60 8372
60 8401
60 8406
60 8421
60 8479
60 8485
60 8520
60 8523
60 8546
60 8560
60 8612
60 8628
60 8669
60 8672
60 8686
60 8687
60 8703
60 8712
60 8725
60 8734
60 8738
60 8815
60 8848
60 8850
60 8851
60 8876
60 8891
60 8907
60 8929
60 8947
60 8949
60 8989
60 9004
60 9100
60 9115
60 9121
60 9127
60 9128
60 9164
60 9305
60 9320
60 9346
60 9365
60 9428
60 9446
60 9447
60 9478
60 9501
60 9524
60 9605
60 9630
60 9728
60 9740
60 9765
60 9800
60 9888
60 9897
60 9908
60 9919
60 9923
60 9948
60 9957
60 10020
60 10029
60 10031
60 10032
60 10069
60 10081
60 10082
60 10083
60 10085
60 10094
60 10099
60 10102
60 10125
60 10136
60 10141
60 10184
60 10220
60 10256
60 10258
60 10302
60 10352
60 10396
60 10414
60 10421
60 10458
60 10503
60 10526
60 10531
60 10535
60 10584
60 10588
60 10626
60 10684
60 10713
60 10717
60 10723
60 10726
60 10732
60 10733
60 10768
60 10795
60 10800
60 10831
60 10841
60 10867
60 10878
60 10884
60 10948
60 10952
60 10957
60 10963
60 10969
60 10989
60 11011
60 11021
60 11036
60 11039
60 11054
60 11056
60 11071
60 11104
60 11115
60 11131
60 11136
60 11191
60 11209
60 11225
60 11240
60 11249
60 11260
60 11282
60 11302
60 11314
60 11323
60 11325
60 11334
60 11338
60 11353
60 11369
60 11381
60 11395
60 11399
60 11404
60 11414
60 11468
60 11497
60 11524
60 11526
60 11533
60 11557
60 11578
60 11628
60 11637
60 11700
60 11714
60 11725
60 11743
60 11775
60 11830
60 11943
60 11982
60 11994
60 12023
60 12027
60 12040
60 12052
60 12056
60 12067
60 12069
60 12093
60 12112
60 12114
60 12183
60 12188
60 12196
60 12220
60 12244
60 12261
60 12283
60 12327
60 12424
60 12441
60 12445
60 12458
60 12467
60 12519
60 12533
60 12535
60 12575
60 12651
60 12723
60 12757
60 12797
60 12801
60 12817
60 12842
60 12865
60 12870
60 12874
60 12883
60 12901
60 12915
60 12949
60 12959
60 12973
60 13009
60 13050
60 13104
60 13108
60 13135
60 13144
60 13211
60 13217
60 13228
60 13258
60 13266
60 13301
60 13373
60 13446
60 13454
60 13503
60 13504
60 13507
60 13572
60 13624
60 13660
60 13715
60 13721
60 13745
60 13818
60 13847
60 13858
60 13863
60 13870
60 13933
60 13957
60 13978
60 14014
60 14038
60 14039
60 14054
60 14056
60 14074
60 14080
60 14117
60 14145
60 14147
60 14174
60 14181
60 14185
60 14218
60 14235
60 14306
60 14342
60 14352
60 14413
60 14418
60 14453
60 14460
60 14462
60 14512
60 14550
60 14579
60 14605
60 14614
60 14617
60 14630
60 14648
60 14672
60 14691
60 14697
60 14752
60 14759
60 14766
60 14788
60 14826
60 14897
60 14899
60 14922
60 14942
60 14943
60 14966
60 14969
60 14988
60 14993
60 15003
60 15029
60 15062
60 15071
60 15084
60 15106
60 15276
60 15279
60 15291
60 15294
60 15317
60 15319
60 15328
60 15342
60 15343
60 15398
60 15404
60 15406
60 15421
60 15493
60 15522
60 15565
60 15594
60 15629
60 15639
60 15661
60 15686
60 15690
60 15711
60 15743
60 15759
60 15877
60 15901
60 15905
60 15914
60 15924
60 15947
60 16026
60 16044
60 16061
60 16066
60 16106
60 16108
60 16136
60 16169
60 16181
60 16183
60 16190
60 16191
60 16201
60 16216
60 16256
60 16379
60 16397
60 16398
60 16408
60 16428
60 16432
60 16433
60 16446
60 16460
60 16480
60 16483
60 16484
60 16515
60 16524
60 16526
60 16547
60 16563
60 16568
60 16569
60 16578
60 16580
60 16582
60 16597
60 16625
60 16634
60 16667
60 16714
60 16720
60 16745
60 16771
60 16781
60 16789
60 16796
60 16869
60 16889
60 16947
60 16949
60 16965
60 17001
60 17019
60 17030
60 17072
60 17114
60 17120
60 17129
60 17138
60 17145
60 17198
60 17200
60 17228
60 17231
60 17261
60 17277
60 17299
60 17335
60 17374
60 17415
60 17429
60 17455
60 17506
60 17520
60 17539
60 17544
60 17593
60 17667
60 17670
60 17723
60 17740
60 17748
60 17761
60 17768
60 17769
60 17813
60 17881
60 17899
60 17909
60 17919
60 17941
60 17952
60 18002
60 18041
60 18048
60 18063
60 18075
60 18078
60 18083
60 18156
60 18183
60 18197
60 18200
60 18271
60 18291
60 18300
60 18309
60 18344
60 18373
60 18374
60 18378
60 18387
60 18408
60 18432
60 18454
60 18493
60 18498
60 18530
60 18533
60 18554
60 18560
60 18570
60 18608
60 18624
60 18642
60 18654
60 18657
60 18667
60 18699
60 18701
60 18707
60 18717
60 18724
60 18745
60 18752
60 18754
60 18779
60 18843
60 18854
60 18870
60 18923
60 18940
60 18950
60 18978
60 19006
60 19019
60 19056
60 19058
60 19077
60 19083
60 19111
60 19125
60 19183
60 19191
60 19202
60 19212
60 19215
60 19234
60 19243
60 19251
60 19424
60 19449
60 19453
60 19458
60 19505
60 19511
60 19527
60 19566
60 19584
60 19639
60 19650
60 19683
60 19685
60 19690
60 19737
60 19741
60 19764
60 19765
60 19766
60 19797
60 19801
60 19828
60 19834
60 19870
60 19875
60 19881
60 19915
60 19954
60 19965
60 19972
60 20018
60 20060
60 20061
60 20091
60 20098
60 20110
60 20185
60 20209
60 20265
60 20267
60 20272
60 20278
60 20304
60 20305
60 20326
60 20359
60 20365
60 20443
60 20445
60 20548
60 20617
60 20649
60 20677
60 20697
60 20718
60 20721
60 20746
60 20817
60 20836
60 20858
60 20878
60 20923
60 20932
60 20940
60 20990
60 21022
60 21024
60 21070
60 21089
60 21148
60 21210
60 21217
60 21274
60 21414
60 21483
60 21490
60 21588
60 21624
60 21640
60 21646
60 21648
60 21826
60 21928
60 21939
60 21958
60 21967
60 22002
60 22029
60 22191
60 22230
60 22274
60 22290
60 22348
60 22358
60 22364
60 22365
60 22376
60 22388
60 22399
60 22414
60 22442
60 22453
60 22500
60 22507
60 22543
60 22598
60 22664
60 22701
60 22711
60 22715
60 22726
60 22753
60 22761
60 22803
60 22822
60 22824
60 22833
60 22913
60 22943
60 22986
60 22997
60 23006
60 23008
60 23036
60 23070
60 23095
60 23103
60 23110
60 23115
60 23142
60 23171
60 23196
60 23212
60 23229
60 23249
60 23280
60 23387
60 23468
60 23493
60 23554
60 23562
60 23626
60 23652
60 23659
60 23672
60 23674
60 23685
60 23693
60 23735
60 23746
60 23774
60 23881
60 23892
60 23952
60 23954
60 23996
60 24054
60 24064
60 24066
60 24067
60 24076
60 24079
60 24117
60 24130
60 24137
60 24150
60 24187
60 24230
60 24233
60 24239
60 24268
60 24286
60 24287
60 24414
60 24425
60 24427
60 24441
60 24448
60 24462
60 24485
60 24498
60 24511
60 24559
60 24561
60 24587
60 24613
60 24620
60 24687
60 24710
60 24740
60 24759
60 24760
60 24769
60 24779
60 24813
60 24878
60 24897
60 24903
60 25004
60 25007
60 25014
60 25018
60 25026
60 25061
60 25062
60 25074
60 25080
60 25094
60 25098
60 25125
60 25132
60 25149
60 25150
60 25158
60 25165
60 25167
60 25190
60 25204
60 25210
60 25213
60 25240
60 25247
60 25265
60 25268
60 25282
60 25302
60 25329
60 25375
60 25382
60 25431
60 25464
60 25471
60 25484
60 25490
60 25509
60 25535
60 25555
60 25570
60 25575
60 25583
60 25605
60 25615
60 25659
60 25675
60 25686
60 25727
60 25733
60 25774
60 25792
60 25825
60 25870
60 25879
60 25889
60 25894
60 25906
60 25920
60 25930
60 25931
60 25935
60 25996
60 26045
60 26077
60 26098
60 26103
60 26138
60 26160
60 26179
60 26193
60 26226
60 26230
60 26280
60 26322
60 26324
60 26362
60 26375
60 26376
60 26401
60 26475
60 26486
60 26518
60 26519
60 26575
60 26617
60 26628
60 26639
60 26748
60 26753
60 26787
60 26788
60 26809
60 26860
60 26881
60 26882
60 26888
60 26901
60 26925
60 26936
60 26957
60 26958
60 26959
60 26983
60 26994
60 26996
60 27017
60 27020
60 27027
60 27034
60 27071
60 27074
60 27076
60 27080
60 27105
60 27119
60 27127
60 27147
60 27182
60 27208
60 27233
60 27289
60 27294
60 27303
60 27327
60 27407
60 27411
60 27441
60 27521
60 27542
60 27582
60 27626
60 27642
60 27679
60 27709
60 27715
60 27787
60 27798
60 27833
60 27922
60 27960
60 28032
60 28043
60 28102
60 28142
60 28155
60 28158
60 28160
60 28172
60 28255
60 28308
60 28311
60 28331
60 28364
60 28370
60 28434
60 28448
60 28467
60 28479
60 28505
60 28519
60 28564
60 28579
60 28601
60 28651
60 28704
60 28730
60 28770
60 28816
60 28817
60 28824
60 28827
60 28860
60 28867
60 28920
60 28935
60 28947
60 28955
60 29016
60 29070
60 29075
60 29117
60 29129
60 29164
60 29189
60 29218
60 29227
60 29247
60 29256
60 29283
60 29287
60 29295
60 29302
60 29379
60 29474
60 29519
60 29560
60 29645
60 29648
60 29665
60 29667
60 29720
60 29726
60 29735
60 29775
60 29821
60 29822
60 29911
60 29921
60 29989
60 30029
60 30035
60 30040
60 30043
60 30057
60 30103
60 30109
60 30111
60 30125
60 30129
60 30153
60 30213
60 30236
60 30285
60 30302
60 30305
60 30325
60 30351
60 30355
60 30400
60 30433
60 30458
60 30484
60 30492
60 30497
60 30500
60 30527
60 30557
60 30563
60 30627
60 30639
60 30698
60 30711
60 30721
60 30733
60 30787
60 30860
60 30894
60 30899
60 30910
60 30935
60 30951
60 30984
60 31007
60 31027
60 31050
60 31059
60 31064
60 31088
60 31105
60 31116
60 31143
60 31193
60 31198
60 31214
60 31220
60 31238
60 31250
60 31253
60 31260
60 31355
60 31364
60 31370
60 31445
60 31458
60 31472
60 31478
60 31519
60 31521
60 31527
60 31529
60 31537
60 31592
60 31647
60 31702
60 31715
60 31745
60 31767
60 31795
60 31808
60 31831
60 31838
60 31858
60 31866
60 31879
60 31914
60 31922
60 31947
60 31955
60 31976
60 31982
60 32000
60 32008
60 32033
60 32078
60 32113
60 32121
60 32130
60 32143
60 32179
60 32192
60 32210
60 32221
60 32322
60 32337
60 32344
60 32371
60 32372
60 32374
60 32391
60 32397
60 32429
60 32451
60 32464
60 32485
60 32509
60 32587
60 32617
60 32620
60 32621
60 32626
60 32665
60 32681
60 32737
60 32742
60 32771
60 32784
60 32832
60 32947
60 32950
60 32956
60 32962
60 32963
60 32968
60 32992
60 33001
60 33011
60 33016
60 33020
60 33056
60 33092
60 33107
60 33147
60 33173
60 33234
60 33273
60 33281
60 33286
60 33345
60 33348
60 33349
60 33363
60 33396
60 33415
60 33442
60 33456
60 33474
60 33496
60 33514
60 33519
60 33533
60 33542
60 33567
60 33581
60 33590
60 33641
60 33672
60 33696
60 33739
60 33747
60 33748
60 33759
60 33808
60 33815
60 33856
60 33864
60 33875
60 33885
60 33904
60 33907
60 33919
60 33929
60 33978
60 33992
60 34005
60 34031
60 34072
60 34092
60 34096
60 34146
60 34150
60 34152
60 34157
60 34173
60 34177
60 34182
60 34292
60 34328
60 34338
60 34369
60 34401
60 34434
60 34439
60 34448
60 34515
60 34525
60 34527
60 34560
60 34566
60 34581
60 34646
60 34663
60 34670
60 34672
60 34681
60 34706
60 34722
60 34747
60 34749
60 34755
60 34764
60 34802
60 34831
60 34834
60 34846
60 34855
60 34890
60 34914
60 34926
60 34960
60 34972
60 34985
60 34991
60 35017
60 35022
60 35062
60 35071
60 35088
60 35094
60 35096
60 35114
60 35143
60 35157
60 35159
60 35166
60 35195
60 35197
60 35203
60 35210
60 35219
60 35227
60 35248
60 35287
60 35296
60 35297
60 35321
60 35327
60 35418
60 35424
60 35432
60 35517
60 35540
60 35557
60 35579
60 35581
60 35588
60 35599
60 35601
60 35619
60 35622
60 35640
60 35656
60 35722
60 35737
60 35757
60 35761
60 35777
60 35799
60 35833
60 35896
60 35930
60 35949
60 35956
60 35958
60 35989
60 36005
60 36021
60 36038
60 36076
60 36083
60 36104
60 36128
60 36134
60 36155
60 36162
60 36166
60 36167
60 36253
60 36257
60 36308
60 36327
60 36340
60 36354
60 36361
60 36412
60 36420
60 36437
60 36443
60 36458
60 36463
60 36474
60 36498
60 36546
60 36548
60 36569
60 36573
60 36644
60 36649
60 36666
60 36679
60 36687
60 36764
60 36767
60 36782
60 36798
60 36822
60 36823
60 36830
60 36837
60 36889
60 36936
60 36979
60 37004
60 37054
60 37065
60 37084
60 37118
60 37126
60 37143
60 37178
60 37192
60 37200
60 37237
60 37245
60 37261
60 37270
60 37311
60 37312
60 37323
60 37326
60 37331
60 37340
60 37356
60 37391
60 37398
60 37405
60 37422
60 37467
60 37473
60 37490
60 37492
60 37516
60 37574
60 37601
60 37603
60 37622
60 37636
60 37669
60 37670
60 37683
60 37688
60 37708
60 37709
60 37710
60 37732
60 37751
60 37756
60 37765
60 37783
60 37794
60 37812
60 37818
60 37922
60 37954
60 37955
60 37964
60 37966
60 38119
60 38142
60 38233
60 38270
60 38291
60 38330
60 38331
60 38365
60 38376
60 38434
60 38439
60 38451
60 38456
60 38503
60 38537
60 38539
60 38578
60 38597
60 38613
60 38630
60 38775
60 38789
60 38795
60 38851
60 39003
60 39142
60 39230
60 39315
60 39320
60 39356
60 39428
60 39480
60 39558
60 39579
60 39582
60 39660
60 39668
60 39713
60 39784
60 39789
60 39817
60 39846
60 39849
60 39942
60 40011
60 40043
60 40101
60 40128
60 40191
60 40204
60 40214
60 40257
60 40267
60 40394
60 40419
60 40432
60 40436
60 40472
60 40473
60 40542
60 40558
60 40579
60 40656
60 40668
60 40676
60 40711
60 40713
60 40739
60 40762
60 40847
60 40873
60 40875
60 40891
60 40898
60 40908
60 40909
60 40911
60 40995
60 41023
60 41026
60 41077
60 41079
60 41110
60 41116
60 41133
60 41165
60 41171
60 41199
60 41207
60 41217
60 41270
60 41283
60 41327
60 41328
60 41333
60 41336
60 41367
60 41370
60 41425
60 41428
60 41467
60 41510
60 41522
60 41619
60 41650
60 41684
60 41685
60 41697
60 41713
60 41722
60 41749
60 41759
60 41773
60 41821
60 41822
60 41915
60 41942
60 41996
60 42015
60 42021
60 42024
60 42048
60 42065
60 42067
60 42091
60 42126
60 42187
60 42195
60 42215
60 42221
60 42223
60 42297
60 42302
60 42321
60 42339
60 42349
60 42366
60 42369
60 42386
60 42436
60 42440
60 42530
60 42548
60 42592
60 42604
60 42614
60 42645
60 42657
60 42666
60 42689
60 42694
60 42695
60 42720
60 42727
60 42755
60 42771
60 42842
60 42883
60 42985
60 43010
60 43013
60 43023
60 43027
60 43050
60 43085
60 43134
60 43146
60 43147
60 43176
60 43190
60 43191
60 43223
60 43243
60 43244
60 43276
60 43317
60 43392
60 43459
60 43466
60 43471
60 43542
60 43555
60 43574
60 43587
60 43610
60 43703
60 43736
60 43783
60 43825
60 43866
60 43881
60 43882
60 43892
60 43932
60 43993
60 44045
60 44070
60 44084
60 44090
60 44091
60 44096
60 44100
60 44141
60 44180
60 44222
60 44234
60 44242
60 44248
60 44294
60 44338
60 44340
60 44347
60 44349
60 44387
60 44394
60 44468
60 44483
60 44504
60 44507
60 44524
60 44567
60 44599
60 44641
60 44660
60 44671
60 44673
60 44683
60 44689
60 44733
60 44745
60 44764
60 44782
60 44809
60 44852
60 44898
60 44927
60 44933
60 44969
60 44981
60 45016
60 45102
60 45133
60 45162
60 45164
60 45204
60 45228
60 45241
60 45256
60 45276
60 45317
60 45344
60 45389
60 45411
60 45412
60 45438
60 45458
60 45474
60 45485
60 45487
60 45525
60 45526
60 45542
60 45574
60 45582
60 45608
60 45612
60 45625
60 45631
60 45633
60 45646
60 45662
60 45721
60 45727
60 45820
60 45824
60 45851
60 45852
60 45887
60 45889
60 45896
60 45919
60 45951
60 46009
60 46010
60 46027
60 46049
60 46058
60 46084
60 46117
60 46125
60 46133
60 46167
60 46174
60 46175
60 46198
60 46201
60 46203
60 46259
60 46273
60 46277
60 46316
60 46390
60 46421
60 46430
60 46455
60 46463
60 46468
60 46472
60 46484
60 46527
60 46541
60 46552
60 46558
60 46576
60 46586
60 46605
60 46612
60 46688
60 46697
60 46762
60 46862
60 46874
60 46987
60 46988
60 47003
60 47054
60 47084
60 47123
60 47125
60 47142
60 47146
60 47153
60 47162
60 47167
60 47175
60 47214
60 47244
60 47273
60 47361
60 47374
60 47391
60 47419
60 47444
60 47464
60 47466
60 47506
60 47551
60 47568
60 47596
60 47606
60 47649
60 47659
60 47670
60 47701
60 47722
60 47752
60 47755
60 47761
60 47777
60 47782
60 47795
60 47799
60 47815
60 47827
60 47838
60 47848
60 47857
60 47931
60 47935
60 47950
60 47978
60 47998
60 48025
60 48032
60 48037
60 48048
60 48066
60 48069
60 48072
60 48078
60 48092
60 48097
60 48113
60 48125
60 48182
60 48198
60 48218
60 48228
60 48324
60 48350
60 48353
60 48361
60 48372
60 48411
60 48482
60 48484
60 48518
60 48570
60 48572
60 48596
60 48689
60 48695
60 48708
60 48763
60 48792
60 48804
60 48805
60 48839
60 48869
60 48885
60 48897
60 48920
60 48931
60 49020
60 49035
60 49046
60 49074
60 49084
60 49115
60 49122
60 49133
60 49180
60 49181
60 49188
60 49200
60 49204
60 49214
60 49231
60 49255
60 49289
60 49320
60 49329
60 49351
60 49375
60 49376
60 49479
60 49487
60 49545
60 49551
60 49567
60 49571
60 49620
60 49631
60 49667
60 49704
60 49711
60 49830
60 49884
60 49887
60 49911
60 49926
60 49932
60 50054
60 50062
60 50094
60 50116
60 50192
60 50214
60 50215
60 50237
60 50288
60 50355
60 50368
60 50381
60 50398
60 50402
60 50403
60 50404
60 50425
60 50434
60 50437
60 50458
60 50496
60 50522
60 50545
60 50559
60 50562
60 50581
60 50624
60 50646
60 50658
60 50666
60 50696
60 50705
60 50737
60 50741
60 50778
60 50815
60 50833
60 50856
60 50864
60 50879
60 50898
60 50904
60 50911
60 50927
60 50943
60 51002
60 51005
60 51011
60 51025
60 51031
60 51058
60 51059
60 51064
60 51097
60 51133
60 51234
60 51343
60 51347
60 51385
60 51393
60 51404
60 51407
60 51414
60 51426
60 51469
60 51472
60 51483
60 51508
60 51515
60 51522
60 51527
60 51528
60 51558
60 51566
60 51597
60 51629
60 51704
60 51705
60 51706
60 51713
60 51726
60 51745
60 51798
60 51822
60 51829
60 51852
60 51958
60 51980
60 52010
60 52023
60 52036
60 52054
60 52068
60 52142
60 52144
60 52155
60 52160
60 52244
60 52312
60 52330
60 52338
60 52342
60 52396
60 52400
60 52473
60 52497
60 52533
60 52595
60 52612
60 52647
60 52655
60 52692
60 52695
60 52717
60 52729
60 52759
60 52765
60 52798
60 52831
60 52907
60 52918
60 52926
60 52930
60 52943
60 52952
60 52963
60 52994
60 53010
60 53027
60 53035
60 53062
60 53070
60 53120
60 53149
60 53165
60 53190
60 53221
60 53248
60 53262
60 53269
60 53293
60 53297
60 53300
60 53333
60 53347
60 53385
60 53407
60 53415
60 53457
60 53470
60 53471
60 53491
60 53498
60 53501
60 53507
60 53517
60 53534
60 53543
60 53550
60 53595
60 53648
60 53685
60 53693
60 53751
60 53755
60 53765
60 53772
60 53775
60 53776
60 53781
60 53908
60 53954
60 53978
60 53994
60 54018
60 54032
60 54075
60 54082
60 54084
60 54120
60 54131
60 54137
60 54141
60 54157
60 54176
60 54186
60 54189
60 54192
60 54197
60 54202
60 54204
60 54216
60 54223
60 54295
60 54317
60 54347
60 54352
60 54358
60 54364
60 54415
60 54424
60 54447
60 54452
60 54493
60 54518
60 54536
60 54569
60 54607
60 54614
60 54619
60 54625
60 54634
60 54639
60 54650
60 54656
60 54665
60 54673
60 54677
60 54678
60 54702
60 54716
60 54722
60 54738
60 54741
60 54784
60 54800
60 54824
60 54837
60 54869
60 54881
60 54893
60 54897
60 54903
60 54913
60 54952
60 55000
60 55004
60 55008
60 55056
60 55099
60 55131
60 55141
60 55163
60 55189
60 55195
60 55210
60 55247
60 55252
60 55254
60 55267
60 55283
60 55336
60 55346
60 55375
60 55387
60 55391
60 55406
60 55407
60 55408
60 55412
60 55454
60 55463
60 55468
60 55481
60 55505
60 55512
60 55516
60 55524
60 55565
60 55585
60 55593
60 55604
60 55615
60 55617
60 55624
60 55658
60 55805
60 55840
60 55855
60 55866
60 55909
60 55930
60 55942
60 55950
60 55951
60 55961
60 55965
60 55991
60 55997
60 56002
60 56003
60 56027
60 56085
60 56264
60 56300
60 56309
60 56317
60 56331
60 56345
60 56359
60 56362
60 56402
60 56409
60 56412
60 56413
60 56459
60 56464
60 56475
60 56479
60 56481
60 56489
60 56559
60 56572
60 56606
60 56620
60 56654
60 56692
60 56705
60 56738
60 56769
60 56826
60 56837
60 56844
60 56871
60 56879
60 56887
60 56899
60 56907
60 56970
60 57027
60 57031
60 57046
60 57056
60 57066
60 57072
60 57086
60 57120
60 57143
60 57146
60 57168
60 57177
60 57193
60 57197
60 57213
60 57218
60 57229
60 57233
60 57314
60 57325
60 57340
60 57369
60 57396
60 57398
60 57418
60 57467
60 57474
60 57522
60 57533
60 57553
60 57557
60 57571
60 57617
60 57625
60 57630
60 57635
60 57640
60 57649
60 57660
60 57671
60 57675
60 57683
60 57695
60 57723
60 57751
60 57754
60 57837
60 57846
60 57860
60 57873
60 57878
60 57893
60 57921
60 57924
60 57938
60 57973
60 57982
60 57985
60 58028
60 58034
60 58127
60 58141
60 58166
60 58167
60 58176
60 58190
60 58251
60 58253
60 58271
60 58297
60 58332
60 58392
60 58443
60 58465
60 58473
60 58482
60 58510
60 58513
60 58524
60 58534
60 58541
60 58558
60 58560
60 58564
60 58597
60 58618
60 58634
60 58644
60 58663
60 58677
60 58779
60 58828
60 58835
60 58888
60 58910
60 58925
60 58939
60 58942
60 58943
60 58967
60 58968
60 59016
60 59022
60 59055
60 59058
60 59072
60 59110
60 59127
60 59144
60 59146
60 59152
60 59184
60 59190
60 59210
60 59216
60 59224
60 59252
60 59269
60 59284
60 59287
60 59299
60 59311
60 59314
60 59490
60 59513
60 59534
60 59554
60 59555
60 59614
60 59623
60 59677
60 59689
60 59693
60 59710
60 59722
60 59766
60 59773
60 59790
60 59794
60 59798
60 59810
60 59811
60 59826
60 59866
60 59874
60 59899
60 59918
60 59930
60 59947
60 59971
60 59997
60 60048
60 60049
60 60080
60 60088
60 60100
60 60124
60 60179
60 60180
60 60183
60 60218
60 60234
60 60235
60 60312
60 60429
60 60471
60 60482
60 60527
60 60554
60 60646
60 60661
60 60756
60 60785
60 60787
60 60796
60 60800
60 60814
60 60833
60 60859
60 60881
60 60915
60 60954
60 60959
60 60968
60 60998
60 61036
60 61039
60 61081
60 61099
60 61110
60 61146
60 61212
60 61217
60 61228
60 61250
60 61255
60 61263
60 61291
60 61308
60 61318
60 61349
60 61402
60 61408
60 61414
60 61496
60 61524
60 61539
60 61653
60 61656
60 61668
60 61672
60 61674
60 61681
60 61694
60 61713
60 61714
60 61733
60 61754
60 61769
60 61778
60 61791
60 61916
60 61985
60 62016
60 62074
60 62076
60 62086
60 62116
60 62171
60 62180
60 62183
60 62184
60 62189
60 62206
60 62244
60 62265
60 62294
60 62319
60 62346
60 62424
60 62428
60 62431
60 62447
60 62468
60 62469
60 62476
60 62488
60 62520
60 62529
60 62550
60 62569
60 62572
60 62598
60 62683
60 62723
60 62755
60 62771
60 62788
60 62790
60 62792
60 62816
60 62826
60 62832
60 62845
60 62849
60 62862
60 62881
60 62889
60 62899
60 62958
60 62967
60 62970
60 63049
60 63051
60 63080
60 63082
60 63084
60 63095
60 63107
60 63130
60 63144
60 63154
60 63178
60 63193
60 63196
60 63254
60 63290
60 63327
60 63340
60 63382
60 63411
60 63464
60 63465
60 63476
60 63486
60 63518
60 63522
60 63549
60 63555
60 63597
60 63638
60 63662
60 63692
60 63696
60 63699
60 63708
60 63712
60 63756
60 63769
60 63772
60 63779
60 63792
60 63817
60 63822
60 63834
60 63845
60 63908
60 63954
60 63961
60 63962
60 64011
60 64050
60 64051
60 64067
60 64153
60 64173
60 64184
60 64186
60 64195
60 64204
60 64207
60 64211
60 64302
60 64306
60 64309
60 64360
60 64366
60 64374
60 64378
60 64381
60 64390
60 64407
60 64416
60 64420
60 64432
60 64465
60 64467
60 64482
60 64493
60 64507
60 64514
60 64536
60 64541
60 64563
60 64564
60 64570
60 64580
60 64588
60 64613
60 64618
60 64630
60 64644
60 64656
60 64673
60 64712
60 64742
60 64753
60 64760
60 64761
60 64783
60 64802
60 64871
60 64892
60 64981
60 65035
60 65049
60 65058
60 65125
60 65150
60 65170
60 65172
60 65181
60 65198
60 65230
60 65237
60 65262
60 65274
60 65314
60 65337
60 65348
60 65367
60 65380
60 65383
60 65390
60 65410
60 65442
60 65446
60 65556
60 65589
60 65602
60 65613
60 65669
60 65690
60 65693
60 65745
60 65820
60 65845
60 65877
60 65892
60 65914
60 65920
60 65931
60 65987
60 65995
60 65996
60 66000
60 66004
60 66042
60 66063
60 66088
60 66105
60 66178
60 66182
60 66197
60 66232
60 66271
60 66283
60 66298
60 66309
60 66311
60 66313
60 66353
60 66356
60 66364
60 66421
60 66456
60 66494
60 66506
60 66526
60 66548
60 66569
60 66575
60 66576
60 66598
60 66600
60 66615
60 66623
60 66624
60 66627
60 66669
60 66733
60 66743
60 66763
60 66800
60 66820
60 66853
60 66855
60 66872
60 66874
60 66882
60 66893
60 66962
60 66992
60 67009
60 67018
60 67040
60 67042
60 67104
60 67155
60 67188
60 67208
60 67229
60 67232
60 67275
60 67336
60 67341
60 67344
60 67357
60 67389
60 67426
60 67440
60 67445
60 67450
60 67452
60 67455
60 67462
60 67486
60 67492
60 67520
60 67521
60 67530
60 67536
60 67553
60 67555
60 67560
60 67568
60 67594
60 67618
60 67705
60 67715
60 67718
60 67736
60 67773
60 67809
60 67829
60 67855
60 67905
60 67907
60 67911
60 67921
60 67949
60 67952
60 67970
60 67986
60 68019
60 68059
60 68063
60 68096
60 68102
60 68130
60 68184
60 68200
60 68260
60 68265
60 68304
60 68419
60 68444
60 68499
60 68501
60 68504
60 68525
60 68554
60 68559
60 68565
60 68593
60 68599
60 68601
60 68614
60 68642
60 68648
60 68676
60 68732
60 68735
60 68752
60 68764
60 68774
60 68775
60 68843
60 68863
60 68865
60 68880
60 68887
60 68904
60 68917
60 68923
60 68954
60 68982
60 69004
60 69005
60 69011
60 69030
60 69035
60 69037
60 69058
60 69068
60 69074
60 69094
60 69124
60 69145
60 69152
60 69179
60 69208
60 69215
60 69240
60 69243
60 69253
60 69288
60 69294
60 69312
60 69326
60 69343
60 69374
60 69384
60 69427
60 69434
60 69477
60 69569
60 69599
60 69614
60 69621
60 69643
60 69648
60 69685
60 69739
60 69754
60 69773
60 69847
60 69897
60 69906
60 69921
60 69924
60 69932
60 69933
60 69960
60 69962
60 69977
60 69981
60 70044
60 70068
60 70107
60 70128
60 70160
60 70179
60 70182
60 70217
60 70219
60 70222
60 70238
60 70257
60 70275
60 70285
60 70305
60 70342
60 70346
60 70380
60 70381
60 70390
60 70423
60 70467
60 70502
60 70529
60 70562
60 70589
60 70597
60 70605
60 70608
60 70609
60 70623
60 70630
60 70654
60 70708
60 70711
60 70732
60 70746
60 70747
60 70758
60 70801
60 70805
60 70831
60 70886
60 70892
60 70948
60 70972
60 71009
60 71109
60 71121
60 71129
60 71139
60 71148
60 71177
60 71179
60 71223
60 71280
60 71349
60 71361
60 71374
60 71393
60 71398
60 71400
60 71437
60 71472
60 71563
60 71585
60 71586
60 71611
60 71614
60 71640
60 71642
60 71743
60 71757
60 71779
60 71787
60 71795
60 71813
60 71879
60 71894
60 71913
60 71914
60 71922
60 71927
60 71962
60 71990
60 71991
60 72015
60 72035
60 72082
60 72089
60 72139
60 72171
60 72172
60 72231
60 72240
60 72256
60 72277
60 72278
60 72289
60 72343
60 72361
60 72377
60 72402
60 72406
60 72411
60 72455
60 72467
60 72646
60 72649
60 72677
60 72680
60 72692
60 72694
60 72729
60 72740
60 72742
60 72747
60 72811
60 72814
60 72856
60 72867
60 72875
60 72895
60 72951
60 72954
60 72975
60 72977
60 72984
60 73060
60 73075
60 73076
60 73084
60 73097
60 73126
60 73134
60 73151
60 73178
60 73179
60 73213
60 73258
60 73348
60 73373
60 73387
60 73410
60 73415
60 73418
60 73498
60 73504
60 73505
60 73517
60 73552
60 73553
60 73576
60 73750
60 73768
60 73772
60 73810
60 73818
60 73823
60 73834
60 73850
60 73871
60 73894
60 73897
60 73911
60 73912
60 73969
60 73971
60 73990
60 74016
60 74155
60 74158
60 74176
60 74190
60 74193
60 74229
60 74256
60 74261
60 74276
60 74302
60 74314
60 74318
60 74323
60 74355
60 74363
60 74365
60 74378
60 74409
60 74414
60 74415
60 74459
60 74483
60 74536
60 74550
60 74562
60 74596
60 74597
60 74607
60 74655
60 74704
60 74720
60 74772
60 74816
60 74826
60 74835
60 74839
60 74887
60 74898
60 74903
60 74910
60 74934
60 74948
60 74972
60 75036
60 75045
60 75050
60 75060
60 75069
60 75077
60 75085
60 75093
60 75099
60 75109
60 75110
60 75121
60 75139
60 75161
60 75182
60 75194
60 75195
60 75243
60 75266
60 75277
60 75282
60 75301
60 75350
60 75359
60 75391
60 75422
60 75448
60 75459
60 75497
60 75574
60 75580
60 75588
60 75624
60 75647
60 75654
60 75694
60 75711
60 75712
60 75735
60 75824
60 75871
60 75882
60 75885
60 75907
60 75914
60 75936
60 75937
60 75942
60 75950
60 75975
60 75994
60 76028
60 76061
60 76072
60 76080
60 76086
60 76101
60 76173
60 76176
60 76178
60 76179
60 76187
60 76262
60 76274
60 76297
60 76388
60 76404
60 76446
60 76453
60 76463
60 76500
60 76526
60 76548
60 76551
60 76563
60 76624
60 76630
60 76633
60 76637
60 76646
60 76661
60 76671
60 76708
60 76712
60 76722
60 76759
60 76779
60 76847
60 76869
60 76928
60 76958
60 76980
60 77006
60 77010
60 77037
60 77085
60 77093
60 77104
60 77155
60 77214
60 77222
60 77237
60 77278
60 77282
60 77330
60 77382
60 77386
60 77407
60 77416
60 77429
60 77430
60 77489
60 77491
60 77527
60 77540
60 77571
60 77681
60 77714
60 77782
60 77817
60 77825
60 77830
60 77840
60 77851
60 77908
60 77943
60 77976
60 77989
60 78026
60 78034
60 78056
60 78073
60 78090
60 78106
60 78116
60 78132
60 78149
60 78168
60 78201
60 78216
60 78221
60 78232
60 78274
60 78282
60 78286
60 78335
60 78406
60 78427
60 78437
60 78483
60 78486
60 78507
60 78538
60 78571
60 78586
60 78632
60 78658
60 78659
60 78661
60 78677
60 78712
60 78748
60 78763
60 78766
60 78778
60 78859
60 78865
60 78868
60 78874
60 78901
60 78917
60 78949
60 78977
60 78979
60 79047
60 79071
60 79082
60 79119
60 79129
60 79167
60 79173
60 79180
60 79183
60 79186
60 79197
60 79212
60 79233
60 79245
60 79288
60 79298
60 79324
60 79371
60 79388
60 79392
60 79462
60 79465
60 79466
60 79481
60 79493
60 79520
60 79537
60 79581
60 79649
60 79667
60 79700
60 79703
60 79714
60 79750
60 79753
60 79777
60 79787
60 79792
60 79803
60 79839
60 79855
60 79908
60 79956
60 80011
60 80022
60 80049
60 80054
60 80057
60 80071
60 80073
60 80090
60 80121
60 80162
60 80183
60 80210
60 80334
60 80338
60 80374
60 80394
60 80405
60 80418
60 80455
60 80471
60 80519
60 80556
60 80587
60 80598
60 80601
60 80643
60 80696
60 80705
60 80721
60 80727
60 80770
60 80774
60 80786
60 80791
60 80821
60 80824
60 80842
60 80857
60 80873
60 80892
60 80905
60 80918
60 80931
60 80973
60 81015
60 81017
60 81042
60 81069
60 81092
60 81110
60 81127
60 81167
60 81181
60 81231
60 81237
60 81280
60 81287
60 81301
60 81308
60 81349
60 81352
60 81370
60 81389
60 81406
60 81416
60 81442
60 81453
60 81471
60 81502
60 81508
60 81529
60 81561
60 81573
60 81602
60 81607
60 81612
60 81652
60 81678
60 81708
60 81713
60 81724
60 81752
60 81773
60 81778
60 81812
60 81817
60 81839
60 81842
60 81957
60 81962
60 81981
60 82011
60 82016
60 82033
60 82065
60 82098
60 82111
60 82113
60 82122
60 82124
60 82134
60 82196
60 82197
60 82231
60 82279
60 82299
60 82302
60 82304
60 82320
60 82321
60 82340
60 82363
60 82427
60 82428
60 82435
60 82451
60 82485
60 82503
60 82514
60 82521
60 82525
60 82547
60 82556
60 82596
60 82610
60 82642
60 82656
60 82659
60 82684
60 82698
60 82714
60 82718
60 82728
60 82741
60 82750
60 82755
60 82768
60 82812
60 82850
60 82864
60 82909
60 82920
60 82925
60 82946
60 82958
60 82973
60 83016
60 83057
60 83081
60 83091
60 83133
60 83142
60 83145
60 83147
60 83180
60 83196
60 83210
60 83225
60 83257
60 83304
60 83312
60 83347
60 83381
60 83452
60 83456
60 83480
60 83571
60 83576
60 83579
60 83593
60 83639
60 83658
60 83670
60 83682
60 83736
60 83739
60 83758
60 83761
60 83773
60 83781
60 83793
60 83829
60 83876
60 83881
60 83951
60 83958
60 83996
60 84028
60 84030
60 84041
60 84069
60 84072
60 84099
60 84108
60 84118
60 84129
60 84141
60 84142
60 84166
60 84179
60 84204
60 84236
60 84242
60 84246
60 84268
60 84275
60 84350
60 84387
60 84411
60 84412
60 84432
60 84448
60 84474
60 84494
60 84499
60 84506
60 84539
60 84543
60 84571
60 84577
60 84580
60 84691
60 84773
60 84791
60 84812
60 84816
60 84833
60 84837
60 84869
60 84875
60 84910
60 84927
60 84979
60 84984
60 85082
60 85096
60 85154
60 85173
60 85184
60 85228
60 85251
60 85258
60 85268
60 85291
60 85322
60 85355
60 85361
60 85370
60 85484
60 85500
60 85501
60 85514
60 85533
60 85541
60 85559
60 85560
60 85579
60 85592
60 85615
60 85629
60 85630
60 85692
60 85700
60 85719
60 85726
60 85730
60 85756
60 85758
60 85759
60 85801
60 85806
60 85827
60 85857
60 85888
60 85897
60 85920
60 85931
60 85974
60 85994
60 86002
60 86024
60 86030
60 86045
60 86080
60 86096
60 86099
60 86105
60 86113
60 86133
60 86205
60 86208
60 86244
60 86266
60 86309
60 86344
60 86350
60 86407
60 86425
60 86446
60 86479
60 86485
60 86506
60 86519
60 86528
60 86539
60 86576
60 86584
60 86593
60 86608
60 86645
60 86652
60 86710
60 86734
60 86769
60 86794
60 86807
60 86825
60 86865
60 86878
60 86882
60 86899
60 86919
60 86932
60 86938
60 87029
60 87036
60 87049
60 87071
60 87149
60 87158
60 87201
60 87210
60 87218
60 87255
60 87327
60 87328
60 87364
60 87384
60 87402
60 87447
60 87457
60 87476
60 87478
60 87488
60 87504
60 87556
60 87627
60 87638
60 87664
60 87676
60 87679
60 87694
60 87748
60 87766
60 87767
60 87783
60 87808
60 87823
60 87952
60 87978
60 88005
60 88031
60 88060
60 88083
60 88108
60 88112
60 88134
60 88138
60 88140
60 88154
60 88160
60 88163
60 88173
60 88218
60 88231
60 88233
60 88271
60 88275
60 88295
60 88308
60 88334
60 88355
60 88362
60 88368
60 88376
60 88414
60 88418
60 88437
60 88454
60 88471
60 88475
60 88477
60 88492
60 88497
60 88535
60 88570
60 88599
60 88652
60 88671
60 88717
60 88719
60 88725
60 88764
60 88767
60 88774
60 88780
60 88857
60 88863
60 88871
60 88892
60 88898
60 88903
60 88942
60 88944
60 88956
60 89004
60 89024
60 89030
60 89043
60 89144
60 89157
60 89162
60 89197
60 89207
60 89221
60 89224
60 89226
60 89246
60 89270
60 89275
60 89276
60 89278
60 89315
60 89323
60 89334
60 89338
60 89347
60 89357
60 89446
60 89517
60 89588
60 89600
60 89606
60 89613
60 89625
60 89646
60 89669
60 89709
60 89724
60 89731
60 89743
60 89759
60 89778
60 89782
60 89799
60 89823
60 89871
60 89893
60 89973
60 89978
60 89980
60 90010
60 90013
60 90039
60 90073
60 90075
60 90093
60 90107
60 90121
60 90168
60 90209
60 90244
60 90253
60 90278
60 90287
60 90293
60 90299
60 90339
60 90347
60 90362
60 90392
60 90407
60 90410
60 90436
60 90491
60 90522
60 90542
60 90551
60 90567
60 90578
60 90604
60 90614
60 90628
60 90640
60 90650
60 90708
60 90738
60 90780
60 90786
60 90796
60 90809
60 90873
60 90879
60 90905
60 90906
60 90953
60 90971
60 90981
60 90989
60 90996
60 90998
60 90999
60 91015
60 91041
60 91062
60 91091
60 91148
60 91153
60 91180
60 91194
60 91202
60 91208
60 91209
60 91252
60 91263
60 91267
60 91272
60 91277
60 91316
60 91327
60 91355
60 91376
60 91398
60 91400
60 91441
60 91488
60 91515
60 91528
60 91550
60 91640
60 91661
60 91667
60 91671
60 91720
60 91721
60 91731
60 91733
60 91736
60 91812
60 91814
60 91848
60 91850
60 91862
60 91887
60 91896
60 91912
60 91916
60 91947
60 91968
60 91976
60 91986
60 91987
60 91996
60 92004
60 92020
60 92026
60 92126
60 92147
60 92175
60 92215
60 92262
60 92285
60 92300
60 92318
60 92362
60 92392
60 92408
60 92452
60 92505
60 92511
60 92523
60 92548
60 92555
60 92576
60 92610
60 92621
60 92695
60 92711
60 92713
60 92732
60 92850
60 92862
60 92993
60 93009
60 93018
60 93033
60 93043
60 93123
60 93137
60 93215
60 93246
60 93251
60 93278
60 93283
60 93294
60 93315
60 93322
60 93340
60 93365
60 93409
60 93492
60 93532
60 93543
60 93561
60 93583
60 93592
60 93616
60 93633
60 93666
60 93670
60 93675
60 93701
60 93706
60 93716
60 93720
60 93837
60 93850
60 93882
60 93985
60 94044
60 94262
60 94270
60 94277
60 94278
60 94302
60 94308
60 94315
60 94353
60 94355
60 94374
60 94377
60 94402
60 94425
60 94453
60 94472
60 94515
60 94538
60 94576
60 94578
60 94612
60 94638
60 94640
60 94643
60 94664
60 94815
60 94843
60 94904
60 94911
60 94939
60 94941
60 94943
60 94965
60 94971
60 94987
60 95007
60 95024
60 95040
60 95063
60 95079
60 95087
60 95125
60 95145
60 95156
60 95188
60 95192
60 95210
60 95214
60 95261
60 95270
60 95271
60 95277
60 95279
60 95331
60 95408
60 95435
60 95441
60 95442
60 95454
60 95474
60 95485
60 95559
60 95650
60 95651
60 95658
60 95687
60 95734
60 95765
60 95783
60 95789
60 95807
60 95818
60 95856
60 95865
60 95872
60 95882
60 95888
60 95911
60 95994
60 95995
60 95998
60 96025
60 96029
60 96039
60 96043
60 96046
60 96050
60 96065
60 96080
60 96085
60 96099
60 96104
60 96124
60 96127
60 96144
60 96149
60 96176
60 96190
60 96203
60 96219
60 96246
60 96260
60 96264
60 96317
60 96342
60 96344
60 96426
60 96464
60 96477
60 96489
60 96501
60 96508
60 96536
60 96553
60 96610
60 96635
60 96638
60 96663
60 96717
60 96744
60 96756
60 96764
60 96838
60 96854
60 96877
60 96882
60 96888
60 96906
60 97026
60 97048
60 97050
60 97054
60 97061
60 97112
60 97137
60 97163
60 97180
60 97210
60 97229
60 97254
60 97259
60 97262
60 97267
60 97283
60 97285
60 97318
60 97346
60 97400
60 97410
60 97424
60 97456
60 97460
60 97470
60 97509
60 97559
60 97581
60 97587
60 97626
60 97638
60 97643
60 97685
60 97691
60 97721
60 97732
60 97819
60 97843
60 97852
60 97861
60 97874
60 97881
60 97927
60 97962
60 97972
60 97992
60 98004
60 98010
60 98038
60 98143
60 98145
60 98149
60 98152
60 98210
60 98235
60 98276
60 98281
60 98307
60 98311
60 98318
60 98349
60 98361
60 98418
60 98426
60 98436
60 98477
60 98510
60 98524
60 98533
60 98545
60 98549
60 98572
60 98583
60 98601
60 98603
60 98615
60 98618
60 98641
60 98650
60 98671
60 98674
60 98698
60 98728
60 98756
60 98788
60 98793
60 98813
60 98874
60 98913
60 98916
60 98937
60 98982
60 99002
60 99021
60 99027
60 99034
60 99038
60 99060
60 99102
60 99105
60 99110
60 99158
60 99160
60 99172
60 99176
60 99180
60 99187
60 99286
60 99295
60 99298
60 99335
60 99343
60 99344
60 99346
60 99352
60 99401
60 99416
60 99438
60 99460
60 99468
60 99476
60 99511
60 99512
60 99529
60 99551
60 99570
60 99641
60 99724
60 99731
60 99754
60 99774
60 99776
60 99787
60 99889
60 99898
60 99905
60 99925
60 99929
60 99936
60 99941
60 99947
60 99952
60 100013
60 100029
60 100070
60 100084
60 100159
60 100167
60 100176
60 100177
60 100248
60 100253
60 100258
60 100275
60 100278
60 100293
60 100351
60 100386
60 100396
60 100415
60 100449
60 100492
60 100506
60 100518
60 100529
60 100537
60 100548
60 100560
60 100580
60 100622
60 100650
60 100657
60 100661
60 100667
60 100711
60 100734
60 100747
60 100770
60 100772
60 100782
60 100799
60 100834
60 100856
60 100870
60 100933
60 100936
60 100997
60 101039
60 101043
60 101099
60 101124
60 101129
60 101186
60 101228
60 101243
60 101280
60 101287
60 101302
60 101329
60 101332
60 101335
60 101364
60 101396
60 101407
60 101481
60 101554
60 101560
60 101592
60 101618
60 101621
60 101622
60 101626
60 101657
60 101661
60 101675
60 101680
60 101737
60 101749
60 101764
60 101790
60 101803
60 101855
60 101884
60 101910
60 101914
60 101925
60 101961
60 101977
60 101989
60 101999
60 102054
60 102069
60 102070
60 102075
60 102076
60 102162
60 102164
60 102193
60 102195
60 102199
60 102213
60 102246
60 102255
60 102283
60 102289
60 102328
60 102335
60 102353
60 102373
60 102393
60 102398
60 102427
60 102451
60 102535
60 102537
60 102598
60 102600
60 102608
60 102617
60 102618
60 102625
60 102631
60 102641
60 102702
60 102706
60 102716
60 102717
60 102748
60 102761
60 102780
60 102814
60 102825
60 102857
60 102871
60 102908
60 102949
60 103055
60 103076
60 103134
60 103175
60 103195
60 103203
60 103300
60 103303
60 103366
60 103375
60 103384
60 103388
60 103403
60 103407
60 103419
60 103448
60 103476
60 103528
60 103533
60 103539
60 103571
60 103583
60 103606
60 103610
60 103619
60 103633
60 103636
60 103637
60 103650
60 103659
60 103667
60 103698
60 103700
60 103721
60 103723
60 103760
60 103765
60 103771
60 103795
60 103804
60 103833
60 103883
60 103895
60 103901
60 103918
60 103925
60 104023
60 104026
60 104029
60 104060
60 104061
60 104084
60 104087
60 104124
60 104144
60 104202
60 104217
60 104259
60 104293
60 104319
60 104359
60 104376
60 104421
60 104431
60 104440
60 104458
60 104472
60 104478
60 104503
60 104514
60 104580
60 104620
60 104634
60 104648
60 104663
60 104713
60 104730
60 104753
60 104769
60 104822
60 104830
60 104839
60 104862
60 104879
60 104881
60 104892
60 104954
60 104981
60 104982
60 104983
60 105051
60 105072
60 105077
60 105078
60 105079
60 105101
60 105133
60 105137
60 105145
60 105147
60 105157
60 105167
60 105181
60 105199
60 105211
60 105256
60 105289
60 105379
60 105447
60 105483
60 105501
60 105514
60 105535
60 105541
60 105560
60 105603
60 105631
60 105641
60 105649
60 105657
60 105665
60 105670
60 105679
60 105694
60 105724
60 105725
60 105755
60 105760
60 105782
60 105790
60 105801
60 105803
60 105814
60 105882
60 105911
60 105931
60 105939
60 105944
60 105951
60 105952
60 105977
60 106001
60 106018
60 106021
60 106030
60 106052
60 106069
60 106072
60 106082
60 106086
60 106122
60 106127
60 106130
60 106142
60 106157
60 106162
60 106211
60 106249
60 106271
60 106298
60 106299
60 106313
60 106387
60 106388
60 106395
60 106418
60 106427
60 106430
60 106437
60 106460
60 106461
60 106478
60 106506
60 106523
60 106551
60 106561
60 106581
60 106592
60 106629
60 106630
60 106669
60 106672
60 106719
60 106735
60 106760
60 106763
60 106774
60 106785
60 106795
60 106865
60 106868
60 106911
60 106922
60 106924
60 106926
60 106930
60 106932
60 106947
60 106966
60 106974
60 106991
60 106994
60 106995
60 107006
60 107027
60 107034
60 107070
60 107076
60 107118
60 107124
60 107132
60 107146
60 107170
60 107181
60 107190
60 107251
60 107260
60 107273
60 107284
60 107294
60 107320
60 107325
60 107332
60 107353
60 107363
60 107392
60 107406
60 107428
60 107451
60 107482
60 107563
60 107570
60 107591
60 107617
60 107624
60 107687
60 107697
60 107704
60 107705
60 107792
60 107802
60 107806
60 107829
60 107895
60 107898
60 107899
60 107984
60 107998
60 108018
60 108062
60 108080
60 108087
60 108090
60 108104
60 108105
60 108107
60 108172
60 108195
60 108220
60 108255
60 108275
60 108299
60 108346
60 108356
60 108361
60 108410
60 108445
60 108459
60 108491
60 108492
60 108528
60 108555
60 108557
60 108582
60 108588
60 108590
60 108616
60 108627
60 108637
60 108660
60 108673
60 108680
60 108682
60 108684
60 108687
60 108705
60 108758
60 108776
60 108815
60 108854
60 108930
60 108932
60 108935
60 108942
60 108950
60 108965
60 109038
60 109045
60 109107
60 109115
60 109163
60 109221
60 109248
60 109301
60 109310
60 109376
60 109412
60 109428
60 109439
60 109448
60 109455
60 109488
60 109545
60 109576
60 109602
60 109717
60 109722
60 109759
60 109785
60 109801
60 109810
60 109819
60 109897
60 109922
60 109939
60 109963
60 109965
60 109972
60 109990
60 110021
60 110047
60 110048
60 110093
60 110110
60 110111
60 110116
60 110127
60 110177
60 110217
60 110234
60 110242
60 110330
60 110334
60 110365
60 110380
60 110399
60 110412
60 110427
60 110438
60 110452
60 110464
60 110502
60 110505
60 110507
60 110520
60 110548
60 110572
60 110590
60 110642
60 110693
60 110709
60 110764
60 110823
60 110830
60 110847
60 110870
60 110883
60 110885
60 110886
60 110904
60 110921
60 110933
60 110941
60 110988
60 111000
60 111001
60 111007
60 111028
60 111040
60 111052
60 111069
60 111073
60 111090
60 111093
60 111097
60 111120
60 111147
60 111156
60 111307
60 111339
60 111340
60 111355
60 111383
60 111426
60 111437
60 111474
60 111489
60 111495
60 111520
60 111552
60 111597
60 111632
60 111663
60 111665
60 111670
60 111676
60 111696
60 111706
60 111737
60 111772
60 111786
60 111789
60 111806
60 111854
60 111857
60 111876
60 111882
60 111938
60 111939
60 111956
60 112025
60 112054
60 112067
60 112073
60 112153
60 112165
60 112178
60 112180
60 112208
60 112227
60 112295
60 112299
60 112307
60 112322
60 112328
60 112354
60 112394
60 112395
60 112404
60 112413
60 112431
60 112459
60 112478
60 112484
60 112489
60 112507
60 112517
60 112525
60 112533
60 112565
60 112566
60 112576
60 112601
60 112617
60 112619
60 112643
60 112650
60 112733
60 112734
60 112775
60 112803
60 112804
60 112847
60 112869
60 112884
60 112930
60 112948
60 112959
60 112982
60 112991
60 112992
60 113020
60 113075
60 113106
60 113125
60 113136
60 113232
60 113245
60 113282
60 113299
60 113321
60 113342
60 113399
60 113404
60 113405
60 113411
60 113415
60 113418
60 113449
60 113492
60 113509
60 113510
60 113517
60 113529
60 113549
60 113574
60 113667
60 113670
60 113677
60 113705
60 113750
60 113752
60 113765
60 113780
60 113785
60 113803
60 113808
60 113821
60 113882
60 113885
60 113939
60 113944
60 113977
60 113992
60 113996
60 114003
60 114014
60 114040
60 114054
60 114057
60 114097
60 114100
60 114106
60 114120
60 114140
60 114203
60 114289
60 114297
60 114308
60 114323
60 114329
60 114357
60 114368
60 114396
60 114412
60 114413
60 114499
60 114516
60 114555
60 114565
60 114594
60 114607
60 114665
60 114739
60 114742
60 114759
60 114770
60 114774
60 114783
60 114785
60 114788
60 114835
60 114867
60 114876
60 114887
60 114918
60 114932
60 114991
60 114995
60 115023
60 115025
60 115051
60 115075
60 115091
60 115157
60 115166
60 115173
60 115186
60 115226
60 115262
60 115319
60 115320
60 115348
60 115378
60 115392
60 115401
60 115415
60 115419
60 115442
60 115444
60 115459
60 115467
60 115489
60 115522
60 115595
60 115607
60 115614
60 115628
60 115634
60 115641
60 115643
60 115683
60 115759
60 115793
60 115818
60 115854
60 115867
60 115888
60 115889
60 115902
60 115930
60 115990
60 116027
60 116040
60 116050
60 116062
60 116067
60 116092
60 116100
60 116108
60 116191
60 116198
60 116214
60 116220
60 116230
60 116245
60 116281
60 116317
60 116334
60 116351
60 116372
60 116380
60 116408
60 116422
60 116423
60 116426
60 116496
60 116606
60 116607
60 116617
60 116629
60 116644
60 116657
60 116696
60 116698
60 116699
60 116703
60 116730
60 116772
60 116789
60 116803
60 116845
60 116849
60 116868
60 116918
60 116921
60 116956
60 116960
60 116999
60 117010
60 117011
60 117017
60 117071
60 117075
60 117077
60 117080
60 117132
60 117187
60 117259
60 117286
60 117292
60 117302
60 117303
60 117306
60 117320
60 117325
60 117342
60 117347
60 117350
60 117366
60 117375
60 117381
60 117385
60 117389
60 117393
60 117426
60 117437
60 117457
60 117492
60 117514
60 117529
60 117551
60 117568
60 117648
60 117671
60 117683
60 117695
60 117717
60 117725
60 117731
60 117744
60 117773
60 117782
60 117795
60 117837
60 117839
60 117844
60 117901
60 117910
60 117917
60 117950
60 118007
60 118009
60 118014
60 118017
60 118041
60 118056
60 118067
60 118139
60 118149
60 118202
60 118225
60 118229
60 118252
60 118310
60 118341
60 118352
60 118464
60 118472
60 118491
60 118493
60 118496
60 118502
60 118538
60 118553
60 118579
60 118610
60 118684
60 118705
60 118722
60 118745
60 118751
60 118769
60 118772
60 118775
60 118806
60 118816
60 118824
60 118851
60 118902
60 118913
60 118920
60 118923
60 118934
60 118972
60 119002
60 119025
60 119057
60 119061
60 119066
60 119071
60 119100
60 119113
60 119169
60 119183
60 119204
60 119217
60 119223
60 119228
60 119245
60 119281
60 119283
60 119292
60 119295
60 119300
60 119337
60 119371
60 119379
60 119385
60 119391
60 119392
60 119401
60 119415
60 119449
60 119462
60 119469
60 119508
60 119529
60 119548
60 119629
60 119637
60 119652
60 119684
60 119698
60 119706
60 119716
60 119725
60 119733
60 119750
60 119752
60 119766
60 119814
60 119824
60 119864
60 119902
60 119905
60 119972
60 119984
60 119994
60 120013
60 120047
60 120052
60 120064
60 120132
60 120143
60 120198
60 120203
60 120216
60 120219
60 120230
60 120232
60 120290
60 120315
60 120345
60 120350
60 120361
60 120369
60 120380
60 120384
60 120398
60 120401
60 120404
60 120455
60 120496
60 120519
60 120525
60 120544
60 120559
60 120563
60 120571
60 120583
60 120603
60 120659
60 120667
60 120710
60 120724
60 120762
60 120791
60 120795
60 120863
60 120898
60 120926
60 120935
60 120993
60 120998
60 121034
60 121125
60 121153
60 121205
60 121212
60 121261
60 121268
60 121286
60 121325
60 121329
60 121351
60 121364
60 121465
60 121501
60 121540
60 121575
60 121580
60 121593
60 121598
60 121623
60 121642
60 121715
60 121738
60 121742
60 121799
60 121801
60 121831
60 121883
60 121926
60 121936
60 121967
60 121985
60 121993
60 122022
60 122046
60 122049
60 122056
60 122057
60 122093
60 122116
60 122138
60 122161
60 122176
60 122217
60 122240
60 122261
60 122278
60 122286
60 122320
60 122377
60 122440
60 122464
60 122468
60 122535
60 122545
60 122553
60 122557
60 122579
60 122631
60 122653
60 122675
60 122685
60 122697
60 122702
60 122716
60 122718
60 122733
60 122736
60 122742
60 122771
60 122793
60 122821
60 122880
60 122909
60 122951
60 123011
60 123012
60 123041
60 123085
60 123173
60 123177
60 123184
60 123196
60 123200
60 123201
60 123203
60 123247
60 123259
60 123289
60 123307
60 123319
60 123335
60 123348
60 123382
60 123400
60 123418
60 123420
60 123448
60 123481
60 123511
60 123522
60 123571
60 123656
60 123670
60 123679
60 123699
60 123703
60 123720
60 123747
60 123757
60 123764
60 123772
60 123816
60 123824
60 123842
60 123849
60 123855
60 123870
60 123919
60 123927
60 124023
60 124046
60 124074
60 124118
60 124133
60 124160
60 124167
60 124177
60 124232
60 124254
60 124288
60 124307
60 124308
60 124313
60 124314
60 124331
60 124340
60 124343
60 124350
60 124382
60 124387
60 124397
60 124453
60 124488
60 124489
60 124495
60 124519
60 124530
60 124531
60 124583
60 124615
60 124628
60 124630
60 124660
60 124662
60 124677
60 124685
60 124693
60 124699
60 124736
60 124794
60 124805
60 124831
60 124833
60 124835
60 124862
60 124970
60 125004
60 125013
60 125020
60 125050
60 125059
60 125097
60 125098
60 125115
60 125127
60 125134
60 125161
60 125180
60 125212
60 125218
60 125226
60 125241
60 125251
60 125269
60 125306
60 125339
60 125341
60 125405
60 125409
60 125419
60 125430
60 125474
60 125476
60 125486
60 125516
60 125526
60 125528
60 125550
60 125553
60 125589
60 125594
60 125636
60 125638
60 125691
60 125711
60 125739
60 125758
60 125795
60 125797
60 125815
60 125828
60 125834
60 125840
60 125907
60 125940
60 126005
60 126024
60 126046
60 126093
60 126110
60 126125
60 126183
60 126213
60 126221
60 126239
60 126286
60 126307
60 126320
60 126321
60 126326
60 126337
60 126347
60 126348
60 126380
60 126390
60 126463
60 126478
60 126524
60 126562
60 126564
60 126581
60 126633
60 126649
60 126650
60 126662
60 126670
60 126675
60 126676
60 126692
60 126699
60 126716
60 126746
60 126748
60 126770
60 126784
60 126790
60 126818
60 126827
60 126832
60 126848
60 126859
60 126897
60 126911
60 126915
60 126954
60 126976
60 127029
60 127143
60 127166
60 127169
60 127193
60 127220
60 127243
60 127285
60 127307
60 127336
60 127357
60 127365
60 127475
60 127496
60 127508
60 127524
60 127600
60 127632
60 127638
60 127651
60 127657
60 127670
60 127687
60 127709
60 127730
60 127739
60 127742
60 127751
60 127831
60 127832
60 127856
60 127866
60 127867
60 127900
60 127905
60 127926
60 127958
60 127966
60 128005
60 128032
60 128033
60 128037
60 128075
60 128098
60 128147
60 128160
60 128165
60 128253
60 128266
60 128299
60 128307
60 128340
60 128357
60 128376
60 128380
60 128384
60 128415
60 128448
60 128494
60 128496
60 128499
60 128546
60 128551
60 128566
60 128568
60 128642
60 128650
60 128664
60 128694
60 128726
60 128747
60 128801
60 128818
60 128822
60 128827
60 128884
60 128895
60 128965
60 128978
60 128994
60 128996
60 128999
60 129006
60 129028
60 129076
60 129105
60 129132
60 129172
60 129186
60 129189
60 129225
60 129234
60 129253
60 129281
60 129286
60 129302
60 129308
60 129322
60 129345
60 129396
60 129449
60 129462
60 129472
60 129474
60 129488
60 129498
60 129551
60 129616
60 129622
60 129640
60 129642
60 129643
60 129645
60 129670
60 129700
60 129727
60 129805
60 129816
60 129821
60 129832
60 129833
60 129864
60 129875
60 129924
60 129936
60 129959
60 130001
60 130004
60 130055
60 130059
60 130089
60 130092
60 130093
60 130112
60 130177
60 130184
60 130195
60 130248
60 130274
60 130327
60 130331
60 130344
60 130397
60 130407
60 130419
60 130498
60 130538
60 130554
60 130574
60 130596
60 130598
60 130635
60 130688
60 130700
60 130770
60 130781
60 130810
60 130822
60 130843
60 130844
60 130872
60 130874
60 130882
60 130891
60 130893
60 130929
60 131018
60 131031
60 131047
60 131052
60 131085
60 131107
60 131152
60 131156
60 131265
60 131311
60 131338
60 131363
60 131376
60 131386
60 131433
60 131464
60 131491
60 131524
60 131537
60 131563
60 131565
60 131574
60 131697
60 131740
60 131749
60 131751
60 131782
60 131792
60 131814
60 131879
60 131891
60 131957
60 131981
60 131982
60 132013
60 132022
60 132061
60 132072
60 132093
60 132095
60 132115
60 132158
60 132305
60 132336
60 132369
60 132373
60 132456
60 132469
60 132487
60 132562
60 132576
60 132639
60 132666
60 132687
60 132702
60 132719
60 132723
60 132725
60 132726
60 132748
60 132774
60 132795
60 132798
60 132805
60 132894
60 132909
60 132919
60 132923
60 132943
60 132979
60 133004
60 133022
60 133027
60 133069
60 133071
60 133104
60 133128
60 133158
60 133169
60 133175
60 133231
60 133294
60 133298
60 133302
60 133357
60 133361
60 133387
60 133415
60 133420
60 133425
60 133446
60 133484
60 133506
60 133525
60 133567
60 133581
60 133599
60 133612
60 133622
60 133654
60 133672
60 133708
60 133716
60 133724
60 133744
60 133751
60 133752
60 133831
60 133860
60 133870
60 133876
60 133877
60 133881
60 133893
60 133909
60 133913
60 133961
60 133989
60 134096
60 134098
60 134128
60 134139
60 134168
60 134205
60 134274
60 134283
60 134329
60 134366
60 134392
60 134398
60 134450
60 134482
60 134497
60 134503
60 134509
60 134559
60 134577
60 134578
60 134585
60 134633
60 134667
60 134688
60 134706
60 134719
60 134742
60 134752
60 134770
60 134782
60 134793
60 134800
60 134816
60 134827
60 134872
60 134875
60 134888
60 134889
60 134912
60 134942
60 134948
60 134963
60 134970
60 134978
60 135017
60 135028
60 135045
60 135076
60 135088
60 135117
60 135182
60 135198
60 135235
60 135248
60 135266
60 135268
60 135276
60 135283
60 135295
60 135305
60 135306
60 135311
60 135335
60 135422
60 135428
60 135432
60 135469
60 135472
60 135474
60 135496
60 135553
60 135561
60 135575
60 135585
60 135596
60 135629
60 135639
60 135641
60 135659
60 135677
60 135679
60 135730
60 135768
60 135795
60 135812
60 135821
60 135822
60 135830
60 135862
60 135893
60 135980
60 135990
60 136037
60 136046
60 136062
60 136085
60 136175
60 136258
60 136269
60 136283
60 136291
60 136292
60 136302
60 136312
60 136322
60 136323
60 136341
60 136357
60 136366
60 136371
60 136383
60 136402
60 136408
60 136414
60 136418
60 136424
60 136428
60 136476
60 136478
60 136516
60 136553
60 136567
60 136575
60 136581
60 136599
60 136608
60 136614
60 136634
60 136718
60 136847
60 136854
60 136861
60 136872
60 136915
60 136996
60 137016
60 137029
60 137071
60 137103
60 137150
60 137170
60 137185
60 137201
60 137214
60 137219
60 137238
60 137291
60 137292
60 137300
60 137322
60 137337
60 137361
60 137369
60 137383
60 137384
60 137406
60 137433
60 137438
60 137444
60 137475
60 137512
60 137525
60 137544
60 137578
60 137623
60 137641
60 137679
60 137697
60 137716
60 137736
60 137807
60 137838
60 137853
60 137867
60 137869
60 137925
60 137940
60 137962
60 137972
60 137974
60 137992
60 138016
60 138022
60 138028
60 138035
60 138037
60 138052
60 138080
60 138115
60 138116
60 138139
60 138160
60 138168
60 138186
60 138205
60 138248
60 138259
60 138271
60 138290
60 138299
60 138335
60 138452
60 138514
60 138531
60 138543
60 138544
60 138545
60 138555
60 138566
60 138617
60 138663
60 138675
60 138677
60 138694
60 138716
60 138726
60 138731
60 138767
60 138781
60 138795
60 138874
60 138932
60 138946
60 138960
60 138980
60 138982
60 138988
60 138994
60 138996
60 139069
60 139073
60 139094
60 139099
60 139161
60 139162
60 139163
60 139168
60 139171
60 139186
60 139238
60 139249
60 139275
60 139284
60 139301
60 139303
60 139326
60 139327
60 139355
60 139360
60 139397
60 139401
60 139412
60 139461
60 139499
60 139518
60 139546
60 139579
60 139592
60 139639
60 139641
60 139684
60 139691
60 139709
60 139734
60 139747
60 139792
60 139797
60 139814
60 139825
60 139826
60 139829
60 139856
60 139887
60 139901
60 139908
60 139930
60 139948
60 139961
60 140007
60 140020
60 140039
60 140054
60 140088
60 140113
60 140125
56 1
56 39
56 43
56 96
56 98
56 100
56 106
56 149
56 245
56 260
56 262
56 265
56 302
56 303
56 308
56 378
56 392
56 396
56 407
56 417
56 435
56 506
56 583
56 614
56 657
56 715
56 716
56 753
56 778
56 782
56 852
56 867
56 870
56 880
56 1010
56 1025
56 1137
56 1148
56 1153
56 1168
56 1169
56 1178
56 1187
56 1236
56 1257
56 1295
56 1333
56 1384
56 1394
56 1422
56 1478
56 1482
56 1492
56 1534
56 1546
56 1549
56 1577
56 1594
56 1614
56 1639
56 1648
56 1649
56 1655
56 1681
56 1696
56 1712
56 1722
56 1754
56 1756
56 1760
56 1772
56 1773
56 1788
56 1793
56 1796
56 1821
56 1827
56 1831
56 1834
56 1836
56 1845
56 1850
56 1887
56 1895
56 1920
56 1943
56 1961
56 1987
56 2009
56 2021
56 2028
56 2030
56 2069
56 2080
56 2086
56 2155
56 2159
56 2161
56 2188
56 2210
56 2225
56 2280
56 2282
56 2289
56 2313
56 2385
56 2386
56 2402
56 2409
56 2421
56 2434
56 2511
56 2527
56 2586
56 2622
56 2625
56 2659
56 2675
56 2684
56 2717
56 2728
56 2741
56 2751
56 2769
56 2771
56 2782
56 2857
56 2859
56 2877
56 2886
56 2902
56 2947
56 2971
56 2972
56 3006
56 3025
56 3139
56 3169
56 3235
56 3258
56 3328
56 3408
56 3417
56 3431
56 3455
56 3464
56 3467
56 3491
56 3523
56 3564
56 3568
56 3590
56 3605
56 3626
56 3632
56 3638
56 3674
56 3715
56 3771
56 3783
56 3789
56 3810
56 3837
56 3862
56 3870
56 3873
56 3905
56 3907
56 3912
56 3914
56 3916
56 4028
56 4053
56 4066
56 4084
56 4131
56 4138
56 4156
56 4165
56 4223
56 4252
56 4293
56 4317
56 4364
56 4384
56 4409
56 4430
56 4439
56 4448
56 4466
56 4479
56 4499
56 4503
56 4520
56 4526
56 4550
56 4562
56 4563
56 4565
56 4581
56 4602
56 4632
56 4641
56 4644
56 4661
56 4664
56 4673
56 4699
56 4745
56 4753
56 4779
56 4795
56 4800
56 4884
56 4905
56 4909
56 4935
56 4940
56 4941
56 4952
56 4976
56 4986
56 4996
56 5005
56 5008
56 5012
56 5017
56 5018
56 5019
56 5046
56 5064
56 5070
56 5084
56 5098
56 5120
56 5145
56 5156
56 5162
56 5176
56 5218
56 5247
56 5254
56 5278
56 5280
56 5307
56 5329
56 5330
56 5331
56 5342
56 5356
56 5360
56 5406
56 5416
56 5438
56 5440
56 5452
56 5464
56 5471
56 5476
56 5477
56 5478
56 5493
56 5502
56 5511
56 5516
56 5531
56 5566
56 5572
56 5617
56 5646
56 5657
56 5671
56 5677
56 5716
56 5762
56 5763
56 5803
56 5826
56 5834
56 5836
56 5858
56 5875
56 5882
56 5884
56 5905
56 5933
56 5935
56 5956
56 5980
56 5995
56 6000
56 6005
56 6034
56 6050
56 6051
56 6055
56 6063
56 6072
56 6099
56 6166
56 6172
56 6173
56 6215
56 6226
56 6231
56 6232
56 6263
56 6318
56 6321
56 6330
56 6382
56 6400
56 6445
56 6446
56 6454
56 6476
56 6488
56 6490
56 6503
56 6549
56 6551
56 6554
56 6561
56 6595
56 6598
56 6602
56 6606
56 6643
56 6672
56 6681
56 6693
56 6764
56 6836
56 6887
56 6914
56 6939
56 6945
56 6981
56 6994
56 7050
56 7060
56 7062
56 7094
56 7101
56 7103
56 7108
56 7119
56 7147
56 7160
56 7165
56 7199
56 7215
56 7220
56 7274
56 7279
56 7309
56 7328
56 7335
56 7373
56 7420
56 7433
56 7435
56 7445
56 7447
56 7449
56 7465
56 7483
56 7484
56 7487
56 7494
56 7547
56 7592
56 7603
56 7630
56 7632
56 7633
56 7647
56 7650
56 7671
56 7691
56 7692
56 7720
56 7722
56 7845
56 7851
56 7870
56 7879
56 7886
56 7922
56 7940
56 7951
56 7961
56 7975
56 8001
56 8064
56 8079
56 8103
56 8106
56 8172
56 8236
56 8271
56 8296
56 8301
56 8306
56 8334
56 8349
56 8387
56 8428
56 8449
56 8476
56 8529
56 8538
56 8570
56 8607
56 8611
56 8630
56 8631
56 8647
56 8655
56 8656
56 8660
56 8667
56 8700
56 8714
56 8732
56 8737
56 8788
56 8791
56 8824
56 8831
56 8839
56 8861
56 8868
56 8870
56 8889
56 8953
56 8966
56 9000
56 9026
56 9078
56 9083
56 9171
56 9212
56 9213
56 9242
56 9267
56 9302
56 9344
56 9376
56 9377
56 9403
56 9408
56 9448
56 9454
56 9496
56 9499
56 9573
56 9578
56 9584
56 9587
56 9601
56 9604
56 9623
56 9645
56 9646
56 9669
56 9690
56 9695
56 9698
56 9731
56 9739
56 9758
56 9773
56 9802
56 9806
56 9829
56 9852
56 9875
56 9916
56 9971
56 9982
56 10000
56 10036
56 10047
56 10173
56 10175
56 10178
56 10199
56 10233
56 10237
56 10290
56 10301
56 10362
56 10417
56 10458
56 10468
56 10488
56 10494
56 10513
56 10520
56 10533
56 10570
56 10575
56 10580
56 10593
56 10619
56 10620
56 10623
56 10637
56 10652
56 10660
56 10692
56 10702
56 10703
56 10705
56 10734
56 10736
56 10800
56 10811
56 10812
56 10844
56 10845
56 10848
56 10871
56 10886
56 10887
56 10895
56 10898
56 10918
56 10935
56 10940
56 10953
56 10962
56 11015
56 11018
56 11047
56 11048
56 11071
56 11096
56 11106
56 11108
56 11153
56 11157
56 11172
56 11183
56 11192
56 11199
56 11216
56 11256
56 11352
56 11363
56 11364
56 11382
56 11393
56 11414
56 11511
56 11527
56 11570
56 11605
56 11629
56 11635
56 11648
56 11651
56 11706
56 11710
56 11716
56 11750
56 11763
56 11794
56 11834
56 11837
56 11877
56 11951
56 11964
56 12040
56 12086
56 12095
56 12112
56 12126
56 12127
56 12150
56 12193
56 12240
56 12245
56 12252
56 12275
56 12293
56 12300
56 12301
56 12302
56 12305
56 12320
56 12322
56 12333
56 12358
56 12374
56 12385
56 12391
56 12400
56 12417
56 12420
56 12571
56 12591
56 12600
56 12713
56 12722
56 12725
56 12763
56 12838
56 12864
56 12869
56 12907
56 12908
56 12926
56 12937
56 12943
56 12955
56 12973
56 12981
56 12992
56 12995
56 13042
56 13112
56 13113
56 13120
56 13136
56 13159
56 13167
56 13169
56 13187
56 13191
56 13215
56 13223
56 13230
56 13234
56 13262
56 13278
56 13279
56 13280
56 13284
56 13287
56 13298
56 13305
56 13306
56 13364
56 13390
56 13401
56 13420
56 13499
56 13514
56 13562
56 13571
56 13631
56 13634
56 13702
56 13712
56 13744
56 13747
56 13780
56 13788
56 13819
56 13835
56 13836
56 13850
56 13866
56 13906
56 13914
56 13928
56 13931
56 13954
56 13958
56 13988
56 13993
56 14012
56 14014
56 14067
56 14189
56 14202
56 14274
56 14320
56 14329
56 14343
56 14355
56 14375
56 14453
56 14463
56 14491
56 14508
56 14520
56 14540
56 14546
56 14553
56 14556
56 14594
56 14599
56 14604
56 14622
56 14631
56 14670
56 14687
56 14689
56 14753
56 14769
56 14778
56 14795
56 14810
56 14858
56 14872
56 14880
56 14896
56 14956
56 15001
56 15004
56 15057
56 15086
56 15089
56 15126
56 15132
56 15174
56 15189
56 15197
56 15203
56 15211
56 15224
56 15242
56 15253
56 15257
56 15261
56 15289
56 15291
56 15330
56 15340
56 15385
56 15386
56 15463
56 15485
56 15512
56 15553
56 15558
56 15572
56 15611
56 15612
56 15625
56 15645
56 15667
56 15676
56 15726
56 15751
56 15772
56 15790
56 15855
56 15876
56 15901
56 15906
56 15934
56 15939
56 15964
56 15980
56 15984
56 15986
56 15994
56 16029
56 16038
56 16049
56 16087
56 16125
56 16160
56 16181
56 16205
56 16219
56 16224
56 16225
56 16230
56 16232
56 16300
56 16320
56 16324
56 16335
56 16351
56 16356
56 16358
56 16367
56 16398
56 16419
56 16472
56 16478
56 16507
56 16519
56 16526
56 16550
56 16619
56 16627
56 16642
56 16643
56 16657
56 16707
56 16731
56 16774
56 16815
56 16820
56 16896
56 16901
56 16925
56 16989
56 16997
56 17033
56 17047
56 17061
56 17088
56 17094
56 17116
56 17125
56 17154
56 17175
56 17208
56 17269
56 17276
56 17284
56 17355
56 17365
56 17423
56 17432
56 17489
56 17509
56 17554
56 17556
56 17595
56 17610
56 17614
56 17628
56 17641
56 17659
56 17668
56 17688
56 17690
56 17692
56 17699
56 17707
56 17776
56 17827
56 17831
56 17843
56 17849
56 17852
56 17876
56 17918
56 17968
56 17998
56 18014
56 18090
56 18093
56 18104
56 18116
56 18156
56 18174
56 18175
56 18210
56 18224
56 18280
56 18310
56 18312
56 18335
56 18355
56 18358
56 18363
56 18396
56 18400
56 18461
56 18492
56 18508
56 18513
56 18578
56 18621
56 18661
56 18703
56 18728
56 18734
56 18743
56 18752
56 18796
56 18807
56 18812
56 18827
56 18890
56 18897
56 18913
56 18938
56 18941
56 18974
56 18996
56 18999
56 19000
56 19005
56 19007
56 19008
56 19025
56 19038
56 19043
56 19184
56 19210
56 19213
56 19225
56 19227
56 19237
56 19240
56 19250
56 19301
56 19425
56 19444
56 19472
56 19546
56 19548
56 19553
56 19566
56 19581
56 19637
56 19641
56 19668
56 19687
56 19694
56 19729
56 19737
56 19741
56 19756
56 19762
56 19823
56 19892
56 19906
56 19930
56 19932
56 19990
56 20058
56 20064
56 20065
56 20083
56 20088
56 20105
56 20134
56 20139
56 20248
56 20257
56 20261
56 20308
56 20310
56 20312
56 20327
56 20347
56 20355
56 20378
56 20410
56 20437
56 20472
56 20474
56 20511
56 20532
56 20538
56 20539
56 20543
56 20595
56 20609
56 20699
56 20713
56 20729
56 20800
56 20808
56 20809
56 20831
56 20874
56 20899
56 20900
56 20928
56 20930
56 20948
56 20984
56 20991
56 21051
56 21053
56 21056
56 21112
56 21120
56 21123
56 21132
56 21153
56 21208
56 21234
56 21239
56 21260
56 21282
56 21341
56 21342
56 21373
56 21402
56 21416
56 21427
56 21429
56 21451
56 21455
56 21458
56 21462
56 21465
56 21485
56 21490
56 21513
56 21529
56 21538
56 21564
56 21571
56 21589
56 21600
56 21659
56 21683
56 21837
56 21843
56 21899
56 21925
56 21937
56 21939
56 21950
56 21952
56 22032
56 22088
56 22098
56 22147
56 22164
56 22187
56 22251
56 22329
56 22390
56 22410
56 22442
56 22471
56 22507
56 22646
56 22665
56 22682
56 22729
56 22747
56 22800
56 22833
56 22835
56 22837
56 22855
56 22887
56 22904
56 22918
56 22920
56 22942
56 22953
56 22972
56 22979
56 23005
56 23024
56 23094
56 23107
56 23110
56 23118
56 23155
56 23156
56 23178
56 23180
56 23198
56 23244
56 23247
56 23248
56 23261
56 23273
56 23294
56 23314
56 23333
56 23342
56 23343
56 23345
56 23348
56 23410
56 23430
56 23437
56 23488
56 23510
56 23525
56 23564
56 23598
56 23629
56 23645
56 23659
56 23677
56 23685
56 23686
56 23694
56 23734
56 23770
56 23822
56 23829
56 23868
56 23881
56 23901
56 23920
56 23931
56 23965
56 23993
56 24017
56 24025
56 24043
56 24050
56 24069
56 24108
56 24185
56 24193
56 24216
56 24222
56 24259
56 24279
56 24280
56 24293
56 24305
56 24355
56 24374
56 24387
56 24388
56 24389
56 24398
56 24491
56 24493
56 24550
56 24568
56 24613
56 24681
56 24695
56 24708
56 24712
56 24758
56 24759
56 24792
56 24845
56 24871
56 24925
56 24934
56 24941
56 24950
56 25001
56 25005
56 25023
56 25026
56 25043
56 25080
56 25085
56 25110
56 25111
56 25147
56 25166
56 25171
56 25227
56 25243
56 25255
56 25270
56 25272
56 25336
56 25421
56 25429
56 25446
56 25457
56 25479
56 25512
56 25522
56 25561
56 25597
56 25636
56 25688
56 25705
56 25742
56 25757
56 25770
56 25831
56 25843
56 25865
56 25871
56 25927
56 25930
56 25936
56 25937
56 25951
56 25955
56 25968
56 25974
56 25995
56 26005
56 26012
56 26013
56 26019
56 26026
56 26048
56 26065
56 26108
56 26130
56 26183
56 26190
56 26228
56 26248
56 26259
56 26264
56 26269
56 26284
56 26299
56 26341
56 26350
56 26359
56 26391
56 26501
56 26505
56 26522
56 26546
56 26585
56 26589
56 26615
56 26627
56 26736
56 26737
56 26747
56 26753
56 26777
56 26802
56 26824
56 26858
56 26906
56 26918
56 26927
56 26971
56 26981
56 26985
56 27051
56 27108
56 27109
56 27122
56 27143
56 27152
56 27187
56 27215
56 27226
56 27241
56 27252
56 27304
56 27316
56 27321
56 27325
56 27454
56 27458
56 27470
56 27515
56 27553
56 27558
56 27565
56 27570
56 27584
56 27591
56 27602
56 27612
56 27619
56 27626
56 27661
56 27676
56 27677
56 27690
56 27707
56 27726
56 27735
56 27753
56 27784
56 27795
56 27799
56 27816
56 27817
56 27823
56 27852
56 27857
56 27908
56 27910
56 27974
56 27979
56 27989
56 28002
56 28003
56 28019
56 28050
56 28108
56 28109
56 28110
56 28116
56 28166
56 28172
56 28176
56 28194
56 28195
56 28200
56 28204
56 28236
56 28256
56 28258
56 28298
56 28314
56 28354
56 28355
56 28399
56 28417
56 28480
56 28486
56 28490
56 28491
56 28495
56 28507
56 28534
56 28536
56 28562
56 28570
56 28581
56 28623
56 28626
56 28633
56 28634
56 28657
56 28688
56 28706
56 28718
56 28748
56 28752
56 28780
56 28797
56 28804
56 28831
56 28832
56 28846
56 28867
56 28884
56 28948
56 28964
56 28983
56 28993
56 29030
56 29053
56 29107
56 29122
56 29157
56 29166
56 29176
56 29199
56 29201
56 29212
56 29220
56 29226
56 29253
56 29254
56 29267
56 29278
56 29285
56 29296
56 29316
56 29382
56 29398
56 29437
56 29477
56 29539
56 29573
56 29584
56 29619
56 29649
56 29679
56 29707
56 29713
56 29759
56 29816
56 29828
56 29846
56 29893
56 29934
56 29943
56 29959
56 29986
56 29992
56 30040
56 30062
56 30070
56 30079
56 30139
56 30151
56 30192
56 30201
56 30231
56 30244
56 30248
56 30254
56 30315
56 30329
56 30334
56 30365
56 30367
56 30411
56 30431
56 30445
56 30485
56 30510
56 30526
56 30544
56 30553
56 30562
56 30577
56 30590
56 30609
56 30612
56 30617
56 30627
56 30658
56 30662
56 30684
56 30755
56 30757
56 30788
56 30808
56 30816
56 30821
56 30839
56 30871
56 30878
56 30895
56 30914
56 30925
56 30928
56 30938
56 30942
56 30957
56 30980
56 30989
56 31000
56 31008
56 31013
56 31040
56 31045
56 31055
56 31062
56 31066
56 31101
56 31122
56 31125
56 31131
56 31184
56 31204
56 31210
56 31261
56 31267
56 31308
56 31315
56 31337
56 31380
56 31381
56 31395
56 31406
56 31425
56 31468
56 31474
56 31479
56 31484
56 31520
56 31530
56 31538
56 31554
56 31589
56 31637
56 31640
56 31665
56 31666
56 31686
56 31693
56 31696
56 31699
56 31703
56 31716
56 31731
56 31759
56 31765
56 31778
56 31789
56 31799
56 31817
56 31852
56 31882
56 31885
56 31895
56 31898
56 31904
56 31935
56 31971
56 32000
56 32027
56 32053
56 32061
56 32088
56 32089
56 32093
56 32095
56 32101
56 32105
56 32117
56 32124
56 32126
56 32291
56 32326
56 32328
56 32380
56 32395
56 32479
56 32480
56 32481
56 32514
56 32541
56 32544
56 32554
56 32558
56 32568
56 32571
56 32587
56 32595
56 32601
56 32640
56 32664
56 32675
56 32698
56 32705
56 32710
56 32722
56 32724
56 32729
56 32749
56 32753
56 32760
56 32765
56 32787
56 32832
56 32851
56 32883
56 32899
56 32936
56 32940
56 32955
56 32963
56 32990
56 33007
56 33036
56 33046
56 33066
56 33079
56 33091
56 33112
56 33118
56 33126
56 33140
56 33160
56 33178
56 33185
56 33235
56 33257
56 33268
56 33338
56 33369
56 33371
56 33383
56 33496
56 33544
56 33555
56 33561
56 33581
56 33631
56 33643
56 33652
56 33679
56 33685
56 33695
56 33713
56 33715
56 33721
56 33748
56 33754
56 33821
56 33838
56 33866
56 33878
56 33879
56 33890
56 33910
56 33934
56 33965
56 33970
56 33988
56 34015
56 34045
56 34085
56 34096
56 34156
56 34181
56 34213
56 34243
56 34258
56 34268
56 34329
56 34333
56 34360
56 34386
56 34391
56 34451
56 34459
56 34464
56 34494
56 34500
56 34512
56 34552
56 34569
56 34577
56 34583
56 34621
56 34660
56 34672
56 34687
56 34692
56 34720
56 34761
56 34774
56 34778
56 34792
56 34815
56 34823
56 34872
56 34918
56 34928
56 34937
56 34954
56 35011
56 35012
56 35021
56 35027
56 35062
56 35067
56 35088
56 35146
56 35155
56 35158
56 35209
56 35221
56 35227
56 35257
56 35258
56 35286
56 35293
56 35339
56 35372
56 35389
56 35418
56 35487
56 35488
56 35500
56 35562
56 35589
56 35615
56 35634
56 35649
56 35691
56 35697
56 35698
56 35704
56 35787
56 35794
56 35810
56 35860
56 35898
56 35917
56 35957
56 36035
56 36039
56 36058
56 36060
56 36071
56 36092
56 36095
56 36133
56 36145
56 36187
56 36196
56 36230
56 36343
56 36371
56 36387
56 36391
56 36404
56 36408
56 36419
56 36451
56 36480
56 36483
56 36489
56 36619
56 36698
56 36730
56 36737
56 36773
56 36794
56 36795
56 36805
56 36851
56 36858
56 36877
56 36878
56 36881
56 36895
56 36910
56 36920
56 36926
56 36928
56 36963
56 36988
56 37009
56 37021
56 37048
56 37049
56 37089
56 37092
56 37094
56 37104
56 37114
56 37125
56 37128
56 37129
56 37137
56 37140
56 37146
56 37160
56 37194
56 37218
56 37222
56 37245
56 37246
56 37259
56 37271
56 37281
56 37310
56 37313
56 37334
56 37346
56 37357
56 37359
56 37364
56 37397
56 37422
56 37425
56 37441
56 37453
56 37492
56 37497
56 37548
56 37552
56 37558
56 37581
56 37594
56 37599
56 37692
56 37728
56 37768
56 37771
56 37820
56 37888
56 37899
56 37929
56 37984
56 38012
56 38030
56 38031
56 38067
56 38089
56 38105
56 38121
56 38128
56 38137
56 38138
56 38183
56 38193
56 38194
56 38219
56 38245
56 38333
56 38357
56 38392
56 38413
56 38424
56 38447
56 38531
56 38539
56 38561
56 38634
56 38636
56 38673
56 38734
56 38795
56 38819
56 38841
56 38854
56 38903
56 38918
56 38975
56 38981
56 39016
56 39059
56 39083
56 39137
56 39166
56 39167
56 39203
56 39222
56 39233
56 39243
56 39261
56 39267
56 39324
56 39325
56 39330
56 39349
56 39363
56 39402
56 39480
56 39499
56 39508
56 39545
56 39562
56 39569
56 39581
56 39585
56 39587
56 39591
56 39597
56 39620
56 39632
56 39648
56 39660
56 39669
56 39727
56 39729
56 39762
56 39788
56 39814
56 39844
56 39860
56 39863
56 39870
56 39894
56 39897
56 39906
56 39916
56 39984
56 39996
56 40024
56 40030
56 40097
56 40107
56 40166
56 40178
56 40203
56 40235
56 40240
56 40301
56 40303
56 40338
56 40339
56 40342
56 40362
56 40363
56 40402
56 40450
56 40532
56 40550
56 40576
56 40598
56 40639
56 40687
56 40691
56 40721
56 40763
56 40769
56 40820
56 40856
56 40912
56 40969
56 40982
56 41047
56 41054
56 41079
56 41100
56 41102
56 41124
56 41163
56 41195
56 41225
56 41258
56 41296
56 41310
56 41340
56 41348
56 41353
56 41416
56 41424
56 41449
56 41485
56 41486
56 41511
56 41515
56 41519
56 41533
56 41547
56 41572
56 41593
56 41602
56 41603
56 41605
56 41626
56 41668
56 41709
56 41714
56 41726
56 41727
56 41751
56 41772
56 41804
56 41819
56 41823
56 41841
56 41845
56 41871
56 41888
56 41912
56 41963
56 41983
56 41989
56 41998
56 42009
56 42010
56 42015
56 42041
56 42042
56 42068
56 42108
56 42109
56 42124
56 42169
56 42174
56 42175
56 42178
56 42211
56 42235
56 42237
56 42288
56 42313
56 42333
56 42346
56 42388
56 42409
56 42410
56 42437
56 42458
56 42504
56 42516
56 42526
56 42537
56 42592
56 42596
56 42616
56 42634
56 42644
56 42647
56 42653
56 42680
56 42684
56 42724
56 42727
56 42768
56 42786
56 42804
56 42823
56 42845
56 42872
56 42901
56 42940
56 43055
56 43071
56 43073
56 43120
56 43122
56 43129
56 43141
56 43208
56 43260
56 43267
56 43287
56 43316
56 43322
56 43357
56 43359
56 43406
56 43428
56 43432
56 43454
56 43473
56 43490
56 43501
56 43503
56 43531
56 43571
56 43599
56 43600
56 43643
56 43666
56 43686
56 43730
56 43773
56 43793
56 43794
56 43836
56 43869
56 43878
56 43905
56 43907
56 43908
56 43926
56 43947
56 43950
56 43975
56 44019
56 44022
56 44042
56 44071
56 44100
56 44135
56 44151
56 44159
56 44164
56 44170
56 44181
56 44239
56 44251
56 44313
56 44322
56 44359
56 44389
56 44417
56 44420
56 44450
56 44451
56 44461
56 44493
56 44495
56 44513
56 44540
56 44560
56 44572
56 44591
56 44612
56 44623
56 44629
56 44639
56 44675
56 44680
56 44688
56 44812
56 44836
56 44844
56 44856
56 44881
56 44884
56 44893
56 44896
56 44908
56 44920
56 44941
56 44993
56 45010
56 45022
56 45038
56 45050
56 45061
56 45073
56 45087
56 45122
56 45133
56 45145
56 45194
56 45205
56 45211
56 45213
56 45214
56 45216
56 45237
56 45252
56 45323
56 45339
56 45354
56 45358
56 45405
56 45407
56 45413
56 45419
56 45438
56 45472
56 45483
56 45484
56 45504
56 45505
56 45533
56 45538
56 45563
56 45570
56 45634
56 45636
56 45656
56 45706
56 45712
56 45717
56 45756
56 45774
56 45787
56 45790
56 45816
56 45822
56 45828
56 45903
56 45940
56 45941
56 45945
56 45974
56 45995
56 46010
56 46024
56 46035
56 46047
56 46050
56 46059
56 46060
56 46080
56 46082
56 46091
56 46122
56 46141
56 46172
56 46204
56 46208
56 46209
56 46231
56 46249
56 46257
56 46298
56 46316
56 46340
56 46350
56 46358
56 46369
56 46374
56 46391
56 46401
56 46436
56 46440
56 46467
56 46476
56 46493
56 46524
56 46565
56 46597
56 46598
56 46688
56 46713
56 46744
56 46758
56 46768
56 46872
56 46877
56 46901
56 46910
56 46930
56 46949
56 46957
56 46982
56 46989
56 46992
56 47059
56 47070
56 47082
56 47087
56 47109
56 47115
56 47145
56 47169
56 47189
56 47244
56 47249
56 47301
56 47310
56 47317
56 47421
56 47449
56 47453
56 47461
56 47481
56 47518
56 47521
56 47528
56 47532
56 47553
56 47577
56 47584
56 47625
56 47651
56 47683
56 47697
56 47710
56 47754
56 47759
56 47773
56 47780
56 47852
56 47858
56 47870
56 47879
56 47886
56 47908
56 47940
56 47960
56 48016
56 48061
56 48065
56 48103
56 48126
56 48138
56 48152
56 48160
56 48170
56 48181
56 48202
56 48240
56 48242
56 48260
56 48269
56 48287
56 48319
56 48350
56 48362
56 48364
56 48365
56 48380
56 48423
56 48447
56 48455
56 48492
56 48495
56 48560
56 48565
56 48615
56 48664
56 48671
56 48765
56 48778
56 48779
56 48791
56 48800
56 48810
56 48824
56 48838
56 48858
56 48862
56 48895
56 48918
56 48929
56 48947
56 48959
56 48973
56 48988
56 48993
56 49022
56 49035
56 49066
56 49154
56 49157
56 49191
56 49192
56 49204
56 49224
56 49264
56 49271
56 49278
56 49330
56 49352
56 49358
56 49404
56 49415
56 49479
56 49510
56 49520
56 49524
56 49528
56 49557
56 49580
56 49630
56 49636
56 49666
56 49681
56 49694
56 49721
56 49787
56 49830
56 49885
56 49888
56 49901
56 49924
56 49927
56 49937
56 49941
56 49946
56 49988
56 50010
56 50012
56 50014
56 50084
56 50086
56 50089
56 50118
56 50179
56 50182
56 50193
56 50257
56 50281
56 50287
56 50303
56 50323
56 50374
56 50379
56 50387
56 50408
56 50431
56 50441
56 50493
56 50562
56 50575
56 50582
56 50585
56 50604
56 50628
56 50630
56 50671
56 50682
56 50696
56 50717
56 50721
56 50737
56 50746
56 50866
56 50868
56 50875
56 50895
56 50913
56 50930
56 51001
56 51089
56 51094
56 51151
56 51152
56 51183
56 51249
56 51281
56 51307
56 51342
56 51396
56 51412
56 51433
56 51434
56 51440
56 51453
56 51521
56 51543
56 51551
56 51603
56 51629
56 51654
56 51667
56 51674
56 51679
56 51692
56 51727
56 51728
56 51735
56 51781
56 51805
56 51829
56 51831
56 51835
56 51839
56 51862
56 51893
56 51894
56 51908
56 51918
56 51921
56 51937
56 51944
56 52011
56 52133
56 52160
56 52171
56 52222
56 52286
56 52295
56 52352
56 52378
56 52399
56 52415
56 52428
56 52434
56 52460
56 52464
56 52496
56 52516
56 52527
56 52701
56 52717
56 52749
56 52788
56 52790
56 52840
56 52870
56 52873
56 52880
56 52885
56 52889
56 52894
56 52904
56 52923
56 52924
56 52943
56 52945
56 53011
56 53016
56 53062
56 53090
56 53127
56 53144
56 53160
56 53227
56 53267
56 53271
56 53284
56 53300
56 53332
56 53339
56 53347
56 53359
56 53384
56 53423
56 53455
56 53495
56 53558
56 53594
56 53605
56 53608
56 53660
56 53710
56 53725
56 53731
56 53739
56 53765
56 53777
56 53825
56 53853
56 53869
56 53886
56 53908
56 53925
56 53941
56 53980
56 53997
56 54001
56 54025
56 54057
56 54064
56 54067
56 54121
56 54143
56 54160
56 54193
56 54213
56 54241
56 54258
56 54269
56 54271
56 54291
56 54347
56 54367
56 54429
56 54434
56 54440
56 54452
56 54459
56 54490
56 54526
56 54532
56 54569
56 54583
56 54598
56 54625
56 54627
56 54641
56 54649
56 54653
56 54696
56 54701
56 54727
56 54748
56 54755
56 54764
56 54783
56 54803
56 54833
56 54852
56 54870
56 54894
56 54911
56 54927
56 54969
56 55006
56 55025
56 55069
56 55070
56 55119
56 55127
56 55210
56 55237
56 55261
56 55283
56 55303
56 55337
56 55355
56 55410
56 55421
56 55435
56 55439
56 55444
56 55463
56 55526
56 55532
56 55533
56 55542
56 55546
56 55548
56 55565
56 55578
56 55584
56 55588
56 55623
56 55659
56 55665
56 55688
56 55714
56 55715
56 55735
56 55752
56 55757
56 55782
56 55818
56 55852
56 55873
56 55885
56 55898
56 55900
56 55918
56 55972
56 55988
56 56004
56 56013
56 56031
56 56034
56 56065
56 56074
56 56080
56 56094
56 56131
56 56160
56 56187
56 56202
56 56218
56 56232
56 56236
56 56264
56 56292
56 56326
56 56331
56 56341
56 56355
56 56404
56 56415
56 56440
56 56447
56 56460
56 56465
56 56482
56 56489
56 56492
56 56542
56 56563
56 56601
56 56661
56 56662
56 56681
56 56712
56 56734
56 56790
56 56820
56 56832
56 56845
56 56866
56 56897
56 56917
56 56925
56 56975
56 56978
56 56987
56 56993
56 57011
56 57058
56 57207
56 57209
56 57228
56 57230
56 57245
56 57262
56 57268
56 57281
56 57295
56 57299
56 57300
56 57310
56 57319
56 57349
56 57374
56 57377
56 57431
56 57432
56 57436
56 57441
56 57503
56 57529
56 57574
56 57579
56 57605
56 57606
56 57618
56 57621
56 57632
56 57644
56 57659
56 57661
56 57685
56 57694
56 57709
56 57713
56 57740
56 57746
56 57756
56 57760
56 57809
56 57851
56 57867
56 57905
56 57956
56 57957
56 57968
56 58009
56 58020
56 58029
56 58038
56 58071
56 58073
56 58074
56 58124
56 58162
56 58187
56 58189
56 58200
56 58216
56 58268
56 58285
56 58286
56 58340
56 58347
56 58392
56 58447
56 58476
56 58491
56 58516
56 58517
56 58566
56 58580
56 58599
56 58614
56 58651
56 58671
56 58673
56 58694
56 58702
56 58720
56 58734
56 58750
56 58788
56 58798
56 58816
56 58827
56 58861
56 58894
56 58929
56 58945
56 58982
56 59020
56 59042
56 59057
56 59117
56 59147
56 59173
56 59188
56 59189
56 59201
56 59208
56 59257
56 59298
56 59310
56 59311
56 59340
56 59418
56 59429
56 59495
56 59530
56 59535
56 59582
56 59591
56 59603
56 59616
56 59645
56 59653
56 59668
56 59713
56 59724
56 59734
56 59736
56 59745
56 59782
56 59785
56 59864
56 59875
56 59902
56 59903
56 59915
56 59922
56 59961
56 59986
56 59993
56 60015
56 60052
56 60074
56 60108
56 60149
56 60183
56 60209
56 60327
56 60355
56 60373
56 60401
56 60436
56 60452
56 60457
56 60498
56 60507
56 60513
56 60531
56 60534
56 60559
56 60593
56 60629
56 60631
56 60635
56 60654
56 60655
56 60684
56 60726
56 60751
56 60761
56 60887
56 60929
56 60933
56 60952
56 60987
56 61003
56 61053
56 61103
56 61124
56 61131
56 61137
56 61142
56 61175
56 61188
56 61230
56 61231
56 61237
56 61238
56 61250
56 61273
56 61304
56 61310
56 61323
56 61324
56 61343
56 61349
56 61379
56 61381
56 61427
56 61448
56 61462
56 61465
56 61471
56 61491
56 61512
56 61542
56 61543
56 61548
56 61556
56 61567
56 61568
56 61600
56 61606
56 61612
56 61650
56 61663
56 61671
56 61676
56 61696
56 61725
56 61739
56 61769
56 61789
56 61790
56 61850
56 61857
56 61870
56 61885
56 61892
56 61909
56 61930
56 61958
56 61968
56 61995
56 62015
56 62027
56 62037
56 62039
56 62071
56 62126
56 62141
56 62285
56 62295
56 62304
56 62429
56 62446
56 62471
56 62488
56 62563
56 62569
56 62596
56 62600
56 62630
56 62647
56 62665
56 62682
56 62722
56 62737
56 62782
56 62829
56 62842
56 62865
56 62868
56 62871
56 62910
56 62917
56 62926
56 62997
56 63029
56 63034
56 63037
56 63068
56 63085
56 63095
56 63129
56 63183
56 63203
56 63226
56 63232
56 63251
56 63254
56 63271
56 63286
56 63287
56 63304
56 63340
56 63349
56 63416
56 63487
56 63530
56 63579
56 63601
56 63611
56 63615
56 63635
56 63681
56 63685
56 63686
56 63712
56 63729
56 63767
56 63775
56 63827
56 63828
56 63830
56 63875
56 63881
56 63939
56 63974
56 64040
56 64044
56 64053
56 64058
56 64062
56 64080
56 64137
56 64171
56 64194
56 64200
56 64211
56 64220
56 64240
56 64249
56 64265
56 64274
56 64309
56 64311
56 64328
56 64358
56 64366
56 64402
56 64414
56 64424
56 64432
56 64449
56 64458
56 64466
56 64534
56 64539
56 64547
56 64565
56 64602
56 64616
56 64618
56 64630
56 64645
56 64651
56 64734
56 64831
56 64840
56 64846
56 64854
56 64873
56 64959
56 64975
56 64992
56 65000
56 65020
56 65026
56 65034
56 65040
56 65050
56 65108
56 65128
56 65199
56 65205
56 65315
56 65332
56 65381
56 65390
56 65393
56 65407
56 65412
56 65416
56 65444
56 65445
56 65471
56 65473
56 65521
56 65535
56 65612
56 65614
56 65632
56 65646
56 65658
56 65662
56 65663
56 65668
56 65697
56 65699
56 65709
56 65714
56 65725
56 65773
56 65801
56 65831
56 65837
56 65848
56 65861
56 65883
56 65896
56 65903
56 65922
56 65934
56 65947
56 65989
56 66004
56 66006
56 66023
56 66112
56 66115
56 66124
56 66130
56 66137
56 66285
56 66302
56 66321
56 66339
56 66355
56 66377
56 66380
56 66386
56 66397
56 66411
56 66423
56 66440
56 66480
56 66489
56 66500
56 66510
56 66516
56 66520
56 66546
56 66549
56 66614
56 66617
56 66622
56 66636
56 66641
56 66645
56 66647
56 66650
56 66697
56 66705
56 66723
56 66755
56 66782
56 66802
56 66865
56 66891
56 66902
56 66907
56 66929
56 66943
56 66967
56 66986
56 67050
56 67054
56 67074
56 67110
56 67111
56 67119
56 67132
56 67175
56 67249
56 67276
56 67315
56 67320
56 67376
56 67393
56 67399
56 67406
56 67411
56 67461
56 67474
56 67487
56 67503
56 67522
56 67561
56 67595
56 67607
56 67638
56 67659
56 67721
56 67724
56 67730
56 67734
56 67761
56 67784
56 67827
56 67828
56 67867
56 67880
56 67897
56 67906
56 67929
56 67937
56 67950
56 67965
56 68015
56 68042
56 68070
56 68168
56 68183
56 68209
56 68222
56 68255
56 68316
56 68339
56 68359
56 68362
56 68371
56 68378
56 68408
56 68409
56 68414
56 68464
56 68468
56 68506
56 68580
56 68588
56 68608
56 68612
56 68622
56 68623
56 68626
56 68671
56 68675
56 68699
56 68714
56 68717
56 68756
56 68803
56 68835
56 68874
56 68883
56 68891
56 68903
56 68943
56 68976
56 68981
56 69003
56 69009
56 69040
56 69050
56 69067
56 69157
56 69193
56 69205
56 69233
56 69252
56 69253
56 69254
56 69260
56 69271
56 69273
56 69295
56 69300
56 69337
56 69379
56 69387
56 69388
56 69395
56 69446
56 69457
56 69459
56 69471
56 69472
56 69473
56 69541
56 69563
56 69593
56 69675
56 69686
56 69694
56 69699
56 69711
56 69720
56 69743
56 69763
56 69771
56 69800
56 69807
56 69831
56 69836
56 69851
56 69859
56 69866
56 69867
56 69896
56 69900
56 69930
56 69947
56 69951
56 69977
56 70018
56 70060
56 70067
56 70079
56 70081
56 70108
56 70118
56 70163
56 70169
56 70175
56 70190
56 70193
56 70199
56 70223
56 70243
56 70277
56 70306
56 70342
56 70353
56 70361
56 70374
56 70412
56 70425
56 70441
56 70454
56 70464
56 70466
56 70501
56 70509
56 70536
56 70559
56 70596
56 70600
56 70608
56 70635
56 70638
56 70704
56 70713
56 70744
56 70755
56 70784
56 70787
56 70810
56 70826
56 70839
56 70866
56 70872
56 70874
56 70875
56 70884
56 70892
56 70900
56 70910
56 70926
56 70971
56 70983
56 71047
56 71050
56 71100
56 71102
56 71110
56 71187
56 71247
56 71279
56 71303
56 71379
56 71383
56 71396
56 71499
56 71515
56 71528
56 71536
56 71642
56 71683
56 71691
56 71712
56 71715
56 71800
56 71819
56 71828
56 71853
56 71873
56 71886
56 71947
56 71954
56 71968
56 71974
56 71975
56 71983
56 71998
56 72021
56 72051
56 72059
56 72074
56 72082
56 72092
56 72133
56 72161
56 72162
56 72190
56 72191
56 72220
56 72261
56 72274
56 72322
56 72377
56 72381
56 72396
56 72430
56 72435
56 72455
56 72525
56 72545
56 72632
56 72634
56 72733
56 72885
56 72920
56 72975
56 73094
56 73206
56 73210
56 73216
56 73292
56 73309
56 73389
56 73540
56 73619
56 73620
56 73635
56 73645
56 73671
56 73683
56 73702
56 73717
56 73765
56 73838
56 73898
56 73931
56 73974
56 73990
56 74021
56 74023
56 74026
56 74120
56 74134
56 74135
56 74143
56 74193
56 74237
56 74251
56 74300
56 74307
56 74351
56 74362
56 74386
56 74516
56 74627
56 74662
56 74718
56 74746
56 74764
56 74817
56 74858
56 74891
56 74920
56 74941
56 74944
56 74949
56 74953
56 74960
56 74982
56 74992
56 75075
56 75079
56 75132
56 75133
56 75136
56 75152
56 75161
56 75168
56 75171
56 75197
56 75233
56 75256
56 75300
56 75313
56 75376
56 75377
56 75386
56 75401
56 75407
56 75445
56 75503
56 75555
56 75561
56 75562
56 75576
56 75602
56 75652
56 75699
56 75718
56 75767
56 75775
56 75777
56 75784
56 75795
56 75835
56 75853
56 75874
56 75882
56 75915
56 75916
56 75928
56 75931
56 75932
56 75936
56 75966
56 75971
56 76012
56 76078
56 76085
56 76112
56 76126
56 76168
56 76176
56 76227
56 76231
56 76232
56 76255
56 76260
56 76264
56 76267
56 76280
56 76297
56 76330
56 76363
56 76365
56 76404
56 76413
56 76429
56 76455
56 76464
56 76495
56 76507
56 76533
56 76557
56 76603
56 76606
56 76677
56 76679
56 76708
56 76713
56 76732
56 76763
56 76787
56 76828
56 76861
56 76862
56 76877
56 76882
56 76888
56 76890
56 76920
56 76921
56 76939
56 76944
56 76994
56 77019
56 77034
56 77040
56 77073
56 77158
56 77182
56 77186
56 77229
56 77355
56 77359
56 77382
56 77383
56 77407
56 77469
56 77483
56 77505
56 77507
56 77522
56 77556
56 77566
56 77588
56 77708
56 77731
56 77756
56 77770
56 77787
56 77794
56 77821
56 77825
56 77843
56 77844
56 77847
56 77861
56 77904
56 77910
56 77935
56 77973
56 77975
56 77979
56 77983
56 78013
56 78061
56 78069
56 78070
56 78115
56 78124
56 78148
56 78152
56 78171
56 78183
56 78201
56 78303
56 78312
56 78336
56 78368
56 78389
56 78402
56 78408
56 78451
56 78502
56 78527
56 78529
56 78542
56 78543
56 78585
56 78589
56 78594
56 78621
56 78630
56 78632
56 78678
56 78693
56 78706
56 78722
56 78735
56 78765
56 78771
56 78780
56 78785
56 78806
56 78810
56 78813
56 78893
56 78899
56 78929
56 78975
56 78985
56 78986
56 78990
56 79030
56 79050
56 79088
56 79091
56 79133
56 79146
56 79147
56 79150
56 79172
56 79174
56 79213
56 79219
56 79227
56 79239
56 79247
56 79264
56 79291
56 79294
56 79312
56 79401
56 79404
56 79425
56 79458
56 79478
56 79491
56 79502
56 79517
56 79519
56 79545
56 79552
56 79553
56 79554
56 79568
56 79600
56 79638
56 79661
56 79665
56 79673
56 79705
56 79709
56 79726
56 79736
56 79772
56 79799
56 79812
56 79847
56 79861
56 79891
56 79896
56 79905
56 79922
56 79962
56 79966
56 79976
56 80019
56 80024
56 80033
56 80037
56 80107
56 80125
56 80138
56 80176
56 80229
56 80250
56 80260
56 80270
56 80292
56 80301
56 80326
56 80405
56 80421
56 80441
56 80483
56 80487
56 80548
56 80565
56 80581
56 80596
56 80604
56 80626
56 80636
56 80656
56 80709
56 80713
56 80728
56 80741
56 80742
56 80743
56 80750
56 80760
56 80769
56 80797
56 80814
56 80821
56 80844
56 80982
56 81016
56 81036
56 81040
56 81056
56 81062
56 81089
56 81096
56 81135
56 81166
56 81171
56 81176
56 81194
56 81223
56 81235
56 81277
56 81314
56 81334
56 81349
56 81362
56 81363
56 81381
56 81394
56 81397
56 81437
56 81539
56 81544
56 81546
56 81567
56 81589
56 81614
56 81615
56 81619
56 81629
56 81652
56 81663
56 81680
56 81708
56 81709
56 81781
56 81790
56 81802
56 81822
56 81834
56 81850
56 81851
56 81869
56 81884
56 81912
56 81921
56 81930
56 81944
56 81959
56 81962
56 81964
56 81999
56 82004
56 82008
56 82019
56 82029
56 82052
56 82063
56 82080
56 82084
56 82092
56 82103
56 82136
56 82158
56 82194
56 82212
56 82233
56 82247
56 82289
56 82300
56 82331
56 82366
56 82386
56 82398
56 82456
56 82458
56 82514
56 82582
56 82584
56 82593
56 82596
56 82597
56 82600
56 82618
56 82642
56 82673
56 82681
56 82691
56 82699
56 82716
56 82722
56 82765
56 82766
56 82877
56 82896
56 82916
56 82940
56 82990
56 82991
56 82993
56 83039
56 83041
56 83053
56 83071
56 83081
56 83086
56 83132
56 83170
56 83181
56 83223
56 83226
56 83238
56 83239
56 83281
56 83289
56 83317
56 83337
56 83339
56 83401
56 83430
56 83463
56 83467
56 83506
56 83516
56 83547
56 83565
56 83569
56 83612
56 83613
56 83614
56 83654
56 83697
56 83723
56 83733
56 83742
56 83751
56 83754
56 83767
56 83796
56 83809
56 83826
56 83845
56 83853
56 83858
56 83909
56 83927
56 83929
56 83937
56 83940
56 83956
56 83971
56 84019
56 84046
56 84047
56 84110
56 84113
56 84115
56 84116
56 84118
56 84143
56 84147
56 84172
56 84176
56 84178
56 84262
56 84281
56 84288
56 84336
56 84348
56 84362
56 84363
56 84375
56 84445
56 84446
56 84447
56 84449
56 84460
56 84484
56 84487
56 84530
56 84549
56 84569
56 84577
56 84610
56 84614
56 84621
56 84644
56 84695
56 84706
56 84746
56 84751
56 84764
56 84768
56 84815
56 84822
56 84857
56 84883
56 84970
56 84996
56 85023
56 85034
56 85042
56 85049
56 85065
56 85079
56 85085
56 85094
56 85095
56 85122
56 85142
56 85173
56 85193
56 85217
56 85223
56 85237
56 85267
56 85288
56 85289
56 85297
56 85316
56 85322
56 85330
56 85371
56 85372
56 85427
56 85432
56 85446
56 85488
56 85499
56 85526
56 85531
56 85546
56 85560
56 85569
56 85571
56 85652
56 85686
56 85768
56 85841
56 85910
56 85925
56 85927
56 85949
56 85964
56 85967
56 86000
56 86035
56 86072
56 86122
56 86123
56 86165
56 86197
56 86260
56 86304
56 86345
56 86346
56 86359
56 86385
56 86391
56 86406
56 86435
56 86449
56 86464
56 86498
56 86503
56 86506
56 86509
56 86547
56 86593
56 86616
56 86625
56 86641
56 86684
56 86704
56 86728
56 86760
56 86809
56 86844
56 86848
56 86894
56 86916
56 86918
56 86966
56 86972
56 87003
56 87017
56 87021
56 87027
56 87054
56 87065
56 87078
56 87097
56 87104
56 87119
56 87140
56 87167
56 87218
56 87256
56 87260
56 87272
56 87282
56 87291
56 87304
56 87348
56 87374
56 87389
56 87405
56 87445
56 87468
56 87478
56 87480
56 87510
56 87517
56 87570
56 87606
56 87661
56 87665
56 87686
56 87695
56 87736
56 87740
56 87748
56 87793
56 87808
56 87846
56 87864
56 87885
56 87890
56 87894
56 87939
56 87981
56 87986
56 88001
56 88008
56 88024
56 88044
56 88048
56 88069
56 88074
56 88075
56 88088
56 88117
56 88143
56 88217
56 88229
56 88237
56 88239
56 88272
56 88294
56 88297
56 88333
56 88335
56 88384
56 88394
56 88415
56 88421
56 88436
56 88445
56 88448
56 88471
56 88490
56 88524
56 88537
56 88545
56 88549
56 88617
56 88623
56 88626
56 88634
56 88659
56 88669
56 88691
56 88709
56 88751
56 88783
56 88816
56 88820
56 88861
56 88862
56 88882
56 88904
56 88910
56 88942
56 88957
56 88967
56 88980
56 88983
56 88995
56 89031
56 89052
56 89105
56 89106
56 89139
56 89176
56 89182
56 89211
56 89215
56 89223
56 89283
56 89290
56 89331
56 89350
56 89384
56 89401
56 89414
56 89436
56 89446
56 89468
56 89524
56 89539
56 89542
56 89555
56 89564
56 89566
56 89622
56 89660
56 89662
56 89676
56 89710
56 89758
56 89759
56 89783
56 89801
56 89833
56 89875
56 89885
56 89904
56 89918
56 89925
56 89985
56 90018
56 90021
56 90075
56 90083
56 90094
56 90098
56 90125
56 90130
56 90143
56 90144
56 90164
56 90181
56 90187
56 90213
56 90222
56 90226
56 90261
56 90274
56 90311
56 90321
56 90324
56 90363
56 90367
56 90378
56 90434
56 90446
56 90544
56 90568
56 90590
56 90596
56 90597
56 90610
56 90615
56 90616
56 90622
56 90660
56 90667
56 90685
56 90694
56 90695
56 90706
56 90733
56 90762
56 90807
56 90816
56 90837
56 90879
56 90896
56 90909
56 90927
56 90936
56 90951
56 90957
56 90996
56 91036
56 91037
56 91039
56 91087
56 91109
56 91169
56 91178
56 91221
56 91276
56 91344
56 91372
56 91393
56 91477
56 91482
56 91503
56 91515
56 91517
56 91521
56 91564
56 91594
56 91614
56 91691
56 91726
56 91741
56 91813
56 91816
56 91822
56 91830
56 91838
56 91841
56 91858
56 91868
56 91881
56 91904
56 91907
56 91921
56 91944
56 91946
56 91962
56 91966
56 91978
56 91989
56 91993
56 92036
56 92106
56 92112
56 92150
56 92178
56 92209
56 92224
56 92225
56 92239
56 92241
56 92243
56 92260
56 92320
56 92327
56 92351
56 92356
56 92376
56 92435
56 92455
56 92474
56 92487
56 92519
56 92526
56 92532
56 92535
56 92546
56 92573
56 92645
56 92650
56 92689
56 92700
56 92710
56 92722
56 92738
56 92782
56 92793
56 92847
56 92849
56 92863
56 92871
56 92911
56 92914
56 92915
56 92921
56 92927
56 92947
56 92967
56 92985
56 93013
56 93035
56 93037
56 93049
56 93088
56 93098
56 93109
56 93164
56 93185
56 93186
56 93195
56 93213
56 93221
56 93250
56 93253
56 93275
56 93295
56 93316
56 93330
56 93346
56 93363
56 93369
56 93437
56 93475
56 93497
56 93513
56 93518
56 93534
56 93544
56 93572
56 93600
56 93616
56 93671
56 93681
56 93689
56 93692
56 93753
56 93853
56 93865
56 93878
56 93889
56 93971
56 93980
56 93981
56 94064
56 94081
56 94088
56 94151
56 94167
56 94171
56 94176
56 94177
56 94180
56 94189
56 94223
56 94236
56 94256
56 94259
56 94281
56 94314
56 94337
56 94342
56 94352
56 94370
56 94374
56 94389
56 94391
56 94397
56 94400
56 94473
56 94526
56 94529
56 94531
56 94533
56 94553
56 94558
56 94569
56 94640
56 94653
56 94692
56 94695
56 94742
56 94750
56 94783
56 94808
56 94819
56 94822
56 94977
56 94990
56 95013
56 95035
56 95064
56 95073
56 95087
56 95096
56 95101
56 95112
56 95139
56 95197
56 95234
56 95241
56 95246
56 95286
56 95316
56 95331
56 95338
56 95372
56 95388
56 95430
56 95433
56 95456
56 95460
56 95466
56 95492
56 95512
56 95536
56 95557
56 95590
56 95603
56 95655
56 95677
56 95730
56 95742
56 95744
56 95768
56 95776
56 95795
56 95807
56 95820
56 95822
56 95836
56 95866
56 95876
56 95898
56 95911
56 95912
56 95917
56 95929
56 95988
56 95992
56 96007
56 96019
56 96080
56 96117
56 96154
56 96169
56 96226
56 96264
56 96275
56 96300
56 96325
56 96346
56 96353
56 96363
56 96393
56 96400
56 96404
56 96413
56 96446
56 96536
56 96541
56 96562
56 96581
56 96582
56 96589
56 96653
56 96692
56 96695
56 96703
56 96712
56 96725
56 96736
56 96740
56 96782
56 96786
56 96829
56 96834
56 96843
56 96852
56 96885
56 96915
56 96972
56 96974
56 96976
56 96979
56 96984
56 96999
56 97022
56 97034
56 97040
56 97044
56 97102
56 97179
56 97181
56 97223
56 97224
56 97306
56 97321
56 97426
56 97445
56 97465
56 97485
56 97487
56 97494
56 97495
56 97502
56 97504
56 97506
56 97532
56 97658
56 97681
56 97712
56 97750
56 97752
56 97755
56 97783
56 97812
56 97815
56 97870
56 97939
56 97948
56 97970
56 97979
56 98032
56 98097
56 98112
56 98126
56 98132
56 98175
56 98254
56 98262
56 98273
56 98301
56 98313
56 98364
56 98369
56 98373
56 98384
56 98402
56 98431
56 98440
56 98448
56 98465
56 98508
56 98569
56 98601
56 98606
56 98639
56 98647
56 98651
56 98663
56 98687
56 98716
56 98729
56 98733
56 98741
56 98744
56 98745
56 98764
56 98782
56 98783
56 98825
56 98828
56 98849
56 98861
56 98882
56 98887
56 98898
56 98975
56 98982
56 98983
56 98996
56 99027
56 99034
56 99048
56 99071
56 99087
56 99117
56 99152
56 99154
56 99185
56 99292
56 99298
56 99301
56 99302
56 99313
56 99355
56 99369
56 99399
56 99409
56 99453
56 99466
56 99477
56 99495
56 99508
56 99563
56 99579
56 99588
56 99602
56 99619
56 99627
56 99631
56 99647
56 99731
56 99740
56 99757
56 99759
56 99783
56 99803
56 99816
56 99850
56 99852
56 99861
56 99862
56 99884
56 99911
56 99923
56 99924
56 99952
56 99966
56 99967
56 99984
56 100008
56 100024
56 100035
56 100050
56 100083
56 100124
56 100153
56 100164
56 100256
56 100310
56 100328
56 100332
56 100359
56 100369
56 100396
56 100397
56 100399
56 100416
56 100424
56 100473
56 100477
56 100506
56 100517
56 100557
56 100559
56 100582
56 100612
56 100632
56 100668
56 100704
56 100712
56 100740
56 100772
56 100776
56 100792
56 100796
56 100808
56 100844
56 100883
56 100884
56 100913
56 100914
56 100921
56 100938
56 100944
56 100945
56 101004
56 101017
56 101019
56 101047
56 101056
56 101079
56 101088
56 101089
56 101115
56 101172
56 101179
56 101190
56 101193
56 101214
56 101247
56 101263
56 101265
56 101289
56 101299
56 101307
56 101343
56 101376
56 101387
56 101439
56 101448
56 101467
56 101480
56 101494
56 101522
56 101572
56 101575
56 101600
56 101624
56 101627
56 101665
56 101695
56 101704
56 101714
56 101759
56 101760
56 101783
56 101823
56 101830
56 101836
56 101901
56 101944
56 101983
56 102108
56 102140
56 102214
56 102236
56 102258
56 102291
56 102297
56 102310
56 102336
56 102363
56 102392
56 102400
56 102411
56 102445
56 102466
56 102477
56 102497
56 102506
56 102552
56 102555
56 102567
56 102590
56 102591
56 102599
56 102614
56 102651
56 102670
56 102720
56 102776
56 102787
56 102828
56 102845
56 102859
56 102886
56 102895
56 102959
56 102969
56 103000
56 103014
56 103022
56 103036
56 103067
56 103085
56 103101
56 103105
56 103109
56 103117
56 103124
56 103127
56 103137
56 103151
56 103160
56 103169
56 103216
56 103218
56 103256
56 103259
56 103291
56 103299
56 103303
56 103320
56 103335
56 103349
56 103356
56 103365
56 103367
56 103369
56 103372
56 103412
56 103430
56 103479
56 103488
56 103501
56 103510
56 103544
56 103586
56 103591
56 103600
56 103603
56 103614
56 103627
56 103628
56 103658
56 103706
56 103750
56 103754
56 103768
56 103780
56 103810
56 103814
56 103821
56 103828
56 103833
56 103839
56 103844
56 103866
56 103881
56 103909
56 103923
56 103966
56 103986
56 104035
56 104045
56 104065
56 104078
56 104104
56 104136
56 104137
56 104146
56 104193
56 104202
56 104209
56 104219
56 104220
56 104364
56 104422
56 104424
56 104426
56 104431
56 104437
56 104460
56 104461
56 104474
56 104480
56 104509
56 104559
56 104566
56 104590
56 104603
56 104605
56 104686
56 104696
56 104707
56 104715
56 104722
56 104771
56 104829
56 104858
56 104875
56 104880
56 104888
56 104895
56 104959
56 104987
56 104993
56 104995
56 105000
56 105019
56 105028
56 105055
56 105061
56 105071
56 105086
56 105098
56 105101
56 105189
56 105202
56 105207
56 105211
56 105233
56 105235
56 105241
56 105279
56 105304
56 105308
56 105364
56 105365
56 105376
56 105412
56 105449
56 105454
56 105488
56 105496
56 105520
56 105527
56 105535
56 105567
56 105568
56 105575
56 105578
56 105634
56 105654
56 105684
56 105686
56 105781
56 105782
56 105788
56 105853
56 105858
56 105866
56 105871
56 105984
56 105995
56 105999
56 106009
56 106014
56 106023
56 106030
56 106036
56 106040
56 106043
56 106048
56 106049
56 106051
56 106058
56 106089
56 106107
56 106136
56 106146
56 106188
56 106191
56 106207
56 106208
56 106240
56 106253
56 106276
56 106343
56 106356
56 106407
56 106411
56 106426
56 106432
56 106495
56 106503
56 106512
56 106515
56 106551
56 106555
56 106617
56 106636
56 106654
56 106659
56 106662
56 106687
56 106699
56 106707
56 106741
56 106766
56 106771
56 106834
56 106838
56 106848
56 106857
56 106859
56 106860
56 106875
56 106896
56 106911
56 106926
56 106949
56 106976
56 106984
56 106985
56 107056
56 107076
56 107120
56 107148
56 107169
56 107170
56 107177
56 107197
56 107201
56 107229
56 107253
56 107277
56 107364
56 107365
56 107445
56 107481
56 107485
56 107486
56 107487
56 107506
56 107585
56 107613
56 107616
56 107625
56 107649
56 107669
56 107720
56 107728
56 107729
56 107739
56 107756
56 107784
56 107793
56 107809
56 107857
56 107908
56 107911
56 107918
56 107937
56 107982
56 107994
56 108085
56 108125
56 108131
56 108147
56 108152
56 108180
56 108203
56 108209
56 108211
56 108214
56 108230
56 108235
56 108239
56 108256
56 108279
56 108283
56 108296
56 108325
56 108331
56 108333
56 108347
56 108361
56 108409
56 108412
56 108413
56 108416
56 108461
56 108471
56 108479
56 108500
56 108511
56 108520
56 108574
56 108597
56 108626
56 108637
56 108697
56 108698
56 108710
56 108742
56 108751
56 108807
56 108824
56 108879
56 108906
56 108942
56 108946
56 108948
56 108964
56 108969
56 108973
56 108975
56 108986
56 109009
56 109027
56 109028
56 109050
56 109059
56 109066
56 109133
56 109163
56 109206
56 109254
56 109273
56 109278
56 109300
56 109314
56 109329
56 109345
56 109380
56 109416
56 109423
56 109427
56 109456
56 109462
56 109465
56 109466
56 109485
56 109496
56 109513
56 109569
56 109571
56 109608
56 109637
56 109657
56 109666
56 109684
56 109705
56 109718
56 109731
56 109749
56 109779
56 109830
56 109844
56 109914
56 109959
56 110029
56 110053
56 110069
56 110105
56 110107
56 110122
56 110135
56 110173
56 110206
56 110216
56 110239
56 110251
56 110265
56 110289
56 110304
56 110311
56 110350
56 110362
56 110365
56 110402
56 110412
56 110423
56 110438
56 110446
56 110460
56 110562
56 110568
56 110576
56 110609
56 110612
56 110655
56 110661
56 110673
56 110732
56 110742
56 110769
56 110823
56 110846
56 110902
56 110915
56 110972
56 110975
56 110977
56 110991
56 111018
56 111042
56 111081
56 111094
56 111103
56 111138
56 111180
56 111198
56 111221
56 111263
56 111265
56 111268
56 111290
56 111309
56 111322
56 111346
56 111368
56 111380
56 111398
56 111409
56 111413
56 111419
56 111440
56 111447
56 111486
56 111499
56 111506
56 111515
56 111553
56 111559
56 111584
56 111600
56 111607
56 111639
56 111640
56 111713
56 111715
56 111717
56 111739
56 111743
56 111744
56 111751
56 111796
56 111848
56 111893
56 111931
56 111939
56 111967
56 111971
56 111974
56 112004
56 112040
56 112047
56 112086
56 112104
56 112109
56 112117
56 112137
56 112142
56 112181
56 112290
56 112312
56 112324
56 112326
56 112391
56 112398
56 112405
56 112433
56 112448
56 112467
56 112486
56 112511
56 112539
56 112554
56 112557
56 112589
56 112591
56 112596
56 112597
56 112641
56 112643
56 112651
56 112675
56 112702
56 112736
56 112738
56 112744
56 112756
56 112784
56 112798
56 112827
56 112830
56 112875
56 112884
56 112887
56 112940
56 112995
56 113016
56 113019
56 113026
56 113046
56 113090
56 113112
56 113133
56 113135
56 113144
56 113157
56 113161
56 113183
56 113225
56 113235
56 113274
56 113289
56 113308
56 113314
56 113344
56 113394
56 113395
56 113396
56 113413
56 113432
56 113480
56 113486
56 113489
56 113505
56 113515
56 113520
56 113535
56 113559
56 113561
56 113599
56 113626
56 113734
56 113740
56 113763
56 113772
56 113797
56 113815
56 113848
56 113852
56 113875
56 113897
56 113936
56 113953
56 113979
56 113993
56 114000
56 114014
56 114025
56 114027
56 114068
56 114093
56 114105
56 114115
56 114120
56 114141
56 114165
56 114166
56 114179
56 114181
56 114214
56 114243
56 114275
56 114339
56 114368
56 114398
56 114438
56 114469
56 114473
56 114494
56 114514
56 114525
56 114581
56 114584
56 114592
56 114602
56 114615
56 114618
56 114621
56 114640
56 114666
56 114669
56 114675
56 114681
56 114750
56 114794
56 114804
56 114815
56 114837
56 114843
56 114845
56 114854
56 114862
56 114897
56 114916
56 114948
56 114957
56 114958
56 115050
56 115061
56 115083
56 115105
56 115135
56 115150
56 115195
56 115227
56 115253
56 115257
56 115272
56 115396
56 115401
56 115415
56 115418
56 115433
56 115448
56 115461
56 115495
56 115498
56 115523
56 115555
56 115579
56 115594
56 115625
56 115671
56 115699
56 115711
56 115714
56 115724
56 115726
56 115755
56 115793
56 115891
56 115901
56 115910
56 115917
56 115936
56 115986
56 115992
56 116072
56 116074
56 116077
56 116156
56 116181
56 116207
56 116217
56 116220
56 116278
56 116301
56 116324
56 116327
56 116332
56 116430
56 116445
56 116446
56 116450
56 116458
56 116461
56 116469
56 116473
56 116481
56 116484
56 116493
56 116500
56 116503
56 116509
56 116532
56 116595
56 116613
56 116660
56 116661
56 116685
56 116725
56 116737
56 116758
56 116763
56 116770
56 116776
56 116787
56 116796
56 116798
56 116827
56 116890
56 116893
56 116992
56 116994
56 116998
56 117007
56 117021
56 117034
56 117044
56 117090
56 117100
56 117154
56 117155
56 117157
56 117192
56 117206
56 117348
56 117402
56 117407
56 117432
56 117434
56 117460
56 117498
56 117557
56 117582
56 117590
56 117597
56 117619
56 117633
56 117651
56 117694
56 117701
56 117782
56 117784
56 117811
56 117833
56 117838
56 117874
56 117929
56 118030
56 118044
56 118078
56 118084
56 118117
56 118131
56 118181
56 118182
56 118186
56 118214
56 118247
56 118283
56 118304
56 118335
56 118357
56 118387
56 118388
56 118405
56 118468
56 118494
56 118498
56 118510
56 118530
56 118556
56 118574
56 118591
56 118602
56 118605
56 118607
56 118635
56 118637
56 118665
56 118690
56 118752
56 118768
56 118794
56 118797
56 118811
56 118820
56 118851
56 118894
56 118895
56 118957
56 118975
56 119004
56 119012
56 119055
56 119059
56 119067
56 119076
56 119088
56 119105
56 119120
56 119175
56 119193
56 119206
56 119225
56 119227
56 119228
56 119236
56 119237
56 119246
56 119256
56 119259
56 119281
56 119308
56 119323
56 119353
56 119358
56 119371
56 119382
56 119464
56 119465
56 119471
56 119479
56 119496
56 119502
56 119531
56 119608
56 119671
56 119727
56 119789
56 119832
56 119854
56 119872
56 119918
56 119924
56 119975
56 119982
56 120004
56 120021
56 120024
56 120047
56 120079
56 120098
56 120102
56 120117
56 120138
56 120172
56 120209
56 120227
56 120301
56 120343
56 120344
56 120354
56 120421
56 120451
56 120473
56 120499
56 120551
56 120554
56 120598
56 120630
56 120641
56 120681
56 120684
56 120722
56 120727
56 120750
56 120756
56 120864
56 120877
56 120885
56 120895
56 120906
56 120942
56 120951
56 120977
56 120996
56 121046
56 121060
56 121073
56 121113
56 121137
56 121158
56 121178
56 121193
56 121204
56 121244
56 121249
56 121293
56 121294
56 121319
56 121330
56 121341
56 121351
56 121355
56 121363
56 121368
56 121375
56 121503
56 121514
56 121532
56 121563
56 121571
56 121616
56 121620
56 121621
56 121692
56 121744
56 121760
56 121764
56 121849
56 121861
56 121870
56 121890
56 121916
56 121917
56 121928
56 121937
56 121941
56 121951
56 121978
56 121979
56 121982
56 121993
56 122010
56 122016
56 122030
56 122034
56 122067
56 122075
56 122094
56 122097
56 122151
56 122155
56 122182
56 122195
56 122213
56 122267
56 122285
56 122299
56 122313
56 122413
56 122448
56 122460
56 122473
56 122560
56 122571
56 122577
56 122581
56 122609
56 122611
56 122622
56 122684
56 122729
56 122744
56 122752
56 122817
56 122823
56 122893
56 122903
56 122912
56 122944
56 122958
56 123025
56 123026
56 123040
56 123057
56 123087
56 123171
56 123189
56 123194
56 123195
56 123199
56 123221
56 123223
56 123240
56 123250
56 123284
56 123292
56 123339
56 123365
56 123426
56 123474
56 123489
56 123518
56 123536
56 123562
56 123600
56 123603
56 123612
56 123615
56 123635
56 123642
56 123668
56 123670
56 123702
56 123714
56 123739
56 123740
56 123747
56 123785
56 123791
56 123854
56 123871
56 123888
56 123909
56 123934
56 123964
56 124003
56 124028
56 124029
56 124031
56 124076
56 124117
56 124136
56 124142
56 124182
56 124200
56 124237
56 124258
56 124325
56 124328
56 124345
56 124373
56 124377
56 124401
56 124466
56 124477
56 124509
56 124515
56 124525
56 124541
56 124578
56 124592
56 124604
56 124662
56 124664
56 124671
56 124704
56 124709
56 124734
56 124737
56 124739
56 124754
56 124758
56 124784
56 124791
56 124810
56 124820
56 124867
56 124921
56 124929
56 124934
56 124947
56 124953
56 124988
56 124994
56 125021
56 125056
56 125086
56 125090
56 125110
56 125132
56 125134
56 125159
56 125166
56 125244
56 125248
56 125262
56 125338
56 125349
56 125358
56 125363
56 125365
56 125378
56 125379
56 125384
56 125393
56 125436
56 125461
56 125481
56 125493
56 125501
56 125547
56 125579
56 125593
56 125598
56 125608
56 125613
56 125631
56 125660
56 125662
56 125712
56 125726
56 125738
56 125768
56 125769
56 125776
56 125782
56 125810
56 125814
56 125828
56 125831
56 125853
56 125886
56 125900
56 125916
56 125922
56 125954
56 125957
56 126012
56 126014
56 126026
56 126031
56 126045
56 126072
56 126085
56 126087
56 126096
56 126099
56 126100
56 126131
56 126141
56 126142
56 126167
56 126222
56 126240
56 126242
56 126251
56 126270
56 126274
56 126275
56 126280
56 126286
56 126308
56 126315
56 126325
56 126367
56 126389
56 126402
56 126425
56 126428
56 126449
56 126452
56 126477
56 126522
56 126549
56 126554
56 126588
56 126654
56 126685
56 126686
56 126698
56 126728
56 126752
56 126773
56 126864
56 126867
56 126868
56 126879
56 126912
56 126929
56 126954
56 126974
56 126987
56 127001
56 127004
56 127023
56 127043
56 127084
56 127105
56 127110
56 127113
56 127116
56 127153
56 127157
56 127180
56 127194
56 127228
56 127243
56 127255
56 127291
56 127302
56 127327
56 127406
56 127409
56 127442
56 127467
56 127475
56 127502
56 127519
56 127539
56 127546
56 127568
56 127580
56 127603
56 127626
56 127705
56 127707
56 127716
56 127740
56 127794
56 127811
56 127819
56 127829
56 127867
56 127883
56 127904
56 127912
56 127969
56 128004
56 128005
56 128015
56 128029
56 128047
56 128071
56 128106
56 128151
56 128196
56 128223
56 128255
56 128362
56 128365
56 128404
56 128435
56 128482
56 128488
56 128496
56 128506
56 128516
56 128521
56 128545
56 128550
56 128558
56 128570
56 128581
56 128583
56 128632
56 128635
56 128662
56 128724
56 128742
56 128746
56 128767
56 128775
56 128789
56 128807
56 128824
56 128833
56 128834
56 128864
56 128874
56 128892
56 128942
56 128949
56 128988
56 129019
56 129059
56 129075
56 129076
56 129115
56 129118
56 129178
56 129185
56 129229
56 129256
56 129263
56 129267
56 129268
56 129287
56 129305
56 129334
56 129348
56 129350
56 129372
56 129403
56 129407
56 129427
56 129437
56 129501
56 129522
56 129551
56 129589
56 129591
56 129592
56 129614
56 129627
56 129649
56 129660
56 129662
56 129666
56 129673
56 129690
56 129723
56 129748
56 129788
56 129796
56 129885
56 129897
56 129910
56 129940
56 129941
56 129957
56 129964
56 129977
56 130020
56 130062
56 130083
56 130093
56 130113
56 130144
56 130168
56 130189
56 130209
56 130219
56 130231
56 130244
56 130269
56 130284
56 130294
56 130327
56 130332
56 130334
56 130342
56 130353
56 130362
56 130373
56 130375
56 130385
56 130432
56 130489
56 130515
56 130540
56 130546
56 130567
56 130578
56 130585
56 130595
56 130597
56 130632
56 130655
56 130698
56 130707
56 130720
56 130736
56 130776
56 130827
56 130833
56 130834
56 130838
56 130849
56 130857
56 130931
56 130932
56 130953
56 130990
56 131008
56 131014
56 131022
56 131046
56 131047
56 131078
56 131139
56 131156
56 131160
56 131176
56 131196
56 131210
56 131273
56 131301
56 131341
56 131348
56 131383
56 131389
56 131395
56 131405
56 131431
56 131450
56 131454
56 131459
56 131529
56 131557
56 131567
56 131574
56 131587
56 131592
56 131593
56 131599
56 131609
56 131676
56 131713
56 131726
56 131749
56 131753
56 131781
56 131792
56 131798
56 131807
56 131863
56 131876
56 131907
56 131929
56 131947
56 131951
56 131968
56 131981
56 131993
56 132027
56 132071
56 132072
56 132087
56 132112
56 132134
56 132138
56 132235
56 132248
56 132290
56 132322
56 132335
56 132358
56 132397
56 132414
56 132485
56 132488
56 132490
56 132560
56 132573
56 132578
56 132610
56 132618
56 132634
56 132638
56 132649
56 132687
56 132715
56 132725
56 132734
56 132748
56 132790
56 132800
56 132835
56 132837
56 132854
56 132867
56 132874
56 132877
56 132907
56 132908
56 132970
56 132975
56 132985
56 132989
56 132994
56 132995
56 132997
56 133005
56 133017
56 133048
56 133094
56 133121
56 133125
56 133135
56 133152
56 133245
56 133271
56 133311
56 133323
56 133360
56 133373
56 133380
56 133386
56 133399
56 133419
56 133425
56 133506
56 133519
56 133520
56 133542
56 133544
56 133560
56 133593
56 133648
56 133681
56 133701
56 133709
56 133745
56 133747
56 133755
56 133818
56 133825
56 133829
56 133850
56 133909
56 133950
56 133961
56 133982
56 133993
56 134009
56 134022
56 134024
56 134058
56 134079
56 134128
56 134149
56 134153
56 134161
56 134195
56 134253
56 134320
56 134323
56 134339
56 134361
56 134375
56 134384
56 134393
56 134442
56 134468
56 134497
56 134521
56 134525
56 134530
56 134543
56 134544
56 134548
56 134578
56 134593
56 134599
56 134622
56 134625
56 134639
56 134651
56 134700
56 134711
56 134715
56 134726
56 134734
56 134742
56 134752
56 134759
56 134784
56 134859
56 134886
56 134907
56 134917
56 134934
56 134957
56 135025
56 135052
56 135075
56 135078
56 135099
56 135102
56 135109
56 135124
56 135126
56 135132
56 135145
56 135205
56 135207
56 135211
56 135217
56 135223
56 135298
56 135304
56 135340
56 135360
56 135375
56 135406
56 135479
56 135517
56 135549
56 135566
56 135585
56 135615
56 135634
56 135681
56 135691
56 135710
56 135711
56 135718
56 135741
56 135762
56 135774
56 135812
56 135817
56 135820
56 135860
56 135883
56 135903
56 135913
56 135945
56 135947
56 135949
56 135975
56 135988
56 136014
56 136081
56 136088
56 136156
56 136174
56 136177
56 136183
56 136187
56 136192
56 136232
56 136315
56 136381
56 136398
56 136399
56 136400
56 136460
56 136471
56 136535
56 136602
56 136606
56 136648
56 136680
56 136698
56 136712
56 136731
56 136778
56 136780
56 136812
56 136841
56 136848
56 136854
56 136904
56 136916
56 136943
56 136954
56 136985
56 136987
56 137001
56 137006
56 137026
56 137045
56 137046
56 137057
56 137060
56 137078
56 137104
56 137130
56 137134
56 137135
56 137190
56 137200
56 137280
56 137282
56 137302
56 137309
56 137317
56 137382
56 137389
56 137407
56 137422
56 137424
56 137436
56 137487
56 137517
56 137558
56 137563
56 137571
56 137596
56 137613
56 137617
56 137631
56 137661
56 137664
56 137672
56 137679
56 137714
56 137724
56 137748
56 137820
56 137864
56 137865
56 137907
56 137916
56 137932
56 137966
56 137977
56 137980
56 137985
56 138028
56 138033
56 138054
56 138062
56 138063
56 138079
56 138089
56 138134
56 138142
56 138162
56 138187
56 138208
56 138246
56 138264
56 138312
56 138320
56 138391
56 138394
56 138413
56 138428
56 138442
56 138468
56 138480
56 138497
56 138530
56 138540
56 138552
56 138570
56 138579
56 138596
56 138597
56 138637
56 138689
56 138706
56 138723
56 138729
56 138782
56 138818
56 138824
56 138857
56 138889
56 138932
56 138942
56 139022
56 139024
56 139031
56 139035
56 139073
56 139078
56 139081
56 139082
56 139096
56 139121
56 139142
56 139180
56 139197
56 139228
56 139241
56 139257
56 139258
56 139285
56 139348
56 139357
56 139374
56 139386
56 139451
56 139457
56 139465
56 139468
56 139473
56 139483
56 139485
56 139492
56 139506
56 139515
56 139530
56 139546
56 139560
56 139569
56 139584
56 139589
56 139590
56 139633
56 139649
56 139657
56 139713
56 139744
56 139756
56 139779
56 139797
56 139838
56 139894
56 139935
56 139941
56 140000
56 140039
56 140080
56 140095
56 140103
56 140127
56 140169
56 140217
56 140299
56 140306
56 140324
56 140343
56 140354
56 140381
56 140385
56 140422
56 140437
56 140438
56 140440
56 140448
56 140577
56 140589
56 140624
56 140654
56 140659
56 140663
56 140693
56 140699
56 140706
56 140716
56 140717
56 140744
56 140757
56 140769
56 140795
56 140800
56 140803
56 140828
56 140839
56 140851
56 140856
56 140864
56 140867
56 140900
56 140905
56 140945
56 140980
56 141019
56 141027
56 141033
56 141081
56 141096
56 141112
56 141129
56 141144
56 141171
56 141180
56 141184
56 141196
56 141233
56 141235
56 141279
56 141348
56 141381
56 141420
56 141480
56 141490
56 141502
56 141509
56 141514
56 141551
56 141566
56 141585
56 141595
56 141601
56 141635
56 141680
56 141731
56 141779
56 141787
56 141788
56 141795
56 141807
56 141813
56 141828
56 141839
56 141841
56 141851
56 141892
56 141909
56 141927
56 141935
56 141944
56 141978
56 141992
56 142000
56 142002
56 142021
56 142032
56 142034
56 142051
56 142065
56 142069
56 142071
56 142079
56 142163
56 142177
56 142200
56 142226
56 142228
56 142232
56 142262
56 142276
56 142347
56 142348
56 142368
56 142389
56 142392
56 142405
56 142412
56 142421
56 142431
56 142446
56 142458
56 142475
56 142476
56 142487
56 142498
56 142511
56 142564
56 142566
56 142588
56 142589
56 142616
56 142633
56 142653
56 142657
56 142701
56 142707
56 142739
56 142750
56 142778
56 142807
56 142861
56 142962
56 142968
56 142983
56 143007
56 143017
56 143034
56 143054
56 143133
56 143159
56 143168
56 143205
56 143214
56 143232
56 143234
56 143244
56 143248
56 143302
56 143346
56 143361
56 143370
56 143388
56 143391
56 143399
56 143505
56 143522
56 143531
56 143537
56 143540
56 143550
56 143557
56 143607
56 143656
56 143686
56 143687
56 143694
56 143719
56 143726
56 143737
56 143803
56 143804
56 143843
56 143849
56 143867
56 143876
56 143886
56 143935
56 143950
56 143993
56 143995
56 144066
56 144092
56 144127
56 144175
56 144176
56 144252
56 144264
56 144281
56 144326
56 144339
56 144352
56 144377
56 144392
56 144432
56 144453
56 144562
56 144634
56 144636
56 144656
56 144668
56 144682
56 144703
56 144740
56 144771
56 144772
56 144788
56 144810
56 144851
56 144857
56 144862
56 144870
56 144896
56 144903
56 144951
56 144970
56 145004
56 145019
56 145034
56 145056
56 145072
56 145077
56 145104
56 145115
56 145145
56 145153
56 145170
56 145207
56 145225
56 145230
56 145258
56 145270
56 145304
56 145324
56 145334
56 145345
56 145353
56 145378
56 145436
56 145442
56 145469
56 145484
56 145496
56 145518
56 145527
56 145570
56 145585
56 145587
56 145601
56 145634
56 145721
56 145728
56 145776
56 145783
56 145836
56 145893
56 145900
56 145919
56 145967
56 145991
56 146109
56 146111
56 146127
56 146138
56 146215
56 146216
56 146269
56 146274
56 146289
56 146301
56 146322
56 146326
56 146348
56 146353
56 146383
56 146422
56 146467
56 146474
56 146499
56 146506
56 146511
56 146516
56 146528
56 146532
56 146550
56 146556
56 146585
56 146654
56 146675
56 146682
56 146717
56 146719
56 146728
56 146762
56 146783
56 146805
56 146806
56 146836
56 146837
56 146852
56 146891
56 146892
56 146899
56 146907
56 146914
56 146930
56 146947
56 146962
56 146987
56 147018
56 147036
56 147046
56 147056
56 147076
56 147088
56 147125
56 147181
56 147184
56 147189
56 147193
56 147213
56 147256
56 147280
56 147296
56 147305
56 147327
56 147349
56 147374
56 147378
56 147395
56 147418
56 147424
56 147457
56 147468
56 147498
56 147523
56 147530
56 147534
56 147546
56 147547
56 147566
56 147582
56 147592
56 147602
56 147638
56 147662
56 147694
56 147695
56 147780
56 147829
56 147832
56 147842
56 147872
56 147873
56 147891
56 147907
56 147926
56 147941
56 147989
56 148040
56 148052
56 148111
56 148187
56 148214
56 148215
56 148231
56 148234
56 148272
56 148297
56 148370
56 148375
56 148376
56 148395
56 148438
56 148445
56 148459
56 148481
56 148525
56 148553
56 148561
56 148576
56 148579
56 148585
56 148628
56 148641
56 148659
56 148697
56 148703
56 148707
56 148729
56 148793
56 148846
56 148887
58 500
58 520
58 569
58 590
58 601
58 608
58 694
58 754
58 810
58 859
58 926
58 945
58 974
58 1026
58 1041
58 1066
58 1084
58 1088
58 1097
58 1099
58 1108
58 1123
58 1124
58 1129
58 1136
58 1138
58 1178
58 1213
58 1217
58 1225
58 1228
58 1251
58 1304
58 1388
58 1402
58 1403
58 1431
58 1454
58 1494
58 1500
58 1527
58 1548
58 1581
58 1692
58 1813
58 1901
58 1906
58 1990
58 2021
58 2056
58 2135
58 2215
58 2331
58 2350
58 2391
58 2513
58 2552
58 2561
58 2608
58 2657
58 2660
58 2669
58 2700
58 2733
58 2737
58 2825
58 2841
58 2843
58 2885
58 2913
58 2920
58 2941
58 2957
58 2962
58 2964
58 2973
58 2982
58 3029
58 3040
58 3091
58 3098
58 3105
58 3212
58 3280
58 3314
58 3320
58 3413
58 3440
58 3447
58 3453
58 3485
58 3511
58 3546
58 3585
58 3634
58 3692
58 3753
58 3792
58 3795
58 3807
58 3827
58 3829
58 3848
58 3859
58 3866
58 3878
58 3902
58 3911
58 3951
58 4000
58 4013
58 4021
58 4083
58 4203
58 4214
58 4222
58 4228
58 4245
58 4316
58 4317
58 4335
58 4362
58 4388
58 4474
58 4502
58 4503
58 4517
58 4551
58 4558
58 4598
58 4608
58 4619
58 4620
58 4623
58 4624
58 4645
58 4680
58 4737
58 4740
58 4773
58 4791
58 4799
58 4802
58 4828
58 4849
58 4882
58 4900
58 4911
58 4920
58 4931
58 4941
58 4950
58 4957
58 4965
58 5004
58 5025
58 5039
58 5061
58 5110
58 5183
58 5195
58 5286
58 5323
58 5369
58 5404
58 5429
58 5448
58 5453
58 5459
58 5477
58 5531
58 5561
58 5576
58 5584
58 5789
58 5930
58 5993
58 6063
58 6303
58 6577
58 6593
58 6602
58 6616
58 6628
58 6643
58 6679
58 6725
58 6745
58 6761
58 6802
58 6806
58 6809
58 6838
58 6880
58 6894
58 6906
58 6940
58 6950
58 6955
58 7019
58 7023
58 7029
58 7086
58 7088
58 7107
58 7111
58 7146
58 7189
58 7207
58 7212
58 7226
58 7246
58 7253
58 7276
58 7309
58 7332
58 7378
58 7388
58 7424
58 7445
58 7455
58 7459
58 7464
58 7488
58 7555
58 7556
58 7564
58 7569
58 7598
58 7648
58 7650
58 7716
58 7730
58 7736
58 7786
58 7827
58 7866
58 7882
58 7901
58 7934
58 7960
58 7968
58 7974
58 7990
58 8032
58 8083
58 8084
58 8101
58 8114
58 8155
58 8172
58 8179
58 8193
58 8238
58 8251
58 8252
58 8258
58 8268
58 8270
58 8279
58 8280
58 8298
58 8311
58 8325
58 8345
58 8380
58 8399
58 8462
58 8485
58 8493
58 8520
58 8524
58 8544
58 8550
58 8554
58 8560
58 8566
58 8599
58 8600
58 8602
58 8657
58 8658
58 8724
58 8743
58 8762
58 8807
58 8866
58 8877
58 8886
58 8894
58 8897
58 8901
58 8920
58 8942
58 8950
58 8977
58 8997
58 9037
58 9055
58 9068
58 9124
58 9164
58 9199
58 9212
58 9219
58 9256
58 9268
58 9276
58 9356
58 9375
58 9402
58 9432
58 9436
58 9453
58 9463
58 9505
58 9530
58 9606
58 9619
58 9621
58 9640
58 9662
58 9713
58 9715
58 9730
58 9731
58 9738
58 9745
58 9771
58 9799
58 9887
58 9895
58 9908
58 9930
58 9932
58 9958
58 9959
58 9999
58 10005
58 10058
58 10069
58 10093
58 10110
58 10144
58 10145
58 10159
58 10170
58 10191
58 10204
58 10205
58 10223
58 10250
58 10264
58 10276
58 10310
58 10312
58 10326
58 10331
58 10373
58 10393
58 10474
58 10483
58 10496
58 10527
58 10528
58 10538
58 10561
58 10575
58 10603
58 10626
58 10633
58 10653
58 10656
58 10660
58 10686
58 10697
58 10713
58 10743
58 10806
58 10816
58 10848
58 10851
58 10858
58 10878
58 10918
58 10947
58 10955
58 10970
58 10990
58 11004
58 11023
58 11032
58 11041
58 11054
58 11064
58 11067
58 11069
58 11088
58 11095
58 11126
58 11147
58 11157
58 11191
58 11258
58 11267
58 11293
58 11306
58 11400
58 11413
58 11432
58 11466
58 11467
58 11472
58 11489
58 11575
58 11580
58 11581
58 11645
58 11653
58 11654
58 11671
58 11681
58 11701
58 11721
58 11737
58 11844
58 11852
58 11873
58 11874
58 11876
58 11942
58 11984
58 11992
58 11993
58 11999
58 12015
58 12036
58 12042
58 12097
58 12139
58 12165
58 12183
58 12195
58 12197
58 12211
58 12252
58 12276
58 12278
58 12283
58 12284
58 12288
58 12296
58 12312
58 12323
58 12325
58 12340
58 12356
58 12401
58 12425
58 12438
58 12440
58 12450
58 12452
58 12454
58 12456
58 12474
58 12486
58 12493
58 12504
58 12509
58 12511
58 12522
58 12558
58 12565
58 12567
58 12618
58 12669
58 12670
58 12672
58 12678
58 12683
58 12710
58 12717
58 12744
58 12745
58 12769
58 12809
58 12846
58 12895
58 12905
58 12924
58 12927
58 12941
58 12947
58 12990
58 13051
58 13078
58 13121
58 13134
58 13146
58 13169
58 13178
58 13204
58 13293
58 13347
58 13357
58 13368
58 13371
58 13402
58 13412
58 13417
58 13419
58 13422
58 13449
58 13451
58 13493
58 13497
58 13505
58 13540
58 13579
58 13580
58 13586
58 13603
58 13625
58 13632
58 13635
58 13670
58 13674
58 13679
58 13704
58 13756
58 13769
58 13781
58 13784
58 13790
58 13802
58 13803
58 13846
58 13908
58 13927
58 13949
58 13973
58 14003
58 14010
58 14050
58 14074
58 14087
58 14099
58 14113
58 14180
58 14186
58 14211
58 14243
58 14257
58 14311
58 14354
58 14391
58 14396
58 14398
58 14431
58 14474
58 14480
58 14486
58 14505
58 14525
58 14556
58 14576
58 14580
58 14678
58 14681
58 14729
58 14730
58 14749
58 14759
58 14775
58 14820
58 14850
58 14856
58 14879
58 14884
58 14900
58 14901
58 14909
58 14974
58 14993
58 14995
58 14998
58 15016
58 15019
58 15039
58 15072
58 15145
58 15210
58 15220
58 15267
58 15269
58 15311
58 15312
58 15353
58 15365
58 15369
58 15374
58 15379
58 15405
58 15414
58 15458
58 15516
58 15534
58 15535
58 15538
58 15551
58 15558
58 15573
58 15642
58 15682
58 15790
58 15833
58 15835
58 15850
58 15856
58 15864
58 15885
58 15912
58 15944
58 15964
58 15965
58 15983
58 16003
58 16024
58 16028
58 16052
58 16110
58 16119
58 16131
58 16136
58 16203
58 16223
58 16229
58 16241
58 16259
58 16307
58 16318
58 16355
58 16362
58 16430
58 16437
58 16456
58 16460
58 16471
58 16472
58 16488
58 16500
58 16507
58 16533
58 16567
58 16590
58 16596
58 16606
58 16639
58 16679
58 16744
58 16754
58 16766
58 16770
58 16776
58 16812
58 16827
58 16834
58 16840
58 16883
58 16917
58 16925
58 16957
58 16990
58 17005
58 17006
58 17029
58 17048
58 17053
58 17061
58 17076
58 17115
58 17144
58 17163
58 17198
58 17236
58 17249
58 17262
58 17270
58 17283
58 17290
58 17332
58 17336
58 17344
58 17353
58 17382
58 17398
58 17430
58 17459
58 17465
58 17487
58 17497
58 17504
58 17615
58 17617
58 17618
58 17629
58 17633
58 17642
58 17653
58 17670
58 17754
58 17766
58 17768
58 17797
58 17884
58 17897
58 17907
58 17916
58 17933
58 17998
58 18005
58 18023
58 18029
58 18058
58 18065
58 18132
58 18156
58 18166
58 18175
58 18183
58 18184
58 18189
58 18197
58 18211
58 18214
58 18255
58 18271
58 18276
58 18300
58 18308
58 18316
58 18327
58 18349
58 18362
58 18375
58 18412
58 18413
58 18415
58 18427
58 18516
58 18570
58 18577
58 18586
58 18592
58 18621
58 18622
58 18639
58 18641
58 18654
58 18666
58 18708
58 18713
58 18770
58 18794
58 18843
58 18888
58 18924
58 18995
58 19043
58 19062
58 19093
58 19130
58 19141
58 19142
58 19164
58 19179
58 19185
58 19193
58 19198
58 19214
58 19235
58 19261
58 19293
58 19319
58 19346
58 19398
58 19400
58 19407
58 19461
58 19507
58 19523
58 19530
58 19552
58 19563
58 19577
58 19593
58 19597
58 19601
58 19602
58 19699
58 19718
58 19754
58 19768
58 19784
58 19787
58 19791
58 19800
58 19856
58 19897
58 19955
58 19972
58 20016
58 20026
58 20030
58 20032
58 20052
58 20061
58 20086
58 20091
58 20113
58 20126
58 20143
58 20163
58 20181
58 20227
58 20238
58 20274
58 20301
58 20309
58 20332
58 20363
58 20375
58 20439
58 20445
58 20468
58 20479
58 20484
58 20494
58 20510
58 20512
58 20514
58 20555
58 20570
58 20582
58 20620
58 20638
58 20653
58 20665
58 20674
58 20688
58 20718
58 20723
58 20735
58 20753
58 20802
58 20814
58 20838
58 20863
58 20872
58 20895
58 20902
58 20907
58 20916
58 20934
58 20939
58 20947
58 20961
58 20963
58 20992
58 21001
58 21016
58 21062
58 21064
58 21066
58 21075
58 21103
58 21133
58 21148
58 21162
58 21175
58 21183
58 21191
58 21197
58 21208
58 21229
58 21238
58 21266
58 21281
58 21286
58 21293
58 21346
58 21366
58 21367
58 21376
58 21377
58 21383
58 21387
58 21403
58 21432
58 21468
58 21478
58 21481
58 21491
58 21504
58 21517
58 21543
58 21571
58 21582
58 21596
58 21610
58 21640
58 21648
58 21660
58 21707
58 21726
58 21730
58 21745
58 21762
58 21802
58 21822
58 21846
58 21854
58 21866
58 21889
58 21893
58 21912
58 21923
58 21951
58 21983
58 22010
58 22014
58 22026
58 22068
58 22097
58 22119
58 22138
58 22141
58 22143
58 22150
58 22221
58 22252
58 22273
58 22293
58 22313
58 22366
58 22398
58 22410
58 22417
58 22422
58 22432
58 22448
58 22468
58 22472
58 22481
58 22502
58 22504
58 22564
58 22593
58 22608
58 22629
58 22674
58 22678
58 22687
58 22698
58 22703
58 22729
58 22774
58 22777
58 22785
58 22802
58 22849
58 22864
58 22888
58 22921
58 22927
58 22938
58 22961
58 22982
58 23032
58 23041
58 23116
58 23132
58 23211
58 23222
58 23224
58 23245
58 23249
58 23295
58 23327
58 23343
58 23356
58 23433
58 23436
58 23455
58 23494
58 23530
58 23563
58 23570
58 23595
58 23670
58 23711
58 23733
58 23745
58 23758
58 23770
58 23828
58 23908
58 23938
58 23944
58 23953
58 23976
58 23987
58 23991
58 24003
58 24007
58 24023
58 24028
58 24034
58 24036
58 24038
58 24093
58 24124
58 24132
58 24140
58 24146
58 24159
58 24198
58 24220
58 24235
58 24265
58 24287
58 24302
58 24316
58 24321
58 24329
58 24375
58 24376
58 24416
58 24448
58 24461
58 24468
58 24469
58 24470
58 24541
58 24548
58 24564
58 24595
58 24627
58 24684
58 24714
58 24725
58 24735
58 24761
58 24800
58 24807
58 24878
58 24947
58 24958
58 24971
58 24979
58 24982
58 24994
58 24997
58 25026
58 25078
58 25109
58 25152
58 25162
58 25188
58 25202
58 25256
58 25271
58 25288
58 25290
58 25307
58 25319
58 25320
58 25347
58 25373
58 25401
58 25410
58 25443
58 25476
58 25498
58 25501
58 25511
58 25565
58 25570
58 25601
58 25627
58 25679
58 25693
58 25812
58 25831
58 25867
58 25877
58 25883
58 26018
58 26022
58 26023
58 26051
58 26063
58 26089
58 26095
58 26100
58 26133
58 26138
58 26153
58 26155
58 26164
58 26169
58 26182
58 26208
58 26214
58 26260
58 26269
58 26285
58 26318
58 26328
58 26369
58 26424
58 26526
58 26569
58 26580
58 26626
58 26632
58 26657
58 26666
58 26726
58 26761
58 26767
58 26776
58 26859
58 26861
58 26862
58 26875
58 26878
58 26892
58 26905
58 26906
58 26950
58 26976
58 27050
58 27071
58 27078
58 27092
58 27137
58 27138
58 27142
58 27143
58 27200
58 27223
58 27226
58 27270
58 27289
58 27311
58 27319
58 27343
58 27346
58 27370
58 27371
58 27401
58 27473
58 27492
58 27530
58 27540
58 27553
58 27559
58 27593
58 27613
58 27630
58 27638
58 27660
58 27716
58 27728
58 27742
58 27772
58 27793
58 27799
58 27805
58 27823
58 27841
58 27852
58 27891
58 27920
58 27942
58 27970
58 27971
58 27991
58 27992
58 28027
58 28033
58 28041
58 28047
58 28051
58 28082
58 28083
58 28119
58 28141
58 28149
58 28170
58 28196
58 28201
58 28220
58 28227
58 28234
58 28241
58 28242
58 28315
58 28363
58 28376
58 28380
58 28392
58 28400
58 28444
58 28445
58 28459
58 28470
58 28499
58 28510
58 28548
58 28574
58 28584
58 28587
58 28596
58 28632
58 28641
58 28643
58 28646
58 28648
58 28674
58 28681
58 28688
58 28703
58 28745
58 28751
58 28789
58 28819
58 28841
58 28846
58 28868
58 28873
58 28874
58 28910
58 28954
58 28959
58 28975
58 28982
58 28988
58 28999
58 29016
58 29017
58 29030
58 29038
58 29067
58 29085
58 29097
58 29115
58 29174
58 29217
58 29220
58 29223
58 29258
58 29285
58 29289
58 29332
58 29348
58 29358
58 29361
58 29415
58 29437
58 29454
58 29516
58 29534
58 29568
58 29580
58 29592
58 29597
58 29628
58 29675
58 29677
58 29683
58 29697
58 29706
58 29713
58 29734
58 29776
58 29777
58 29812
58 29858
58 29885
58 29943
58 29944
58 29958
58 30004
58 30023
58 30039
58 30044
58 30081
58 30131
58 30187
58 30190
58 30219
58 30232
58 30254
58 30263
58 30308
58 30340
58 30345
58 30358
58 30362
58 30372
58 30383
58 30416
58 30431
58 30449
58 30483
58 30532
58 30538
58 30598
58 30641
58 30651
58 30670
58 30728
58 30744
58 30757
58 30816
58 30835
58 30838
58 30869
58 30921
58 30934
58 30938
58 30944
58 31000
58 31002
58 31041
58 31095
58 31132
58 31143
58 31158
58 31173
58 31245
58 31266
58 31272
58 31276
58 31317
58 31336
58 31346
58 31354
58 31359
58 31368
58 31390
58 31392
58 31415
58 31428
58 31487
58 31491
58 31548
58 31549
58 31563
58 31566
58 31584
58 31616
58 31635
58 31663
58 31673
58 31687
58 31774
58 31795
58 31832
58 31842
58 31866
58 31871
58 31917
58 31918
58 31927
58 31929
58 31956
58 31964
58 32009
58 32021
58 32023
58 32029
58 32040
58 32041
58 32054
58 32096
58 32099
58 32100
58 32109
58 32115
58 32119
58 32125
58 32157
58 32158
58 32170
58 32177
58 32179
58 32184
58 32188
58 32242
58 32264
58 32309
58 32333
58 32400
58 32422
58 32423
58 32459
58 32490
58 32501
58 32547
58 32553
58 32582
58 32624
58 32670
58 32676
58 32699
58 32714
58 32727
58 32755
58 32756
58 32765
58 32891
58 32898
58 32903
58 32930
58 32952
58 32970
58 32974
58 33020
58 33059
58 33079
58 33087
58 33111
58 33113
58 33127
58 33147
58 33201
58 33219
58 33248
58 33260
58 33278
58 33287
58 33289
58 33312
58 33388
58 33455
58 33494
58 33532
58 33536
58 33545
58 33578
58 33590
58 33628
58 33639
58 33652
58 33699
58 33748
58 33758
58 33797
58 33836
58 33841
58 33851
58 33884
58 33889
58 33895
58 33899
58 33910
58 33929
58 33937
58 33973
58 33981
58 33997
58 34055
58 34075
58 34076
58 34120
58 34137
58 34157
58 34215
58 34217
58 34307
58 34327
58 34349
58 34382
58 34474
58 34510
58 34519
58 34527
58 34535
58 34545
58 34550
58 34556
58 34607
58 34616
58 34622
58 34627
58 34639
58 34720
58 34722
58 34780
58 34785
58 34820
58 34842
58 34853
58 34864
58 34865
58 34875
58 34927
58 34939
58 34985
58 35015
58 35028
58 35038
58 35090
58 35123
58 35125
58 35183
58 35221
58 35254
58 35255
58 35302
58 35311
58 35312
58 35340
58 35352
58 35388
58 35431
58 35446
58 35455
58 35459
58 35518
58 35525
58 35545
58 35561
58 35562
58 35573
58 35580
58 35625
58 35626
58 35632
58 35633
58 35685
58 35701
58 35705
58 35710
58 35730
58 35789
58 35815
58 35818
58 35820
58 35842
58 35892
58 35939
58 35943
58 35996
58 36065
58 36139
58 36146
58 36149
58 36150
58 36153
58 36189
58 36213
58 36313
58 36319
58 36336
58 36357
58 36364
58 36379
58 36451
58 36478
58 36512
58 36530
58 36535
58 36668
58 36684
58 36721
58 36726
58 36765
58 36864
58 36874
58 36920
58 36977
58 37006
58 37087
58 37110
58 37116
58 37119
58 37125
58 37147
58 37150
58 37167
58 37178
58 37196
58 37222
58 37253
58 37291
58 37303
58 37328
58 37350
58 37363
58 37370
58 37429
58 37450
58 37508
58 37513
58 37533
58 37547
58 37574
58 37603
58 37606
58 37611
58 37614
58 37616
58 37617
58 37642
58 37710
58 37733
58 37741
58 37752
58 37793
58 37834
58 37839
58 37889
58 37918
58 38102
58 38213
58 38251
58 38335
58 38378
58 38393
58 38416
58 38462
58 38487
58 38491
58 38497
58 38535
58 38653
58 38670
58 38689
58 38696
58 38704
58 38759
58 38837
58 38900
58 38957
58 39005
58 39038
58 39072
58 39076
58 39097
58 39121
58 39159
58 39163
58 39176
58 39192
58 39224
58 39234
58 39281
58 39356
58 39365
58 39384
58 39415
58 39462
58 39463
58 39482
58 39549
58 39553
58 39555
58 39577
58 39585
58 39616
58 39624
58 39639
58 39696
58 39705
58 39738
58 39759
58 39770
58 39845
58 39894
58 39926
58 39966
58 39995
58 40024
58 40030
58 40052
58 40079
58 40111
58 40156
58 40161
58 40168
58 40169
58 40204
58 40226
58 40230
58 40233
58 40264
58 40269
58 40290
58 40316
58 40355
58 40363
58 40373
58 40384
58 40396
58 40416
58 40420
58 40476
58 40484
58 40499
58 40509
58 40528
58 40538
58 40551
58 40567
58 40574
58 40578
58 40626
58 40642
58 40645
58 40653
58 40705
58 40716
58 40722
58 40775
58 40778
58 40796
58 40878
58 40894
58 40953
58 40955
58 40963
58 40967
58 40977
58 40988
58 40992
58 40993
58 40999
58 41046
58 41053
58 41071
58 41084
58 41140
58 41161
58 41172
58 41175
58 41178
58 41237
58 41241
58 41284
58 41286
58 41294
58 41320
58 41329
58 41337
58 41376
58 41378
58 41414
58 41440
58 41452
58 41473
58 41578
58 41600
58 41619
58 41652
58 41658
58 41664
58 41674
58 41684
58 41729
58 41736
58 41737
58 41740
58 41742
58 41759
58 41779
58 41781
58 41783
58 41787
58 41828
58 41830
58 41836
58 41877
58 41911
58 41926
58 41945
58 41960
58 41991
58 42015
58 42025
58 42038
58 42043
58 42065
58 42075
58 42094
58 42095
58 42113
58 42115
58 42126
58 42164
58 42168
58 42177
58 42186
58 42201
58 42242
58 42294
58 42310
58 42316
58 42343
58 42358
58 42411
58 42426
58 42431
58 42432
58 42438
58 42455
58 42459
58 42470
58 42474
58 42524
58 42535
58 42538
58 42635
58 42685
58 42693
58 42712
58 42733
58 42780
58 42809
58 42821
58 42875
58 42881
58 42922
58 42923
58 42924
58 42942
58 42943
58 42957
58 42999
58 43002
58 43013
58 43014
58 43016
58 43024
58 43050
58 43058
58 43129
58 43133
58 43163
58 43187
58 43218
58 43227
58 43229
58 43262
58 43265
58 43266
58 43271
58 43297
58 43328
58 43334
58 43345
58 43358
58 43388
58 43397
58 43435
58 43518
58 43536
58 43543
58 43544
58 43565
58 43567
58 43569
58 43594
58 43606
58 43608
58 43637
58 43651
58 43723
58 43739
58 43742
58 43783
58 43786
58 43793
58 43815
58 43824
58 43834
58 43836
58 43845
58 43856
58 43935
58 43937
58 44052
58 44065
58 44071
58 44100
58 44117
58 44129
58 44136
58 44143
58 44210
58 44245
58 44254
58 44295
58 44300
58 44317
58 44329
58 44335
58 44360
58 44362
58 44383
58 44447
58 44458
58 44462
58 44484
58 44493
58 44498
58 44531
58 44538
58 44582
58 44628
58 44633
58 44642
58 44643
58 44649
58 44661
58 44679
58 44682
58 44713
58 44753
58 44774
58 44805
58 44813
58 44816
58 44837
58 44848
58 44877
58 44879
58 44899
58 44970
58 45008
58 45012
58 45018
58 45031
58 45052
58 45061
58 45062
58 45066
58 45071
58 45072
58 45105
58 45111
58 45136
58 45162
58 45197
58 45211
58 45241
58 45261
58 45262
58 45277
58 45285
58 45313
58 45344
58 45355
58 45366
58 45370
58 45429
58 45435
58 45449
58 45496
58 45498
58 45558
58 45573
58 45582
58 45595
58 45612
58 45628
58 45663
58 45689
58 45727
58 45819
58 45822
58 45828
58 45841
58 45842
58 45843
58 45851
58 45888
58 45975
58 45982
58 46012
58 46018
58 46046
58 46058
58 46083
58 46096
58 46104
58 46135
58 46166
58 46167
58 46231
58 46247
58 46263
58 46266
58 46287
58 46292
58 46300
58 46334
58 46389
58 46390
58 46411
58 46439
58 46528
58 46555
58 46556
58 46587
58 46739
58 46749
58 46753
58 46756
58 46777
58 46812
58 46911
58 46915
58 46953
58 46958
58 46988
58 47075
58 47105
58 47169
58 47173
58 47187
58 47249
58 47258
58 47263
58 47296
58 47299
58 47350
58 47387
58 47388
58 47392
58 47467
58 47478
58 47585
58 47626
58 47646
58 47665
58 47671
58 47690
58 47743
58 47861
58 47918
58 47945
58 47962
58 48028
58 48075
58 48093
58 48096
58 48097
58 48113
58 48118
58 48119
58 48160
58 48180
58 48181
58 48245
58 48274
58 48297
58 48306
58 48316
58 48346
58 48352
58 48372
58 48381
58 48386
58 48408
58 48438
58 48452
58 48464
58 48469
58 48481
58 48493
58 48499
58 48511
58 48519
58 48523
58 48527
58 48536
58 48544
58 48556
58 48574
58 48636
58 48651
58 48653
58 48686
58 48703
58 48715
58 48724
58 48731
58 48752
58 48767
58 48775
58 48794
58 48805
58 48809
58 48812
58 48823
58 48896
58 48900
58 48936
58 48947
58 48948
58 49003
58 49007
58 49053
58 49067
58 49071
58 49090
58 49099
58 49173
58 49211
58 49225
58 49226
58 49238
58 49251
58 49252
58 49268
58 49277
58 49296
58 49321
58 49324
58 49389
58 49392
58 49418
58 49426
58 49462
58 49463
58 49479
58 49493
58 49504
58 49537
58 49546
58 49563
58 49570
58 49650
58 49661
58 49669
58 49691
58 49703
58 49706
58 49715
58 49720
58 49729
58 49736
58 49737
58 49798
58 49807
58 49816
58 49820
58 49827
58 49847
58 49850
58 49866
58 49869
58 49882
58 49883
58 49898
58 49921
58 49945
58 49987
58 50002
58 50030
58 50078
58 50109
58 50142
58 50153
58 50167
58 50213
58 50240
58 50252
58 50288
58 50303
58 50305
58 50334
58 50339
58 50362
58 50376
58 50379
58 50399
58 50405
58 50407
58 50424
58 50457
58 50481
58 50504
58 50552
58 50565
58 50575
58 50669
58 50700
58 50764
58 50765
58 50786
58 50794
58 50802
58 50812
58 50895
58 50947
58 50979
58 50982
58 51006
58 51020
58 51038
58 51039
58 51053
58 51061
58 51085
58 51112
58 51114
58 51148
58 51240
58 51272
58 51297
58 51302
58 51316
58 51374
58 51377
58 51413
58 51418
58 51452
58 51483
58 51520
58 51525
58 51527
58 51541
58 51551
58 51577
58 51580
58 51627
58 51678
58 51694
58 51731
58 51765
58 51785
58 51791
58 51799
58 51816
58 51817
58 51831
58 51853
58 51866
58 51945
58 51953
58 51984
58 52014
58 52030
58 52035
58 52058
58 52066
58 52088
58 52110
58 52123
58 52130
58 52157
58 52178
58 52181
58 52203
58 52279
58 52283
58 52296
58 52297
58 52306
58 52314
58 52316
58 52338
58 52357
58 52387
58 52404
58 52407
58 52452
58 52469
58 52521
58 52544
58 52592
58 52599
58 52606
58 52657
58 52665
58 52693
58 52731
58 52755
58 52760
58 52792
58 52808
58 52828
58 52831
58 52844
58 52874
58 52895
58 52933
58 52984
58 53034
58 53039
58 53044
58 53123
58 53130
58 53142
58 53154
58 53172
58 53177
58 53188
58 53222
58 53266
58 53270
58 53281
58 53294
58 53303
58 53308
58 53324
58 53382
58 53385
58 53400
58 53407
58 53436
58 53462
58 53477
58 53536
58 53567
58 53580
58 53615
58 53638
58 53642
58 53703
58 53715
58 53718
58 53734
58 53756
58 53802
58 53807
58 53841
58 53858
58 53912
58 53920
58 53952
58 53985
58 53987
58 54007
58 54033
58 54058
58 54060
58 54069
58 54076
58 54087
58 54148
58 54197
58 54203
58 54210
58 54223
58 54246
58 54290
58 54310
58 54328
58 54336
58 54381
58 54414
58 54427
58 54447
58 54514
58 54546
58 54617
58 54647
58 54655
58 54677
58 54767
58 54794
58 54838
58 54880
58 54937
58 54944
58 54979
58 55014
58 55029
58 55057
58 55068
58 55079
58 55094
58 55115
58 55129
58 55150
58 55222
58 55224
58 55247
58 55266
58 55288
58 55336
58 55362
58 55390
58 55401
58 55403
58 55436
58 55439
58 55471
58 55561
58 55563
58 55579
58 55600
58 55616
58 55633
58 55634
58 55636
58 55696
58 55698
58 55699
58 55706
58 55761
58 55780
58 55803
58 55813
58 55823
58 55838
58 55873
58 55893
58 55939
58 55996
58 56001
58 56037
58 56065
58 56078
58 56089
58 56108
58 56233
58 56241
58 56247
58 56250
58 56255
58 56260
58 56282
58 56287
58 56317
58 56349
58 56367
58 56410
58 56442
58 56461
58 56543
58 56562
58 56563
58 56567
58 56570
58 56575
58 56580
58 56581
58 56610
58 56661
58 56667
58 56710
58 56742
58 56811
58 56890
58 56926
58 56966
58 57006
58 57013
58 57030
58 57056
58 57061
58 57095
58 57097
58 57124
58 57128
58 57170
58 57180
58 57188
58 57208
58 57238
58 57265
58 57267
58 57282
58 57304
58 57305
58 57314
58 57368
58 57373
58 57416
58 57437
58 57515
58 57624
58 57648
58 57691
58 57728
58 57749
58 57783
58 57796
58 57803
58 57809
58 57813
58 57824
58 57848
58 57867
58 57919
58 57937
58 57938
58 57993
58 58038
58 58048
58 58054
58 58066
58 58102
58 58109
58 58175
58 58179
58 58184
58 58203
58 58226
58 58227
58 58228
58 58284
58 58288
58 58312
58 58325
58 58364
58 58377
58 58393
58 58406
58 58427
58 58428
58 58434
58 58460
58 58461
58 58462
58 58475
58 58482
58 58502
58 58519
58 58540
58 58622
58 58634
58 58636
58 58656
58 58668
58 58679
58 58693
58 58697
58 58722
58 58762
58 58777
58 58792
58 58811
58 58821
58 58822
58 58831
58 58867
58 58953
58 58954
58 58978
58 58997
58 59066
58 59075
58 59142
58 59152
58 59195
58 59255
58 59289
58 59381
58 59436
58 59458
58 59489
58 59555
58 59558
58 59621
58 59668
58 59713
58 59761
58 59774
58 59785
58 59808
58 59818
58 59836
58 59851
58 59863
58 59864
58 59882
58 59902
58 59911
58 59964
58 59972
58 59990
58 60075
58 60125
58 60150
58 60175
58 60177
58 60187
58 60189
58 60197
58 60231
58 60270
58 60289
58 60304
58 60329
58 60352
58 60356
58 60376
58 60379
58 60380
58 60395
58 60402
58 60409
58 60444
58 60448
58 60465
58 60484
58 60528
58 60533
58 60549
58 60557
58 60574
58 60580
58 60585
58 60592
58 60598
58 60606
58 60636
58 60641
58 60673
58 60683
58 60690
58 60810
58 60868
58 60889
58 60894
58 60913
58 60917
58 60961
58 60970
58 60978
58 60979
58 60983
58 61002
58 61010
58 61023
58 61030
58 61039
58 61078
58 61085
58 61105
58 61120
58 61124
58 61160
58 61161
58 61195
58 61198
58 61233
58 61255
58 61256
58 61259
58 61264
58 61266
58 61314
58 61324
58 61326
58 61331
58 61346
58 61359
58 61367
58 61384
58 61394
58 61402
58 61416
58 61481
58 61515
58 61525
58 61545
58 61579
58 61675
58 61677
58 61700
58 61728
58 61731
58 61777
58 61791
58 61808
58 61828
58 61838
58 61847
58 61861
58 61863
58 61897
58 61916
58 61979
58 61998
58 62005
58 62041
58 62050
58 62052
58 62101
58 62103
58 62107
58 62125
58 62148
58 62156
58 62161
58 62177
58 62206
58 62220
58 62250
58 62269
58 62314
58 62368
58 62370
58 62372
58 62395
58 62396
58 62421
58 62426
58 62447
58 62450
58 62480
58 62481
58 62545
58 62554
58 62558
58 62580
58 62638
58 62667
58 62683
58 62695
58 62709
58 62781
58 62789
58 62797
58 62855
58 62863
58 62898
58 62979
58 62986
58 63021
58 63044
58 63053
58 63081
58 63096
58 63133
58 63197
58 63206
58 63215
58 63232
58 63246
58 63288
58 63333
58 63362
58 63385
58 63396
58 63398
58 63420
58 63436
58 63437
58 63443
58 63481
58 63482
58 63494
58 63512
58 63539
58 63556
58 63579
58 63584
58 63619
58 63623
58 63627
58 63632
58 63641
58 63642
58 63643
58 63645
58 63652
58 63702
58 63715
58 63765
58 63786
58 63790
58 63793
58 63839
58 63845
58 63916
58 63918
58 63919
58 63929
58 63962
58 63997
58 64003
58 64011
58 64051
58 64073
58 64082
58 64139
58 64159
58 64191
58 64207
58 64216
58 64264
58 64270
58 64292
58 64297
58 64321
58 64350
58 64374
58 64389
58 64477
58 64499
58 64511
58 64513
58 64530
58 64536
58 64569
58 64585
58 64587
58 64589
58 64608
58 64626
58 64641
58 64686
58 64691
58 64701
58 64719
58 64729
58 64742
58 64766
58 64788
58 64831
58 64851
58 64862
58 64891
58 64904
58 64908
58 64918
58 64953
58 64959
58 64977
58 64978
58 64992
58 64994
58 65005
58 65068
58 65088
58 65097
58 65130
58 65136
58 65150
58 65162
58 65169
58 65183
58 65187
58 65196
58 65206
58 65209
58 65211
58 65221
58 65266
58 65271
58 65291
58 65316
58 65373
58 65388
58 65416
58 65435
58 65456
58 65525
58 65552
58 65553
58 65594
58 65614
58 65657
58 65671
58 65697
58 65755
58 65769
58 65817
58 65826
58 65832
58 65879
58 65888
58 65928
58 65957
58 65971
58 65975
58 65981
58 65990
58 66009
58 66027
58 66054
58 66060
58 66061
58 66114
58 66124
58 66132
58 66180
58 66213
58 66226
58 66227
58 66228
58 66241
58 66244
58 66261
58 66275
58 66287
58 66291
58 66308
58 66343
58 66366
58 66375
58 66390
58 66454
58 66463
58 66471
58 66479
58 66513
58 66583
58 66603
58 66637
58 66640
58 66683
58 66719
58 66720
58 66727
58 66736
58 66757
58 66767
58 66856
58 66857
58 66876
58 66880
58 66886
58 66900
58 66904
58 66914
58 66931
58 66940
58 66959
58 66962
58 67022
58 67025
58 67041
58 67044
58 67068
58 67164
58 67188
58 67189
58 67228
58 67257
58 67319
58 67320
58 67332
58 67365
58 67406
58 67414
58 67424
58 67437
58 67445
58 67456
58 67459
58 67482
58 67521
58 67527
58 67556
58 67568
58 67603
58 67651
58 67679
58 67703
58 67750
58 67794
58 67825
58 67838
58 67839
58 67892
58 67929
58 67949
58 67963
58 67973
58 67975
58 68016
58 68034
58 68059
58 68088
58 68090
58 68198
58 68218
58 68269
58 68327
58 68330
58 68336
58 68374
58 68430
58 68443
58 68463
58 68467
58 68512
58 68516
58 68542
58 68552
58 68616
58 68635
58 68662
58 68665
58 68667
58 68675
58 68697
58 68708
58 68716
58 68736
58 68741
58 68745
58 68769
58 68774
58 68797
58 68805
58 68820
58 68841
58 68857
58 68863
58 68869
58 68882
58 68924
58 68934
58 68949
58 68966
58 69005
58 69023
58 69027
58 69055
58 69112
58 69121
58 69130
58 69169
58 69174
58 69195
58 69200
58 69220
58 69265
58 69267
58 69268
58 69298
58 69310
58 69342
58 69361
58 69369
58 69407
58 69441
58 69447
58 69500
58 69530
58 69536
58 69549
58 69554
58 69566
58 69570
58 69574
58 69587
58 69598
58 69599
58 69600
58 69650
58 69653
58 69676
58 69709
58 69712
58 69715
58 69790
58 69867
58 69877
58 69888
58 69929
58 69951
58 69954
58 69957
58 69971
58 69978
58 70004
58 70028
58 70049
58 70053
58 70060
58 70077
58 70098
58 70115
58 70124
58 70178
58 70185
58 70247
58 70265
58 70313
58 70338
58 70387
58 70429
58 70439
58 70470
58 70482
58 70488
58 70501
58 70532
58 70570
58 70574
58 70590
58 70633
58 70657
58 70664
58 70680
58 70706
58 70718
58 70719
58 70744
58 70749
58 70750
58 70771
58 70774
58 70778
58 70810
58 70913
58 70949
58 70958
58 70961
58 70978
58 70980
58 71011
58 71012
58 71041
58 71051
58 71070
58 71077
58 71091
58 71095
58 71097
58 71139
58 71144
58 71168
58 71204
58 71207
58 71242
58 71248
58 71291
58 71294
58 71295
58 71300
58 71326
58 71328
58 71352
58 71354
58 71371
58 71379
58 71429
58 71433
58 71445
58 71462
58 71466
58 71471
58 71554
58 71559
58 71581
58 71589
58 71595
58 71602
58 71640
58 71659
58 71663
58 71669
58 71699
58 71758
58 71781
58 71832
58 71875
58 71891
58 71905
58 71906
58 71927
58 71959
58 72017
58 72028
58 72076
58 72090
58 72094
58 72109
58 72168
58 72197
58 72208
58 72242
58 72266
58 72277
58 72325
58 72335
58 72336
58 72339
58 72362
58 72399
58 72417
58 72426
58 72436
58 72437
58 72438
58 72446
58 72466
58 72476
58 72505
58 72531
58 72540
58 72545
58 72559
58 72563
58 72591
58 72606
58 72611
58 72621
58 72639
58 72640
58 72653
58 72667
58 72728
58 72733
58 72748
58 72766
58 72803
58 72808
58 72833
58 72867
58 72907
58 72912
58 72918
58 72924
58 72936
58 72960
58 73001
58 73038
58 73059
58 73084
58 73155
58 73196
58 73265
58 73307
58 73308
58 73317
58 73319
58 73321
58 73397
58 73400
58 73430
58 73475
58 73476
58 73514
58 73550
58 73565
58 73575
58 73576
58 73577
58 73585
58 73601
58 73666
58 73669
58 73690
58 73695
58 73696
58 73699
58 73712
58 73738
58 73744
58 73755
58 73761
58 73764
58 73772
58 73774
58 73795
58 73840
58 73854
58 73865
58 73908
58 73950
58 73967
58 73994
58 74011
58 74054
58 74067
58 74071
58 74090
58 74103
58 74109
58 74111
58 74120
58 74132
58 74141
58 74142
58 74155
58 74159
58 74178
58 74188
58 74217
58 74278
58 74302
58 74327
58 74339
58 74453
58 74463
58 74484
58 74488
58 74515
58 74527
58 74533
58 74550
58 74623
58 74625
58 74643
58 74733
58 74735
58 74738
58 74779
58 74781
58 74795
58 74818
58 74822
58 74835
58 74874
58 74876
58 74891
58 74918
58 74921
58 74937
58 74938
58 74981
58 75021
58 75033
58 75037
58 75047
58 75053
58 75066
58 75108
58 75117
58 75122
58 75130
58 75134
58 75149
58 75182
58 75187
58 75217
58 75221
58 75226
58 75235
58 75252
58 75255
58 75279
58 75299
58 75322
58 75451
58 75455
58 75464
58 75465
58 75468
58 75481
58 75487
58 75503
58 75517
58 75522
58 75538
58 75580
58 75583
58 75632
58 75638
58 75654
58 75655
58 75685
58 75693
58 75725
58 75731
58 75754
58 75766
58 75770
58 75807
58 75812
58 75833
58 75868
58 75887
58 75906
58 75920
58 75975
58 75977
58 75991
58 76014
58 76017
58 76034
58 76043
58 76075
58 76105
58 76114
58 76146
58 76206
58 76242
58 76268
58 76287
58 76294
58 76305
58 76335
58 76360
58 76374
58 76425
58 76449
58 76451
58 76471
58 76498
58 76514
58 76516
58 76521
58 76526
58 76555
58 76632
58 76684
58 76685
58 76688
58 76692
58 76748
58 76771
58 76787
58 76799
58 76801
58 76810
58 76852
58 76855
58 76863
58 76878
58 76880
58 76896
58 76912
58 76924
58 76939
58 76976
58 76998
58 77004
58 77006
58 77010
58 77058
58 77064
58 77109
58 77166
58 77169
58 77206
58 77291
58 77322
58 77365
58 77403
58 77410
58 77423
58 77429
58 77431
58 77434
58 77463
58 77520
58 77542
58 77558
58 77598
58 77605
58 77616
58 77644
58 77663
58 77664
58 77695
58 77697
58 77718
58 77743
58 77839
58 77876
58 77880
58 77888
58 77890
58 77905
58 77924
58 77957
58 77978
58 77983
58 78031
58 78034
58 78125
58 78151
58 78197
58 78229
58 78320
58 78333
58 78339
58 78352
58 78366
58 78379
58 78394
58 78410
58 78423
58 78509
58 78510
58 78561
58 78593
58 78595
58 78598
58 78599
58 78619
58 78646
58 78674
58 78745
58 78826
58 78828
58 78842
58 78848
58 78864
58 78868
58 78873
58 78877
58 78941
58 78943
58 78960
58 78968
58 78975
58 78976
58 79015
58 79075
58 79085
58 79098
58 79130
58 79169
58 79173
58 79186
58 79188
58 79201
58 79216
58 79219
58 79279
58 79326
58 79363
58 79381
58 79399
58 79442
58 79474
58 79487
58 79553
58 79657
58 79701
58 79704
58 79770
58 79773
58 79784
58 79789
58 79792
58 79811
58 79867
58 79906
58 79928
58 79931
58 79935
58 79940
58 79952
58 79967
58 79971
58 80001
58 80076
58 80114
58 80139
58 80169
58 80173
58 80196
58 80218
58 80222
58 80229
58 80235
58 80277
58 80345
58 80347
58 80364
58 80406
58 80419
58 80424
58 80434
58 80478
58 80506
58 80532
58 80547
58 80553
58 80554
58 80561
58 80570
58 80571
58 80577
58 80600
58 80602
58 80619
58 80630
58 80679
58 80684
58 80688
58 80691
58 80693
58 80711
58 80721
58 80766
58 80769
58 80791
58 80823
58 80825
58 80838
58 80841
58 80847
58 80867
58 80869
58 80882
58 80920
58 80945
58 80946
58 80964
58 80975
58 81008
58 81018
58 81058
58 81064
58 81171
58 81203
58 81212
58 81231
58 81238
58 81264
58 81274
58 81277
58 81314
58 81329
58 81336
58 81386
58 81393
58 81396
58 81400
58 81457
58 81488
58 81490
58 81493
58 81501
58 81505
58 81522
58 81567
58 81582
58 81666
58 81699
58 81737
58 81769
58 81788
58 81811
58 81855
58 81859
58 81893
58 81939
58 81945
58 81969
58 81975
58 81977
58 81985
58 81996
58 82051
58 82061
58 82071
58 82082
58 82091
58 82101
58 82122
58 82125
58 82131
58 82137
58 82209
58 82218
58 82224
58 82227
58 82267
58 82301
58 82316
58 82334
58 82392
58 82464
58 82466
58 82490
58 82534
58 82591
58 82602
58 82614
58 82629
58 82646
58 82686
58 82694
58 82708
58 82736
58 82768
58 82773
58 82775
58 82786
58 82797
58 82809
58 82810
58 82841
58 82868
58 82956
58 82971
58 82984
58 82999
58 83000
58 83047
58 83049
58 83056
58 83069
58 83071
58 83076
58 83084
58 83095
58 83160
58 83183
58 83193
58 83200
58 83202
58 83217
58 83237
58 83240
58 83245
58 83247
58 83287
58 83302
58 83310
58 83349
58 83367
58 83402
58 83446
58 83496
58 83512
58 83513
58 83573
58 83596
58 83631
58 83670
58 83689
58 83711
58 83771
58 83832
58 83833
58 83871
58 83891
58 83897
58 83903
58 83909
58 83910
58 83941
58 83965
58 83980
58 83981
58 83984
58 83996
58 84014
58 84019
58 84023
58 84030
58 84055
58 84062
58 84126
58 84152
58 84164
58 84208
58 84223
58 84237
58 84266
58 84273
58 84291
58 84319
58 84331
58 84366
58 84369
58 84433
58 84453
58 84486
58 84521
58 84526
58 84527
58 84544
58 84564
58 84602
58 84616
58 84628
58 84671
58 84693
58 84717
58 84728
58 84758
58 84782
58 84821
58 84828
58 84948
58 84973
58 84974
58 84985
58 84993
58 85003
58 85025
58 85035
58 85081
58 85087
58 85105
58 85108
58 85119
58 85141
58 85172
58 85185
58 85217
58 85238
58 85244
58 85252
58 85286
58 85288
58 85289
58 85290
58 85301
58 85311
58 85336
58 85364
58 85367
58 85450
58 85452
58 85468
58 85471
58 85477
58 85492
58 85519
58 85550
58 85560
58 85562
58 85575
58 85581
58 85599
58 85603
58 85624
58 85627
58 85639
58 85648
58 85664
58 85699
58 85724
58 85748
58 85749
58 85750
58 85760
58 85773
58 85787
58 85856
58 85891
58 85892
58 85916
58 85965
58 85982
58 86010
58 86018
58 86054
58 86055
58 86085
58 86105
58 86109
58 86117
58 86118
58 86139
58 86145
58 86204
58 86217
58 86222
58 86225
58 86229
58 86231
58 86241
58 86244
58 86265
58 86274
58 86298
58 86338
58 86354
58 86402
58 86441
58 86449
58 86450
58 86502
58 86506
58 86510
58 86522
58 86551
58 86560
58 86565
58 86566
58 86595
58 86624
58 86636
58 86673
58 86678
58 86683
58 86734
58 86742
58 86744
58 86745
58 86748
58 86763
58 86778
58 86800
58 86819
58 86824
58 86860
58 86872
58 86941
58 86980
58 86993
58 87001
58 87034
58 87079
58 87124
58 87144
58 87159
58 87163
58 87176
58 87279
58 87370
58 87381
58 87383
58 87391
58 87395
58 87424
58 87434
58 87450
58 87484
58 87529
58 87540
58 87545
58 87549
58 87552
58 87561
58 87607
58 87620
58 87657
58 87735
58 87805
58 87839
58 87846
58 87852
58 87875
58 87907
58 87947
58 87978
58 87985
58 87998
58 88012
58 88050
58 88063
58 88074
58 88076
58 88121
58 88143
58 88175
58 88179
58 88184
58 88197
58 88198
58 88206
58 88215
58 88228
58 88236
58 88254
58 88255
58 88269
58 88340
58 88356
58 88366
58 88371
58 88380
58 88384
58 88417
58 88419
58 88432
58 88433
58 88454
58 88460
58 88473
58 88500
58 88504
58 88508
58 88511
58 88586
58 88619
58 88629
58 88675
58 88691
58 88727
58 88851
58 88859
58 88876
58 88927
58 88945
58 88951
58 88974
58 88978
58 88986
58 88993
58 88998
58 89005
58 89043
58 89060
58 89073
58 89088
58 89109
58 89114
58 89160
58 89190
58 89200
58 89204
58 89213
58 89239
58 89260
58 89297
58 89306
58 89310
58 89342
58 89347
58 89399
58 89417
58 89466
58 89467
58 89505
58 89509
58 89541
58 89578
58 89596
58 89603
58 89658
58 89673
58 89689
58 89744
58 89784
58 89798
58 89830
58 89860
58 89884
58 89899
58 89976
58 90017
58 90019
58 90023
58 90025
58 90030
58 90057
58 90118
58 90125
58 90134
58 90140
58 90147
58 90161
58 90174
58 90226
58 90232
58 90245
58 90261
58 90301
58 90312
58 90314
58 90348
58 90350
58 90394
58 90400
58 90414
58 90420
58 90436
58 90442
58 90472
58 90483
58 90484
58 90490
58 90505
58 90517
58 90581
58 90585
58 90606
58 90619
58 90638
58 90639
58 90645
58 90719
58 90731
58 90737
58 90741
58 90813
58 90817
58 90842
58 90844
58 90848
58 90870
58 90922
58 90932
58 90934
58 90936
58 90948
58 90970
58 91010
58 91061
58 91089
58 91133
58 91135
58 91160
58 91207
58 91223
58 91235
58 91239
58 91259
58 91269
58 91273
58 91279
58 91287
58 91308
58 91318
58 91361
58 91411
58 91473
58 91475
58 91495
58 91519
58 91529
58 91534
58 91566
58 91616
58 91678
58 91686
58 91694
58 91700
58 91764
58 91768
58 91778
58 91792
58 91826
58 91854
58 91861
58 91950
58 91961
58 92033
58 92040
58 92043
58 92058
58 92078
58 92106
58 92114
58 92143
58 92185
58 92189
58 92209
58 92240
58 92256
58 92304
58 92323
58 92326
58 92343
58 92355
58 92395
58 92420
58 92432
58 92491
58 92511
58 92541
58 92602
58 92607
58 92611
58 92644
58 92663
58 92689
58 92718
58 92727
58 92779
58 92790
58 92814
58 92837
58 92859
58 92878
58 92884
58 92908
58 92922
58 92956
58 93026
58 93031
58 93041
58 93127
58 93128
58 93155
58 93188
58 93193
58 93209
58 93235
58 93246
58 93259
58 93289
58 93317
58 93327
58 93388
58 93405
58 93476
58 93483
58 93486
58 93489
58 93492
58 93501
58 93543
58 93595
58 93605
58 93610
58 93661
58 93693
58 93718
58 93730
58 93779
58 93817
58 93837
58 93846
58 93849
58 93873
58 93883
58 93886
58 93887
58 93897
58 93930
58 93961
58 93966
58 93971
58 94023
58 94039
58 94049
58 94060
58 94071
58 94084
58 94100
58 94121
58 94125
58 94127
58 94167
58 94184
58 94201
58 94219
58 94265
58 94275
58 94293
58 94301
58 94330
58 94352
58 94362
58 94381
58 94394
58 94402
58 94404
58 94434
58 94439
58 94440
58 94476
58 94483
58 94502
58 94503
58 94504
58 94517
58 94518
58 94531
58 94571
58 94581
58 94643
58 94649
58 94666
58 94667
58 94687
58 94727
58 94755
58 94762
58 94783
58 94809
58 94816
58 94818
58 94909
58 94934
58 94955
58 94975
58 94984
58 95001
58 95003
58 95009
58 95012
58 95071
58 95087
58 95137
58 95171
58 95174
58 95184
58 95186
58 95269
58 95270
58 95271
58 95284
58 95302
58 95324
58 95335
58 95338
58 95343
58 95351
58 95393
58 95419
58 95498
58 95534
58 95545
58 95548
58 95549
58 95552
58 95573
58 95602
58 95610
58 95652
58 95677
58 95723
58 95763
58 95768
58 95794
58 95816
58 95824
58 95862
58 95882
58 95902
58 95920
58 95954
58 95959
58 95968
58 95973
58 95974
58 95997
58 96000
58 96024
58 96030
58 96091
58 96094
58 96099
58 96182
58 96190
58 96197
58 96254
58 96267
58 96279
58 96294
58 96324
58 96332
58 96340
58 96443
58 96448
58 96472
58 96485
58 96515
58 96566
58 96573
58 96587
58 96595
58 96654
58 96745
58 96773
58 96788
58 96854
58 96862
58 96884
58 96890
58 96893
58 96927
58 96981
58 96983
58 96993
58 97019
58 97051
58 97065
58 97067
58 97069
58 97092
58 97108
58 97113
58 97125
58 97130
58 97160
58 97180
58 97188
58 97190
58 97193
58 97202
58 97239
58 97259
58 97274
58 97299
58 97327
58 97344
58 97397
58 97416
58 97424
58 97426
58 97432
58 97500
58 97507
58 97513
58 97524
58 97563
58 97572
58 97580
58 97592
58 97637
58 97646
58 97652
58 97654
58 97687
58 97690
58 97723
58 97734
58 97737
58 97744
58 97751
58 97764
58 97822
58 97841
58 97845
58 97859
58 97862
58 97893
58 97896
58 97907
58 97912
58 97964
58 97968
58 97976
58 97988
58 97992
58 98029
58 98059
58 98068
58 98078
58 98088
58 98094
58 98110
58 98148
58 98150
58 98164
58 98177
58 98187
58 98209
58 98224
58 98317
58 98320
58 98349
58 98357
58 98365
58 98426
58 98453
58 98486
58 98496
58 98520
58 98524
58 98527
58 98540
58 98542
58 98546
58 98548
58 98565
58 98578
58 98597
58 98611
58 98620
58 98643
58 98651
58 98670
58 98711
58 98728
58 98747
58 98785
58 98792
58 98795
58 98827
58 98838
58 98860
58 98879
58 98890
58 98911
58 98949
58 98980
58 99000
58 99012
58 99022
58 99062
58 99067
58 99083
58 99093
58 99095
58 99103
58 99104
58 99109
58 99145
58 99166
58 99177
58 99179
58 99181
58 99191
58 99246
58 99252
58 99302
58 99309
58 99348
58 99390
58 99420
58 99459
58 99475
58 99484
58 99502
58 99516
58 99527
58 99556
58 99579
58 99587
58 99608
58 99637
58 99677
58 99700
58 99710
58 99733
58 99739
58 99745
58 99795
58 99802
58 99808
58 99812
58 99820
58 99825
58 99830
58 99843
58 99856
58 99868
58 99892
58 99901
58 99902
58 99916
58 100008
58 100032
58 100056
58 100063
58 100112
58 100132
58 100149
58 100152
58 100154
58 100172
58 100203
58 100261
58 100285
58 100305
58 100324
58 100380
58 100436
58 100437
58 100469
58 100498
58 100511
58 100552
58 100558
58 100560
58 100563
58 100573
58 100575
58 100599
58 100634
58 100638
58 100670
58 100693
58 100700
58 100747
58 100768
58 100798
58 100808
58 100845
58 100858
58 100922
58 100955
58 100964
58 100983
58 100988
58 100997
58 100998
58 101006
58 101014
58 101083
58 101113
58 101130
58 101152
58 101162
58 101169
58 101189
58 101200
58 101221
58 101270
58 101305
58 101313
58 101319
58 101370
58 101378
58 101391
58 101411
58 101428
58 101446
58 101470
58 101522
58 101538
58 101550
58 101554
58 101557
58 101584
58 101642
58 101648
58 101687
58 101716
58 101724
58 101725
58 101731
58 101760
58 101788
58 101815
58 101875
58 101895
58 101944
58 101978
58 102005
58 102006
58 102014
58 102075
58 102076
58 102091
58 102092
58 102105
58 102147
58 102176
58 102191
58 102197
58 102198
58 102200
58 102205
58 102206
58 102221
58 102243
58 102286
58 102291
58 102292
58 102361
58 102376
58 102387
58 102431
58 102449
58 102462
58 102465
58 102466
58 102501
58 102505
58 102526
58 102530
58 102535
58 102566
58 102571
58 102627
58 102631
58 102676
58 102719
58 102803
58 102815
58 102848
58 102850
58 102864
58 102890
58 102948
58 102965
58 103024
58 103028
58 103033
58 103052
58 103089
58 103096
58 103126
58 103140
58 103208
58 103227
58 103253
58 103260
58 103294
58 103296
58 103329
58 103363
58 103375
58 103390
58 103431
58 103500
58 103547
58 103564
58 103578
58 103599
58 103632
58 103646
58 103660
58 103673
58 103690
58 103691
58 103710
58 103760
58 103778
58 103870
58 103891
58 103913
58 103942
58 104047
58 104060
58 104069
58 104118
58 104136
58 104137
58 104160
58 104163
58 104184
58 104200
58 104265
58 104279
58 104286
58 104309
58 104332
58 104336
58 104375
58 104382
58 104409
58 104413
58 104423
58 104427
58 104433
58 104442
58 104504
58 104523
58 104551
58 104584
58 104592
58 104593
58 104610
58 104612
58 104614
58 104631
58 104665
58 104690
58 104712
58 104770
58 104775
58 104802
58 104826
58 104829
58 104861
58 104868
58 104876
58 104894
58 104905
58 104922
58 104948
58 104954
58 104964
58 104970
58 105004
58 105011
58 105028
58 105035
58 105038
58 105132
58 105139
58 105142
58 105153
58 105177
58 105178
58 105184
58 105249
58 105276
58 105315
58 105329
58 105333
58 105334
58 105343
58 105349
58 105353
58 105375
58 105379
58 105381
58 105403
58 105416
58 105428
58 105467
58 105535
58 105577
58 105587
58 105629
58 105647
58 105658
58 105670
58 105692
58 105716
58 105718
58 105726
58 105748
58 105759
58 105787
58 105788
58 105826
58 105828
58 105844
58 105855
58 105862
58 105909
58 105925
58 105938
58 105963
58 105996
58 106013
58 106019
58 106071
58 106073
58 106088
58 106090
58 106093
58 106158
58 106176
58 106210
58 106219
58 106255
58 106353
58 106379
58 106439
58 106440
58 106447
58 106479
58 106484
58 106502
58 106519
58 106533
58 106556
58 106667
58 106670
58 106681
58 106688
58 106694
58 106778
58 106783
58 106789
58 106813
58 106850
58 106884
58 106922
58 106944
58 106953
58 106955
58 106966
58 106999
58 107019
58 107030
58 107058
58 107134
58 107207
58 107216
58 107231
58 107237
58 107256
58 107261
58 107265
58 107291
58 107299
58 107303
58 107313
58 107383
58 107408
58 107447
58 107494
58 107504
58 107514
58 107524
58 107569
58 107634
58 107657
58 107704
58 107731
58 107762
58 107769
58 107818
58 107840
58 107857
58 107880
58 107884
58 107934
58 107952
58 108068
58 108086
58 108115
58 108119
58 108120
58 108153
58 108160
58 108185
58 108202
58 108213
58 108216
58 108228
58 108234
58 108267
58 108275
58 108290
58 108311
58 108320
58 108338
58 108354
58 108355
58 108395
58 108404
58 108423
58 108467
58 108473
58 108477
58 108520
58 108560
58 108564
58 108645
58 108654
58 108660
58 108704
58 108742
58 108760
58 108786
58 108791
58 108792
58 108816
58 108820
58 108829
58 108851
58 109025
58 109051
58 109110
58 109120
58 109124
58 109143
58 109164
58 109177
58 109188
58 109211
58 109272
58 109313
58 109328
58 109332
58 109367
58 109376
58 109382
58 109419
58 109437
58 109440
58 109470
58 109489
58 109551
58 109570
58 109583
58 109608
58 109660
58 109665
58 109687
58 109706
58 109709
58 109785
58 109795
58 109810
58 109903
58 109919
58 109924
58 109926
58 110023
58 110062
58 110088
58 110094
58 110113
58 110162
58 110172
58 110203
58 110229
58 110251
58 110256
58 110267
58 110289
58 110294
58 110334
58 110336
58 110350
58 110372
58 110374
58 110382
58 110428
58 110463
58 110473
58 110477
58 110499
58 110500
58 110501
58 110518
58 110521
58 110537
58 110578
58 110598
58 110611
58 110621
58 110649
58 110655
58 110761
58 110846
58 110853
58 110862
58 110915
58 110959
58 110974
58 110979
58 110985
58 111004
58 111050
58 111068
58 111110
58 111122
58 111125
58 111212
58 111230
58 111268
58 111288
58 111337
58 111350
58 111351
58 111352
58 111361
58 111369
58 111370
58 111389
58 111439
58 111453
58 111493
58 111501
58 111523
58 111535
58 111538
58 111610
58 111631
58 111639
58 111647
58 111665
58 111670
58 111685
58 111687
58 111731
58 111763
58 111885
58 111886
58 111910
58 111913
58 111977
58 112008
58 112017
58 112033
58 112069
58 112090
58 112106
58 112112
58 112129
58 112134
58 112173
58 112189
58 112201
58 112217
58 112298
58 112306
58 112323
58 112335
58 112364
58 112372
58 112416
58 112439
58 112445
58 112474
58 112510
58 112531
58 112568
58 112570
58 112586
58 112614
58 112638
58 112651
58 112661
58 112675
58 112743
58 112756
58 112765
58 112788
58 112804
58 112834
58 112841
58 112850
58 112857
58 112869
58 112890
58 112899
58 112941
58 113092
58 113093
58 113110
58 113135
58 113211
58 113212
58 113223
58 113263
58 113292
58 113297
58 113301
58 113315
58 113321
58 113336
58 113338
58 113341
58 113344
58 113365
58 113384
58 113412
58 113441
58 113454
58 113464
58 113496
58 113498
58 113531
58 113545
58 113586
58 113628
58 113636
58 113718
58 113795
58 113819
58 113825
58 113850
58 113869
58 113880
58 113882
58 113890
58 113904
58 113951
58 113969
58 113985
58 114037
58 114073
58 114078
58 114114
58 114128
58 114169
58 114183
58 114188
58 114192
58 114199
58 114200
58 114223
58 114242
58 114265
58 114266
58 114277
58 114294
58 114336
58 114378
58 114380
58 114393
58 114406
58 114445
58 114461
58 114463
58 114465
58 114489
58 114503
58 114563
58 114567
58 114625
58 114635
58 114663
58 114695
58 114702
58 114703
58 114715
58 114739
58 114780
58 114789
58 114791
58 114863
58 114871
58 114873
58 114899
58 114951
58 115005
58 115013
58 115033
58 115046
58 115071
58 115115
58 115198
58 115225
58 115247
58 115268
58 115271
58 115332
58 115333
58 115345
58 115394
58 115396
58 115408
58 115462
58 115473
58 115497
58 115502
58 115515
58 115545
58 115680
58 115681
58 115704
58 115720
58 115751
58 115768
58 115784
58 115815
58 115870
58 115877
58 115886
58 115943
58 115953
58 115956
58 115972
58 116004
58 116014
58 116068
58 116098
58 116104
58 116149
58 116176
58 116195
58 116244
58 116277
58 116278
58 116293
58 116325
58 116331
58 116341
58 116351
58 116368
58 116445
58 116457
58 116483
58 116517
58 116523
58 116588
58 116628
58 116650
58 116699
58 116720
58 116730
58 116775
58 116781
58 116783
58 116803
58 116848
58 116876
58 116891
58 116903
58 116920
58 116929
58 116976
58 117073
58 117095
58 117101
58 117108
58 117112
58 117160
58 117263
58 117275
58 117294
58 117301
58 117311
58 117331
58 117390
58 117406
58 117444
58 117457
58 117497
58 117504
58 117537
58 117541
58 117550
58 117553
58 117598
58 117605
58 117613
58 117662
58 117706
58 117714
58 117755
58 117760
58 117765
58 117827
58 117835
58 117838
58 117848
58 117861
58 117884
58 117899
58 117919
58 117926
58 117953
58 117970
58 117981
58 118032
58 118050
58 118085
58 118106
58 118109
58 118115
58 118128
58 118134
58 118140
58 118240
58 118252
58 118269
58 118279
58 118284
58 118304
58 118342
58 118368
58 118379
58 118428
58 118456
58 118465
58 118481
58 118564
58 118590
58 118624
58 118639
58 118644
58 118676
58 118709
58 118722
58 118734
58 118768
58 118792
58 118806
58 118809
58 118833
58 118835
58 118852
58 118886
58 118887
58 118890
58 118894
58 118912
58 118944
58 118960
58 118961
58 119014
58 119083
58 119106
58 119114
58 119117
58 119123
58 119129
58 119141
58 119148
58 119150
58 119175
58 119177
58 119245
58 119274
58 119279
58 119292
58 119311
58 119336
58 119339
58 119345
58 119392
58 119414
58 119447
58 119469
58 119470
58 119489
58 119498
58 119525
58 119527
58 119557
58 119571
58 119577
58 119584
58 119642
58 119649
58 119686
58 119694
58 119789
58 119821
58 119827
58 119828
58 119834
58 119868
58 119870
58 119875
58 119893
58 119894
58 119920
58 119950
58 119956
58 120033
58 120060
58 120070
58 120093
58 120119
58 120162
58 120170
58 120271
58 120374
58 120387
58 120434
58 120442
58 120453
58 120493
58 120496
58 120515
58 120541
58 120595
58 120620
58 120623
58 120690
58 120696
58 120757
58 120760
58 120764
58 120792
58 120874
58 120887
58 120913
58 120997
58 120998
58 121006
58 121024
58 121037
58 121052
58 121124
58 121132
58 121134
58 121139
58 121145
58 121154
58 121181
58 121210
58 121262
58 121269
58 121324
58 121335
58 121361
58 121368
58 121380
58 121414
58 121433
58 121454
58 121518
58 121563
58 121578
58 121585
58 121597
58 121598
58 121600
58 121602
58 121607
58 121626
58 121634
58 121635
58 121641
58 121675
58 121677
58 121684
58 121685
58 121689
58 121695
58 121698
58 121748
58 121758
58 121800
58 121810
58 121826
58 121862
58 121899
58 121907
58 121942
58 121948
58 121976
58 121996
58 122021
58 122022
58 122025
58 122087
58 122094
58 122111
58 122155
58 122194
58 122233
58 122262
58 122267
58 122271
58 122272
58 122309
58 122321
58 122340
58 122349
58 122355
58 122359
58 122394
58 122415
58 122450
58 122452
58 122463
58 122471
58 122481
58 122535
58 122554
58 122558
58 122577
58 122625
58 122631
58 122650
58 122668
58 122710
58 122746
58 122757
58 122776
58 122815
58 122823
58 122852
58 122856
58 122976
58 122980
58 122982
58 122987
58 123000
58 123030
58 123040
58 123204
58 123208
58 123218
58 123290
58 123306
58 123394
58 123416
58 123477
58 123547
58 123584
58 123615
58 123859
58 123871
58 123875
58 123878
58 123936
58 124019
58 124044
58 124088
58 124112
58 124157
58 124252
58 124260
58 124280
58 124311
58 124379
58 124408
58 124421
58 124550
58 124581
58 124610
58 124625
58 124634
58 124677
58 124700
58 124738
58 124743
58 124763
58 124786
58 124813
58 124816
58 124861
58 124930
58 124931
58 124935
58 124948
58 124958
58 124974
58 124975
58 125021
58 125076
58 125080
58 125115
58 125119
58 125159
58 125175
58 125183
58 125186
58 125236
58 125325
58 125336
58 125343
58 125399
58 125420
58 125426
58 125439
58 125455
58 125492
58 125547
58 125631
58 125632
58 125651
58 125672
58 125708
58 125776
58 125837
58 125846
58 125867
58 125903
58 125905
58 125923
58 125942
58 125977
58 125997
58 126002
58 126014
58 126049
58 126101
58 126105
58 126156
58 126158
58 126160
58 126193
58 126221
58 126334
58 126374
58 126399
58 126433
58 126539
58 126555
58 126566
58 126571
58 126604
58 126636
58 126658
58 126681
58 126712
58 126742
58 126758
58 126765
58 126785
58 126792
58 126795
58 126806
58 126822
58 126829
58 126843
58 126855
58 126867
58 126890
58 126894
58 126905
58 126931
58 126983
58 127002
58 127027
58 127029
58 127070
58 127085
58 127095
58 127098
58 127184
58 127187
58 127233
58 127260
58 127317
58 127344
58 127369
58 127401
58 127419
58 127440
58 127461
58 127484
58 127501
58 127507
58 127564
58 127586
58 127635
58 127709
58 127713
58 127732
58 127739
58 127754
58 127760
58 127771
58 127775
58 127816
58 127828
58 127898
58 127905
58 127936
58 127937
58 127956
58 127960
58 127977
58 127986
58 128028
58 128034
58 128079
58 128100
58 128188
58 128206
58 128210
58 128269
58 128272
58 128290
58 128295
58 128298
58 128334
58 128375
58 128400
58 128425
58 128426
58 128446
58 128506
58 128514
58 128527
58 128575
58 128578
58 128609
58 128623
58 128629
58 128637
58 128648
58 128679
58 128695
58 128703
58 128722
58 128728
58 128779
58 128852
58 128886
58 128908
58 128921
58 128924
58 128953
58 128966
58 128978
58 128983
58 129013
58 129026
58 129046
58 129050
58 129061
58 129065
58 129067
58 129068
58 129085
58 129089
58 129097
58 129101
58 129112
58 129133
58 129149
58 129153
58 129155
58 129167
58 129194
58 129204
58 129206
58 129222
58 129234
58 129242
58 129263
58 129296
58 129299
58 129309
58 129312
58 129321
58 129333
58 129337
58 129447
58 129465
58 129473
58 129496
58 129505
58 129559
58 129565
58 129617
58 129670
58 129671
58 129674
58 129688
58 129733
58 129740
58 129754
58 129757
58 129767
58 129788
58 129792
58 129817
58 129860
58 129947
58 129999
58 130008
58 130010
58 130053
58 130054
58 130058
58 130061
58 130087
58 130101
58 130122
58 130132
58 130154
58 130163
58 130169
58 130211
58 130215
58 130275
58 130324
58 130394
58 130406
58 130425
58 130429
58 130444
58 130458
58 130498
58 130522
58 130563
58 130565
58 130609
58 130622
58 130640
58 130643
58 130683
58 130709
58 130757
58 130768
58 130772
58 130773
58 130785
58 130812
58 130834
58 130838
58 130842
58 130853
58 130894
58 130916
58 130944
58 130957
58 130978
58 130991
58 130994
58 131027
58 131039
58 131043
58 131067
58 131115
58 131147
58 131149
58 131193
58 131198
58 131202
58 131203
58 131231
58 131242
58 131261
58 131271
58 131298
58 131304
58 131307
58 131321
58 131325
58 131440
58 131447
58 131454
58 131471
58 131475
58 131490
58 131517
58 131523
58 131584
58 131600
58 131634
58 131670
58 131704
58 131706
58 131709
58 131726
58 131730
58 131736
58 131777
58 131788
58 131796
58 131806
58 131810
58 131846
58 131849
58 131878
58 131879
58 131881
58 131889
58 131893
58 131904
58 131906
58 131969
58 131976
58 131984
58 132004
58 132007
58 132022
58 132033
58 132034
58 132047
58 132084
58 132092
58 132109
58 132194
58 132202
58 132204
58 132245
58 132268
58 132299
58 132303
58 132339
58 132349
58 132363
58 132372
58 132373
58 132401
58 132472
58 132497
58 132511
58 132520
58 132522
58 132550
58 132567
58 132573
58 132577
58 132600
58 132619
58 132627
58 132632
58 132665
58 132730
58 132872
58 132876
58 132880
58 132893
58 132903
58 132951
58 132961
58 132976
58 133014
58 133041
58 133042
58 133057
58 133061
58 133085
58 133138
58 133159
58 133194
58 133204
58 133330
58 133351
58 133360
58 133399
58 133414
58 133429
58 133433
58 133460
58 133525
58 133545
58 133574
58 133635
58 133677
58 133690
58 133700
58 133735
58 133737
58 133761
58 133811
58 133822
58 133843
58 133875
58 133898
58 133924
58 133981
58 134016
58 134019
58 134060
58 134064
58 134072
58 134134
58 134147
58 134152
58 134205
58 134229
58 134236
58 134238
58 134241
58 134243
58 134244
58 134281
58 134283
58 134291
55 8
55 27
55 63
55 98
55 107
55 110
55 125
55 183
55 215
55 220
55 252
55 265
55 272
55 275
55 278
55 285
55 321
55 322
55 326
55 345
55 381
55 418
55 430
55 469
55 473
55 493
55 546
55 547
55 548
55 562
55 566
55 580
55 597
55 600
55 619
55 627
55 643
55 654
55 661
55 708
55 717
55 778
55 779
55 786
55 801
55 820
55 865
55 908
55 926
55 934
55 943
55 945
55 1032
55 1037
55 1061
55 1082
55 1134
55 1139
55 1163
55 1164
55 1171
55 1173
55 1175
55 1183
55 1201
55 1246
55 1284
55 1314
55 1318
55 1328
55 1414
55 1421
55 1434
55 1504
55 1515
55 1537
55 1559
55 1636
55 1646
55 1669
55 1739
55 1760
55 1763
55 1767
55 1772
55 1795
55 1816
55 1862
55 1864
55 1872
55 1892
55 1912
55 1914
55 1944
55 1998
55 2025
55 2064
55 2087
55 2092
55 2095
55 2132
55 2136
55 2138
55 2156
55 2157
55 2164
55 2167
55 2187
55 2220
55 2238
55 2254
55 2290
55 2306
55 2354
55 2366
55 2406
55 2411
55 2412
55 2476
55 2486
55 2502
55 2505
55 2536
55 2550
55 2557
55 2581
55 2592
55 2603
55 2663
55 2707
55 2775
55 2780
55 2839
55 2857
55 2862
55 2873
55 2875
55 2951
55 3011
55 3012
55 3016
55 3066
55 3109
55 3138
55 3146
55 3159
55 3161
55 3170
55 3180
55 3198
55 3223
55 3298
55 3301
55 3327
55 3433
55 3462
55 3464
55 3527
55 3585
55 3604
55 3647
55 3703
55 3705
55 3710
55 3745
55 3748
55 3750
55 3754
55 3759
55 3770
55 3814
55 3821
55 3843
55 3850
55 3874
55 3940
55 3999
55 4032
55 4055
55 4072
55 4083
55 4098
55 4100
55 4108
55 4151
55 4164
55 4175
55 4178
55 4190
55 4225
55 4251
55 4274
55 4282
55 4289
55 4313
55 4316
55 4333
55 4354
55 4363
55 4384
55 4462
55 4474
55 4503
55 4534
55 4539
55 4542
55 4562
55 4574
55 4605
55 4606
55 4633
55 4731
55 4784
55 4819
55 4874
55 4895
55 4899
55 4912
55 4917
55 4920
55 4937
55 4943
55 4957
55 4963
55 4976
55 5048
55 5054
55 5113
55 5129
55 5154
55 5181
55 5203
55 5204
55 5219
55 5226
55 5297
55 5299
55 5302
55 5321
55 5322
55 5330
55 5333
55 5338
55 5343
55 5387
55 5466
55 5533
55 5542
55 5552
55 5651
55 5659
55 5670
55 5702
55 5716
55 5734
55 5736
55 5781
55 5786
55 5885
55 5887
55 5907
55 5912
55 6008
55 6017
55 6031
55 6050
55 6051
55 6080
55 6097
55 6108
55 6131
55 6163
55 6165
55 6240
55 6271
55 6278
55 6279
55 6291
55 6295
55 6330
55 6347
55 6349
55 6372
55 6388
55 6412
55 6417
55 6456
55 6537
55 6565
55 6588
55 6624
55 6639
55 6654
55 6691
55 6696
55 6711
55 6723
55 6724
55 6726
55 6732
55 6773
55 6828
55 6830
55 6872
55 6884
55 6897
55 6931
55 6945
55 6956
55 7010
55 7017
55 7026
55 7056
55 7122
55 7136
55 7138
55 7159
55 7177
55 7180
55 7233
55 7234
55 7246
55 7247
55 7274
55 7275
55 7301
55 7319
55 7332
55 7369
55 7399
55 7416
55 7419
55 7447
55 7477
55 7487
55 7505
55 7517
55 7518
55 7522
55 7529
55 7539
55 7599
55 7629
55 7681
55 7715
55 7740
55 7785
55 7787
55 7806
55 7810
55 7868
55 7887
55 7911
55 7930
55 7933
55 7999
55 8003
55 8059
55 8076
55 8139
55 8140
55 8150
55 8194
55 8198
55 8221
55 8245
55 8246
55 8302
55 8303
55 8325
55 8329
55 8353
55 8367
55 8417
55 8440
55 8443
55 8477
55 8479
55 8496
55 8503
55 8504
55 8518
55 8576
55 8588
55 8592
55 8593
55 8641
55 8646
55 8659
55 8754
55 8759
55 8782
55 8786
55 8796
55 8825
55 8845
55 8856
55 8879
55 8898
55 8905
55 8927
55 8951
55 8975
55 8983
55 8990
55 8993
55 9027
55 9043
55 9045
55 9056
55 9064
55 9068
55 9077
55 9092
55 9104
55 9119
55 9159
55 9195
55 9268
55 9273
55 9281
55 9300
55 9308
55 9311
55 9321
55 9346
55 9366
55 9386
55 9434
55 9436
55 9467
55 9476
55 9498
55 9507
55 9531
55 9569
55 9590
55 9611
55 9640
55 9686
55 9691
55 9693
55 9711
55 9728
55 9731
55 9783
55 9793
55 9823
55 9839
55 9872
55 9887
55 9895
55 9922
55 9931
55 9955
55 9963
55 9972
55 9976
55 9998
55 10002
55 10035
55 10038
55 10088
55 10118
55 10130
55 10150
55 10173
55 10207
55 10209
55 10221
55 10236
55 10272
55 10284
55 10285
55 10315
55 10319
55 10330
55 10349
55 10351
55 10407
55 10415
55 10419
55 10530
55 10552
55 10575
55 10581
55 10592
55 10636
55 10667
55 10670
55 10674
55 10675
55 10694
55 10731
55 10734
55 10757
55 10779
55 10791
55 10798
55 10805
55 10815
55 10824
55 10834
55 10854
55 10881
55 10894
55 10932
55 10941
55 10964
55 10984
55 11002
55 11003
55 11010
55 11011
55 11025
55 11071
55 11082
55 11090
55 11125
55 11154
55 11196
55 11203
55 11205
55 11219
55 11251
55 11259
55 11262
55 11263
55 11276
55 11289
55 11305
55 11339
55 11349
55 11401
55 11414
55 11466
55 11481
55 11516
55 11529
55 11537
55 11581
55 11601
55 11618
55 11619
55 11638
55 11654
55 11658
55 11671
55 11689
55 11690
55 11694
55 11714
55 11720
55 11738
55 11740
55 11766
55 11789
55 11793
55 11903
55 11930
55 11960
55 11962
55 11994
55 11996
55 12002
55 12017
55 12049
55 12071
55 12099
55 12156
55 12191
55 12196
55 12217
55 12243
55 12270
55 12347
55 12389
55 12422
55 12473
55 12475
55 12477
55 12486
55 12508
55 12578
55 12592
55 12618
55 12626
55 12630
55 12644
55 12671
55 12736
55 12754
55 12758
55 12783
55 12802
55 12830
55 12844
55 12854
55 12912
55 12916
55 12926
55 12927
55 12931
55 12959
55 12961
55 12981
55 12983
55 13005
55 13011
55 13021
55 13023
55 13024
55 13072
55 13128
55 13147
55 13197
55 13274
55 13297
55 13316
55 13319
55 13332
55 13337
55 13351
55 13352
55 13364
55 13369
55 13381
55 13384
55 13421
55 13428
55 13446
55 13494
55 13539
55 13622
55 13666
55 13693
55 13701
55 13708
55 13718
55 13719
55 13765
55 13771
55 13779
55 13789
55 13797
55 13822
55 13870
55 13898
55 13910
55 13934
55 13945
55 13955
55 13963
55 13965
55 14007
55 14064
55 14097
55 14106
55 14156
55 14161
55 14198
55 14243
55 14256
55 14309
55 14335
55 14389
55 14481
55 14484
55 14504
55 14506
55 14559
55 14570
55 14607
55 14678
55 14763
55 14768
55 14808
55 14820
55 14836
55 14871
55 15007
55 15017
55 15028
55 15039
55 15052
55 15065
55 15108
55 15166
55 15173
55 15175
55 15215
55 15227
55 15260
55 15262
55 15316
55 15329
55 15337
55 15377
55 15407
55 15447
55 15534
55 15542
55 15545
55 15553
55 15559
55 15577
55 15603
55 15606
55 15635
55 15641
55 15654
55 15658
55 15675
55 15699
55 15721
55 15743
55 15748
55 15776
55 15778
55 15802
55 15823
55 15836
55 15862
55 15937
55 15947
55 15988
55 16058
55 16063
55 16093
55 16106
55 16143
55 16144
55 16149
55 16155
55 16165
55 16178
55 16189
55 16199
55 16253
55 16279
55 16286
55 16319
55 16332
55 16344
55 16356
55 16357
55 16362
55 16401
55 16423
55 16452
55 16491
55 16534
55 16575
55 16592
55 16638
55 16690
55 16727
55 16742
55 16758
55 16776
55 16778
55 16791
55 16820
55 16834
55 16838
55 16885
55 16890
55 16894
55 16896
55 16900
55 16942
55 16950
55 16980
55 16991
55 17005
55 17027
55 17032
55 17038
55 17055
55 17077
55 17089
55 17105
55 17156
55 17178
55 17202
55 17211
55 17213
55 17223
55 17246
55 17269
55 17277
55 17287
55 17324
55 17352
55 17355
55 17371
55 17389
55 17417
55 17425
55 17440
55 17486
55 17491
55 17526
55 17544
55 17559
55 17572
55 17604
55 17609
55 17611
55 17612
55 17647
55 17650
55 17661
55 17693
55 17695
55 17697
55 17729
55 17771
55 17792
55 17795
55 17801
55 17819
55 17823
55 17832
55 17862
55 17892
55 17945
55 17952
55 17953
55 17969
55 17977
55 17982
55 17992
55 18043
55 18081
55 18114
55 18127
55 18137
55 18158
55 18159
55 18238
55 18250
55 18290
55 18310
55 18330
55 18333
55 18361
55 18363
55 18390
55 18395
55 18430
55 18455
55 18467
55 18480
55 18510
55 18523
55 18585
55 18594
55 18639
55 18647
55 18732
55 18746
55 18768
55 18806
55 18850
55 18860
55 18866
55 18893
55 18915
55 18924
55 18934
55 18954
55 18970
55 18971
55 18974
55 18993
55 18998
55 19016
55 19037
55 19084
55 19156
55 19239
55 19255
55 19315
55 19316
55 19323
55 19325
55 19336
55 19374
55 19377
55 19403
55 19413
55 19420
55 19434
55 19458
55 19471
55 19472
55 19481
55 19494
55 19515
55 19521
55 19528
55 19570
55 19613
55 19616
55 19627
55 19675
55 19770
55 19789
55 19809
55 19812
55 19873
55 19876
55 19893
55 19921
55 19967
55 19975
55 19981
55 20001
55 20028
55 20042
55 20054
55 20086
55 20097
55 20125
55 20141
55 20169
55 20177
55 20213
55 20223
55 20233
55 20236
55 20248
55 20264
55 20332
55 20338
55 20434
55 20450
55 20473
55 20504
55 20514
55 20531
55 20540
55 20548
55 20572
55 20606
55 20653
55 20654
55 20678
55 20701
55 20711
55 20728
55 20751
55 20755
55 20783
55 20788
55 20808
55 20810
55 20842
55 20849
55 20861
55 20866
55 20872
55 20894
55 20924
55 20952
55 20967
55 20993
55 21014
55 21019
55 21068
55 21078
55 21091
55 21095
55 21113
55 21155
55 21177
55 21186
55 21203
55 21220
55 21234
55 21290
55 21303
55 21322
55 21329
55 21360
55 21423
55 21447
55 21454
55 21484
55 21491
55 21570
55 21627
55 21660
55 21665
55 21727
55 21730
55 21769
55 21772
55 21783
55 21798
55 21819
55 21835
55 21836
55 21884
55 21909
55 21940
55 21984
55 22001
55 22050
55 22087
55 22119
55 22124
55 22140
55 22156
55 22157
55 22201
55 22268
55 22295
55 22339
55 22343
55 22346
55 22365
55 22379
55 22389
55 22392
55 22400
55 22401
55 22426
55 22436
55 22448
55 22457
55 22460
55 22495
55 22502
55 22504
55 22532
55 22550
55 22611
55 22633
55 22641
55 22678
55 22726
55 22770
55 22784
55 22789
55 22791
55 22796
55 22844
55 22856
55 22864
55 22866
55 22914
55 22940
55 22941
55 22983
55 22993
55 23002
55 23014
55 23017
55 23018
55 23036
55 23044
55 23048
55 23060
55 23091
55 23092
55 23095
55 23117
55 23122
55 23165
55 23180
55 23198
55 23204
55 23226
55 23262
55 23266
55 23272
55 23288
55 23293
55 23302
55 23328
55 23343
55 23344
55 23380
55 23392
55 23395
55 23403
55 23515
55 23520
55 23560
55 23584
55 23657
55 23666
55 23692
55 23697
55 23719
55 23749
55 23758
55 23764
55 23787
55 23809
55 23832
55 23873
55 23875
55 23903
55 23907
55 23911
55 23974
55 24018
55 24024
55 24075
55 24085
55 24087
55 24090
55 24110
55 24152
55 24159
55 24164
55 24172
55 24193
55 24237
55 24288
55 24294
55 24367
55 24396
55 24419
55 24428
55 24473
55 24475
55 24487
55 24488
55 24491
55 24508
55 24552
55 24591
55 24601
55 24609
55 24674
55 24678
55 24689
55 24749
55 24840
55 24843
55 24860
55 24881
55 24886
55 24932
55 24945
55 24964
55 24976
55 24997
55 25017
55 25028
55 25059
55 25065
55 25111
55 25115
55 25135
55 25146
55 25175
55 25199
55 25202
55 25205
55 25206
55 25226
55 25292
55 25311
55 25317
55 25321
55 25335
55 25338
55 25356
55 25398
55 25418
55 25427
55 25434
55 25462
55 25464
55 25468
55 25471
55 25485
55 25490
55 25494
55 25497
55 25510
55 25517
55 25544
55 25550
55 25559
55 25585
55 25608
55 25640
55 25694
55 25727
55 25749
55 25766
55 25806
55 25824
55 25839
55 25845
55 25868
55 25878
55 25906
55 25935
55 25957
55 25992
55 25996
55 26022
55 26024
55 26062
55 26081
55 26113
55 26160
55 26162
55 26164
55 26170
55 26175
55 26198
55 26261
55 26266
55 26308
55 26335
55 26342
55 26350
55 26361
55 26396
55 26400
55 26429
55 26444
55 26512
55 26540
55 26585
55 26587
55 26612
55 26621
55 26647
55 26666
55 26686
55 26724
55 26729
55 26744
55 26756
55 26780
55 26791
55 26808
55 26814
55 26841
55 26862
55 26878
55 26906
55 26908
55 26930
55 26931
55 26960
55 26993
55 26997
55 27034
55 27057
55 27065
55 27135
55 27173
55 27190
55 27268
55 27271
55 27275
55 27291
55 27324
55 27330
55 27346
55 27349
55 27356
55 27412
55 27441
55 27452
55 27463
55 27482
55 27486
55 27489
55 27532
55 27554
55 27558
55 27587
55 27607
55 27617
55 27636
55 27637
55 27657
55 27714
55 27740
55 27741
55 27801
55 27802
55 27808
55 27825
55 27835
55 27853
55 27878
55 27882
55 27907
55 27908
55 27922
55 27939
55 27970
55 27977
55 27984
55 27987
55 27991
55 27996
55 28007
55 28017
55 28065
55 28097
55 28102
55 28116
55 28145
55 28154
55 28198
55 28200
55 28205
55 28220
55 28236
55 28278
55 28306
55 28336
55 28371
55 28375
55 28407
55 28413
55 28415
55 28440
55 28491
55 28521
55 28574
55 28584
55 28599
55 28612
55 28649
55 28656
55 28659
55 28692
55 28693
55 28713
55 28720
55 28753
55 28777
55 28837
55 28855
55 28879
55 28891
55 28905
55 28907
55 28920
55 28946
55 28949
55 28963
55 28968
55 28998
55 29002
55 29019
55 29028
55 29035
55 29043
55 29054
55 29112
55 29116
55 29136
55 29155
55 29160
55 29226
55 29237
55 29248
55 29262
55 29263
55 29304
55 29322
55 29327
55 29342
55 29343
55 29348
55 29356
55 29373
55 29383
55 29400
55 29419
55 29429
55 29447
55 29467
55 29529
55 29537
55 29554
55 29627
55 29645
55 29711
55 29732
55 29750
55 29761
55 29856
55 29862
55 29871
55 29875
55 29903
55 29934
55 29967
55 29994
55 29995
55 29998
55 30006
55 30026
55 30046
55 30105
55 30136
55 30138
55 30142
55 30148
55 30202
55 30208
55 30212
55 30242
55 30244
55 30254
55 30264
55 30272
55 30289
55 30315
55 30341
55 30353
55 30355
55 30367
55 30384
55 30426
55 30442
55 30448
55 30471
55 30478
55 30499
55 30514
55 30556
55 30573
55 30577
55 30579
55 30631
55 30639
55 30702
55 30714
55 30718
55 30726
55 30753
55 30758
55 30774
55 30786
55 30803
55 30874
55 30909
55 30910
55 30913
55 30915
55 30967
55 31019
55 31021
55 31036
55 31049
55 31059
55 31060
55 31062
55 31066
55 31109
55 31118
55 31140
55 31167
55 31172
55 31187
55 31219
55 31227
55 31230
55 31236
55 31288
55 31298
55 31314
55 31327
55 31343
55 31352
55 31367
55 31386
55 31387
55 31389
55 31431
55 31436
55 31444
55 31463
55 31505
55 31514
55 31520
55 31531
55 31545
55 31548
55 31568
55 31581
55 31596
55 31635
55 31658
55 31664
55 31668
55 31678
55 31689
55 31709
55 31724
55 31729
55 31736
55 31763
55 31767
55 31851
55 31856
55 31858
55 31871
55 31878
55 31881
55 31944
55 31968
55 31994
55 32002
55 32032
55 32062
55 32064
55 32103
55 32146
55 32157
55 32185
55 32188
55 32232
55 32395
55 32418
55 32445
55 32534
55 32841
55 32853
55 32927
55 32938
55 33008
55 33045
55 33117
55 33126
55 33145
55 33358
55 33362
55 33407
55 33447
55 33451
55 33454
55 33455
55 33460
55 33482
55 33501
55 33508
55 33568
55 33591
55 33604
55 33654
55 33658
55 33682
55 33692
55 33730
55 33756
55 33774
55 33801
55 33830
55 33888
55 33906
55 33936
55 33963
55 33974
55 33987
55 33997
55 34050
55 34101
55 34129
55 34131
55 34182
55 34188
55 34247
55 34303
55 34320
55 34327
55 34377
55 34397
55 34409
55 34438
55 34471
55 34478
55 34481
55 34541
55 34553
55 34582
55 34598
55 34643
55 34726
55 34747
55 34771
55 34784
55 34809
55 34821
55 34836
55 34870
55 34881
55 34923
55 34992
55 35011
55 35013
55 35025
55 35039
55 35054
55 35062
55 35064
55 35073
55 35191
55 35224
55 35267
55 35368
55 35377
55 35416
55 35419
55 35427
55 35435
55 35437
55 35478
55 35506
55 35549
55 35567
55 35573
55 35615
55 35630
55 35631
55 35659
55 35678
55 35740
55 35752
55 35785
55 35802
55 35806
55 35815
55 35851
55 35896
55 35907
55 35909
55 35916
55 35936
55 35942
55 35983
55 35984
55 36000
55 36010
55 36035
55 36036
55 36042
55 36043
55 36046
55 36051
55 36077
55 36078
55 36083
55 36086
55 36090
55 36133
55 36141
55 36143
55 36162
55 36180
55 36192
55 36259
55 36294
55 36298
55 36314
55 36318
55 36322
55 36338
55 36426
55 36440
55 36504
55 36513
55 36554
55 36661
55 36748
55 36759
55 36778
55 36790
55 36802
55 36816
55 36832
55 36841
55 36852
55 36902
55 36941
55 36974
55 36982
55 36991
55 36995
55 37008
55 37011
55 37029
55 37041
55 37045
55 37057
55 37090
55 37153
55 37156
55 37162
55 37207
55 37237
55 37260
55 37261
55 37270
55 37290
55 37310
55 37349
55 37355
55 37361
55 37422
55 37432
55 37459
55 37486
55 37504
55 37540
55 37588
55 37596
55 37632
55 37661
55 37680
55 37701
55 37719
55 37786
55 37804
55 37821
55 37892
55 37899
55 37928
55 37961
55 37967
55 37978
55 37984
55 38028
55 38049
55 38054
55 38060
55 38063
55 38064
55 38067
55 38073
55 38089
55 38095
55 38125
55 38168
55 38185
55 38295
55 38312
55 38329
55 38338
55 38341
55 38351
55 38359
55 38421
55 38436
55 38444
55 38450
55 38466
55 38475
55 38500
55 38519
55 38521
55 38533
55 38544
55 38546
55 38556
55 38562
55 38563
55 38609
55 38614
55 38667
55 38675
55 38705
55 38724
55 38745
55 38758
55 38789
55 38827
55 38855
55 38872
55 38876
55 38895
55 38896
55 38909
55 38923
55 38940
55 39022
55 39071
55 39078
55 39117
55 39147
55 39189
55 39208
55 39223
55 39246
55 39257
55 39258
55 39273
55 39291
55 39292
55 39309
55 39337
55 39348
55 39367
55 39407
55 39408
55 39419
55 39426
55 39434
55 39475
55 39478
55 39493
55 39511
55 39558
55 39588
55 39600
55 39610
55 39615
55 39636
55 39653
55 39672
55 39674
55 39681
55 39701
55 39709
55 39734
55 39789
55 39797
55 39817
55 39843
55 39844
55 39852
55 39878
55 39892
55 39901
55 39923
55 39936
55 39992
55 40004
55 40024
55 40038
55 40039
55 40052
55 40064
55 40079
55 40086
55 40150
55 40152
55 40158
55 40160
55 40175
55 40262
55 40291
55 40303
55 40345
55 40366
55 40377
55 40413
55 40443
55 40485
55 40519
55 40553
55 40575
55 40589
55 40593
55 40615
55 40626
55 40665
55 40669
55 40690
55 40699
55 40717
55 40720
55 40724
55 40815
55 40821
55 40870
55 40879
55 40932
55 40954
55 40955
55 40960
55 40964
55 40965
55 40974
55 40993
55 41118
55 41174
55 41194
55 41200
55 41249
55 41261
55 41266
55 41323
55 41343
55 41344
55 41351
55 41360
55 41362
55 41394
55 41434
55 41442
55 41503
55 41534
55 41551
55 41584
55 41601
55 41627
55 41656
55 41665
55 41668
55 41680
55 41698
55 41723
55 41725
55 41726
55 41737
55 41764
55 41785
55 41820
55 41826
55 41831
55 41836
55 41894
55 41909
55 41917
55 41953
55 41972
55 41973
55 41992
55 42005
55 42011
55 42030
55 42040
55 42077
55 42083
55 42103
55 42109
55 42149
55 42160
55 42200
55 42242
55 42278
55 42283
55 42297
55 42310
55 42340
55 42342
55 42361
55 42381
55 42388
55 42398
55 42408
55 42421
55 42471
55 42478
55 42488
55 42531
55 42543
55 42563
55 42572
55 42620
55 42667
55 42723
55 42765
55 42775
55 42780
55 42786
55 42799
55 42821
55 42854
55 42871
55 42883
55 42890
55 42898
55 42900
55 42941
55 42953
55 42957
55 43025
55 43057
55 43068
55 43082
55 43118
55 43154
55 43190
55 43198
55 43199
55 43200
55 43267
55 43292
55 43318
55 43331
55 43344
55 43355
55 43365
55 43367
55 43403
55 43410
55 43424
55 43466
55 43471
55 43497
55 43500
55 43520
55 43526
55 43558
55 43566
55 43602
55 43613
55 43659
55 43667
55 43712
55 43714
55 43726
55 43767
55 43774
55 43775
55 43777
55 43820
55 43830
55 43845
55 43859
55 43876
55 43924
55 44019
55 44021
55 44036
55 44053
55 44064
55 44074
55 44084
55 44110
55 44206
55 44239
55 44251
55 44279
55 44293
55 44302
55 44305
55 44311
55 44323
55 44324
55 44354
55 44367
55 44369
55 44376
55 44379
55 44399
55 44402
55 44435
55 44483
55 44492
55 44500
55 44506
55 44537
55 44551
55 44553
55 44616
55 44634
55 44718
55 44793
55 44809
55 44812
55 44832
55 44854
55 44855
55 44892
55 44935
55 44947
55 44955
55 44958
55 44974
55 44981
55 44986
55 45029
55 45095
55 45107
55 45111
55 45130
55 45154
55 45193
55 45202
55 45208
55 45255
55 45278
55 45300
55 45301
55 45335
55 45391
55 45463
55 45494
55 45520
55 45526
55 45527
55 45565
55 45584
55 45588
55 45599
55 45628
55 45664
55 45676
55 45679
55 45684
55 45697
55 45703
55 45739
55 45764
55 45784
55 45800
55 45802
55 45808
55 45824
55 45878
55 45917
55 45985
55 45995
55 46016
55 46029
55 46076
55 46092
55 46107
55 46119
55 46145
55 46187
55 46189
55 46263
55 46305
55 46331
55 46352
55 46354
55 46367
55 46372
55 46387
55 46390
55 46418
55 46466
55 46477
55 46492
55 46494
55 46498
55 46542
55 46546
55 46563
55 46571
55 46590
55 46601
55 46607
55 46623
55 46664
55 46673
55 46683
55 46705
55 46720
55 46751
55 46752
55 46779
55 46780
55 46789
55 46812
55 46817
55 46851
55 46886
55 46888
55 46916
55 46969
55 46974
55 47061
55 47062
55 47106
55 47134
55 47156
55 47171
55 47228
55 47238
55 47265
55 47281
55 47316
55 47339
55 47439
55 47464
55 47469
55 47487
55 47521
55 47618
55 47626
55 47703
55 47710
55 47724
55 47728
55 47779
55 47786
55 47835
55 47868
55 47879
55 47921
55 47944
55 48013
55 48026
55 48043
55 48060
55 48080
55 48120
55 48137
55 48144
55 48202
55 48232
55 48236
55 48249
55 48281
55 48332
55 48353
55 48367
55 48429
55 48455
55 48461
55 48471
55 48557
55 48558
55 48603
55 48611
55 48614
55 48622
55 48650
55 48694
55 48702
55 48704
55 48709
55 48737
55 48741
55 48757
55 48768
55 48776
55 48792
55 48797
55 48852
55 48871
55 48884
55 48960
55 48974
55 48990
55 48992
55 49004
55 49007
55 49040
55 49049
55 49111
55 49158
55 49211
55 49231
55 49235
55 49240
55 49243
55 49256
55 49359
55 49392
55 49414
55 49449
55 49481
55 49520
55 49567
55 49585
55 49617
55 49621
55 49644
55 49666
55 49727
55 49735
55 49736
55 49798
55 49799
55 49800
55 49807
55 49851
55 49863
55 49904
55 49924
55 49939
55 49949
55 49972
55 50026
55 50048
55 50049
55 50062
55 50070
55 50197
55 50204
55 50239
55 50240
55 50248
55 50271
55 50286
55 50290
55 50304
55 50346
55 50366
55 50388
55 50399
55 50447
55 50559
55 50598
55 50641
55 50650
55 50679
55 50685
55 50691
55 50704
55 50773
55 50788
55 50790
55 50797
55 50819
55 50843
55 50851
55 50888
55 51007
55 51008
55 51010
55 51012
55 51024
55 51037
55 51056
55 51062
55 51069
55 51073
55 51080
55 51128
55 51136
55 51137
55 51164
55 51189
55 51234
55 51252
55 51296
55 51313
55 51334
55 51374
55 51395
55 51417
55 51442
55 51456
55 51481
55 51485
55 51492
55 51525
55 51535
55 51537
55 51566
55 51609
55 51629
55 51630
55 51640
55 51647
55 51652
55 51653
55 51662
55 51689
55 51694
55 51701
55 51744
55 51752
55 51753
55 51756
55 51783
55 51785
55 51786
55 51824
55 51858
55 51898
55 51899
55 51903
55 51913
55 51914
55 51925
55 51926
55 51943
55 51964
55 52005
55 52008
55 52038
55 52063
55 52114
55 52119
55 52121
55 52152
55 52153
55 52170
55 52181
55 52183
55 52235
55 52277
55 52334
55 52335
55 52347
55 52369
55 52380
55 52382
55 52388
55 52395
55 52407
55 52410
55 52411
55 52421
55 52429
55 52438
55 52440
55 52444
55 52453
55 52463
55 52466
55 52486
55 52545
55 52555
55 52595
55 52612
55 52618
55 52677
55 52741
55 52784
55 52787
55 52802
55 52813
55 52820
55 52827
55 52831
55 52858
55 52891
55 52897
55 52898
55 52939
55 52987
55 52988
55 52996
55 53000
55 53012
55 53035
55 53060
55 53080
55 53160
55 53188
55 53190
55 53285
55 53312
55 53325
55 53358
55 53391
55 53411
55 53414
55 53468
55 53497
55 53519
55 53547
55 53567
55 53568
55 53594
55 53636
55 53676
55 53678
55 53694
55 53711
55 53727
55 53738
55 53756
55 53768
55 53818
55 53877
55 53879
55 53899
55 53928
55 53951
55 53958
55 53963
55 54021
55 54077
55 54105
55 54170
55 54173
55 54204
55 54252
55 54258
55 54283
55 54313
55 54314
55 54339
55 54358
55 54373
55 54378
55 54396
55 54416
55 54442
55 54444
55 54511
55 54530
55 54574
55 54577
55 54580
55 54655
55 54693
55 54703
55 54722
55 54763
55 54779
55 54783
55 54797
55 54810
55 54822
55 54830
55 54840
55 54859
55 54870
55 54895
55 54896
55 54922
55 54937
55 54979
55 55000
55 55005
55 55073
55 55102
55 55146
55 55161
55 55191
55 55225
55 55245
55 55283
55 55297
55 55352
55 55359
55 55382
55 55384
55 55432
55 55486
55 55499
55 55505
55 55519
55 55533
55 55584
55 55614
55 55632
55 55636
55 55655
55 55665
55 55691
55 55702
55 55706
55 55707
55 55710
55 55726
55 55731
55 55734
55 55745
55 55746
55 55770
55 55792
55 55809
55 55857
55 55944
55 55945
55 56014
55 56046
55 56060
55 56066
55 56079
55 56116
55 56124
55 56125
55 56156
55 56177
55 56204
55 56230
55 56241
55 56254
55 56258
55 56260
55 56267
55 56316
55 56328
55 56366
55 56383
55 56391
55 56393
55 56421
55 56425
55 56435
55 56449
55 56511
55 56517
55 56540
55 56543
55 56558
55 56595
55 56610
55 56642
55 56643
55 56653
55 56655
55 56664
55 56696
55 56721
55 56753
55 56759
55 56762
55 56786
55 56791
55 56792
55 56829
55 56832
55 56840
55 56846
55 56854
55 56867
55 56880
55 56886
55 56894
55 56910
55 56922
55 56925
55 56948
55 56953
55 56955
55 56966
55 57010
55 57011
55 57015
55 57026
55 57032
55 57049
55 57078
55 57103
55 57105
55 57124
55 57125
55 57135
55 57136
55 57155
55 57203
55 57219
55 57230
55 57244
55 57249
55 57273
55 57297
55 57298
55 57308
55 57314
55 57331
55 57333
55 57366
55 57376
55 57416
55 57419
55 57429
55 57474
55 57497
55 57508
55 57522
55 57575
55 57605
55 57618
55 57670
55 57689
55 57712
55 57727
55 57764
55 57784
55 57789
55 57800
55 57805
55 57817
55 57820
55 57837
55 57850
55 57854
55 57857
55 57900
55 57904
55 57914
55 57922
55 57923
55 57942
55 58005
55 58036
55 58055
55 58059
55 58079
55 58085
55 58114
55 58119
55 58141
55 58162
55 58188
55 58197
55 58216
55 58218
55 58219
55 58224
55 58228
55 58262
55 58282
55 58292
55 58293
55 58299
55 58319
55 58324
55 58370
55 58402
55 58461
55 58462
55 58478
55 58511
55 58519
55 58545
55 58582
55 58595
55 58605
55 58618
55 58620
55 58627
55 58641
55 58671
55 58686
55 58696
55 58709
55 58721
55 58727
55 58752
55 58768
55 58809
55 58839
55 58860
55 58864
55 58872
55 58879
55 58894
55 58909
55 58955
55 58961
55 58964
55 59010
55 59025
55 59028
55 59060
55 59066
55 59141
55 59147
55 59171
55 59174
55 59231
55 59252
55 59270
55 59292
55 59370
55 59395
55 59422
55 59448
55 59451
55 59464
55 59474
55 59489
55 59510
55 59528
55 59558
55 59560
55 59572
55 59597
55 59626
55 59642
55 59643
55 59656
55 59669
55 59670
55 59682
55 59716
55 59718
55 59766
55 59784
55 59818
55 59862
55 59874
55 59899
55 59901
55 59917
55 59934
55 59957
55 59958
55 60001
55 60015
55 60019
55 60066
55 60077
55 60115
55 60122
55 60143
55 60144
55 60162
55 60163
55 60177
55 60202
55 60215
55 60233
55 60246
55 60256
55 60292
55 60296
55 60319
55 60348
55 60367
55 60420
55 60425
55 60431
55 60460
55 60462
55 60465
55 60468
55 60475
55 60557
55 60562
55 60563
55 60593
55 60650
55 60676
55 60690
55 60733
55 60763
55 60771
55 60781
55 60782
55 60825
55 60837
55 60866
55 60902
55 60905
55 60921
55 60927
55 60945
55 60977
55 60992
55 60996
55 61011
55 61043
55 61072
55 61081
55 61140
55 61166
55 61187
55 61221
55 61230
55 61256
55 61297
55 61385
55 61388
55 61391
55 61398
55 61410
55 61415
55 61446
55 61483
55 61509
55 61520
55 61527
55 61548
55 61593
55 61599
55 61611
55 61635
55 61651
55 61671
55 61674
55 61687
55 61698
55 61722
55 61762
55 61782
55 61818
55 61842
55 61847
55 61854
55 61874
55 61922
55 61931
55 61953
55 61956
55 61971
55 61979
55 61985
55 61999
55 62030
55 62052
55 62090
55 62103
55 62119
55 62122
55 62127
55 62168
55 62197
55 62203
55 62242
55 62272
55 62295
55 62304
55 62354
55 62364
55 62426
55 62431
55 62465
55 62483
55 62494
55 62495
55 62505
55 62520
55 62522
55 62541
55 62637
55 62659
55 62715
55 62759
55 62768
55 62824
55 62839
55 62849
55 62859
55 62890
55 62902
55 62909
55 62950
55 62952
55 62977
55 62984
55 62989
55 63000
55 63010
55 63021
55 63053
55 63054
55 63056
55 63078
55 63083
55 63098
55 63119
55 63133
55 63145
55 63149
55 63153
55 63161
55 63196
55 63210
55 63234
55 63240
55 63270
55 63286
55 63308
55 63311
55 63326
55 63379
55 63427
55 63429
55 63437
55 63449
55 63453
55 63472
55 63532
55 63552
55 63562
55 63594
55 63641
55 63652
55 63681
55 63688
55 63695
55 63707
55 63738
55 63753
55 63754
55 63768
55 63789
55 63887
55 63894
55 63916
55 63926
55 63964
55 63983
55 63984
55 64016
55 64036
55 64059
55 64077
55 64134
55 64159
55 64181
55 64183
55 64206
55 64218
55 64222
55 64278
55 64300
55 64305
55 64324
55 64327
55 64361
55 64371
55 64396
55 64419
55 64426
55 64427
55 64488
55 64491
55 64513
55 64533
55 64549
55 64581
55 64587
55 64644
55 64646
55 64689
55 64720
55 64723
55 64775
55 64808
55 64819
55 64845
55 64880
55 64908
55 64941
55 64942
55 64954
55 64971
55 64992
55 65018
55 65022
55 65029
55 65089
55 65114
55 65120
55 65138
55 65143
55 65156
55 65181
55 65199
55 65223
55 65231
55 65249
55 65277
55 65286
55 65297
55 65300
55 65335
55 65341
55 65345
55 65356
55 65380
55 65387
55 65422
55 65426
55 65441
55 65456
55 65500
55 65513
55 65563
55 65577
55 65580
55 65587
55 65588
55 65638
55 65649
55 65691
55 65715
55 65729
55 65743
55 65751
55 65762
55 65852
55 65886
55 65967
55 66016
55 66031
55 66041
55 66042
55 66106
55 66120
55 66128
55 66164
55 66232
55 66240
55 66284
55 66294
55 66296
55 66304
55 66307
55 66313
55 66324
55 66331
55 66345
55 66348
55 66399
55 66425
55 66443
55 66472
55 66475
55 66480
55 66488
55 66512
55 66522
55 66529
55 66538
55 66545
55 66558
55 66589
55 66639
55 66640
55 66670
55 66676
55 66683
55 66692
55 66693
55 66719
55 66749
55 66755
55 66795
55 66819
55 66833
55 66912
55 66919
55 66924
55 66925
55 66966
55 66968
55 66985
55 67003
55 67049
55 67067
55 67081
55 67085
55 67096
55 67105
55 67112
55 67118
55 67128
55 67130
55 67169
55 67225
55 67238
55 67288
55 67337
55 67344
55 67380
55 67402
55 67421
55 67429
55 67455
55 67476
55 67488
55 67558
55 67568
55 67585
55 67600
55 67601
55 67605
55 67613
55 67619
55 67657
55 67682
55 67689
55 67698
55 67758
55 67763
55 67781
55 67820
55 67830
55 67855
55 67897
55 67900
55 67931
55 67943
55 67945
55 67954
55 67961
55 67963
55 67979
55 68016
55 68062
55 68077
55 68079
55 68099
55 68104
55 68183
55 68213
55 68230
55 68235
55 68243
55 68245
55 68263
55 68279
55 68281
55 68292
55 68311
55 68329
55 68346
55 68348
55 68388
55 68397
55 68419
55 68449
55 68462
55 68471
55 68487
55 68496
55 68498
55 68542
55 68568
55 68594
55 68600
55 68610
55 68711
55 68740
55 68778
55 68784
55 68799
55 68816
55 68817
55 68846
55 68847
55 68880
55 68905
55 68940
55 68953
55 69031
55 69108
55 69165
55 69216
55 69272
55 69291
55 69295
55 69305
55 69321
55 69325
55 69330
55 69409
55 69424
55 69436
55 69455
55 69457
55 69468
55 69505
55 69534
55 69560
55 69561
55 69569
55 69572
55 69594
55 69608
55 69617
55 69642
55 69643
55 69646
55 69720
55 69731
55 69786
55 69813
55 69935
55 69979
55 70023
55 70035
55 70045
55 70109
55 70149
55 70163
55 70176
55 70192
55 70208
55 70294
55 70298
55 70319
55 70326
55 70361
55 70413
55 70425
55 70454
55 70469
55 70474
55 70482
55 70505
55 70514
55 70528
55 70566
55 70571
55 70609
55 70614
55 70615
55 70617
55 70625
55 70642
55 70691
55 70738
55 70745
55 70750
55 70787
55 70821
55 70822
55 70874
55 70884
55 70928
55 70991
55 71013
55 71021
55 71041
55 71066
55 71084
55 71085
55 71103
55 71104
55 71120
55 71125
55 71129
55 71147
55 71157
55 71162
55 71165
55 71174
55 71186
55 71210
55 71243
55 71245
55 71273
55 71316
55 71362
55 71366
55 71377
55 71394
55 71395
55 71404
55 71418
55 71444
55 71446
55 71466
55 71492
55 71520
55 71539
55 71554
55 71632
55 71642
55 71684
55 71726
55 71741
55 71812
55 71840
55 71848
55 71852
55 71862
55 71881
55 72000
55 72027
55 72050
55 72070
55 72074
55 72102
55 72110
55 72114
55 72157
55 72164
55 72180
55 72195
55 72202
55 72217
55 72253
55 72254
55 72281
55 72289
55 72306
55 72317
55 72361
55 72363
55 72367
55 72386
55 72395
55 72401
55 72469
55 72476
55 72520
55 72556
55 72585
55 72630
55 72637
55 72641
55 72723
55 72742
55 72752
55 72768
55 72833
55 72837
55 72882
55 72920
55 72923
55 72941
55 72954
55 72979
55 73003
55 73012
55 73028
55 73032
55 73112
55 73139
55 73207
55 73236
55 73242
55 73245
55 73246
55 73249
55 73276
55 73309
55 73317
55 73386
55 73388
55 73394
55 73421
55 73443
55 73508
55 73518
55 73522
55 73528
55 73535
55 73543
55 73568
55 73593
55 73599
55 73604
55 73606
55 73619
55 73679
55 73684
55 73686
55 73702
55 73736
55 73754
55 73756
55 73860
55 73932
55 73955
55 73957
55 73981
55 73988
55 73990
55 74013
55 74023
55 74031
55 74036
55 74039
55 74087
55 74159
55 74161
55 74173
55 74189
55 74190
55 74201
55 74208
55 74291
55 74323
55 74333
55 74349
55 74371
55 74387
55 74399
55 74400
55 74434
55 74461
55 74572
55 74612
55 74625
55 74675
55 74709
55 74746
55 74750
55 74781
55 74782
55 74797
55 74812
55 74828
55 74851
55 74869
55 74875
55 74893
55 74914
55 74935
55 74941
55 74944
55 74977
55 74996
55 75051
55 75053
55 75073
55 75083
55 75088
55 75098
55 75116
55 75162
55 75196
55 75254
55 75259
55 75280
55 75323
55 75435
55 75484
55 75491
55 75512
55 75530
55 75548
55 75561
55 75567
55 75581
55 75597
55 75631
55 75634
55 75649
55 75661
55 75671
55 75678
55 75701
55 75760
55 75788
55 75801
55 75816
55 75823
55 75843
55 75867
55 75870
55 75892
55 75893
55 75904
55 75910
55 75941
55 75946
55 76014
55 76020
55 76037
55 76085
55 76095
55 76119
55 76143
55 76148
55 76184
55 76197
55 76201
55 76220
55 76225
55 76299
55 76312
55 76319
55 76332
55 76351
55 76397
55 76412
55 76431
55 76432
55 76451
55 76489
55 76516
55 76568
55 76606
55 76627
55 76679
55 76718
55 76752
55 76777
55 76803
55 76853
55 76862
55 76875
55 76895
55 76911
55 76960
55 77022
55 77049
55 77092
55 77140
55 77174
55 77198
55 77233
55 77278
55 77360
55 77411
55 77418
55 77441
55 77457
55 77482
55 77497
55 77498
55 77549
55 77558
55 77588
55 77590
55 77637
55 77642
55 77648
55 77709
55 77789
55 77794
55 77831
55 77861
55 77908
55 77922
55 77923
55 77948
55 77970
55 78029
55 78054
55 78115
55 78152
55 78192
55 78196
55 78199
55 78210
55 78219
55 78223
55 78224
55 78225
55 78255
55 78264
55 78313
55 78380
55 78393
55 78429
55 78432
55 78461
55 78464
55 78499
55 78504
55 78511
55 78526
55 78570
55 78578
55 78596
55 78688
55 78697
55 78698
55 78702
55 78719
55 78732
55 78776
55 78798
55 78816
55 78839
55 78841
55 78849
55 78910
55 78919
55 78940
55 78968
55 78988
55 79007
55 79022
55 79028
55 79046
55 79047
55 79073
55 79079
55 79118
55 79136
55 79168
55 79174
55 79223
55 79232
55 79245
55 79260
55 79331
55 79354
55 79387
55 79457
55 79471
55 79490
55 79496
55 79509
55 79549
55 79550
55 79560
55 79565
55 79567
55 79574
55 79576
55 79661
55 79678
55 79698
55 79732
55 79738
55 79764
55 79783
55 79797
55 79801
55 79804
55 79829
55 79832
55 79843
55 79853
55 79861
55 79963
55 79973
55 80013
55 80027
55 80053
55 80092
55 80126
55 80149
55 80227
55 80298
55 80321
55 80324
55 80326
55 80350
55 80371
55 80387
55 80396
55 80416
55 80445
55 80497
55 80508
55 80516
55 80527
55 80541
55 80582
55 80618
55 80649
55 80652
55 80660
55 80700
55 80745
55 80765
55 80774
55 80807
55 80814
55 80838
55 80846
55 80851
55 80882
55 80927
55 80933
55 80942
55 80954
55 80970
55 80979
55 81015
55 81038
55 81063
55 81072
55 81089
55 81170
55 81183
55 81287
55 81291
55 81296
55 81335
55 81356
55 81380
55 81406
55 81437
55 81521
55 81533
55 81540
55 81543
55 81554
55 81562
55 81693
55 81703
55 81720
55 81740
55 81769
55 81811
55 81821
55 81846
55 81877
55 81879
55 81892
55 81910
55 81943
55 81955
55 81957
55 81981
55 81988
55 82021
55 82030
55 82033
55 82076
55 82077
55 82088
55 82104
55 82119
55 82155
55 82163
55 82168
55 82171
55 82209
55 82243
55 82266
55 82272
55 82274
55 82421
55 82471
55 82522
55 82540
55 82584
55 82624
55 82628
55 82637
55 82657
55 82673
55 82813
55 82837
55 82846
55 82874
55 82875
55 82886
55 82902
55 82924
55 82939
55 82940
55 82974
55 82990
55 82991
55 83019
55 83028
55 83068
55 83104
55 83140
55 83164
55 83175
55 83206
55 83226
55 83228
55 83238
55 83253
55 83261
55 83279
55 83285
55 83346
55 83362
55 83376
55 83389
55 83409
55 83417
55 83448
55 83456
55 83465
55 83475
55 83518
55 83539
55 83569
55 83579
55 83583
55 83584
55 83611
55 83635
55 83716
55 83764
55 83795
55 83807
55 83815
55 83832
55 83863
55 83864
55 83882
55 83884
55 83889
55 83894
55 83902
55 83906
55 83919
55 83956
55 83959
55 83963
55 83974
55 84026
55 84065
55 84085
55 84092
55 84156
55 84164
55 84180
55 84209
55 84220
55 84238
55 84251
55 84261
55 84272
55 84274
55 84285
55 84329
55 84341
55 84347
55 84375
55 84388
55 84467
55 84474
55 84501
55 84515
55 84520
55 84538
55 84556
55 84581
55 84596
55 84599
55 84606
55 84623
55 84655
55 84660
55 84662
55 84710
55 84742
55 84775
55 84783
55 84794
55 84807
55 84825
55 84831
55 84840
55 84843
55 84860
55 84867
55 84873
55 84887
55 84898
55 84923
55 84936
55 84953
55 84967
55 84996
55 85048
55 85053
55 85068
55 85120
55 85149
55 85175
55 85179
55 85195
55 85233
55 85259
55 85300
55 85307
55 85381
55 85437
55 85448
55 85461
55 85482
55 85488
55 85500
55 85511
55 85515
55 85603
55 85636
55 85679
55 85714
55 85732
55 85774
55 85788
55 85806
55 85818
55 85834
55 85854
55 85872
55 85928
55 85970
55 85982
55 85991
55 86035
55 86050
55 86062
55 86117
55 86121
55 86132
55 86142
55 86196
55 86199
55 86200
55 86237
55 86248
55 86249
55 86255
55 86277
55 86319
55 86321
55 86335
55 86356
55 86381
55 86444
55 86446
55 86483
55 86487
55 86490
55 86504
55 86507
55 86522
55 86523
55 86544
55 86546
55 86552
55 86593
55 86613
55 86630
55 86668
55 86697
55 86700
55 86715
55 86723
55 86737
55 86745
55 86750
55 86782
55 86819
55 86825
55 86841
55 86845
55 86865
55 86917
55 86949
55 86960
55 86964
55 86966
55 86984
55 87010
55 87037
55 87061
55 87088
55 87119
55 87124
55 87135
55 87139
55 87151
55 87190
55 87223
55 87262
55 87268
55 87272
55 87287
55 87302
55 87306
55 87313
55 87323
55 87335
55 87355
55 87357
55 87368
55 87411
55 87425
55 87493
55 87503
55 87535
55 87561
55 87563
55 87571
55 87573
55 87585
55 87586
55 87616
55 87670
55 87682
55 87691
55 87702
55 87721
55 87732
55 87737
55 87741
55 87797
55 87896
55 87898
55 87926
55 87983
55 88011
55 88019
55 88028
55 88077
55 88173
55 88187
55 88218
55 88223
55 88245
55 88255
55 88267
55 88296
55 88309
55 88340
55 88346
55 88348
55 88406
55 88407
55 88413
55 88417
55 88425
55 88444
55 88470
55 88476
55 88507
55 88518
55 88530
55 88549
55 88552
55 88580
55 88604
55 88613
55 88638
55 88648
55 88649
55 88654
55 88701
55 88703
55 88724
55 88755
55 88768
55 88838
55 88870
55 88872
55 88961
55 88965
55 88968
55 88987
55 88993
55 89020
55 89043
55 89059
55 89065
55 89131
55 89238
55 89262
55 89279
55 89284
55 89313
55 89353
55 89361
55 89411
55 89431
55 89438
55 89452
55 89495
55 89500
55 89501
55 89505
55 89544
55 89547
55 89579
55 89595
55 89744
55 89771
55 89775
55 89904
55 89949
55 89972
55 89990
55 89999
55 90002
55 90024
55 90045
55 90091
55 90107
55 90150
55 90166
55 90204
55 90233
55 90251
55 90305
55 90310
55 90333
55 90375
55 90380
55 90392
55 90395
55 90397
55 90440
55 90456
55 90472
55 90506
55 90511
55 90519
55 90534
55 90568
55 90572
55 90686
55 90710
55 90820
55 90832
55 90888
55 90904
55 90921
55 90932
55 91014
55 91028
55 91057
55 91075
55 91095
55 91102
55 91110
55 91119
55 91158
55 91206
55 91216
55 91243
55 91253
55 91268
55 91310
55 91325
55 91331
55 91338
55 91383
55 91393
55 91419
55 91445
55 91480
55 91483
55 91503
55 91579
55 91610
55 91659
55 91685
55 91687
55 91710
55 91775
55 91780
55 91800
55 91812
55 91824
55 91860
55 91870
55 91884
55 91893
55 91922
55 91934
55 91941
55 91963
55 91968
55 92108
55 92151
55 92167
55 92185
55 92197
55 92227
55 92256
55 92316
55 92332
55 92356
55 92357
55 92392
55 92422
55 92457
55 92461
55 92472
55 92482
55 92485
55 92488
55 92513
55 92523
55 92556
55 92580
55 92584
55 92593
55 92595
55 92604
55 92605
55 92608
55 92623
55 92661
55 92702
55 92727
55 92735
55 92744
55 92761
55 92820
55 92829
55 92862
55 92882
55 92894
55 92936
55 92945
55 92949
55 92955
55 92978
55 92994
55 93103
55 93150
55 93152
55 93157
55 93194
55 93208
55 93217
55 93219
55 93240
55 93249
55 93266
55 93273
55 93287
55 93297
55 93336
55 93376
55 93386
55 93444
55 93450
55 93481
55 93508
55 93533
55 93546
55 93555
55 93564
55 93584
55 93623
55 93642
55 93653
55 93663
55 93677
55 93702
55 93709
55 93714
55 93716
55 93726
55 93783
55 93823
55 93872
55 93915
55 93930
55 93941
55 93963
55 93997
55 94002
55 94015
55 94029
55 94036
55 94067
55 94068
55 94144
55 94159
55 94177
55 94192
55 94216
55 94218
55 94220
55 94249
55 94283
55 94364
55 94367
55 94417
55 94427
55 94447
55 94448
55 94455
55 94481
55 94482
55 94485
55 94516
55 94528
55 94531
55 94535
55 94556
55 94582
55 94592
55 94617
55 94645
55 94658
55 94663
55 94688
55 94723
55 94726
55 94730
55 94738
55 94752
55 94779
55 94782
55 94807
55 94833
55 94856
55 94865
55 94878
55 94880
55 94941
55 94955
55 94971
55 95005
55 95081
55 95111
55 95133
55 95164
55 95201
55 95233
55 95241
55 95253
55 95276
55 95301
55 95387
55 95427
55 95438
55 95445
55 95456
55 95470
55 95525
55 95554
55 95600
55 95604
55 95605
55 95614
55 95631
55 95661
55 95666
55 95703
55 95730
55 95731
55 95751
55 95753
55 95757
55 95765
55 95822
55 95832
55 95842
55 95880
55 95902
55 95921
55 95972
55 96057
55 96067
55 96102
55 96140
55 96192
55 96202
55 96257
55 96293
55 96296
55 96308
55 96337
55 96349
55 96359
55 96423
55 96443
55 96447
55 96456
55 96489
55 96520
55 96564
55 96605
55 96658
55 96659
55 96692
55 96711
55 96731
55 96767
55 96777
55 96784
55 96804
55 96815
55 96818
55 96819
55 96820
55 96844
55 96853
55 96871
55 96883
55 96884
55 96897
55 96898
55 96919
55 96965
55 96967
55 96969
55 96979
55 97002
55 97020
55 97032
55 97034
55 97054
55 97075
55 97152
55 97203
55 97226
55 97237
55 97281
55 97284
55 97286
55 97288
55 97291
55 97302
55 97329
55 97335
55 97339
55 97348
55 97434
55 97453
55 97467
55 97494
55 97530
55 97598
55 97612
55 97660
55 97686
55 97690
55 97692
55 97719
55 97723
55 97798
55 97821
55 97858
55 97866
55 97880
55 97882
55 97897
55 97901
55 97998
55 98030
55 98042
55 98058
55 98088
55 98090
55 98094
55 98100
55 98117
55 98125
55 98134
55 98136
55 98143
55 98151
55 98153
55 98174
55 98177
55 98228
55 98247
55 98314
55 98319
55 98321
55 98323
55 98401
55 98419
55 98495
55 98502
55 98503
55 98504
55 98514
55 98520
55 98524
55 98527
55 98598
55 98696
55 98737
55 98747
55 98770
55 98783
55 98787
55 98794
55 98815
55 98915
55 98924
55 98929
55 98992
55 99013
55 99075
55 99152
55 99202
55 99208
55 99220
55 99247
55 99253
55 99289
55 99342
55 99351
55 99402
55 99414
55 99440
55 99478
55 99484
55 99503
55 99510
55 99554
55 99584
55 99608
55 99651
55 99677
55 99764
55 99886
55 99903
55 99911
55 99915
55 99931
55 99958
55 99969
55 100007
55 100010
55 100034
55 100058
55 100071
55 100089
55 100092
55 100172
55 100232
55 100239
55 100246
55 100254
55 100271
55 100298
55 100313
55 100364
55 100442
55 100529
55 100543
55 100545
55 100584
55 100618
55 100623
55 100632
55 100655
55 100686
55 100700
55 100749
55 100760
55 100763
55 100765
55 100772
55 100781
55 100792
55 100796
55 100831
55 100949
55 100955
55 100970
55 100975
55 100997
55 101009
55 101032
55 101098
55 101103
55 101109
55 101155
55 101175
55 101186
55 101230
55 101237
55 101274
55 101284
55 101292
55 101299
55 101311
55 101334
55 101364
55 101403
55 101429
55 101434
55 101473
55 101564
55 101591
55 101595
55 101671
55 101702
55 101722
55 101732
55 101760
55 101767
55 101795
55 101808
55 101825
55 101875
55 101898
55 101902
55 101924
55 101944
55 101980
55 101982
55 101992
55 101997
55 102023
55 102034
55 102111
55 102112
55 102113
55 102164
55 102211
55 102218
55 102250
55 102266
55 102278
55 102295
55 102301
55 102336
55 102368
55 102392
55 102401
55 102473
55 102476
55 102488
55 102490
55 102532
55 102548
55 102590
55 102603
55 102613
55 102629
55 102643
55 102647
55 102653
55 102670
55 102702
55 102705
55 102707
55 102787
55 102793
55 102817
55 102849
55 102874
55 102885
55 102901
55 102920
55 102950
55 102968
55 102989
55 103007
55 103049
55 103091
55 103092
55 103124
55 103134
55 103151
55 103154
55 103155
55 103162
55 103169
55 103231
55 103237
55 103242
55 103277
55 103294
55 103321
55 103339
55 103355
55 103366
55 103458
55 103474
55 103487
55 103514
55 103524
55 103539
55 103542
55 103549
55 103617
55 103633
55 103639
55 103672
55 103688
55 103701
55 103719
55 103723
55 103737
55 103786
55 103870
55 103884
55 103889
55 103897
55 103910
55 103919
55 103923
55 103932
55 103974
55 103995
55 104055
55 104059
55 104072
55 104085
55 104090
55 104131
55 104147
55 104151
55 104156
55 104157
55 104164
55 104179
55 104277
55 104288
55 104294
55 104295
55 104301
55 104314
55 104320
55 104361
55 104379
55 104410
55 104459
55 104465
55 104478
55 104487
55 104513
55 104523
55 104528
55 104575
55 104585
55 104661
55 104676
55 104706
55 104729
55 104741
55 104745
55 104766
55 104772
55 104809
55 104855
55 104885
55 104917
55 104924
55 104925
55 104965
55 104986
55 104988
55 105014
55 105064
55 105088
55 105116
55 105163
55 105192
55 105207
55 105229
55 105249
55 105268
55 105273
55 105281
55 105287
55 105290
55 105299
55 105334
55 105347
55 105365
55 105439
55 105448
55 105481
55 105487
55 105499
55 105526
55 105542
55 105553
55 105555
55 105591
55 105624
55 105628
55 105630
55 105656
55 105658
55 105668
55 105697
55 105699
55 105706
55 105725
55 105751
55 105759
55 105767
55 105768
55 105773
55 105802
55 105838
55 105847
55 105854
55 105869
55 105874
55 105877
55 105883
55 105891
55 105914
55 105946
55 105948
55 105990
55 106009
55 106093
55 106098
55 106101
55 106170
55 106182
55 106201
55 106205
55 106219
55 106245
55 106266
55 106276
55 106279
55 106281
55 106306
55 106367
55 106381
55 106400
55 106401
55 106419
55 106423
55 106425
55 106440
55 106443
55 106455
55 106466
55 106471
55 106485
55 106525
55 106534
55 106558
55 106566
55 106574
55 106581
55 106583
55 106595
55 106610
55 106623
55 106624
55 106645
55 106692
55 106728
55 106761
55 106776
55 106791
55 106814
55 106832
55 106843
55 106867
55 106871
55 106872
55 106913
55 106915
55 106951
55 106955
55 106970
55 106974
55 107010
55 107022
55 107027
55 107036
55 107064
55 107204
55 107228
55 107265
55 107302
55 107344
55 107388
55 107390
55 107391
55 107414
55 107446
55 107502
55 107506
55 107526
55 107529
55 107533
55 107626
55 107631
55 107632
55 107650
55 107664
55 107680
55 107718
55 107743
55 107751
55 107753
55 107757
55 107771
55 107781
55 107783
55 107820
55 107893
55 107896
55 107906
55 107973
55 107980
55 107997
55 108032
55 108034
55 108067
55 108073
55 108074
55 108112
55 108124
55 108138
55 108182
55 108216
55 108240
55 108250
55 108281
55 108350
55 108378
55 108393
55 108481
55 108484
55 108590
55 108612
55 108655
55 108660
55 108669
55 108681
55 108694
55 108734
55 108766
55 108778
55 108854
55 108873
55 108881
55 108886
55 108894
55 108922
55 108933
55 108974
55 108982
55 108988
55 109001
55 109019
55 109067
55 109071
55 109076
55 109090
55 109131
55 109148
55 109172
55 109179
55 109214
55 109216
55 109232
55 109233
55 109240
55 109280
55 109298
55 109317
55 109332
55 109333
55 109335
55 109384
55 109386
55 109387
55 109410
55 109427
55 109435
55 109507
55 109539
55 109667
55 109676
55 109712
55 109736
55 109737
55 109758
55 109768
55 109804
55 109889
55 109913
55 109936
55 110003
55 110013
55 110024
55 110031
55 110096
55 110144
55 110155
55 110159
55 110192
55 110206
55 110219
55 110227
55 110229
55 110251
55 110259
55 110265
55 110268
55 110292
55 110329
55 110351
55 110376
55 110389
55 110405
55 110454
55 110493
55 110498
55 110538
55 110546
55 110549
55 110563
55 110580
55 110602
55 110679
55 110695
55 110751
55 110782
55 110807
55 110810
55 110842
55 110853
55 110867
55 110878
55 110895
55 110928
55 110958
55 110971
55 110998
55 111026
55 111039
55 111041
55 111061
55 111099
55 111103
55 111172
55 111198
55 111260
55 111268
55 111326
55 111349
55 111352
55 111355
55 111378
55 111419
55 111432
55 111433
55 111497
55 111498
55 111542
55 111553
55 111564
55 111626
55 111657
55 111681
55 111696
55 111706
55 111714
55 111743
55 111770
55 111836
55 111841
55 111858
55 111881
55 111882
55 111888
55 111926
55 111935
55 111949
55 111985
55 112014
55 112050
55 112055
55 112076
55 112078
55 112085
55 112090
55 112096
55 112119
55 112138
55 112150
55 112156
55 112173
55 112181
55 112207
55 112232
55 112239
55 112249
55 112250
55 112252
55 112263
55 112274
55 112290
55 112306
55 112370
55 112387
55 112410
55 112446
55 112459
55 112477
55 112493
55 112527
55 112546
55 112593
55 112613
55 112639
55 112712
55 112719
55 112725
55 112752
55 112761
55 112764
55 112801
55 112846
55 112863
55 112882
55 112898
55 112919
55 112920
55 112928
55 112934
55 112939
55 112950
55 112972
55 113009
55 113017
55 113032
55 113034
55 113050
55 113103
55 113127
55 113131
55 113132
55 113148
55 113154
55 113166
55 113171
55 113196
55 113217
55 113231
55 113299
55 113308
55 113309
55 113318
55 113322
55 113324
55 113332
55 113346
55 113347
55 113386
55 113390
55 113409
55 113411
55 113438
55 113476
55 113511
55 113514
55 113532
55 113557
55 113564
55 113580
55 113591
55 113597
55 113616
55 113646
55 113666
55 113688
55 113713
55 113747
55 113781
55 113797
55 113822
55 113824
55 113885
55 113904
55 113912
55 114021
55 114058
55 114106
55 114117
55 114171
55 114200
55 114210
55 114256
55 114264
55 114295
55 114315
55 114350
55 114362
55 114388
55 114398
55 114399
55 114418
55 114432
55 114441
55 114447
55 114462
55 114476
55 114479
55 114511
55 114512
55 114527
55 114558
55 114589
55 114591
55 114646
55 114653
55 114660
55 114763
55 114772
55 114778
55 114785
55 114850
55 114851
55 114901
55 114907
55 114940
55 114983
55 115011
55 115040
55 115053
55 115057
55 115084
55 115150
55 115162
55 115173
55 115177
55 115201
55 115220
55 115237
55 115242
55 115279
55 115293
55 115303
55 115305
55 115314
55 115324
55 115341
55 115382
55 115415
55 115430
55 115440
55 115457
55 115472
55 115479
55 115481
55 115495
55 115498
55 115538
55 115539
55 115550
55 115567
55 115573
55 115593
55 115638
55 115665
55 115671
55 115684
55 115701
55 115726
55 115764
55 115788
55 115799
55 115806
55 115820
55 115888
55 115894
55 115902
55 115931
55 115932
55 115951
55 115990
55 116016
55 116022
55 116023
55 116073
55 116087
55 116101
55 116110
55 116117
55 116118
55 116134
55 116144
55 116158
55 116163
55 116178
55 116185
55 116220
55 116240
55 116253
55 116256
55 116267
55 116275
55 116286
55 116287
55 116301
55 116331
55 116333
55 116346
55 116351
55 116375
55 116407
55 116425
55 116428
55 116457
55 116489
55 116500
55 116529
55 116534
55 116581
55 116592
55 116616
55 116656
55 116658
55 116674
55 116691
55 116731
55 116748
55 116817
55 116837
55 116848
55 116875
55 116887
55 116904
55 116906
55 116910
55 116927
55 116941
55 117002
55 117018
55 117032
55 117091
55 117092
55 117098
55 117105
55 117129
55 117140
55 117163
55 117167
55 117174
55 117238
55 117255
55 117291
55 117294
55 117296
55 117374
55 117454
55 117469
55 117506
55 117511
55 117516
55 117518
55 117550
55 117565
55 117592
55 117662
55 117671
55 117677
55 117681
55 117712
55 117719
55 117727
55 117754
55 117760
55 117802
55 117810
55 117838
55 117842
55 117851
55 117856
55 117895
55 117899
55 117901
55 117921
55 117975
55 117994
55 118000
55 118020
55 118021
55 118028
55 118039
55 118070
55 118071
55 118073
55 118098
55 118113
55 118156
55 118165
55 118171
55 118185
55 118213
55 118225
55 118244
55 118255
55 118274
55 118283
55 118285
55 118329
55 118334
55 118364
55 118370
55 118373
55 118414
55 118431
55 118436
55 118454
55 118456
55 118509
55 118562
55 118571
55 118601
55 118612
55 118620
55 118629
55 118682
55 118692
55 118733
55 118746
55 118778
55 118791
55 118907
55 118932
55 118943
55 118992
55 119023
55 119096
55 119128
55 119138
55 119186
55 119260
55 119264
55 119287
55 119352
55 119364
55 119371
55 119400
55 119410
55 119411
55 119436
55 119442
55 119461
55 119473
55 119505
55 119508
55 119516
55 119525
55 119538
55 119546
55 119554
55 119555
55 119588
55 119605
55 119609
55 119647
55 119706
55 119731
55 119768
55 119779
55 119784
55 119835
55 119843
55 119895
55 119928
55 119933
55 119945
55 119996
55 120003
55 120065
55 120100
55 120225
55 120244
55 120273
55 120282
55 120283
55 120324
55 120340
55 120353
55 120386
55 120429
55 120443
55 120485
55 120487
55 120489
55 120490
55 120493
55 120497
55 120504
55 120506
55 120513
55 120524
55 120551
55 120556
55 120610
55 120620
55 120623
55 120686
55 120690
55 120699
55 120710
55 120723
55 120735
55 120742
55 120755
55 120764
55 120939
55 120961
55 120963
55 120974
55 120980
55 120986
55 121016
55 121034
55 121046
55 121087
55 121101
55 121103
55 121146
55 121154
55 121170
55 121184
55 121187
55 121220
55 121224
55 121258
55 121293
55 121297
55 121315
55 121393
55 121401
55 121436
55 121474
55 121476
55 121517
55 121521
55 121606
55 121612
55 121667
55 121712
55 121716
55 121730
55 121767
55 121771
55 121776
55 121795
55 121809
55 121815
55 121821
55 121832
55 121892
55 121948
55 121962
55 121973
55 122009
55 122068
55 122081
55 122112
55 122113
55 122121
55 122142
55 122155
55 122175
55 122192
55 122193
55 122217
55 122230
55 122263
55 122270
55 122282
55 122305
55 122349
55 122383
55 122396
55 122421
55 122465
55 122469
55 122486
55 122504
55 122554
55 122605
55 122618
55 122637
55 122650
55 122660
55 122663
55 122712
55 122723
55 122749
55 122765
55 122783
55 122837
55 122847
55 122851
55 122866
55 122867
55 122921
55 122937
55 122942
55 122955
55 122995
55 123016
55 123042
55 123083
55 123096
55 123115
55 123183
55 123201
55 123232
55 123265
55 123290
55 123316
55 123377
55 123389
55 123401
55 123412
55 123435
55 123443
55 123445
55 123448
55 123461
55 123490
55 123529
55 123539
55 123555
55 123562
55 123590
55 123594
55 123603
55 123620
55 123623
55 123637
55 123658
55 123671
55 123686
55 123696
55 123716
55 123718
55 123741
55 123742
55 123786
55 123832
55 123836
55 123862
55 123887
55 123919
55 123933
55 123938
55 123947
55 123960
55 123973
55 124059
55 124098
55 124107
55 124132
55 124178
55 124183
55 124187
55 124206
55 124212
55 124229
55 124244
55 124260
55 124278
55 124366
55 124367
55 124369
55 124381
55 124385
55 124391
55 124394
55 124409
55 124415
55 124421
55 124438
55 124479
55 124520
55 124526
55 124539
55 124560
55 124567
55 124580
55 124590
55 124610
55 124614
55 124617
55 124686
55 124719
55 124737
55 124780
55 124793
55 124813
55 124823
55 124827
55 124875
55 124941
55 124966
55 124988
55 124992
55 124997
55 125017
55 125023
55 125073
55 125077
55 125118
55 125129
55 125196
55 125229
55 125342
55 125373
55 125427
55 125449
55 125495
55 125497
55 125504
55 125527
55 125534
55 125566
55 125576
55 125580
55 125596
55 125629
55 125647
55 125696
55 125699
55 125753
55 125778
55 125781
55 125807
55 125811
55 125842
55 125863
55 125908
55 125911
55 125942
55 125958
55 126051
55 126067
55 126104
55 126222
55 126247
55 126250
55 126259
55 126262
55 126273
55 126298
55 126300
55 126347
55 126401
55 126459
55 126543
55 126556
55 126600
55 126644
55 126661
55 126698
55 126744
55 126772
55 126812
55 126814
55 126831
55 126837
55 126909
55 126966
55 126985
55 127000
55 127002
55 127003
55 127127
55 127144
55 127168
55 127177
55 127201
55 127240
55 127253
55 127257
55 127269
55 127333
55 127418
55 127419
55 127457
55 127460
55 127476
55 127477
55 127576
55 127586
55 127609
55 127633
55 127659
55 127672
55 127673
55 127687
55 127694
55 127707
55 127711
55 127723
55 127731
55 127754
55 127761
55 127772
55 127777
55 127790
55 127798
55 127801
55 127802
55 127805
55 127867
55 127900
55 127906
55 127935
55 127944
55 127945
55 127952
55 127984
55 128044
55 128069
55 128089
55 128090
55 128098
55 128152
55 128187
55 128198
55 128203
55 128210
55 128211
55 128220
55 128231
55 128241
55 128247
55 128256
55 128263
55 128346
55 128350
55 128364
55 128387
55 128399
55 128432
55 128444
55 128491
55 128499
55 128512
55 128534
55 128541
55 128572
55 128627
55 128640
55 128706
55 128708
55 128714
55 128737
55 128747
55 128753
55 128754
55 128771
55 128797
55 128827
55 128851
55 128882
55 128884
55 128937
55 128949
55 128953
55 128963
55 128976
55 129035
55 129082
55 129134
55 129138
55 129141
55 129149
55 129154
55 129157
55 129161
55 129173
55 129228
55 129265
55 129294
55 129306
55 129323
55 129342
55 129352
55 129363
55 129367
55 129372
55 129386
55 129409
55 129420
55 129475
55 129525
55 129539
55 129551
55 129602
55 129620
55 129628
55 129648
55 129649
55 129665
55 129676
55 129685
55 129722
55 129730
55 129744
55 129750
55 129781
55 129797
55 129911
55 129927
55 129997
55 130177
55 130202
55 130230
55 130248
55 130257
55 130260
55 130291
55 130303
55 130305
55 130315
55 130327
55 130331
55 130333
55 130338
55 130345
55 130370
55 130387
55 130414
55 130421
55 130449
55 130487
55 130510
55 130515
55 130524
55 130528
55 130553
55 130618
55 130632
55 130633
55 130663
55 130675
55 130699
55 130816
55 130877
55 130884
55 130911
55 130913
55 130960
55 131021
55 131040
55 131041
55 131048
55 131061
55 131082
55 131089
55 131125
55 131129
55 131131
55 131149
55 131151
55 131154
55 131201
55 131217
55 131254
55 131271
55 131325
55 131330
55 131339
55 131396
55 131432
55 131452
55 131512
55 131525
55 131541
55 131572
55 131610
55 131618
55 131623
55 131667
55 131742
55 131753
55 131770
55 131776
55 131809
55 131814
55 131860
55 131915
55 131934
55 131935
55 131973
55 131994
55 132011
55 132046
55 132060
55 132074
55 132078
55 132084
55 132093
55 132115
55 132127
55 132163
55 132177
55 132178
55 132182
55 132186
55 132191
55 132208
55 132211
55 132241
55 132262
55 132311
55 132328
55 132360
55 132361
55 132366
55 132402
55 132408
55 132426
55 132463
55 132466
55 132472
55 132483
55 132535
55 132589
55 132619
55 132622
55 132626
55 132627
55 132633
55 132644
55 132655
55 132698
55 132699
55 132708
55 132742
55 132745
55 132790
55 132809
55 132836
55 132846
55 132891
55 132901
55 132905
55 132911
55 132918
55 132937
55 132969
55 132972
55 133028
55 133069
55 133081
55 133099
55 133130
55 133144
55 133164
55 133189
55 133243
55 133266
55 133283
55 133288
55 133323
55 133349
55 133380
55 133395
55 133409
55 133410
55 133454
55 133473
55 133485
55 133495
55 133498
55 133499
55 133515
55 133535
55 133560
55 133598
55 133626
55 133631
55 133649
55 133650
55 133658
55 133682
55 133685
55 133813
55 133820
55 133834
55 133865
55 133866
55 133956
55 134000
55 134043
55 134096
55 134125
55 134164
55 134175
55 134202
55 134218
55 134229
55 134239
55 134248
55 134252
55 134276
55 134301
55 134304
55 134318
55 134320
55 134350
55 134366
55 134377
55 134406
55 134424
55 134468
55 134477
55 134485
55 134500
55 134522
55 134538
55 134584
55 134592
55 134595
55 134609
55 134631
55 134645
55 134661
55 134677
55 134701
55 134746
55 134751
55 134770
55 134783
55 134820
55 134902
55 134920
55 134940
55 134950
55 134951
55 134954
55 134979
55 135041
55 135062
55 135069
55 135073
55 135082
55 135088
55 135107
55 135128
55 135185
55 135188
55 135218
55 135222
55 135229
55 135240
55 135262
55 135276
55 135301
55 135307
55 135312
55 135347
55 135373
55 135400
55 135424
55 135471
55 135541
55 135564
55 135599
55 135626
55 135628
55 135653
55 135669
55 135676
55 135703
55 135707
55 135750
55 135754
55 135787
55 135793
55 135833
55 135847
55 135860
55 135862
55 135872
55 135932
55 135949
55 135962
55 135973
55 136075
55 136078
55 136092
55 136118
55 136132
55 136143
55 136174
55 136181
55 136264
55 136302
55 136304
55 136316
55 136340
55 136353
55 136371
55 136377
55 136465
55 136520
55 136534
55 136560
55 136569
55 136602
55 136611
55 136636
55 136746
55 136751
55 136771
55 136802
55 136816
55 136820
55 136870
55 136926
55 136935
55 136937
55 136942
55 136955
55 136970
55 137028
55 137043
55 137046
55 137071
55 137127
55 137164
55 137166
55 137263
55 137292
55 137296
55 137297
55 137319
55 137353
55 137361
55 137383
55 137440
55 137447
55 137473
55 137485
55 137487
55 137496
55 137524
55 137544
55 137586
55 137727
55 137763
55 137764
55 137832
55 137840
55 137841
55 137842
55 137848
55 137860
55 137906
55 137907
55 137962
55 137974
55 138002
55 138014
55 138076
55 138086
55 138105
55 138148
55 138202
55 138211
55 138215
55 138251
55 138273
55 138313
55 138322
55 138340
55 138345
55 138365
55 138381
55 138419
55 138445
55 138450
55 138503
55 138506
55 138542
55 138550
55 138564
55 138622
55 138625
55 138850
55 138871
55 138904
55 138930
55 138944
55 138954
55 138991
55 139047
55 139090
55 139099
55 139117
55 139128
55 139139
55 139169
55 139173
55 139207
55 139241
55 139261
55 139291
55 139361
55 139399
55 139489
55 139509
55 139539
55 139565
55 139607
55 139608
55 139611
55 139617
55 139632
55 139651
55 139654
55 139722
55 139739
55 139765
55 139791
55 139865
55 139899
55 139934
55 139955
55 139966
55 139970
55 139993
55 140000
55 140020
55 140063
55 140075
55 140077
55 140082
55 140106
55 140145
55 140146
55 140180
55 140228
55 140235
55 140251
55 140338
55 140356
55 140363
55 140372
55 140391
55 140392
55 140393
55 140401
55 140402
55 140438
55 140459
55 140466
55 140495
55 140522
55 140577
55 140607
55 140615
55 140619
55 140634
55 140644
55 140649
55 140704
55 140746
55 140749
55 140753
55 140762
55 140827
55 140853
55 140862
55 140900
55 140908
55 140914
55 140920
55 140924
55 140929
55 140939
55 140947
55 140971
55 140974
55 140977
55 140982
55 140991
55 141020
55 141053
55 141063
55 141116
55 141119
55 141127
55 141146
55 141147
55 141154
55 141165
55 141172
55 141175
55 141196
55 141287
55 141290
55 141293
55 141297
55 141359
55 141380
55 141402
55 141413
55 141449
55 141462
55 141469
55 141478
55 141483
55 141494
55 141504
55 141525
55 141582
55 141605
55 141609
55 141625
55 141628
55 141697
55 141716
55 141780
55 141787
55 141800
55 141803
55 141816
55 141890
55 141977
55 142015
55 142031
55 142056
55 142061
55 142071
55 142078
55 142092
55 142122
55 142141
55 142146
55 142148
55 142171
55 142257
55 142259
55 142303
55 142318
55 142361
55 142362
55 142378
55 142386
55 142419
55 142462
55 142476
55 142493
55 142524
55 142545
55 142554
55 142557
55 142585
55 142599
55 142637
55 142710
55 142759
55 142763
55 142778
55 142854
55 142883
55 142920
55 142952
55 142972
55 143036
55 143117
55 143137
55 143155
55 143175
55 143198
55 143254
55 143257
55 143277
55 143325
55 143341
55 143373
55 143376
55 143377
55 143396
55 143447
55 143449
55 143526
55 143533
55 143570
55 143580
55 143619
55 143623
55 143635
55 143643
55 143663
55 143668
55 143696
55 143704
55 143707
55 143736
55 143753
55 143762
55 143766
55 143777
55 143781
55 143873
55 143954
55 143974
55 143979
55 143983
55 143985
55 144008
55 144039
55 144098
55 144195
55 144200
55 144202
55 144208
55 144210
55 144240
55 144261
55 144285
55 144334
55 144344
55 144356
55 144372
55 144385
55 144403
55 144455
55 144468
55 144529
55 144545
55 144559
55 144614
55 144637
55 144664
55 144674
55 144698
55 144718
55 144745
55 144786
55 144822
55 144849
55 144929
55 144993
55 145001
55 145023
55 145029
55 145040
55 145076
55 145078
55 145106
55 145158
55 145169
55 145227
55 145231
55 145234
55 145245
55 145268
55 145279
55 145284
55 145296
55 145303
55 145306
55 145312
55 145316
55 145354
55 145356
55 145366
55 145367
55 145374
55 145446
55 145483
55 145501
55 145517
55 145542
55 145623
55 145632
55 145633
55 145638
55 145644
55 145646
55 145654
55 145663
55 145666
55 145688
55 145693
55 145699
55 145726
55 145733
55 145738
55 145759
55 145805
55 145829
55 145850
55 145853
55 145874
55 145926
55 145948
55 145980
55 145981
55 146046
55 146048
55 146073
55 146086
55 146127
55 146153
55 146187
55 146257
55 146259
55 146262
55 146294
55 146321
55 146326
55 146330
55 146374
55 146395
55 146396
55 146405
55 146411
55 146436
55 146449
55 146466
55 146482
55 146522
55 146555
55 146575
55 146585
55 146637
55 146647
55 146651
55 146686
55 146690
55 146706
55 146742
55 146801
55 146821
55 146843
55 146862
55 146912
55 146936
55 146944
55 146955
55 146970
55 146988
55 147014
55 147030
55 147031
55 147065
55 147086
55 147131
55 147132
55 147218
55 147264
55 147269
55 147272
55 147278
55 147288
55 147290
55 147311
55 147341
55 147357
55 147377
55 147385
55 147396
55 147400
55 147404
55 147443
55 147468
55 147495
55 147502
55 147513
55 147521
55 147525
55 147536
55 147552
55 147590
55 147595
55 147624
55 147641
55 147645
55 147654
55 147669
55 147671
55 147741
55 147775
55 147808
55 147828
55 147848
55 147853
55 147883
55 147889
55 147891
55 147904
55 147920
55 147926
55 147935
55 147960
55 147972
55 147987
55 147996
55 148024
55 148030
55 148034
55 148035
55 148112
55 148143
55 148172
55 148200
55 148223
55 148238
55 148250
55 148353
55 148379
55 148381
55 148405
55 148526
55 148548
55 148557
55 148603
55 148615
55 148620
55 148630
55 148671
55 148710
55 148733
55 148748
55 148777
55 148799
55 148809
55 148820
55 148835
55 148895
55 148897
55 148912
55 148927
55 148935
55 148936
55 149009
55 149015
55 149062
55 149099
55 149123
55 149141
55 149211
55 149221
55 149234
55 149320
55 149341
55 149416
55 149439
55 149476
55 149524
55 149538
55 149574
55 149646
55 149767
55 149785
55 149791
55 149842
55 149846
55 149849
55 149856
55 149859
55 149862
55 149878
55 149894
55 149904
55 149970
55 149975
55 150041
55 150058
55 150071
49 33
49 44
49 78
49 84
49 92
49 93
49 138
49 139
49 144
49 164
49 304
49 306
49 392
49 472
49 533
49 550
49 569
49 573
49 579
49 585
49 592
49 677
49 735
49 738
49 765
49 773
49 784
49 793
49 805
49 811
49 839
49 882
49 891
49 895
49 915
49 976
49 984
49 988
49 999
49 1030
49 1061
49 1071
49 1089
49 1097
49 1118
49 1121
49 1141
49 1203
49 1213
49 1311
49 1329
49 1364
49 1369
49 1374
49 1384
49 1399
49 1410
49 1458
49 1470
49 1514
49 1516
49 1543
49 1559
49 1561
49 1583
49 1595
49 1602
49 1609
49 1611
49 1612
49 1640
49 1703
49 1719
49 1724
49 1737
49 1753
49 1762
49 1788
49 1798
49 1799
49 1845
49 1920
49 1924
49 1930
49 1942
49 1975
49 1988
49 2040
49 2082
49 2088
49 2148
49 2161
49 2178
49 2195
49 2353
49 2360
49 2368
49 2376
49 2389
49 2412
49 2418
49 2487
49 2588
49 2613
49 2618
49 2648
49 2690
49 2706
49 2709
49 2717
49 2721
49 2723
49 2730
49 2745
49 2748
49 2749
49 2752
49 2798
49 2811
49 2848
49 2856
49 2884
49 2890
49 2923
49 2925
49 2926
49 2934
49 2961
49 2971
49 2980
49 3010
49 3045
49 3054
49 3071
49 3080
49 3081
49 3086
49 3150
49 3176
49 3178
49 3192
49 3231
49 3261
49 3272
49 3306
49 3314
49 3368
49 3379
49 3391
49 3411
49 3413
49 3445
49 3491
49 3507
49 3514
49 3519
49 3634
49 3668
49 3682
49 3705
49 3710
49 3734
49 3757
49 3763
49 3792
49 3809
49 3813
49 3829
49 3853
49 3892
49 3896
49 3936
49 3946
49 4001
49 4027
49 4107
49 4110
49 4113
49 4133
49 4145
49 4166
49 4177
49 4239
49 4267
49 4282
49 4301
49 4342
49 4400
49 4475
49 4490
49 4499
49 4546
49 4576
49 4578
49 4592
49 4608
49 4620
49 4723
49 4732
49 4741
49 4742
49 4748
49 4771
49 4806
49 4850
49 4853
49 4881
49 4882
49 4910
49 5004
49 5027
49 5074
49 5076
49 5131
49 5178
49 5238
49 5241
49 5261
49 5262
49 5275
49 5278
49 5283
49 5300
49 5361
49 5379
49 5385
49 5386
49 5413
49 5417
49 5423
49 5426
49 5429
49 5431
49 5452
49 5488
49 5525
49 5534
49 5539
49 5555
49 5644
49 5656
49 5694
49 5703
49 5726
49 5727
49 5728
49 5744
49 5768
49 5780
49 5823
49 5873
49 5890
49 5925
49 5972
49 5994
49 6025
49 6030
49 6048
49 6076
49 6156
49 6178
49 6200
49 6208
49 6230
49 6238
49 6245
49 6258
49 6273
49 6281
49 6290
49 6307
49 6313
49 6331
49 6335
49 6338
49 6344
49 6348
49 6409
49 6462
49 6471
49 6515
49 6518
49 6530
49 6547
49 6599
49 6626
49 6639
49 6736
49 6752
49 6787
49 6833
49 6902
49 6908
49 6910
49 6916
49 6945
49 6954
49 7040
49 7081
49 7092
49 7115
49 7174
49 7188
49 7209
49 7216
49 7223
49 7265
49 7313
49 7338
49 7348
49 7349
49 7378
49 7393
49 7394
49 7500
49 7521
49 7544
49 7557
49 7562
49 7568
49 7587
49 7590
49 7595
49 7613
49 7673
49 7677
49 7695
49 7717
49 7718
49 7728
49 7730
49 7732
49 7758
49 7774
49 7792
49 7796
49 7809
49 7813
49 7843
49 7848
49 7853
49 7857
49 7865
49 7877
49 7900
49 7926
49 7963
49 7966
49 7970
49 7980
49 8002
49 8014
49 8032
49 8059
49 8064
49 8155
49 8170
49 8197
49 8234
49 8236
49 8247
49 8252
49 8324
49 8330
49 8338
49 8340
49 8374
49 8384
49 8392
49 8393
49 8427
49 8450
49 8461
49 8491
49 8504
49 8517
49 8529
49 8544
49 8586
49 8622
49 8678
49 8693
49 8699
49 8741
49 8753
49 8788
49 8810
49 8823
49 8824
49 8848
49 8882
49 8888
49 8892
49 8925
49 8933
49 8947
49 9001
49 9016
49 9043
49 9050
49 9062
49 9083
49 9093
49 9180
49 9208
49 9235
49 9241
49 9250
49 9260
49 9267
49 9305
49 9337
49 9345
49 9347
49 9369
49 9372
49 9386
49 9393
49 9399
49 9410
49 9419
49 9426
49 9429
49 9513
49 9517
49 9523
49 9545
49 9572
49 9580
49 9592
49 9624
49 9625
49 9627
49 9686
49 9690
49 9692
49 9725
49 9732
49 9733
49 9742
49 9762
49 9795
49 9799
49 9801
49 9810
49 9863
49 9888
49 9898
49 9904
49 9927
49 9999
49 10001
49 10067
49 10104
49 10119
49 10122
49 10125
49 10126
49 10147
49 10154
49 10178
49 10210
49 10225
49 10236
49 10240
49 10298
49 10306
49 10320
49 10322
49 10368
49 10375
49 10394
49 10427
49 10432
49 10433
49 10450
49 10454
49 10467
49 10468
49 10505
49 10512
49 10521
49 10522
49 10530
49 10552
49 10574
49 10577
49 10583
49 10616
49 10638
49 10642
49 10653
49 10680
49 10689
49 10690
49 10696
49 10709
49 10717
49 10753
49 10759
49 10822
49 10831
49 10845
49 10863
49 10886
49 10900
49 10913
49 10947
49 10955
49 10961
49 10984
49 10996
49 10999
49 11021
49 11024
49 11046
49 11054
49 11065
49 11087
49 11090
49 11093
49 11096
49 11122
49 11148
49 11181
49 11190
49 11202
49 11218
49 11221
49 11222
49 11233
49 11239
49 11308
49 11310
49 11311
49 11313
49 11328
49 11336
49 11346
49 11351
49 11397
49 11418
49 11424
49 11475
49 11489
49 11520
49 11546
49 11569
49 11622
49 11641
49 11644
49 11659
49 11661
49 11671
49 11740
49 11771
49 11783
49 11795
49 11809
49 11828
49 11829
49 11834
49 11836
49 11855
49 11871
49 11875
49 11885
49 11894
49 11905
49 11919
49 11951
49 11959
49 11971
49 11973
49 11975
49 12023
49 12038
49 12054
49 12069
49 12100
49 12104
49 12117
49 12149
49 12156
49 12215
49 12220
49 12266
49 12267
49 12268
49 12284
49 12289
49 12356
49 12368
49 12375
49 12402
49 12437
49 12486
49 12502
49 12519
49 12530
49 12531
49 12543
49 12548
49 12611
49 12615
49 12630
49 12647
49 12675
49 12682
49 12689
49 12695
49 12723
49 12752
49 12789
49 12802
49 12822
49 12824
49 12835
49 12862
49 12865
49 12917
49 12923
49 12934
49 12949
49 12951
49 12969
49 12999
49 13000
49 13007
49 13012
49 13022
49 13042
49 13051
49 13055
49 13078
49 13111
49 13153
49 13158
49 13160
49 13173
49 13182
49 13183
49 13191
49 13195
49 13208
49 13241
49 13252
49 13258
49 13279
49 13284
49 13299
49 13335
49 13337
49 13342
49 13362
49 13390
49 13404
49 13423
49 13485
49 13497
49 13506
49 13512
49 13517
49 13521
49 13522
49 13524
49 13539
49 13560
49 13630
49 13633
49 13647
49 13717
49 13719
49 13741
49 13745
49 13750
49 13765
49 13791
49 13821
49 13828
49 13834
49 13845
49 13854
49 13864
49 13970
49 13972
49 14074
49 14129
49 14194
49 14202
49 14273
49 14282
49 14302
49 14337
49 14349
49 14375
49 14403
49 14410
49 14444
49 14472
49 14485
49 14500
49 14527
49 14531
49 14539
49 14546
49 14561
49 14619
49 14626
49 14644
49 14649
49 14652
49 14681
49 14688
49 14721
49 14749
49 14775
49 14786
49 14826
49 14827
49 14857
49 14870
49 14896
49 14922
49 14929
49 14940
49 14946
49 14948
49 14954
49 14974
49 14976
49 14991
49 15015
49 15050
49 15061
49 15099
49 15128
49 15141
49 15161
49 15208
49 15214
49 15216
49 15237
49 15244
49 15260
49 15267
49 15283
49 15317
49 15322
49 15340
49 15341
49 15342
49 15344
49 15411
49 15427
49 15439
49 15462
49 15502
49 15515
49 15528
49 15582
49 15595
49 15602
49 15622
49 15623
49 15657
49 15659
49 15692
49 15703
49 15711
49 15736
49 15738
49 15776
49 15784
49 15818
49 15853
49 15854
49 15980
49 16022
49 16058
49 16067
49 16095
49 16126
49 16158
49 16164
49 16173
49 16217
49 16231
49 16246
49 16248
49 16270
49 16281
49 16286
49 16292
49 16297
49 16300
49 16311
49 16312
49 16332
49 16343
49 16366
49 16405
49 16406
49 16416
49 16420
49 16421
49 16428
49 16444
49 16454
49 16459
49 16464
49 16473
49 16500
49 16507
49 16510
49 16515
49 16517
49 16543
49 16571
49 16578
49 16593
49 16686
49 16716
49 16721
49 16728
49 16786
49 16853
49 16856
49 16882
49 16886
49 16889
49 16940
49 16950
49 16956
49 16964
49 16976
49 17012
49 17027
49 17093
49 17103
49 17118
49 17124
49 17130
49 17131
49 17141
49 17149
49 17189
49 17199
49 17222
49 17248
49 17273
49 17283
49 17292
49 17316
49 17317
49 17333
49 17342
49 17366
49 17384
49 17450
49 17453
49 17481
49 17487
49 17562
49 17632
49 17640
49 17655
49 17695
49 17715
49 17725
49 17732
49 17767
49 17796
49 17806
49 17808
49 17849
49 17852
49 17910
49 17931
49 17935
49 17954
49 17963
49 18023
49 18056
49 18068
49 18086
49 18090
49 18094
49 18102
49 18127
49 18129
49 18141
49 18166
49 18208
49 18260
49 18278
49 18293
49 18300
49 18303
49 18313
49 18330
49 18361
49 18368
49 18372
49 18403
49 18463
49 18464
49 18474
49 18477
49 18480
49 18485
49 18494
49 18505
49 18515
49 18528
49 18540
49 18554
49 18559
49 18563
49 18628
49 18630
49 18642
49 18657
49 18661
49 18702
49 18734
49 18745
49 18780
49 18855
49 18858
49 18879
49 18908
49 18924
49 19008
49 19013
49 19014
49 19017
49 19033
49 19053
49 19092
49 19119
49 19126
49 19145
49 19168
49 19176
49 19182
49 19183
49 19189
49 19197
49 19211
49 19220
49 19222
49 19231
49 19234
49 19264
49 19270
49 19279
49 19299
49 19311
49 19328
49 19363
49 19374
49 19375
49 19382
49 19389
49 19394
49 19447
49 19462
49 19469
49 19493
49 19526
49 19534
49 19587
49 19640
49 19676
49 19685
49 19722
49 19737
49 19741
49 19763
49 19768
49 19773
49 19783
49 19790
49 19796
49 19803
49 19810
49 19837
49 19845
49 19872
49 19916
49 19917
49 19939
49 19974
49 19994
49 20038
49 20045
49 20050
49 20105
49 20126
49 20149
49 20153
49 20187
49 20221
49 20224
49 20259
49 20311
49 20326
49 20333
49 20379
49 20450
49 20457
49 20499
49 20514
49 20625
49 20677
49 20760
49 20774
49 20780
49 20805
49 20807
49 20812
49 20829
49 20837
49 20838
49 20860
49 20862
49 20871
49 20908
49 20929
49 21025
49 21047
49 21051
49 21054
49 21105
49 21121
49 21136
49 21164
49 21201
49 21204
49 21212
49 21256
49 21273
49 21290
49 21326
49 21330
49 21338
49 21358
49 21380
49 21390
49 21410
49 21433
49 21455
49 21465
49 21467
49 21469
49 21496
49 21506
49 21517
49 21524
49 21532
49 21541
49 21558
49 21614
49 21634
49 21640
49 21666
49 21671
49 21690
49 21748
49 21793
49 21854
49 21860
49 21873
49 21896
49 21901
49 21908
49 21909
49 21927
49 21962
49 21986
49 22018
49 22025
49 22082
49 22119
49 22189
49 22196
49 22219
49 22232
49 22238
49 22249
49 22294
49 22295
49 22331
49 22340
49 22350
49 22363
49 22364
49 22401
49 22413
49 22423
49 22452
49 22584
49 22603
49 22608
49 22609
49 22664
49 22674
49 22675
49 22688
49 22700
49 22716
49 22727
49 22740
49 22757
49 22791
49 22876
49 22893
49 22909
49 22919
49 22962
49 22963
49 22973
49 23025
49 23042
49 23093
49 23132
49 23134
49 23142
49 23167
49 23173
49 23192
49 23195
49 23212
49 23286
49 23317
49 23334
49 23357
49 23365
49 23367
49 23376
49 23384
49 23387
49 23388
49 23392
49 23428
49 23430
49 23440
49 23465
49 23475
49 23514
49 23517
49 23541
49 23578
49 23609
49 23720
49 23726
49 23736
49 23753
49 23756
49 23779
49 23800
49 23802
49 23820
49 23859
49 23891
49 23920
49 23931
49 23984
49 23986
49 24019
49 24027
49 24033
49 24045
49 24049
49 24051
49 24110
49 24120
49 24144
49 24165
49 24167
49 24186
49 24287
49 24304
49 24309
49 24315
49 24384
49 24390
49 24402
49 24408
49 24425
49 24470
49 24494
49 24508
49 24511
49 24541
49 24576
49 24602
49 24603
49 24605
49 24611
49 24640
49 24686
49 24699
49 24710
49 24728
49 24761
49 24810
49 24817
49 24865
49 24892
49 24899
49 24919
49 24944
49 24953
49 24961
49 24968
49 24970
49 24986
49 24988
49 25019
49 25029
49 25035
49 25045
49 25055
49 25056
49 25071
49 25106
49 25118
49 25125
49 25137
49 25142
49 25147
49 25183
49 25187
49 25208
49 25219
49 25220
49 25281
49 25283
49 25290
49 25306
49 25313
49 25320
49 25336
49 25368
49 25394
49 25410
49 25447
49 25460
49 25468
49 25469
49 25484
49 25489
49 25541
49 25553
49 25562
49 25591
49 25627
49 25647
49 25666
49 25724
49 25728
49 25801
49 25824
49 25826
49 25867
49 25884
49 25887
49 25888
49 25898
49 25901
49 25910
49 25911
49 25945
49 25988
49 26018
49 26070
49 26072
49 26090
49 26102
49 26153
49 26176
49 26183
49 26188
49 26211
49 26214
49 26215
49 26227
49 26244
49 26248
49 26249
49 26332
49 26361
49 26397
49 26400
49 26405
49 26422
49 26424
49 26456
49 26476
49 26493
49 26505
49 26553
49 26555
49 26568
49 26576
49 26588
49 26595
49 26603
49 26620
49 26622
49 26640
49 26654
49 26655
49 26774
49 26777
49 26861
49 26871
49 26930
49 26936
49 26943
49 26945
49 26949
49 26972
49 27017
49 27018
49 27060
49 27067
49 27097
49 27132
49 27139
49 27141
49 27144
49 27163
49 27186
49 27204
49 27230
49 27231
49 27237
49 27258
49 27264
49 27271
49 27297
49 27362
49 27425
49 27426
49 27429
49 27455
49 27466
49 27500
49 27522
49 27531
49 27559
49 27581
49 27618
49 27633
49 27659
49 27661
49 27669
49 27679
49 27698
49 27706
49 27726
49 27752
49 27757
49 27765
49 27772
49 27792
49 27802
49 27812
49 27837
49 27842
49 27857
49 27881
49 27915
49 27922
49 27998
49 28027
49 28037
49 28042
49 28048
49 28153
49 28160
49 28166
49 28174
49 28178
49 28190
49 28201
49 28208
49 28238
49 28242
49 28258
49 28314
49 28325
49 28342
49 28368
49 28381
49 28397
49 28421
49 28533
49 28539
49 28556
49 28596
49 28615
49 28684
49 28711
49 28720
49 28722
49 28736
49 28756
49 28757
49 28786
49 28839
49 28849
49 28866
49 28906
49 28944
49 28953
49 28967
49 29002
49 29008
49 29031
49 29044
49 29052
49 29074
49 29075
49 29084
49 29097
49 29101
49 29102
49 29118
49 29146
49 29163
49 29170
49 29171
49 29173
49 29175
49 29180
49 29185
49 29233
49 29241
49 29271
49 29293
49 29305
49 29309
49 29329
49 29334
49 29359
49 29395
49 29403
49 29419
49 29422
49 29442
49 29463
49 29464
49 29481
49 29489
49 29504
49 29506
49 29526
49 29555
49 29573
49 29583
49 29612
49 29615
49 29704
49 29705
49 29715
49 29751
49 29765
49 29783
49 29784
49 29844
49 29856
49 29872
49 29880
49 29882
49 29903
49 29926
49 29927
49 29935
49 29940
49 29956
49 29962
49 29984
49 29987
49 30024
49 30029
49 30068
49 30108
49 30109
49 30117
49 30135
49 30145
49 30152
49 30154
49 30157
49 30191
49 30224
49 30230
49 30250
49 30288
49 30291
49 30307
49 30316
49 30329
49 30393
49 30394
49 30400
49 30408
49 30442
49 30459
49 30466
49 30468
49 30489
49 30521
49 30523
49 30535
49 30540
49 30559
49 30580
49 30598
49 30614
49 30636
49 30662
49 30691
49 30742
49 30754
49 30797
49 30799
49 30822
49 30830
49 30832
49 30862
49 30892
49 30899
49 30911
49 30932
49 30933
49 30936
49 30968
49 30994
49 31005
49 31007
49 31031
49 31037
49 31045
49 31086
49 31090
49 31095
49 31106
49 31115
49 31122
49 31134
49 31154
49 31157
49 31205
49 31249
49 31333
49 31335
49 31348
49 31352
49 31354
49 31363
49 31396
49 31404
49 31457
49 31466
49 31468
49 31485
49 31521
49 31524
49 31529
49 31544
49 31576
49 31605
49 31608
49 31634
49 31654
49 31695
49 31711
49 31775
49 31787
49 31788
49 31856
49 31864
49 31874
49 31887
49 31897
49 31922
49 31975
49 32012
49 32046
49 32118
49 32168
49 32179
49 32180
49 32186
49 32210
49 32233
49 32246
49 32311
49 32327
49 32345
49 32350
49 32397
49 32406
49 32427
49 32437
49 32461
49 32484
49 32487
49 32538
49 32568
49 32576
49 32581
49 32617
49 32680
49 32687
49 32714
49 32755
49 32769
49 32814
49 32833
49 32840
49 32922
49 32927
49 32974
49 32979
49 33003
49 33106
49 33120
49 33123
49 33125
49 33126
49 33140
49 33142
49 33145
49 33186
49 33190
49 33203
49 33215
49 33246
49 33259
49 33262
49 33266
49 33267
49 33273
49 33300
49 33344
49 33347
49 33381
49 33389
49 33391
49 33406
49 33454
49 33462
49 33472
49 33480
49 33492
49 33531
49 33537
49 33546
49 33606
49 33607
49 33616
49 33639
49 33659
49 33664
49 33687
49 33722
49 33725
49 33789
49 33823
49 33824
49 33837
49 33838
49 33839
49 33840
49 33851
49 33878
49 33902
49 33925
49 33951
49 33960
49 34007
49 34010
49 34060
49 34070
49 34072
49 34093
49 34112
49 34141
49 34145
49 34156
49 34164
49 34172
49 34184
49 34212
49 34217
49 34220
49 34221
49 34235
49 34254
49 34274
49 34280
49 34297
49 34311
49 34313
49 34361
49 34471
49 34484
49 34504
49 34513
49 34605
49 34618
49 34639
49 34731
49 34740
49 34747
49 34805
49 34835
49 34839
49 34846
49 34895
49 34981
49 34991
49 34996
49 34999
49 35021
49 35032
49 35078
49 35087
49 35108
49 35134
49 35149
49 35158
49 35166
49 35203
49 35204
49 35205
49 35244
49 35283
49 35338
49 35363
49 35366
49 35377
49 35444
49 35452
49 35529
49 35535
49 35578
49 35583
49 35693
49 35707
49 35717
49 35726
49 35729
49 35734
49 35735
49 35743
49 35746
49 35775
49 35788
49 35790
49 35833
49 35864
49 35887
49 35926
49 35956
49 35957
49 35965
49 36000
49 36017
49 36058
49 36100
49 36107
49 36108
49 36143
49 36181
49 36197
49 36210
49 36229
49 36244
49 36280
49 36311
49 36317
49 36359
49 36362
49 36379
49 36408
49 36416
49 36424
49 36444
49 36479
49 36510
49 36541
49 36546
49 36553
49 36603
49 36621
49 36623
49 36658
49 36692
49 36693
49 36694
49 36700
49 36713
49 36738
49 36767
49 36819
49 36844
49 36852
49 36880
49 36927
49 36928
49 36972
49 36974
49 37061
49 37075
49 37097
49 37131
49 37139
49 37163
49 37181
49 37195
49 37241
49 37266
49 37276
49 37281
49 37283
49 37293
49 37301
49 37309
49 37332
49 37353
49 37355
49 37359
49 37383
49 37411
49 37428
49 37463
49 37496
49 37524
49 37532
49 37541
49 37549
49 37579
49 37600
49 37606
49 37612
49 37621
49 37639
49 37642
49 37655
49 37690
49 37700
49 37701
49 37730
49 37752
49 37820
49 37843
49 37852
49 37858
49 37921
49 37929
49 37956
49 38007
49 38016
49 38018
49 38045
49 38052
49 38078
49 38083
49 38112
49 38127
49 38179
49 38197
49 38219
49 38224
49 38241
49 38276
49 38290
49 38297
49 38303
49 38304
49 38308
49 38310
49 38336
49 38352
49 38366
49 38379
49 38382
49 38395
49 38402
49 38424
49 38430
49 38437
49 38446
49 38450
49 38467
49 38497
49 38506
49 38512
49 38532
49 38563
49 38588
49 38612
49 38624
49 38647
49 38653
49 38706
49 38823
49 38826
49 38837
49 38876
49 38882
49 38907
49 38909
49 38913
49 38926
49 38958
49 38979
49 38982
49 39003
49 39045
49 39068
49 39076
49 39087
49 39097
49 39121
49 39125
49 39126
49 39127
49 39159
49 39173
49 39221
49 39234
49 39247
49 39262
49 39264
49 39265
49 39270
49 39276
49 39296
49 39317
49 39332
49 39350
49 39421
49 39430
49 39447
49 39451
49 39463
49 39508
49 39517
49 39524
49 39570
49 39593
49 39611
49 39628
49 39630
49 39644
49 39679
49 39693
49 39694
49 39704
49 39728
49 39729
49 39786
49 39802
49 39833
49 39851
49 39855
49 39875
49 39893
49 39938
49 39939
49 39951
49 39954
49 39965
49 40014
49 40025
49 40038
49 40053
49 40076
49 40164
49 40168
49 40185
49 40189
49 40192
49 40207
49 40217
49 40218
49 40225
49 40226
49 40244
49 40254
49 40256
49 40270
49 40284
49 40307
49 40330
49 40356
49 40357
49 40360
49 40365
49 40373
49 40433
49 40464
49 40471
49 40497
49 40513
49 40565
49 40587
49 40606
49 40608
49 40644
49 40652
49 40677
49 40700
49 40727
49 40736
49 40785
49 40786
49 40798
49 40801
49 40819
49 40837
49 40846
49 40906
49 40917
49 40920
49 40922
49 40940
49 40966
49 40973
49 40975
49 40989
49 40992
49 41048
49 41055
49 41086
49 41103
49 41117
49 41126
49 41143
49 41173
49 41174
49 41178
49 41232
49 41256
49 41263
49 41273
49 41282
49 41289
49 41296
49 41303
49 41305
49 41316
49 41322
49 41329
49 41350
49 41368
49 41369
49 41424
49 41434
49 41437
49 41445
49 41447
49 41468
49 41526
49 41532
49 41549
49 41563
49 41574
49 41592
49 41597
49 41653
49 41713
49 41752
49 41753
49 41754
49 41805
49 41838
49 41855
49 41870
49 41882
49 41911
49 41919
49 41928
49 41958
49 41972
49 41974
49 42020
49 42087
49 42136
49 42145
49 42152
49 42168
49 42173
49 42210
49 42221
49 42246
49 42310
49 42329
49 42332
49 42341
49 42350
49 42365
49 42395
49 42400
49 42407
49 42413
49 42429
49 42435
49 42457
49 42459
49 42462
49 42468
49 42487
49 42497
49 42510
49 42537
49 42604
49 42617
49 42619
49 42635
49 42639
49 42656
49 42682
49 42684
49 42697
49 42726
49 42732
49 42815
49 42823
49 42830
49 42833
49 42844
49 42851
49 42882
49 42887
49 42913
49 42936
49 42946
49 42969
49 42977
49 42987
49 42996
49 43022
49 43024
49 43027
49 43059
49 43100
49 43129
49 43140
49 43175
49 43229
49 43230
49 43237
49 43299
49 43320
49 43332
49 43340
49 43367
49 43424
49 43431
49 43434
49 43436
49 43447
49 43497
49 43527
49 43539
49 43561
49 43581
49 43622
49 43648
49 43689
49 43692
49 43728
49 43742
49 43781
49 43822
49 43826
49 43863
49 43904
49 43917
49 43934
49 44012
49 44027
49 44033
49 44043
49 44051
49 44067
49 44120
49 44131
49 44165
49 44191
49 44199
49 44206
49 44213
49 44214
49 44246
49 44303
49 44309
49 44323
49 44340
49 44344
49 44361
49 44372
49 44428
49 44433
49 44449
49 44490
49 44518
49 44534
49 44571
49 44584
49 44591
49 44604
49 44660
49 44662
49 44664
49 44670
49 44718
49 44734
49 44743
49 44756
49 44781
49 44799
49 44838
49 44861
49 44877
49 44950
49 44976
49 44980
49 44989
49 45018
49 45021
49 45048
49 45061
49 45062
49 45088
49 45092
49 45148
49 45149
49 45186
49 45188
49 45212
49 45216
49 45258
49 45275
49 45291
49 45338
49 45340
49 45350
49 45360
49 45366
49 45393
49 45447
49 45451
49 45460
49 45484
49 45508
49 45521
49 45563
49 45597
49 45610
49 45657
49 45669
49 45677
49 45704
49 45706
49 45713
49 45752
49 45779
49 45789
49 45793
49 45819
49 45836
49 45860
49 45897
49 45931
49 45933
49 45937
49 45975
49 46051
49 46061
49 46184
49 46196
49 46226
49 46235
49 46260
49 46320
49 46325
49 46351
49 46352
49 46353
49 46362
49 46394
49 46417
49 46447
49 46455
49 46526
49 46543
49 46559
49 46565
49 46567
49 46575
49 46579
49 46591
49 46618
49 46626
49 46705
49 46707
49 46708
49 46754
49 46769
49 46818
49 46857
49 46900
49 46908
49 46912
49 46918
49 46933
49 46984
49 47028
49 47045
49 47065
49 47075
49 47076
49 47085
49 47107
49 47113
49 47116
49 47152
49 47208
49 47262
49 47299
49 47300
49 47301
49 47337
49 47351
49 47358
49 47360
49 47365
49 47373
49 47376
49 47405
49 47408
49 47417
49 47465
49 47510
49 47512
49 47519
49 47526
49 47527
49 47561
49 47623
49 47668
49 47676
49 47680
49 47690
49 47697
49 47701
49 47702
49 47730
49 47750
49 47761
49 47768
49 47769
49 47808
49 47835
49 47921
49 47937
49 47942
49 47971
49 47974
49 48027
49 48034
49 48060
49 48152
49 48213
49 48252
49 48257
49 48282
49 48314
49 48321
49 48343
49 48380
49 48383
49 48388
49 48402
49 48423
49 48427
49 48439
49 48454
49 48477
49 48499
49 48519
49 48533
49 48556
49 48560
49 48579
49 48601
49 48655
49 48729
49 48738
49 48757
49 48786
49 48798
49 48814
49 48823
49 48847
49 48866
49 48877
49 48883
49 48898
49 48899
49 48947
49 48963
49 48976
49 48994
49 49037
49 49045
49 49097
49 49130
49 49232
49 49274
49 49275
49 49278
49 49295
49 49318
49 49323
49 49327
49 49337
49 49371
49 49383
49 49389
49 49410
49 49416
49 49459
49 49467
49 49468
49 49509
49 49511
49 49551
49 49564
49 49572
49 49638
49 49648
49 49650
49 49652
49 49676
49 49706
49 49711
49 49722
49 49729
49 49730
49 49739
49 49741
49 49759
49 49777
49 49808
49 49827
49 49832
49 49846
49 49862
49 49873
49 49879
49 49894
49 49916
49 49927
49 49985
49 49989
49 50012
49 50039
49 50043
49 50104
49 50122
49 50142
49 50150
49 50180
49 50232
49 50241
49 50282
49 50335
49 50356
49 50380
49 50410
49 50417
49 50431
49 50436
49 50451
49 50483
49 50502
49 50527
49 50531
49 50532
49 50557
49 50563
49 50578
49 50647
49 50651
49 50655
49 50666
49 50740
49 50751
49 50764
49 50766
49 50781
49 50785
49 50787
49 50789
49 50798
49 50816
49 50833
49 50844
49 50888
49 50929
49 50931
49 50959
49 50963
49 50988
49 50994
49 50997
49 51036
49 51038
49 51042
49 51055
49 51107
49 51114
49 51168
49 51216
49 51256
49 51287
49 51289
49 51309
49 51311
49 51327
49 51328
49 51343
49 51354
49 51357
49 51363
49 51374
49 51390
49 51439
49 51443
49 51450
49 51461
49 51483
49 51484
49 51517
49 51521
49 51528
49 51564
49 51613
49 51629
49 51648
49 51651
49 51726
49 51760
49 51782
49 51790
49 51816
49 51845
49 51850
49 51887
49 51951
49 51974
49 52004
49 52035
49 52061
49 52096
49 52105
49 52126
49 52159
49 52166
49 52201
49 52224
49 52250
49 52280
49 52296
49 52313
49 52315
49 52342
49 52346
49 52365
49 52434
49 52501
49 52537
49 52575
49 52587
49 52611
49 52631
49 52663
49 52667
49 52668
49 52678
49 52808
49 52809
49 52830
49 52863
49 52865
49 52878
49 52880
49 52881
49 52934
49 52938
49 52945
49 52954
49 52958
49 52963
49 52982
49 53017
49 53039
49 53044
49 53047
49 53051
49 53090
49 53108
49 53132
49 53144
49 53197
49 53268
49 53311
49 53315
49 53318
49 53321
49 53324
49 53341
49 53365
49 53379
49 53432
49 53433
49 53448
49 53453
49 53455
49 53503
49 53557
49 53558
49 53559
49 53572
49 53594
49 53597
49 53602
49 53645
49 53660
49 53677
49 53687
49 53696
49 53714
49 53778
49 53817
49 53830
49 53847
49 53861
49 53946
49 53958
49 53976
49 54008
49 54017
49 54022
49 54033
49 54048
49 54067
49 54112
49 54118
49 54173
49 54186
49 54231
49 54232
49 54255
49 54286
49 54291
49 54307
49 54318
49 54351
49 54377
49 54378
49 54417
49 54419
49 54428
49 54429
49 54435
49 54447
49 54457
49 54472
49 54487
49 54491
49 54509
49 54546
49 54550
49 54554
49 54559
49 54597
49 54614
49 54639
49 54688
49 54690
49 54697
49 54700
49 54727
49 54730
49 54759
49 54792
49 54809
49 54826
49 54871
49 54872
49 54886
49 54923
49 54992
49 55022
49 55140
49 55157
49 55212
49 55230
49 55233
49 55241
49 55244
49 55272
49 55274
49 55310
49 55312
49 55313
49 55360
49 55362
49 55395
49 55401
49 55408
49 55410
49 55422
49 55478
49 55486
49 55491
49 55497
49 55500
49 55525
49 55526
49 55544
49 55547
49 55559
49 55560
49 55622
49 55623
49 55658
49 55667
49 55673
49 55702
49 55720
49 55773
49 55802
49 55811
49 55854
49 55873
49 55887
49 55893
49 55959
49 55968
49 55970
49 56006
49 56012
49 56054
49 56083
49 56109
49 56121
49 56156
49 56161
49 56193
49 56231
49 56255
49 56269
49 56274
49 56316
49 56344
49 56351
49 56402
49 56425
49 56462
49 56479
49 56494
49 56555
49 56561
49 56587
49 56598
49 56600
49 56605
49 56677
49 56683
49 56739
49 56797
49 56819
49 56824
49 56834
49 56852
49 56858
49 56871
49 56890
49 56893
49 56909
49 56915
49 56938
49 56986
49 57019
49 57021
49 57028
49 57096
49 57116
49 57123
49 57140
49 57152
49 57161
49 57172
49 57202
49 57249
49 57278
49 57293
49 57306
49 57314
49 57315
49 57319
49 57324
49 57335
49 57370
49 57383
49 57395
49 57401
49 57517
49 57548
49 57551
49 57557
49 57573
49 57583
49 57584
49 57621
49 57682
49 57692
49 57720
49 57721
49 57725
49 57747
49 57810
49 57819
49 57835
49 57849
49 57858
49 57863
49 57868
49 57882
49 57901
49 57913
49 57940
49 57986
49 58002
49 58015
49 58040
49 58042
49 58048
49 58051
49 58054
49 58055
49 58142
49 58161
49 58168
49 58177
49 58195
49 58203
49 58267
49 58283
49 58296
49 58306
49 58342
49 58363
49 58371
49 58375
49 58393
49 58397
49 58402
49 58405
49 58410
49 58413
49 58414
49 58424
49 58428
49 58473
49 58507
49 58515
49 58538
49 58586
49 58610
49 58618
49 58655
49 58657
49 58664
49 58676
49 58723
49 58739
49 58746
49 58751
49 58770
49 58784
49 58788
49 58816
49 58837
49 58886
49 58905
49 58953
49 58954
49 58979
49 58990
49 59025
49 59026
49 59034
49 59043
49 59058
49 59081
49 59100
49 59104
49 59105
49 59123
49 59174
49 59176
49 59226
49 59241
49 59265
49 59266
49 59310
49 59321
49 59354
49 59402
49 59409
49 59451
49 59452
49 59478
49 59492
49 59502
49 59505
49 59521
49 59551
49 59560
49 59563
49 59652
49 59657
49 59671
49 59691
49 59694
49 59716
49 59758
49 59761
49 59763
49 59771
49 59783
49 59795
49 59807
49 59843
49 59919
49 60004
49 60005
49 60016
49 60024
49 60035
49 60089
49 60097
49 60103
49 60108
49 60112
49 60125
49 60129
49 60135
49 60158
49 60172
49 60187
49 60197
49 60231
49 60271
49 60354
49 60410
49 60413
49 60417
49 60471
49 60480
49 60493
49 60573
49 60575
49 60617
49 60633
49 60711
49 60716
49 60801
49 60823
49 60858
49 60866
49 60889
49 60899
49 60903
49 60914
49 60933
49 60935
49 60936
49 60938
49 60955
49 60959
49 60978
49 61010
49 61014
49 61020
49 61033
49 61067
49 61071
49 61079
49 61094
49 61139
49 61156
49 61162
49 61174
49 61184
49 61194
49 61222
49 61228
49 61252
49 61265
49 61270
49 61293
49 61317
49 61333
49 61335
49 61348
49 61379
49 61393
49 61400
49 61411
49 61433
49 61445
49 61518
49 61525
49 61545
49 61603
49 61624
49 61633
49 61641
49 61663
49 61677
49 61727
49 61773
49 61795
49 61807
49 61808
49 61822
49 61825
49 61841
49 61842
49 61846
49 61848
49 61851
49 61875
49 61949
49 61961
49 61963
49 62023
49 62026
49 62053
49 62075
49 62108
49 62122
49 62179
49 62213
49 62215
49 62242
49 62245
49 62258
49 62267
49 62273
49 62300
49 62312
49 62333
49 62339
49 62345
49 62347
49 62369
49 62375
49 62397
49 62409
49 62410
49 62430
49 62437
49 62451
49 62452
49 62460
49 62484
49 62516
49 62539
49 62557
49 62558
49 62564
49 62578
49 62585
49 62592
49 62613
49 62654
49 62663
49 62711
49 62712
49 62715
49 62750
49 62776
49 62778
49 62780
49 62865
49 62877
49 62882
49 62890
49 62908
49 62919
49 62947
49 62950
49 62957
49 62968
49 63000
49 63010
49 63070
49 63072
49 63077
49 63082
49 63085
49 63087
49 63125
49 63147
49 63161
49 63194
49 63206
49 63279
49 63292
49 63302
49 63308
49 63325
49 63350
49 63402
49 63403
49 63422
49 63437
49 63455
49 63472
49 63495
49 63506
49 63514
49 63533
49 63586
49 63616
49 63627
49 63712
49 63750
49 63798
49 63830
49 63838
49 63855
49 63858
49 63873
49 63884
49 63915
49 63918
49 63923
49 63952
49 63972
49 63974
49 63984
49 63999
49 64026
49 64048
49 64058
49 64069
49 64071
49 64109
49 64115
49 64119
49 64126
49 64133
49 64156
49 64159
49 64163
49 64173
49 64184
49 64203
49 64228
49 64255
49 64258
49 64302
49 64350
49 64366
49 64383
49 64417
49 64418
49 64434
49 64437
49 64488
49 64535
49 64550
49 64575
49 64602
49 64616
49 64653
49 64660
49 64667
49 64676
49 64679
49 64708
49 64723
49 64734
49 64743
49 64754
49 64806
49 64807
49 64814
49 64820
49 64821
49 64822
49 64905
49 64964
49 64971
49 64974
49 65034
49 65054
49 65057
49 65091
49 65140
49 65148
49 65162
49 65164
49 65173
49 65194
49 65196
49 65200
49 65207
49 65211
49 65229
49 65232
49 65233
49 65307
49 65332
49 65336
49 65414
49 65422
49 65445
49 65452
49 65516
49 65527
49 65544
49 65569
49 65571
49 65579
49 65590
49 65598
49 65615
49 65616
49 65623
49 65659
49 65680
49 65742
49 65753
49 65756
49 65765
49 65812
49 65838
49 65855
49 65951
49 65959
49 65981
49 66033
49 66056
49 66066
49 66069
49 66077
49 66085
49 66092
49 66126
49 66130
49 66174
49 66267
49 66279
49 66304
49 66314
49 66336
49 66349
49 66350
49 66392
49 66394
49 66449
49 66486
49 66537
49 66539
49 66578
49 66583
49 66589
49 66591
49 66594
49 66649
49 66654
49 66735
49 66741
49 66761
49 66770
49 66788
49 66820
49 66836
49 66839
49 66867
49 66870
49 66954
49 67006
49 67015
49 67034
49 67043
49 67064
49 67079
49 67109
49 67133
49 67151
49 67158
49 67167
49 67196
49 67204
49 67207
49 67208
49 67236
49 67247
49 67248
49 67261
49 67296
49 67324
49 67327
49 67331
49 67333
49 67335
49 67339
49 67357
49 67364
49 67371
49 67395
49 67440
49 67445
49 67461
49 67528
49 67573
49 67578
49 67617
49 67622
49 67635
49 67648
49 67652
49 67676
49 67681
49 67687
49 67701
49 67706
49 67740
49 67759
49 67777
49 67801
49 67824
49 67833
49 67864
49 67872
49 67887
49 67938
49 67957
49 67967
49 67980
49 68010
49 68012
49 68053
49 68057
49 68093
49 68134
49 68150
49 68164
49 68173
49 68186
49 68198
49 68222
49 68241
49 68251
49 68289
49 68321
49 68337
49 68365
49 68389
49 68458
49 68486
49 68514
49 68534
49 68544
49 68588
49 68596
49 68646
49 68661
49 68758
49 68770
49 68793
49 68865
49 68879
49 68903
49 68931
49 68962
49 68974
49 68979
49 68988
49 69010
49 69011
49 69020
49 69059
49 69077
49 69079
49 69091
49 69103
49 69114
49 69129
49 69145
49 69148
49 69153
49 69189
49 69278
49 69289
49 69323
49 69341
49 69384
49 69386
49 69393
49 69402
49 69500
49 69502
49 69556
49 69561
49 69565
49 69576
49 69587
49 69615
49 69631
49 69668
49 69708
49 69740
49 69765
49 69786
49 69788
49 69820
49 69839
49 69847
49 69875
49 69943
49 69994
49 70026
49 70053
49 70079
49 70096
49 70103
49 70134
49 70142
49 70143
49 70147
49 70245
49 70256
49 70261
49 70285
49 70298
49 70320
49 70337
49 70340
49 70366
49 70392
49 70422
49 70428
49 70478
49 70480
49 70534
49 70539
49 70635
49 70637
49 70659
49 70679
49 70694
49 70755
49 70783
49 70835
49 70838
49 70841
49 70847
49 70874
49 70886
49 70946
49 70960
49 70975
49 70998
49 71021
49 71022
49 71032
49 71076
49 71079
49 71127
49 71141
49 71168
49 71169
49 71179
49 71199
49 71204
49 71224
49 71231
49 71234
49 71281
49 71290
49 71302
49 71328
49 71389
49 71402
49 71413
49 71432
49 71444
49 71446
49 71449
49 71492
49 71506
49 71520
49 71559
49 71575
49 71577
49 71586
49 71605
49 71648
49 71666
49 71696
49 71712
49 71762
49 71772
49 71779
49 71796
49 71805
49 71819
49 71825
49 71849
49 71873
49 71884
49 71901
49 71965
49 71968
49 71972
49 72009
49 72030
49 72109
49 72143
49 72153
49 72169
49 72171
49 72232
49 72246
49 72385
49 72393
49 72439
49 72442
49 72484
49 72493
49 72499
49 72533
49 72539
49 72549
49 72550
49 72589
49 72639
49 72647
49 72663
49 72723
49 72743
49 72744
49 72756
49 72770
49 72816
49 72853
49 72869
49 72877
49 72889
49 72912
49 72915
49 72962
49 72984
49 72993
49 72997
49 73002
49 73006
49 73090
49 73097
49 73102
49 73126
49 73139
49 73167
49 73191
49 73198
49 73242
49 73246
49 73267
49 73272
49 73287
49 73298
49 73304
49 73339
49 73352
49 73357
49 73379
49 73453
49 73480
49 73559
49 73560
49 73569
49 73600
49 73641
49 73650
49 73659
49 73699
49 73757
49 73769
49 73791
49 73799
49 73815
49 73823
49 73851
49 73862
49 73884
49 73925
49 73945
49 73957
49 73977
49 73986
49 73992
49 74059
49 74061
49 74083
49 74096
49 74135
49 74139
49 74147
49 74183
49 74210
49 74211
49 74235
49 74247
49 74252
49 74270
49 74281
49 74289
49 74302
49 74306
49 74343
49 74353
49 74383
49 74386
49 74442
49 74456
49 74459
49 74475
49 74489
49 74529
49 74544
49 74579
49 74584
49 74608
49 74622
49 74670
49 74766
49 74809
49 74817
49 74824
49 74827
49 74836
49 74858
49 74876
49 74891
49 74903
49 74904
49 74905
49 74911
49 74913
49 74927
49 74956
49 74967
49 74977
49 74996
49 75025
49 75053
49 75074
49 75088
49 75091
49 75094
49 75111
49 75128
49 75135
49 75168
49 75180
49 75194
49 75211
49 75222
49 75228
49 75291
49 75301
49 75305
49 75307
49 75311
49 75348
49 75350
49 75352
49 75369
49 75381
49 75389
49 75422
49 75428
49 75434
49 75444
49 75447
49 75456
49 75505
49 75511
49 75524
49 75530
49 75532
49 75548
49 75571
49 75583
49 75631
49 75637
49 75653
49 75664
49 75666
49 75695
49 75708
49 75717
49 75751
49 75760
49 75779
49 75814
49 75897
49 75930
49 75945
49 75962
49 75977
49 75991
49 76004
49 76035
49 76053
49 76100
49 76107
49 76108
49 76123
49 76145
49 76147
49 76148
49 76160
49 76190
49 76228
49 76229
49 76307
49 76323
49 76348
49 76365
49 76404
49 76422
49 76452
49 76468
49 76496
49 76558
49 76584
49 76591
49 76615
49 76645
49 76647
49 76659
49 76671
49 76715
49 76716
49 76718
49 76749
49 76773
49 76777
49 76783
49 76789
49 76809
49 76814
49 76818
49 76883
49 76904
49 77034
49 77054
49 77058
49 77083
49 77095
49 77138
49 77149
49 77153
49 77181
49 77218
49 77224
49 77254
49 77307
49 77312
49 77315
49 77325
49 77327
49 77451
49 77465
49 77545
49 77548
49 77590
49 77619
49 77660
49 77668
49 77671
49 77686
49 77689
49 77708
49 77723
49 77730
49 77737
49 77741
49 77745
49 77814
49 77833
49 77848
49 77850
49 77864
49 77870
49 77881
49 77893
49 78021
49 78033
49 78039
49 78070
49 78108
49 78142
49 78147
49 78177
49 78180
49 78224
49 78228
49 78238
49 78246
49 78253
49 78270
49 78334
49 78425
49 78447
49 78470
49 78483
49 78506
49 78521
49 78542
49 78556
49 78564
49 78570
49 78622
49 78658
49 78678
49 78685
49 78717
49 78738
49 78774
49 78812
49 78847
49 78882
49 78934
49 78948
49 78952
49 78974
49 78994
49 79086
49 79135
49 79237
49 79252
49 79346
49 79382
49 79392
49 79393
49 79467
49 79508
49 79523
49 79524
49 79565
49 79666
49 79672
49 79688
49 79704
49 79740
49 79777
49 79779
49 79789
49 79796
49 79806
49 79818
49 79836
49 79852
49 79870
49 79920
49 79928
49 80019
49 80020
49 80040
49 80043
49 80116
49 80156
49 80171
49 80234
49 80243
49 80264
49 80271
49 80276
49 80313
49 80337
49 80380
49 80409
49 80461
49 80466
49 80467
49 80469
49 80506
49 80546
49 80552
49 80570
49 80586
49 80624
49 80632
49 80642
49 80657
49 80669
49 80687
49 80707
49 80722
49 80729
49 80742
49 80751
49 80756
49 80770
49 80773
49 80779
49 80846
49 80874
49 80890
49 80893
49 80897
49 80907
49 80936
49 80958
49 80959
49 80972
49 81000
49 81020
49 81060
49 81078
49 81080
49 81116
49 81122
49 81139
49 81215
49 81228
49 81268
49 81282
49 81292
49 81296
49 81323
49 81327
49 81356
49 81384
49 81399
49 81417
49 81419
49 81425
49 81469
49 81561
49 81570
49 81611
49 81623
49 81632
49 81664
49 81731
49 81733
49 81745
49 81758
49 81778
49 81795
49 81811
49 81869
49 81879
49 81882
49 81893
49 81921
49 81981
49 82047
49 82065
49 82079
49 82100
49 82131
49 82157
49 82169
49 82175
49 82221
49 82243
49 82262
49 82264
49 82276
49 82304
49 82365
49 82385
49 82403
49 82447
49 82449
49 82457
49 82473
49 82528
49 82543
49 82598
49 82618
49 82622
49 82646
49 82694
49 82730
49 82745
49 82746
49 82758
49 82761
49 82796
49 82823
49 82862
49 82863
49 82878
49 82903
49 82920
49 82975
49 82976
49 83010
49 83039
49 83075
49 83097
49 83103
49 83125
49 83147
49 83152
49 83158
49 83228
49 83257
49 83299
49 83301
49 83302
49 83304
49 83359
49 83368
49 83375
49 83390
49 83394
49 83405
49 83407
49 83415
49 83447
49 83478
49 83480
49 83488
49 83522
49 83524
49 83530
49 83533
49 83534
49 83593
49 83602
49 83606
49 83626
49 83634
49 83654
49 83660
49 83687
49 83704
49 83714
49 83736
49 83754
49 83759
49 83760
49 83769
49 83795
49 83808
49 83831
49 83834
49 84000
49 84052
49 84072
49 84082
49 84088
49 84103
49 84130
49 84140
49 84159
49 84177
49 84181
49 84197
49 84200
49 84221
49 84288
49 84304
49 84344
49 84375
49 84384
49 84443
49 84445
49 84447
49 84505
49 84511
49 84520
49 84533
49 84548
49 84568
49 84606
49 84622
49 84656
49 84663
49 84704
49 84708
49 84723
49 84736
49 84739
49 84810
49 84814
49 84822
49 84870
49 84875
49 84887
49 84915
49 84920
49 84921
49 84923
49 84956
49 84983
49 84997
49 85007
49 85009
49 85024
49 85037
49 85081
49 85095
49 85102
49 85127
49 85159
49 85175
49 85178
49 85260
49 85296
49 85311
49 85321
49 85328
49 85347
49 85367
49 85370
49 85377
49 85386
49 85387
49 85411
49 85432
49 85454
49 85466
49 85507
49 85540
49 85571
49 85582
49 85596
49 85626
49 85692
49 85749
49 85755
49 85761
49 85765
49 85826
49 85886
49 85888
49 85909
49 85912
49 85948
49 85974
49 86020
49 86059
49 86062
49 86077
49 86083
49 86088
49 86090
49 86104
49 86120
49 86131
49 86171
49 86227
49 86230
49 86258
49 86299
49 86309
49 86322
49 86341
49 86350
49 86367
49 86372
49 86378
49 86396
49 86400
49 86406
49 86453
49 86460
49 86509
49 86524
49 86545
49 86580
49 86637
49 86645
49 86647
49 86690
49 86714
49 86717
49 86733
49 86750
49 86752
49 86770
49 86794
49 86801
49 86875
49 86898
49 86907
49 86921
49 86940
49 86974
49 87021
49 87036
49 87044
49 87062
49 87098
49 87105
49 87107
49 87139
49 87163
49 87176
49 87180
49 87185
49 87203
49 87256
49 87273
49 87293
49 87294
49 87330
49 87344
49 87350
49 87356
49 87396
49 87398
49 87417
49 87429
49 87448
49 87458
49 87466
49 87492
49 87528
49 87553
49 87557
49 87575
49 87579
49 87608
49 87616
49 87686
49 87699
49 87712
49 87735
49 87760
49 87779
49 87804
49 87806
49 87812
49 87916
49 87954
49 87967
49 87990
49 88025
49 88044
49 88061
49 88066
49 88072
49 88193
49 88231
49 88249
49 88253
49 88254
49 88271
49 88310
49 88321
49 88359
49 88377
49 88387
49 88401
49 88417
49 88424
49 88446
49 88469
49 88481
49 88531
49 88557
49 88564
49 88581
49 88583
49 88688
49 88710
49 88782
49 88830
49 88878
49 88887
49 88894
49 88897
49 88907
49 88910
49 88923
49 88928
49 88940
49 88955
49 89044
49 89065
49 89066
49 89068
49 89070
49 89109
49 89128
49 89203
49 89231
49 89232
49 89262
49 89295
49 89319
49 89320
49 89326
49 89414
49 89465
49 89472
49 89526
49 89569
49 89573
49 89599
49 89654
49 89681
49 89687
49 89689
49 89700
49 89715
49 89734
49 89752
49 89771
49 89798
49 89811
49 89819
49 89897
49 89910
49 89929
49 89945
49 89958
49 89971
49 89986
49 90008
49 90034
49 90043
49 90059
49 90087
49 90109
49 90151
49 90169
49 90176
49 90205
49 90217
49 90240
49 90249
49 90258
49 90275
49 90299
49 90303
49 90305
49 90323
49 90324
49 90361
49 90371
49 90404
49 90420
49 90422
49 90428
49 90453
49 90486
49 90493
49 90520
49 90547
49 90579
49 90625
49 90640
49 90694
49 90697
49 90709
49 90755
49 90761
49 90766
49 90770
49 90772
49 90828
49 90837
49 90877
49 90883
49 90887
49 90891
49 90904
49 90923
49 90929
49 90943
49 90950
49 90963
49 90972
49 90983
49 91005
49 91035
49 91037
49 91038
49 91091
49 91096
49 91129
49 91154
49 91163
49 91279
49 91281
49 91286
49 91300
49 91321
49 91331
49 91368
49 91396
49 91447
49 91449
49 91466
49 91511
49 91518
49 91567
49 91573
49 91619
49 91641
49 91648
49 91681
49 91682
49 91714
49 91732
49 91750
49 91767
49 91775
49 91808
49 91820
49 91826
49 91833
49 91838
49 91859
49 91937
49 91957
49 91976
49 92038
49 92045
49 92050
49 92096
49 92102
49 92116
49 92141
49 92193
49 92195
49 92208
49 92353
49 92361
49 92385
49 92426
49 92429
49 92445
49 92493
49 92499
49 92518
49 92525
49 92546
49 92596
49 92607
49 92609
49 92621
49 92641
49 92656
49 92693
49 92702
49 92715
49 92721
49 92730
49 92739
49 92766
49 92768
49 92771
49 92772
49 92780
49 92872
49 92958
49 92974
49 92998
49 93013
49 93051
49 93079
49 93089
49 93105
49 93107
49 93124
49 93125
49 93156
49 93161
49 93180
49 93220
49 93232
49 93238
49 93326
49 93336
49 93365
49 93414
49 93441
49 93482
49 93492
49 93495
49 93533
49 93541
49 93581
49 93596
49 93621
49 93628
49 93641
49 93653
49 93659
49 93661
49 93665
49 93668
49 93675
49 93694
49 93723
49 93773
49 93774
49 93780
49 93825
49 93841
49 93870
49 93872
49 93883
49 94032
49 94039
49 94047
49 94051
49 94090
49 94119
49 94128
49 94131
49 94147
49 94151
49 94197
49 94199
49 94218
49 94255
49 94264
49 94293
49 94332
49 94358
49 94362
49 94389
49 94393
49 94408
49 94464
49 94472
49 94508
49 94513
49 94526
49 94540
49 94575
49 94607
49 94613
49 94670
49 94672
49 94681
49 94699
49 94810
49 94814
49 94820
49 94855
49 94857
49 94877
49 94878
49 94892
49 94898
49 94911
49 94925
49 94931
49 94934
49 94946
49 94970
49 94974
49 94990
49 95007
49 95039
49 95059
49 95080
49 95082
49 95168
49 95171
49 95201
49 95217
49 95241
49 95260
49 95274
49 95300
49 95367
49 95400
49 95405
49 95415
49 95417
49 95452
49 95477
49 95487
49 95515
49 95517
49 95551
49 95556
49 95582
49 95584
49 95594
49 95595
49 95597
49 95633
49 95637
49 95643
49 95710
49 95716
49 95717
49 95733
49 95799
49 95830
49 95863
49 95870
49 95889
49 95891
49 95896
49 95903
49 95936
49 95940
49 95966
49 96027
49 96048
49 96064
49 96071
49 96087
49 96090
49 96093
49 96102
49 96125
49 96150
49 96153
49 96158
49 96171
49 96180
49 96198
49 96209
49 96231
49 96239
49 96273
49 96290
49 96304
49 96332
49 96354
49 96356
49 96395
49 96397
49 96401
49 96415
49 96446
49 96449
49 96470
49 96475
49 96506
49 96538
49 96545
49 96547
49 96571
49 96596
49 96604
49 96607
49 96609
49 96616
49 96631
49 96687
49 96701
49 96707
49 96811
49 96820
49 96887
49 96932
49 97007
49 97040
49 97058
49 97072
49 97092
49 97098
49 97131
49 97158
49 97191
49 97242
49 97245
49 97262
49 97305
49 97315
49 97324
49 97350
49 97378
49 97395
49 97396
49 97414
49 97416
49 97427
49 97438
49 97477
49 97484
49 97495
49 97506
49 97513
49 97514
49 97556
49 97559
49 97567
49 97644
49 97675
49 97685
49 97705
49 97715
49 97717
49 97740
49 97745
49 97751
49 97755
49 97756
49 97775
49 97810
49 97816
49 97820
49 97861
49 97880
49 97888
49 97920
49 97973
49 98016
49 98066
49 98085
49 98190
49 98196
49 98294
49 98332
49 98386
49 98398
49 98421
49 98434
49 98443
49 98461
49 98474
49 98497
49 98524
49 98532
49 98535
49 98545
49 98569
49 98590
49 98601
49 98615
49 98626
49 98649
49 98664
49 98712
49 98721
49 98739
49 98777
49 98808
49 98817
49 98826
49 98845
49 98848
49 98903
49 98912
49 98927
49 98946
49 98967
49 98973
49 99011
49 99013
49 99025
49 99031
49 99079
49 99113
49 99121
49 99129
49 99133
49 99193
49 99208
49 99209
49 99222
49 99253
49 99265
49 99285
49 99286
49 99294
49 99313
49 99335
49 99428
49 99440
49 99446
49 99449
49 99477
49 99481
49 99500
49 99525
49 99529
49 99531
49 99568
49 99571
49 99605
49 99640
49 99644
49 99646
49 99656
49 99657
49 99660
49 99704
49 99715
49 99728
49 99729
49 99777
49 99837
49 99845
49 99857
49 99876
49 99957
49 99968
49 99989
49 100019
49 100020
49 100024
49 100028
49 100036
49 100040
49 100048
49 100064
49 100071
49 100085
49 100095
49 100125
49 100158
49 100160
49 100176
49 100208
49 100233
49 100241
49 100272
49 100290
49 100357
49 100398
49 100407
49 100448
49 100474
49 100518
49 100561
49 100602
49 100605
49 100612
49 100637
49 100645
49 100676
49 100686
49 100699
49 100746
49 100765
49 100783
49 100789
49 100809
49 100819
49 100836
49 100870
49 100938
49 100953
49 100965
49 100969
49 100977
49 101029
49 101039
49 101077
49 101100
49 101109
49 101117
49 101134
49 101149
49 101150
49 101292
49 101314
49 101333
49 101380
49 101382
49 101387
49 101393
49 101488
49 101518
49 101534
49 101547
49 101611
49 101625
49 101626
49 101632
49 101634
49 101672
49 101704
49 101716
49 101746
49 101788
49 101793
49 101816
49 101821
49 101894
49 101904
49 101923
49 101925
49 101932
49 101935
49 101946
49 101950
49 101971
49 101994
49 102007
49 102034
49 102036
49 102043
49 102063
49 102068
49 102090
49 102097
49 102116
49 102119
49 102120
49 102122
49 102161
49 102173
49 102176
49 102184
49 102191
49 102207
49 102219
49 102224
49 102227
49 102243
49 102245
49 102260
49 102285
49 102303
49 102325
49 102344
49 102354
49 102356
49 102363
49 102378
49 102406
49 102432
49 102447
49 102485
49 102488
49 102489
49 102493
49 102559
49 102569
49 102595
49 102618
49 102636
49 102659
49 102692
49 102718
49 102759
49 102797
49 102839
49 102869
49 102873
49 102881
49 102899
49 102953
49 102972
49 102975
49 102993
49 103096
49 103114
49 103121
49 103143
49 103212
49 103217
49 103235
49 103247
49 103307
49 103311
49 103314
49 103351
49 103354
49 103389
49 103401
49 103402
49 103417
49 103425
49 103477
49 103488
49 103493
49 103511
49 103512
49 103524
49 103525
49 103528
49 103541
49 103544
49 103545
49 103566
49 103567
49 103571
49 103581
49 103599
49 103603
49 103611
49 103614
49 103626
49 103674
49 103676
49 103680
49 103700
49 103706
49 103727
49 103748
49 103792
49 103816
49 103828
49 103847
49 103858
49 103883
49 103934
49 103944
49 103957
49 103995
49 104006
49 104012
49 104025
49 104052
49 104103
49 104108
49 104148
49 104161
49 104199
49 104215
49 104223
49 104237
49 104276
49 104281
49 104295
49 104334
49 104358
49 104381
49 104384
49 104408
49 104422
49 104438
49 104440
49 104457
49 104484
49 104485
49 104511
49 104525
49 104551
49 104566
49 104575
49 104580
49 104583
49 104713
49 104748
49 104752
49 104823
49 104839
49 104849
49 104857
49 104874
49 104880
49 104895
49 104907
49 104916
49 104921
49 104930
49 104968
49 104991
49 104994
49 104996
49 105000
49 105010
49 105019
49 105055
49 105061
49 105080
49 105107
49 105137
49 105141
49 105153
49 105163
49 105209
49 105220
49 105236
49 105279
49 105281
49 105283
49 105329
49 105337
49 105361
49 105396
49 105441
49 105443
49 105459
49 105518
49 105536
49 105585
49 105603
49 105616
49 105621
49 105627
49 105638
49 105645
49 105665
49 105676
49 105690
49 105707
49 105717
49 105734
49 105749
49 105774
49 105798
49 105842
49 105849
49 105856
49 105861
49 105870
49 105871
49 105888
49 105895
49 105910
49 105937
49 105944
49 105948
49 105955
49 105970
49 105980
49 105982
49 106009
49 106065
49 106079
49 106099
49 106110
49 106132
49 106133
49 106146
49 106178
49 106206
49 106232
49 106238
49 106292
49 106308
49 106310
49 106364
49 106410
49 106426
49 106435
49 106451
49 106483
49 106521
49 106523
49 106533
49 106535
49 106562
49 106584
49 106597
49 106678
49 106732
49 106749
49 106756
49 106759
49 106765
49 106776
49 106786
49 106787
49 106816
49 106822
49 106862
49 106900
49 106918
49 106935
49 106954
49 106973
49 106994
49 107012
49 107024
49 107025
49 107033
49 107104
49 107122
49 107152
49 107169
49 107174
49 107188
49 107201
49 107217
49 107219
49 107220
49 107223
49 107261
49 107266
49 107301
49 107340
49 107358
49 107376
49 107393
49 107419
49 107431
49 107442
49 107458
49 107479
49 107493
49 107495
49 107496
49 107527
49 107565
49 107569
49 107576
49 107604
49 107614
49 107618
49 107623
49 107668
49 107708
49 107710
49 107753
49 107754
49 107760
49 107783
49 107791
49 107797
49 107804
49 107915
49 107942
49 107980
49 107997
49 108037
49 108131
49 108171
49 108174
49 108185
49 108213
49 108239
49 108249
49 108260
49 108294
49 108305
49 108344
49 108346
49 108361
49 108398
49 108423
49 108437
49 108471
49 108500
49 108554
49 108574
49 108597
49 108610
49 108659
49 108665
49 108689
49 108694
49 108696
49 108714
49 108745
49 108749
49 108761
49 108773
49 108787
49 108793
49 108845
49 108856
49 108862
49 108915
49 108919
49 108934
49 108938
49 108945
49 108953
49 108961
49 108973
49 109018
49 109025
49 109028
49 109029
49 109056
49 109064
49 109087
49 109088
49 109096
49 109139
49 109140
49 109160
49 109169
49 109185
49 109190
49 109191
49 109239
49 109253
49 109269
49 109270
49 109274
49 109317
49 109346
49 109355
49 109366
49 109372
49 109377
49 109416
49 109462
49 109491
49 109504
49 109543
49 109545
49 109555
49 109574
49 109580
49 109585
49 109605
49 109641
49 109647
49 109651
49 109672
49 109674
49 109751
49 109766
49 109806
49 109812
49 109834
49 109904
49 109918
49 109940
49 109949
49 109960
49 109975
49 109992
49 109995
49 109996
49 110018
49 110022
49 110031
49 110032
49 110048
49 110073
49 110075
49 110085
49 110091
49 110093
49 110100
49 110121
49 110126
49 110155
49 110158
49 110188
49 110192
49 110194
49 110209
49 110212
49 110234
49 110255
49 110263
49 110276
49 110347
49 110520
49 110650
49 110653
49 110656
49 110687
49 110692
49 110740
49 110758
49 110772
49 110775
49 110822
49 110833
49 110878
49 110884
49 110921
49 110928
49 110957
49 110992
49 111027
49 111033
49 111059
49 111084
49 111101
49 111103
49 111110
49 111150
49 111193
49 111212
49 111254
49 111267
49 111289
49 111298
49 111312
49 111368
49 111431
49 111454
49 111470
49 111473
49 111509
49 111518
49 111523
49 111540
49 111548
49 111554
49 111580
49 111584
49 111615
49 111645
49 111652
49 111659
49 111693
49 111713
49 111722
49 111730
49 111734
49 111767
49 111809
49 111818
49 111823
49 111839
49 111845
49 111854
49 111858
49 111864
49 111887
49 111890
49 111914
49 111953
49 111969
49 111970
49 112170
49 112206
49 112235
49 112249
49 112266
49 112320
49 112327
49 112348
49 112362
49 112369
49 112381
49 112383
49 112395
49 112401
49 112402
49 112426
49 112448
49 112470
49 112494
49 112527
49 112572
49 112578
49 112610
49 112626
49 112632
49 112637
49 112644
49 112646
49 112662
49 112664
49 112715
49 112721
49 112737
49 112745
49 112755
49 112764
49 112810
49 112815
49 112864
49 112882
49 112887
49 112926
49 112989
49 112991
49 113011
49 113014
49 113027
49 113035
49 113036
49 113046
49 113051
49 113149
49 113171
49 113191
49 113216
49 113225
49 113231
49 113239
49 113277
49 113283
49 113303
49 113304
49 113312
49 113320
49 113337
49 113343
49 113351
49 113369
49 113428
49 113480
49 113506
49 113537
49 113580
49 113607
49 113611
49 113667
49 113707
49 113718
49 113811
49 113821
49 113830
49 113837
49 113841
49 113863
49 113871
49 113875
49 113894
49 113897
49 113929
49 113949
49 113959
49 113965
49 113983
49 114014
49 114046
49 114073
49 114088
49 114113
49 114165
49 114173
49 114207
49 114235
49 114282
49 114299
49 114329
49 114335
49 114368
49 114369
49 114381
49 114389
49 114394
49 114400
49 114418
49 114421
49 114448
49 114475
49 114480
49 114511
49 114536
49 114538
49 114543
49 114548
49 114567
49 114572
49 114575
49 114579
49 114585
49 114605
49 114680
49 114708
49 114709
49 114717
49 114725
49 114731
49 114737
49 114741
49 114751
49 114894
49 114932
49 114939
49 114999
49 115003
49 115030
49 115041
49 115048
49 115051
49 115060
49 115062
49 115072
49 115077
49 115113
49 115117
49 115125
49 115127
49 115136
49 115145
49 115161
49 115176
49 115182
49 115197
49 115236
49 115249
49 115255
49 115263
49 115282
49 115315
49 115333
49 115414
49 115469
49 115490
49 115521
49 115562
49 115563
49 115578
49 115590
49 115599
49 115606
49 115624
49 115682
49 115711
49 115733
49 115819
49 115848
49 115863
49 115869
49 115898
49 115989
49 116021
49 116046
49 116054
49 116066
49 116110
49 116131
49 116133
49 116195
49 116215
49 116245
49 116248
49 116279
49 116288
49 116301
49 116311
49 116330
49 116356
49 116362
49 116366
49 116380
49 116399
49 116425
49 116451
49 116471
49 116507
49 116549
49 116610
49 116628
49 116643
49 116685
49 116721
49 116816
49 116821
49 116822
49 116842
49 116852
49 116864
49 116875
49 116883
49 116885
49 116893
49 116904
49 116906
49 116928
49 117007
49 117022
49 117029
49 117058
49 117097
49 117186
49 117197
49 117200
49 117226
49 117250
49 117274
49 117293
49 117311
49 117320
49 117327
49 117332
49 117353
49 117356
49 117394
49 117428
49 117463
49 117489
49 117505
49 117561
49 117566
49 117589
49 117593
49 117598
49 117625
49 117639
49 117643
49 117649
49 117666
49 117677
49 117722
49 117726
49 117732
49 117751
49 117758
49 117780
49 117839
49 117841
49 117845
49 117852
49 117880
49 117988
49 117992
49 118021
49 118031
49 118040
49 118042
49 118056
49 118066
49 118070
49 118071
49 118096
49 118133
49 118141
49 118143
49 118150
49 118153
49 118156
49 118178
49 118179
49 118184
49 118260
49 118270
49 118275
49 118279
49 118288
49 118290
49 118340
49 118343
49 118368
49 118374
49 118396
49 118402
49 118425
49 118465
49 118480
49 118485
49 118529
49 118546
49 118580
49 118593
49 118628
49 118631
49 118644
49 118659
49 118671
49 118686
49 118709
49 118741
49 118742
49 118785
49 118803
49 118808
49 118816
49 118817
49 118823
49 118825
49 118853
49 118922
49 118927
49 118930
49 118980
49 118991
49 118993
49 119022
49 119028
49 119038
49 119045
49 119059
49 119076
49 119082
49 119097
49 119113
49 119125
49 119147
49 119160
49 119176
49 119177
49 119210
49 119221
49 119231
49 119248
49 119249
49 119279
49 119299
49 119303
49 119310
49 119320
49 119351
49 119357
49 119374
49 119401
49 119407
49 119428
49 119448
49 119454
49 119461
49 119496
49 119510
49 119526
49 119540
49 119583
49 119602
49 119623
49 119625
49 119635
49 119639
49 119641
49 119644
49 119712
49 119721
49 119737
49 119751
49 119779
49 119789
49 119811
49 119868
49 119918
49 119922
49 119930
49 119938
49 119939
49 120010
49 120027
49 120062
49 120159
49 120164
49 120165
49 120169
49 120236
49 120279
49 120335
49 120345
49 120347
49 120376
49 120389
49 120396
49 120409
49 120430
49 120437
49 120439
49 120481
49 120515
49 120521
49 120531
49 120532
49 120559
49 120564
49 120580
49 120587
49 120603
49 120634
49 120637
49 120699
49 120710
49 120746
49 120780
49 120803
49 120842
49 120858
49 120876
49 120900
49 120906
49 120971
49 121068
49 121077
49 121100
49 121126
49 121139
49 121155
49 121188
49 121257
49 121285
49 121318
49 121330
49 121354
49 121371
49 121399
49 121400
49 121408
49 121411
49 121424
49 121434
49 121444
49 121452
49 121457
49 121467
49 121495
49 121507
49 121508
49 121509
49 121523
49 121604
49 121620
49 121661
49 121671
49 121676
49 121802
49 121877
49 121904
49 121938
49 121943
49 121951
49 121956
49 121988
49 121992
49 122032
49 122044
49 122057
49 122059
49 122081
49 122086
49 122087
49 122093
49 122094
49 122106
49 122109
49 122120
49 122124
49 122131
49 122132
49 122164
49 122180
49 122194
49 122202
49 122213
49 122277
49 122294
49 122314
49 122402
49 122415
49 122417
49 122426
49 122433
49 122436
49 122438
49 122500
49 122521
49 122544
49 122554
49 122594
49 122598
49 122610
49 122617
49 122620
49 122626
49 122661
49 122753
49 122776
49 122778
49 122846
49 122848
49 122877
49 122888
49 122932
49 122948
49 122981
49 122996
49 123049
49 123051
49 123098
49 123108
49 123127
49 123136
49 123208
49 123233
49 123241
49 123257
49 123272
49 123274
49 123290
49 123297
49 123305
49 123317
49 123336
49 123345
49 123368
49 123369
49 123384
49 123408
49 123428
49 123429
49 123439
49 123458
49 123546
49 123582
49 123587
49 123630
49 123632
49 123642
49 123649
49 123674
49 123676
49 123695
49 123699
49 123799
49 123828
49 123831
49 123860
49 123909
49 123912
49 123915
49 123946
49 123952
49 123994
49 124001
49 124004
49 124056
49 124059
49 124060
49 124130
49 124145
49 124156
49 124157
49 124219
49 124239
49 124269
49 124310
49 124346
49 124368
49 124377
49 124388
49 124413
49 124450
49 124479
49 124488
49 124492
49 124513
49 124569
49 124579
49 124580
49 124634
49 124666
49 124681
49 124696
49 124699
49 124707
49 124711
49 124723
49 124740
49 124745
49 124793
49 124819
49 124841
49 124870
49 124872
49 124887
49 124893
49 124928
49 124936
49 124937
49 125020
49 125030
49 125035
49 125059
49 125080
49 125089
49 125106
49 125131
49 125166
49 125176
49 125180
49 125193
49 125206
49 125248
49 125258
49 125264
49 125268
49 125279
49 125347
49 125351
49 125394
49 125424
49 125443
49 125465
49 125493
49 125559
49 125581
49 125615
49 125621
49 125639
49 125652
49 125695
49 125705
49 125708
49 125722
49 125740
49 125781
49 125803
49 125829
49 125864
49 125867
49 125922
49 125963
49 125969
49 125975
49 126032
49 126051
49 126052
49 126100
49 126121
49 126139
49 126186
49 126200
49 126219
49 126252
49 126256
49 126260
49 126311
49 126317
49 126362
49 126372
49 126384
49 126414
49 126471
49 126478
49 126545
49 126593
49 126602
49 126612
49 126633
49 126636
49 126638
49 126644
49 126667
49 126683
49 126722
49 126768
49 126790
49 126800
49 126811
49 126875
49 126884
49 126891
49 126899
49 126944
49 126953
49 127028
49 127035
49 127067
49 127083
49 127161
49 127170
49 127177
49 127184
49 127232
49 127236
49 127238
49 127242
49 127259
49 127273
49 127305
49 127321
49 127338
49 127340
49 127365
49 127370
49 127382
49 127387
49 127414
49 127430
49 127479
49 127509
49 127555
49 127597
49 127648
49 127684
49 127711
49 127723
49 127728
49 127732
49 127751
49 127770
49 127797
49 127801
49 127807
49 127810
49 127813
49 127832
49 127863
49 127903
49 127943
49 127952
49 127959
49 127983
49 127988
49 127991
49 127993
49 128045
49 128061
49 128084
49 128120
49 128132
49 128142
49 128149
49 128195
49 128204
49 128222
49 128238
49 128286
49 128290
49 128361
49 128436
49 128442
49 128464
49 128502
49 128554
49 128626
49 128632
49 128633
49 128643
49 128644
49 128651
49 128660
49 128674
49 128718
49 128721
49 128737
49 128773
49 128790
49 128809
49 128891
49 128943
49 128971
49 129005
49 129015
49 129024
49 129037
49 129055
49 129151
49 129152
49 129173
49 129182
49 129204
49 129211
49 129214
49 129275
49 129280
49 129329
49 129389
49 129430
49 129472
49 129478
49 129485
49 129504
49 129530
49 129531
49 129589
49 129591
49 129602
49 129606
49 129610
49 129627
49 129669
49 129694
49 129698
49 129710
49 129793
49 129797
49 129805
49 129813
49 129816
49 129865
49 129873
49 129899
49 129923
49 129944
49 129961
49 129963
49 129964
49 129969
49 130029
49 130053
49 130100
49 130134
49 130140
49 130145
49 130147
49 130150
49 130184
49 130200
49 130213
49 130283
49 130290
49 130318
49 130333
49 130371
49 130412
49 130417
49 130425
49 130448
49 130452
49 130457
49 130496
49 130524
49 130530
49 130540
49 130544
49 130556
49 130558
49 130559
49 130562
49 130563
49 130652
49 130658
49 130660
49 130661
49 130680
49 130704
49 130737
49 130755
49 130772
49 130796
49 130798
49 130828
49 130831
49 130918
49 130923
49 130978
49 130992
49 131016
49 131055
49 131058
49 131072
49 131091
49 131109
49 131139
49 131143
49 131193
49 131203
49 131244
49 131253
49 131258
49 131264
49 131283
49 131292
49 131298
49 131310
49 131316
49 131318
49 131396
49 131426
49 131436
49 131444
49 131470
49 131525
49 131542
49 131566
49 131580
49 131601
49 131624
49 131640
49 131657
49 131687
49 131700
49 131712
49 131732
49 131752
49 131811
49 131890
49 131895
49 131934
49 131937
49 131939
49 131975
49 131992
49 132001
49 132003
49 132022
49 132041
49 132093
49 132114
49 132146
49 132166
49 132233
49 132268
49 132325
49 132338
49 132339
49 132353
49 132369
49 132382
49 132402
49 132432
49 132456
49 132474
49 132485
49 132488
49 132525
49 132532
49 132539
49 132591
49 132616
49 132631
49 132685
49 132692
49 132696
49 132835
49 132873
49 132909
49 132924
49 132925
49 132938
49 132972
49 132973
49 132974
49 132978
49 132988
49 133012
49 133031
49 133039
49 133083
49 133088
49 133098
49 133112
49 133162
49 133171
49 133195
49 133271
49 133279
49 133319
49 133347
49 133374
49 133401
49 133426
49 133462
49 133512
49 133521
49 133589
49 133592
49 133601
49 133624
49 133652
49 133660
49 133666
49 133671
49 133689
49 133743
49 133744
49 133774
49 133822
49 133858
49 133907
49 133915
49 133946
49 133951
49 133965
49 133967
49 133978
49 133981
49 134012
49 134061
49 134066
49 134086
49 134115
49 134122
49 134128
49 134140
49 134160
49 134214
49 134239
49 134263
49 134354
49 134366
49 134372
49 134386
49 134390
49 134427
49 134466
49 134479
49 134541
49 134561
49 134594
49 134630
49 134632
49 134663
49 134666
49 134672
49 134676
49 134685
49 134690
49 134696
49 134697
49 134721
49 134748
49 134771
49 134778
49 134787
49 134806
49 134817
49 134828
49 134884
49 134893
49 134904
49 134908
49 134938
49 134966
49 134975
49 134979
49 135006
49 135015
49 135020
49 135041
49 135096
49 135107
49 135143
49 135147
49 135152
49 135161
49 135236
49 135240
49 135272
49 135285
49 135295
49 135317
49 135359
49 135385
49 135423
49 135445
49 135458
49 135484
49 135495
49 135529
49 135541
49 135574
49 135576
49 135585
49 135589
49 135628
49 135650
49 135668
49 135689
49 135700
49 135741
49 135755
49 135783
49 135792
49 135828
49 135834
49 135843
49 135878
49 135941
49 135951
49 135983
49 136003
49 136006
49 136012
49 136016
49 136047
49 136053
49 136062
49 136071
49 136077
49 136201
49 136202
49 136250
49 136276
49 136295
49 136307
49 136311
49 136320
49 136341
49 136362
49 136388
49 136402
49 136421
49 136468
49 136506
49 136507
49 136508
49 136518
49 136529
49 136532
49 136573
49 136580
49 136593
49 136601
49 136627
49 136652
49 136654
49 136656
49 136672
49 136673
49 136685
49 136698
49 136709
49 136731
49 136732
49 136771
49 136787
49 136793
49 136812
49 136816
49 136838
49 136845
49 136856
49 136864
49 136873
49 136914
49 136921
49 136936
49 136970
49 136981
49 136985
49 136995
49 137000
49 137046
49 137090
49 137097
49 137098
49 137129
49 137138
49 137148
49 137181
49 137229
49 137286
49 137292
49 137330
49 137339
49 137343
49 137370
49 137372
49 137402
49 137446
49 137451
49 137458
49 137462
49 137471
49 137496
49 137508
49 137512
49 137513
49 137530
49 137558
49 137563
49 137571
49 137593
49 137596
49 137611
49 137641
49 137659
49 137668
49 137674
49 137765
49 137787
49 137791
49 137831
49 137841
49 137847
49 137853
49 137867
49 137910
49 137921
49 137929
49 137958
49 137961
49 137967
49 137971
49 137972
49 137981
49 137982
49 137997
49 137998
49 138011
49 138079
49 138091
49 138135
49 138148
49 138181
49 138221
49 138230
49 138250
49 138268
49 138288
49 138305
49 138314
49 138380
49 138386
49 138418
49 138442
49 138490
49 138507
49 138519
49 138547
49 138554
49 138568
49 138612
49 138619
49 138627
49 138633
49 138635
49 138638
49 138665
49 138674
49 138705
49 138742
49 138800
49 138802
49 138810
49 138823
49 138827
49 138907
49 138920
49 138937
49 138938
49 138953
49 138965
49 138986
49 139010
49 139037
49 139045
49 139056
49 139082
49 139100
49 139111
49 139123
49 139131
49 139169
49 139182
49 139186
49 139208
49 139235
49 139260
49 139264
49 139295
49 139315
49 139329
49 139362
49 139367
49 139382
49 139395
49 139437
49 139440
49 139451
49 139528
49 139545
49 139554
49 139567
49 139582
49 139590
49 139613
49 139655
49 139663
49 139695
49 139716
49 139736
49 139768
49 139789
49 139798
49 139803
49 139812
49 139822
49 139839
49 139864
49 139873
49 139878
49 139942
49 139961
49 139962
49 140011
49 140012
49 140024
49 140050
49 140072
49 140139
49 140153
49 140217
49 140232
49 140239
49 140265
49 140305
49 140340
49 140379
49 140400
49 140436
49 140448
49 140478
49 140535
49 140558
49 140612
49 140617
49 140633
49 140646
49 140648
49 140653
49 140711
49 140731
49 140739
49 140749
49 140805
49 140868
49 140890
49 140921
49 140930
49 140949
49 140961
49 140993
49 140999
49 141023
49 141024
49 141025
49 141059
49 141064
49 141080
49 141112
49 141135
49 141189
49 141194
49 141208
49 141223
49 141263
49 141270
49 141273
49 141294
49 141314
49 141323
49 141326
49 141337
49 141364
49 141397
49 141421
49 141438
49 141456
49 141466
49 141524
49 141541
49 141587
49 141608
49 141621
49 141638
49 141640
49 141663
49 141690
49 141715
49 141730
49 141741
49 141752
49 141753
49 141773
49 141792
49 141805
49 141838
49 141859
49 141889
49 141928
49 141965
49 141972
49 141974
49 141993
49 142024
49 142037
49 142048
49 142073
49 142081
49 142094
49 142095
49 142100
49 142142
49 142148
49 142150
49 142230
49 142231
49 142281
49 142283
49 142285
49 142293
49 142309
49 142337
49 142342
49 142348
49 142349
49 142381
49 142384
49 142385
49 142410
49 142441
49 142464
49 142468
49 142503
49 142547
49 142564
49 142572
49 142620
49 142627
49 142629
49 142648
49 142675
49 142688
49 142712
49 142752
49 142796
49 142816
49 142818
49 142828
49 142839
49 142865
49 142868
49 142876
49 142886
49 142893
49 142902
49 142915
49 142935
49 142941
49 143019
49 143024
49 143041
49 143081
49 143104
49 143132
49 143185
49 143189
49 143208
49 143298
49 143327
49 143328
49 143336
49 143382
49 143435
49 143452
49 143528
49 143534
49 143590
49 143633
49 143649
49 143655
49 143800
49 143815
49 143818
49 143825
49 143836
49 143866
49 143871
49 143892
49 143963
49 143967
49 143988
49 144044
49 144051
49 144056
49 144058
49 144092
49 144114
49 144125
49 144131
49 144143
49 144145
49 144155
49 144167
49 144177
49 144184
49 144195
49 144273
49 144277
49 144295
49 144332
49 144358
49 144365
49 144382
49 144424
49 144430
49 144461
49 144482
49 144504
49 144525
49 144532
49 144534
49 144536
49 144537
49 144539
49 144558
49 144617
49 144624
49 144663
49 144672
49 144676
49 144705
49 144719
49 144746
49 144825
49 144871
49 144874
49 144878
49 144895
49 144937
49 144997
49 145012
49 145057
49 145068
49 145076
49 145103
49 145108
49 145129
49 145156
49 145160
49 145163
49 145186
49 145207
49 145227
49 145238
49 145262
49 145273
49 145297
49 145307
49 145318
49 145397
49 145405
49 145426
49 145444
49 145466
49 145487
49 145511
49 145512
49 145535
49 145539
49 145552
49 145558
49 145563
49 145564
49 145589
49 145593
49 145599
49 145641
49 145665
49 145721
49 145722
49 145744
49 145779
49 145790
49 145832
49 145874
49 145877
49 145879
49 145882
49 145888
49 145891
49 145899
49 145946
49 145983
49 146010
49 146037
49 146063
49 146107
49 146122
49 146171
49 146183
49 146252
49 146279
49 146292
49 146312
49 146340
49 146344
49 146354
49 146375
49 146376
49 146380
49 146410
49 146434
49 146437
49 146474
49 146559
49 146575
49 146592
49 146595
49 146597
49 146598
49 146703
49 146718
49 146725
49 146728
49 146733
49 146736
49 146767
49 146808
49 146877
49 146885
49 146910
49 146915
49 146968
49 146973
49 147001
49 147015
49 147049
49 147070
49 147114
49 147120
49 147154
49 147161
49 147169
49 147230
49 147238
49 147247
49 147259
49 147318
49 147336
49 147395
49 147416
49 147419
49 147420
49 147476
49 147487
49 147490
49 147548
49 147589
49 147600
49 147622
49 147624
49 147649
49 147679
49 147688
49 147714
49 147742
49 147751
49 147756
49 147759
49 147784
49 147788
49 147790
49 147815
49 147853
49 147859
49 147880
49 147911
49 147913
49 147950
49 147977
49 147982
49 147984
49 148005
49 148010
49 148061
49 148069
49 148076
49 148078
49 148087
49 148103
49 148130
49 148193
49 148194
49 148208
49 148229
49 148267
49 148286
49 148294
49 148309
49 148311
49 148314
49 148344
49 148370
49 148391
49 148432
49 148443
49 148469
49 148485
49 148495
49 148515
49 148519
49 148545
49 148605
49 148618
49 148619
49 148656
49 148662
49 148685
49 148697
49 148749
49 148753
49 148765
49 148786
49 148806
49 148815
49 148899
49 148922
49 148947
49 148957
49 149018
49 149026
49 149037
49 149041
49 149054
49 149065
49 149092
49 149155
49 149190
49 149197
49 149256
49 149259
49 149297
49 149298
49 149319
49 149336
49 149343
49 149353
49 149374
49 149413
49 149431
49 149459
49 149464
49 149471
49 149494
49 149513
49 149536
49 149537
49 149585
49 149664
49 149718
49 149734
49 149781
49 149798
49 149882
49 149892
49 149898
49 149900
49 149902
49 149903
49 149905
49 149954
49 149959
49 149973
49 150006
49 150055
49 150081
49 150086
49 150132
49 150135
49 150153
49 150181
49 150194
49 150259
49 150286
49 150289
49 150315
49 150363
49 150399
49 150402
49 150418
49 150429
49 150443
49 150453
49 150494
49 150549
49 150564
49 150600
49 150601
49 150604
49 150613
49 150614
49 150627
49 150633
49 150653
49 150714
49 150716
49 150756
49 150788
49 150790
49 150820
49 150887
49 150902
49 150926
49 150927
49 150929
49 150938
49 150963
49 150994
49 151005
49 151006
49 151019
49 151032
49 151057
49 151061
49 151067
49 151075
49 151083
49 151097
49 151131
49 151144
49 151145
49 151167
49 151170
49 151171
49 151182
49 151188
49 151202
49 151207
49 151210
49 151228
49 151263
49 151272
49 151334
49 151342
49 151356
49 151373
49 151379
49 151383
49 151473
49 151490
49 151493
49 151503
49 151553
49 151589
49 151607
49 151619
49 151621
49 151629
49 151635
49 151641
49 151642
49 151655
49 151676
49 151677
49 151687
49 151704
49 151727
49 151773
49 151800
49 151803
49 151817
49 151823
49 151834
49 151854
49 151867
49 151868
49 151872
49 151884
49 151893
49 151913
49 151922
49 151932
49 151963
49 152003
49 152029
49 152053
49 152082
49 152111
49 152115
49 152196
49 152206
49 152245
49 152250
49 152259
49 152264
49 152279
49 152286
49 152354
49 152419
49 152424
49 152471
49 152528
49 152529
49 152559
49 152568
49 152570
49 152596
49 152625
49 152639
49 152679
49 152698
49 152723
49 152725
49 152727
49 152747
49 152786
49 152818
49 152841
49 152844
49 152845
49 152848
49 152874
49 152908
49 152923
49 152944
49 152957
49 152970
49 152976
49 153042
49 153043
49 153076
49 153080
49 153099
49 153106
49 153107
49 153137
49 153147
49 153151
49 153200
49 153202
49 153220
49 153251
49 153256
49 153360
49 153387
49 153392
49 153396
49 153405
49 153466
49 153475
49 153476
49 153536
49 153545
49 153567
49 153569
49 153600
49 153624
49 153648
49 153660
49 153692
49 153734
49 153738
49 153752
49 153772
49 153802
49 153824
49 153874
49 153902
49 153933
49 153963
49 153976
49 154062
49 154082
49 154104
49 154124
49 154138
49 154175
49 154215
49 154248
49 154274
49 154278
49 154288
49 154303
49 154308
49 154332
49 154350
49 154358
49 154360
49 154366
49 154370
49 154377
49 154399
49 154416
49 154440
49 154495
49 154559
49 154563
49 154573
49 154604
49 154613
49 154631
49 154636
49 154715
49 154780
49 154823
49 154845
49 154853
49 154882
49 154893
49 154942
49 154947
49 154961
49 155031
49 155035
49 155069
49 155117
49 155119
49 155131
49 155201
49 155214
49 155238
49 155241
49 155250
49 155256
49 155262
49 155322
49 155332
49 155422
49 155444
49 155455
49 155475
49 155496
49 155506
49 155512
49 155515
49 155516
49 155549
49 155620
49 155631
49 155643
49 155691
49 155694
49 155702
49 155726
49 155737
49 155752
49 155786
49 155791
49 155793
49 155809
49 155814
49 155819
49 155823
49 155848
49 155882
49 155890
49 156033
49 156049
49 156095
49 156195
49 156199
49 156206
49 156215
49 156220
49 156233
49 156272
49 156284
49 156303
49 156336
49 156396
49 156427
49 156432
49 156458
49 156489
49 156496
49 156498
49 156598
49 156599
49 156605
49 156616
49 156624
49 156648
49 156665
49 156672
49 156711
49 156798
49 156810
49 156819
49 156864
49 156885
49 156904
49 156924
49 156927
49 156932
49 156936
49 156949
49 156969
49 156984
49 157008
49 157022
49 157049
49 157064
49 157073
49 157089
49 157119
49 157131
49 157149
49 157159
49 157172
49 157189
49 157224
49 157226
49 157266
49 157268
49 157281
49 157303
49 157367
49 157368
49 157374
49 157377
49 157382
49 157391
49 157433
49 157472
49 157504
49 157517
49 157521
49 157525
49 157567
49 157587
49 157593
49 157609
49 157680
49 157709
49 157715
49 157720
49 157725
49 157752
49 157763
49 157767
49 157773
49 157801
49 157809
49 157818
49 157825
49 157839
49 157841
49 157846
49 157936
49 158010
49 158025
49 158050
49 158077
49 158083
49 158096
49 158099
49 158101
49 158121
49 158144
49 158177
49 158186
49 158213
49 158226
49 158233
49 158234
49 158256
49 158266
49 158267
49 158415
49 158430
49 158450
49 158556
49 158565
49 158566
49 158581
49 158651
49 158685
49 158766
49 158767
49 158806
49 158817
49 158834
49 158841
49 158843
49 158852
49 158867
49 158876
49 158923
49 158933
49 158975
49 159028
49 159097
49 159101
49 159121
49 159132
49 159155
49 159156
49 159175
49 159180
49 159190
49 159192
49 159246
49 159289
49 159294
49 159381
49 159405
49 159411
49 159424
49 159425
49 159458
49 159479
49 159511
49 159512
49 159516
49 159534
49 159551
49 159585
49 159599
49 159615
49 159619
49 159624
49 159652
49 159692
49 159724
49 159730
49 159757
49 159771
49 159813
49 159824
49 159846
49 159855
49 159856
49 159874
49 159919
49 159962
49 159989
49 159999
49 160018
49 160040
49 160056
49 160059
49 160063
49 160066
49 160074
49 160168
49 160186
49 160225
49 160228
49 160231
49 160234
49 160241
49 160265
49 160271
49 160272
49 160298
49 160309
49 160317
49 160322
49 160336
49 160356
49 160364
49 160381
49 160384
49 160412
49 160481
49 160549
49 160566
49 160583
49 160591
49 160616
49 160629
49 160630
49 160655
49 160676
49 160678
49 160685
49 160689
49 160718
49 160806
49 160847
49 160874
49 160881
49 160895
49 160943
49 160952
49 160953
49 160965
49 160969
49 161009
49 161029
49 161032
49 161123
49 161126
49 161140
49 161145
49 161151
49 161175
49 161185
49 161193
49 161203
49 161240
49 161259
49 161271
49 161283
49 161285
49 161294
49 161305
49 161318
49 161323
49 161333
49 161358
49 161359
49 161368
49 161369
49 161382
49 161390
49 161395
49 161397
49 161452
49 161455
49 161468
49 161509
49 161530
49 161538
49 161541
49 161543
49 161598
49 161609
49 161655
49 161670
49 161676
49 161713
49 161722
49 161734
49 161761
49 161834
49 161835
49 161839
49 161846
49 161882
49 161907
59 14
59 34
59 57
59 59
59 89
59 111
59 171
59 181
59 188
59 193
59 224
59 225
59 251
59 276
59 283
59 291
59 304
59 307
59 313
59 317
59 321
59 353
59 363
59 412
59 461
59 462
59 483
59 485
59 504
59 528
59 550
59 572
59 573
59 574
59 575
59 578
59 591
59 606
59 636
59 638
59 642
59 660
59 671
59 687
59 746
59 770
59 774
59 792
59 912
59 935
59 937
59 946
59 977
59 978
59 1022
59 1041
59 1073
59 1083
59 1106
59 1115
59 1118
59 1168
59 1184
59 1249
59 1257
59 1263
59 1274
59 1286
59 1290
59 1294
59 1316
59 1322
59 1329
59 1330
59 1334
59 1341
59 1367
59 1371
59 1387
59 1427
59 1439
59 1457
59 1459
59 1518
59 1557
59 1584
59 1587
59 1595
59 1598
59 1609
59 1616
59 1640
59 1655
59 1660
59 1740
59 1764
59 1780
59 1845
59 1851
59 1868
59 1875
59 1886
59 1947
59 1949
59 1951
59 1966
59 1985
59 2004
59 2022
59 2030
59 2038
59 2042
59 2113
59 2122
59 2141
59 2159
59 2211
59 2308
59 2317
59 2320
59 2332
59 2352
59 2361
59 2377
59 2394
59 2423
59 2425
59 2433
59 2462
59 2470
59 2512
59 2519
59 2546
59 2558
59 2574
59 2585
59 2587
59 2612
59 2641
59 2643
59 2659
59 2678
59 2697
59 2707
59 2736
59 2747
59 2813
59 2836
59 2854
59 2865
59 2894
59 2916
59 2943
59 2962
59 2995
59 2999
59 3005
59 3059
59 3065
59 3095
59 3098
59 3126
59 3156
59 3157
59 3191
59 3211
59 3217
59 3222
59 3245
59 3256
59 3273
59 3276
59 3279
59 3285
59 3292
59 3326
59 3333
59 3350
59 3376
59 3383
59 3417
59 3469
59 3501
59 3513
59 3515
59 3519
59 3525
59 3570
59 3597
59 3606
59 3630
59 3634
59 3657
59 3682
59 3700
59 3715
59 3722
59 3727
59 3751
59 3784
59 3809
59 3822
59 3838
59 3840
59 3860
59 3882
59 3897
59 3944
59 3961
59 3981
59 3984
59 4012
59 4014
59 4033
59 4047
59 4068
59 4074
59 4078
59 4081
59 4107
59 4140
59 4158
59 4166
59 4182
59 4201
59 4238
59 4255
59 4258
59 4281
59 4286
59 4291
59 4306
59 4332
59 4360
59 4372
59 4373
59 4415
59 4423
59 4463
59 4464
59 4498
59 4529
59 4536
59 4581
59 4592
59 4617
59 4695
59 4725
59 4806
59 4815
59 4835
59 4854
59 4876
59 4878
59 4881
59 4916
59 4953
59 4955
59 4961
59 4980
59 5021
59 5035
59 5072
59 5099
59 5113
59 5117
59 5130
59 5155
59 5164
59 5205
59 5223
59 5294
59 5300
59 5317
59 5359
59 5365
59 5372
59 5378
59 5382
59 5418
59 5423
59 5432
59 5450
59 5502
59 5512
59 5520
59 5569
59 5573
59 5615
59 5622
59 5635
59 5636
59 5654
59 5659
59 5681
59 5702
59 5729
59 5765
59 5774
59 5810
59 5845
59 5854
59 5862
59 5887
59 5908
59 5929
59 5973
59 5985
59 5995
59 5997
59 6033
59 6040
59 6088
59 6146
59 6160
59 6201
59 6218
59 6219
59 6233
59 6247
59 6300
59 6318
59 6368
59 6382
59 6430
59 6440
59 6475
59 6480
59 6497
59 6507
59 6511
59 6517
59 6522
59 6554
59 6562
59 6578
59 6594
59 6653
59 6654
59 6662
59 6713
59 6719
59 6799
59 6823
59 6840
59 6855
59 6867
59 6912
59 6965
59 6994
59 6996
59 7008
59 7040
59 7057
59 7058
59 7101
59 7135
59 7203
59 7226
59 7233
59 7286
59 7294
59 7317
59 7362
59 7365
59 7370
59 7373
59 7405
59 7410
59 7422
59 7433
59 7437
59 7451
59 7452
59 7469
59 7487
59 7494
59 7511
59 7539
59 7703
59 7739
59 7764
59 7794
59 7825
59 7863
59 7877
59 7956
59 7965
59 7992
59 8007
59 8011
59 8028
59 8032
59 8056
59 8066
59 8068
59 8079
59 8082
59 8128
59 8149
59 8174
59 8189
59 8209
59 8220
59 8230
59 8250
59 8254
59 8257
59 8265
59 8274
59 8307
59 8360
59 8391
59 8393
59 8403
59 8419
59 8439
59 8453
59 8455
59 8465
59 8493
59 8553
59 8574
59 8616
59 8631
59 8635
59 8642
59 8653
59 8680
59 8701
59 8728
59 8729
59 8752
59 8780
59 8794
59 8824
59 8890
59 8893
59 8900
59 8919
59 8923
59 8925
59 8931
59 8948
59 8969
59 8970
59 8991
59 9057
59 9065
59 9099
59 9129
59 9145
59 9198
59 9226
59 9253
59 9270
59 9291
59 9363
59 9397
59 9432
59 9449
59 9464
59 9488
59 9497
59 9506
59 9512
59 9514
59 9544
59 9558
59 9566
59 9619
59 9621
59 9626
59 9628
59 9670
59 9715
59 9740
59 9756
59 9757
59 9776
59 9777
59 9803
59 9810
59 9844
59 9859
59 9865
59 9955
59 9985
59 10003
59 10041
59 10042
59 10082
59 10097
59 10112
59 10133
59 10149
59 10159
59 10180
59 10199
59 10222
59 10254
59 10261
59 10281
59 10286
59 10294
59 10357
59 10359
59 10371
59 10403
59 10416
59 10430
59 10439
59 10469
59 10495
59 10519
59 10521
59 10555
59 10577
59 10603
59 10646
59 10647
59 10682
59 10687
59 10721
59 10785
59 10791
59 10793
59 10802
59 10834
59 10845
59 10846
59 10855
59 10860
59 10867
59 10887
59 10897
59 10920
59 10923
59 10945
59 10969
59 11007
59 11019
59 11038
59 11056
59 11060
59 11069
59 11079
59 11115
59 11135
59 11143
59 11167
59 11172
59 11224
59 11245
59 11257
59 11260
59 11268
59 11350
59 11376
59 11393
59 11482
59 11490
59 11505
59 11516
59 11522
59 11565
59 11569
59 11602
59 11624
59 11638
59 11681
59 11683
59 11714
59 11724
59 11781
59 11801
59 11817
59 11834
59 11846
59 11877
59 11878
59 11912
59 11914
59 11985
59 11987
59 12010
59 12049
59 12057
59 12071
59 12078
59 12083
59 12096
59 12103
59 12120
59 12125
59 12134
59 12139
59 12165
59 12205
59 12224
59 12244
59 12252
59 12287
59 12311
59 12327
59 12337
59 12415
59 12422
59 12489
59 12518
59 12541
59 12549
59 12567
59 12570
59 12592
59 12647
59 12656
59 12661
59 12665
59 12711
59 12715
59 12719
59 12720
59 12722
59 12785
59 12823
59 12848
59 12867
59 12902
59 12914
59 12942
59 12951
59 12952
59 12963
59 12976
59 13016
59 13017
59 13020
59 13032
59 13035
59 13050
59 13053
59 13091
59 13092
59 13215
59 13227
59 13230
59 13236
59 13259
59 13287
59 13313
59 13345
59 13364
59 13369
59 13375
59 13434
59 13478
59 13490
59 13504
59 13508
59 13540
59 13566
59 13578
59 13589
59 13590
59 13595
59 13600
59 13606
59 13633
59 13637
59 13645
59 13648
59 13663
59 13667
59 13671
59 13672
59 13674
59 13685
59 13699
59 13788
59 13799
59 13815
59 13838
59 13875
59 13935
59 13949
59 13950
59 13967
59 14012
59 14034
59 14048
59 14062
59 14065
59 14094
59 14105
59 14115
59 14125
59 14134
59 14171
59 14180
59 14183
59 14205
59 14259
59 14268
59 14287
59 14311
59 14336
59 14338
59 14352
59 14359
59 14362
59 14406
59 14409
59 14437
59 14471
59 14493
59 14503
59 14505
59 14549
59 14551
59 14556
59 14598
59 14612
59 14655
59 14665
59 14678
59 14691
59 14726
59 14742
59 14760
59 14793
59 14799
59 14805
59 14806
59 14818
59 14838
59 14843
59 14947
59 14964
59 14971
59 14998
59 15034
59 15042
59 15056
59 15078
59 15108
59 15123
59 15169
59 15177
59 15180
59 15189
59 15257
59 15295
59 15320
59 15330
59 15342
59 15370
59 15398
59 15447
59 15461
59 15493
59 15526
59 15557
59 15565
59 15566
59 15583
59 15593
59 15636
59 15658
59 15671
59 15676
59 15698
59 15709
59 15768
59 15770
59 15781
59 15835
59 15848
59 15873
59 15910
59 15925
59 15938
59 15953
59 16023
59 16027
59 16031
59 16040
59 16047
59 16085
59 16094
59 16105
59 16121
59 16138
59 16151
59 16163
59 16165
59 16176
59 16223
59 16273
59 16280
59 16283
59 16294
59 16356
59 16399
59 16404
59 16422
59 16430
59 16443
59 16453
59 16456
59 16463
59 16491
59 16502
59 16505
59 16513
59 16535
59 16538
59 16551
59 16560
59 16564
59 16650
59 16667
59 16686
59 16716
59 16717
59 16726
59 16754
59 16765
59 16788
59 16794
59 16831
59 16913
59 16915
59 16918
59 16931
59 16986
59 17014
59 17057
59 17061
59 17109
59 17116
59 17121
59 17122
59 17135
59 17152
59 17164
59 17182
59 17189
59 17205
59 17225
59 17241
59 17248
59 17268
59 17284
59 17306
59 17371
59 17388
59 17398
59 17422
59 17480
59 17495
59 17515
59 17555
59 17558
59 17561
59 17575
59 17588
59 17601
59 17607
59 17609
59 17621
59 17627
59 17655
59 17664
59 17674
59 17678
59 17700
59 17728
59 17765
59 17768
59 17774
59 17807
59 17902
59 17903
59 17916
59 17936
59 17950
59 17985
59 17999
59 18015
59 18041
59 18057
59 18073
59 18245
59 18262
59 18276
59 18280
59 18324
59 18443
59 18450
59 18452
59 18482
59 18492
59 18532
59 18631
59 18644
59 18666
59 18692
59 18728
59 18729
59 18793
59 18821
59 18822
59 18846
59 18866
59 18895
59 18928
59 18937
59 18942
59 18943
59 18957
59 18964
59 19004
59 19029
59 19043
59 19046
59 19073
59 19125
59 19129
59 19155
59 19263
59 19268
59 19272
59 19301
59 19315
59 19356
59 19364
59 19372
59 19385
59 19410
59 19411
59 19431
59 19467
59 19488
59 19525
59 19547
59 19548
59 19614
59 19615
59 19656
59 19678
59 19686
59 19732
59 19766
59 19780
59 19782
59 19797
59 19800
59 19801
59 19803
59 19807
59 19825
59 19838
59 19845
59 19864
59 19884
59 19886
59 19912
59 19914
59 19925
59 19939
59 19980
59 20010
59 20077
59 20078
59 20099
59 20103
59 20123
59 20126
59 20148
59 20150
59 20184
59 20190
59 20252
59 20257
59 20294
59 20375
59 20395
59 20407
59 20428
59 20440
59 20455
59 20463
59 20468
59 20483
59 20488
59 20494
59 20499
59 20500
59 20505
59 20516
59 20536
59 20550
59 20557
59 20567
59 20584
59 20607
59 20638
59 20645
59 20654
59 20690
59 20692
59 20693
59 20697
59 20716
59 20732
59 20743
59 20782
59 20788
59 20806
59 20809
59 20839
59 20849
59 20898
59 20993
59 20995
59 21047
59 21062
59 21073
59 21079
59 21110
59 21126
59 21150
59 21158
59 21201
59 21270
59 21280
59 21316
59 21317
59 21332
59 21355
59 21361
59 21390
59 21403
59 21414
59 21477
59 21503
59 21511
59 21523
59 21527
59 21554
59 21558
59 21586
59 21597
59 21633
59 21651
59 21714
59 21720
59 21730
59 21733
59 21752
59 21753
59 21765
59 21807
59 21811
59 21826
59 21831
59 21930
59 21952
59 22005
59 22050
59 22058
59 22068
59 22086
59 22095
59 22129
59 22136
59 22163
59 22214
59 22215
59 22219
59 22228
59 22269
59 22273
59 22285
59 22287
59 22332
59 22359
59 22365
59 22368
59 22426
59 22448
59 22491
59 22506
59 22514
59 22523
59 22564
59 22592
59 22601
59 22605
59 22628
59 22643
59 22650
59 22730
59 22776
59 22810
59 22824
59 22843
59 22865
59 22909
59 22927
59 22939
59 22988
59 23036
59 23082
59 23099
59 23112
59 23178
59 23179
59 23180
59 23280
59 23289
59 23310
59 23354
59 23365
59 23372
59 23384
59 23392
59 23449
59 23476
59 23481
59 23500
59 23534
59 23564
59 23571
59 23580
59 23601
59 23609
59 23669
59 23672
59 23684
59 23686
59 23694
59 23712
59 23762
59 23777
59 23789
59 23798
59 23817
59 23819
59 23836
59 23868
59 23913
59 24012
59 24053
59 24056
59 24063
59 24096
59 24103
59 24124
59 24125
59 24134
59 24137
59 24173
59 24202
59 24228
59 24250
59 24260
59 24293
59 24311
59 24314
59 24353
59 24399
59 24410
59 24434
59 24457
59 24489
59 24511
59 24548
59 24648
59 24676
59 24692
59 24709
59 24721
59 24743
59 24747
59 24766
59 24777
59 24784
59 24802
59 24811
59 24825
59 24830
59 24849
59 24857
59 24898
59 24920
59 24943
59 24958
59 24968
59 25002
59 25004
59 25019
59 25033
59 25040
59 25061
59 25070
59 25077
59 25094
59 25110
59 25123
59 25134
59 25143
59 25144
59 25167
59 25186
59 25200
59 25215
59 25219
59 25230
59 25254
59 25308
59 25323
59 25337
59 25355
59 25377
59 25414
59 25418
59 25445
59 25479
59 25491
59 25495
59 25502
59 25508
59 25541
59 25565
59 25586
59 25625
59 25639
59 25686
59 25688
59 25718
59 25723
59 25742
59 25774
59 25793
59 25822
59 25823
59 25927
59 25940
59 25948
59 26058
59 26085
59 26090
59 26121
59 26125
59 26132
59 26237
59 26276
59 26312
59 26338
59 26385
59 26409
59 26411
59 26421
59 26465
59 26518
59 26537
59 26554
59 26574
59 26616
59 26645
59 26646
59 26649
59 26666
59 26708
59 26755
59 26796
59 26826
59 26839
59 26862
59 26910
59 26937
59 26945
59 26948
59 26960
59 26966
59 26978
59 26990
59 27021
59 27053
59 27060
59 27062
59 27072
59 27103
59 27114
59 27130
59 27153
59 27155
59 27170
59 27182
59 27190
59 27205
59 27209
59 27215
59 27275
59 27289
59 27298
59 27332
59 27340
59 27374
59 27434
59 27436
59 27471
59 27554
59 27562
59 27619
59 27659
59 27671
59 27674
59 27680
59 27699
59 27711
59 27759
59 27767
59 27781
59 27798
59 27805
59 27819
59 27828
59 27831
59 27879
59 27882
59 27889
59 27893
59 27917
59 27931
59 27942
59 27949
59 27958
59 27965
59 27987
59 28048
59 28113
59 28173
59 28177
59 28185
59 28206
59 28226
59 28248
59 28317
59 28319
59 28332
59 28340
59 28350
59 28383
59 28403
59 28408
59 28439
59 28441
59 28452
59 28454
59 28461
59 28494
59 28502
59 28510
59 28541
59 28603
59 28605
59 28643
59 28679
59 28693
59 28714
59 28728
59 28758
59 28798
59 28805
59 28839
59 28861
59 28877
59 28937
59 28954
59 28976
59 28980
59 28992
59 28997
59 29000
59 29039
59 29065
59 29097
59 29104
59 29111
59 29125
59 29168
59 29174
59 29177
59 29202
59 29204
59 29232
59 29252
59 29264
59 29309
59 29312
59 29330
59 29334
59 29340
59 29371
59 29416
59 29455
59 29494
59 29502
59 29507
59 29533
59 29537
59 29538
59 29554
59 29561
59 29567
59 29568
59 29576
59 29579
59 29605
59 29607
59 29618
59 29647
59 29736
59 29762
59 29774
59 29807
59 29808
59 29827
59 29854
59 29857
59 29869
59 29894
59 29921
59 29922
59 29943
59 29947
59 30009
59 30014
59 30043
59 30057
59 30065
59 30096
59 30125
59 30143
59 30145
59 30230
59 30234
59 30246
59 30253
59 30280
59 30310
59 30344
59 30345
59 30346
59 30356
59 30361
59 30362
59 30364
59 30418
59 30425
59 30453
59 30476
59 30504
59 30506
59 30531
59 30538
59 30541
59 30602
59 30608
59 30646
59 30704
59 30726
59 30788
59 30792
59 30829
59 30833
59 30869
59 30874
59 30887
59 30924
59 30926
59 30943
59 30944
59 31009
59 31064
59 31075
59 31126
59 31138
59 31145
59 31169
59 31202
59 31227
59 31230
59 31233
59 31251
59 31278
59 31290
59 31317
59 31330
59 31373
59 31381
59 31392
59 31394
59 31466
59 31485
59 31498
59 31512
59 31527
59 31538
59 31567
59 31623
59 31638
59 31642
59 31659
59 31662
59 31683
59 31713
59 31720
59 31730
59 31752
59 31773
59 31774
59 31781
59 31814
59 31869
59 31898
59 31908
59 31957
59 31960
59 32025
59 32047
59 32100
59 32117
59 32121
59 32148
59 32170
59 32182
59 32196
59 32202
59 32218
59 32223
59 32244
59 32263
59 32266
59 32301
59 32303
59 32357
59 32415
59 32481
59 32520
59 32556
59 32579
59 32580
59 32587
59 32591
59 32595
59 32659
59 32673
59 32678
59 32679
59 32719
59 32731
59 32747
59 32751
59 32765
59 32768
59 32792
59 32803
59 32813
59 32821
59 32828
59 32853
59 32864
59 32873
59 32907
59 32910
59 32938
59 32947
59 32965
59 32968
59 33069
59 33125
59 33182
59 33199
59 33288
59 33298
59 33332
59 33340
59 33352
59 33356
59 33413
59 33442
59 33458
59 33481
59 33489
59 33499
59 33551
59 33556
59 33587
59 33621
59 33638
59 33652
59 33659
59 33682
59 33716
59 33742
59 33766
59 33790
59 33827
59 33916
59 33951
59 33952
59 33957
59 33982
59 34017
59 34042
59 34053
59 34092
59 34096
59 34104
59 34117
59 34139
59 34146
59 34175
59 34185
59 34187
59 34194
59 34195
59 34200
59 34260
59 34360
59 34373
59 34375
59 34388
59 34395
59 34419
59 34443
59 34456
59 34474
59 34481
59 34494
59 34500
59 34520
59 34555
59 34567
59 34576
59 34578
59 34603
59 34605
59 34619
59 34622
59 34639
59 34647
59 34717
59 34764
59 34772
59 34776
59 34823
59 34828
59 34882
59 34915
59 34978
59 35020
59 35110
59 35117
59 35129
59 35165
59 35180
59 35220
59 35222
59 35228
59 35272
59 35282
59 35303
59 35320
59 35327
59 35339
59 35351
59 35379
59 35401
59 35406
59 35442
59 35447
59 35463
59 35486
59 35513
59 35533
59 35560
59 35616
59 35631
59 35699
59 35701
59 35709
59 35723
59 35726
59 35745
59 35750
59 35764
59 35785
59 35881
59 35899
59 35912
59 35927
59 35930
59 35932
59 35948
59 35960
59 35990
59 35993
59 36002
59 36015
59 36026
59 36027
59 36035
59 36079
59 36104
59 36121
59 36128
59 36153
59 36225
59 36229
59 36235
59 36243
59 36251
59 36264
59 36292
59 36350
59 36376
59 36402
59 36424
59 36441
59 36468
59 36495
59 36530
59 36599
59 36657
59 36673
59 36676
59 36682
59 36730
59 36768
59 36795
59 36796
59 36833
59 36836
59 36838
59 36899
59 36924
59 36942
59 36964
59 36982
59 37006
59 37047
59 37052
59 37066
59 37086
59 37186
59 37193
59 37199
59 37246
59 37254
59 37303
59 37304
59 37312
59 37332
59 37364
59 37398
59 37415
59 37425
59 37451
59 37474
59 37492
59 37513
59 37515
59 37551
59 37576
59 37601
59 37606
59 37608
59 37671
59 37686
59 37693
59 37711
59 37720
59 37732
59 37749
59 37750
59 37751
59 37798
59 37817
59 37852
59 37913
59 37925
59 37962
59 37967
59 37983
59 37988
59 37989
59 38035
59 38084
59 38120
59 38139
59 38140
59 38148
59 38153
59 38162
59 38230
59 38244
59 38250
59 38269
59 38293
59 38294
59 38325
59 38326
59 38342
59 38351
59 38352
59 38354
59 38368
59 38402
59 38429
59 38447
59 38541
59 38560
59 38562
59 38587
59 38650
59 38662
59 38676
59 38692
59 38721
59 38747
59 38755
59 38767
59 38786
59 38800
59 38830
59 38858
59 38887
59 38897
59 38902
59 38956
59 38980
59 39088
59 39105
59 39123
59 39133
59 39148
59 39164
59 39324
59 39335
59 39344
59 39384
59 39390
59 39393
59 39416
59 39438
59 39454
59 39495
59 39521
59 39535
59 39542
59 39576
59 39627
59 39639
59 39654
59 39681
59 39684
59 39691
59 39739
59 39847
59 39861
59 39910
59 39973
59 40043
59 40046
59 40063
59 40072
59 40097
59 40112
59 40140
59 40183
59 40185
59 40196
59 40239
59 40288
59 40304
59 40307
59 40379
59 40387
59 40392
59 40405
59 40426
59 40447
59 40502
59 40505
59 40523
59 40534
59 40593
59 40600
59 40615
59 40634
59 40636
59 40658
59 40659
59 40678
59 40689
59 40695
59 40703
59 40706
59 40713
59 40733
59 40757
59 40763
59 40785
59 40836
59 40876
59 40889
59 40945
59 40958
59 40964
59 40991
59 41005
59 41033
59 41044
59 41060
59 41072
59 41098
59 41110
59 41135
59 41142
59 41185
59 41195
59 41201
59 41208
59 41221
59 41238
59 41247
59 41273
59 41295
59 41345
59 41350
59 41359
59 41364
59 41391
59 41416
59 41422
59 41430
59 41446
59 41460
59 41510
59 41515
59 41527
59 41530
59 41533
59 41571
59 41602
59 41611
59 41650
59 41653
59 41659
59 41666
59 41670
59 41680
59 41681
59 41682
59 41684
59 41690
59 41743
59 41750
59 41758
59 41809
59 41825
59 41846
59 41847
59 41853
59 41857
59 41869
59 41873
59 41925
59 42033
59 42047
59 42071
59 42081
59 42114
59 42133
59 42155
59 42158
59 42179
59 42182
59 42190
59 42273
59 42285
59 42304
59 42327
59 42340
59 42358
59 42384
59 42409
59 42427
59 42442
59 42452
59 42462
59 42463
59 42472
59 42486
59 42534
59 42586
59 42593
59 42602
59 42614
59 42643
59 42647
59 42654
59 42686
59 42726
59 42770
59 42774
59 42792
59 42825
59 42839
59 42847
59 42851
59 42861
59 42889
59 42920
59 42923
59 42956
59 43040
59 43050
59 43056
59 43064
59 43081
59 43099
59 43125
59 43155
59 43164
59 43181
59 43206
59 43208
59 43212
59 43217
59 43233
59 43249
59 43266
59 43297
59 43307
59 43320
59 43329
59 43435
59 43453
59 43467
59 43478
59 43499
59 43555
59 43573
59 43578
59 43595
59 43656
59 43663
59 43666
59 43689
59 43770
59 43779
59 43802
59 43807
59 43834
59 43841
59 43845
59 43900
59 43949
59 43964
59 43969
59 43999
59 44077
59 44141
59 44172
59 44185
59 44189
59 44215
59 44256
59 44261
59 44268
59 44290
59 44304
59 44325
59 44333
59 44367
59 44431
59 44453
59 44477
59 44482
59 44483
59 44495
59 44501
59 44590
59 44598
59 44606
59 44613
59 44659
59 44673
59 44738
59 44756
59 44826
59 44836
59 44860
59 44907
59 44968
59 44969
59 44971
59 44987
59 45028
59 45045
59 45057
59 45082
59 45107
59 45115
59 45116
59 45122
59 45130
59 45135
59 45148
59 45167
59 45182
59 45185
59 45206
59 45253
59 45266
59 45283
59 45297
59 45339
59 45342
59 45362
59 45364
59 45394
59 45406
59 45431
59 45441
59 45464
59 45503
59 45516
59 45542
59 45546
59 45552
59 45555
59 45587
59 45595
59 45614
59 45617
59 45621
59 45623
59 45663
59 45709
59 45735
59 45750
59 45751
59 45769
59 45798
59 45808
59 45812
59 45841
59 45848
59 45867
59 45872
59 45877
59 45881
59 45944
59 45963
59 46001
59 46052
59 46077
59 46103
59 46105
59 46116
59 46163
59 46172
59 46188
59 46192
59 46203
59 46212
59 46225
59 46248
59 46288
59 46338
59 46354
59 46418
59 46430
59 46467
59 46477
59 46493
59 46498
59 46500
59 46551
59 46579
59 46584
59 46612
59 46618
59 46654
59 46713
59 46732
59 46760
59 46761
59 46779
59 46802
59 46818
59 46856
59 46890
59 46928
59 46930
59 46945
59 46971
59 47029
59 47036
59 47070
59 47109
59 47111
59 47112
59 47165
59 47200
59 47205
59 47215
59 47231
59 47248
59 47255
59 47403
59 47412
59 47451
59 47453
59 47458
59 47482
59 47592
59 47603
59 47621
59 47622
59 47623
59 47624
59 47638
59 47740
59 47746
59 47749
59 47750
59 47754
59 47862
59 47908
59 47932
59 47934
59 47955
59 47967
59 47977
59 47980
59 48013
59 48014
59 48025
59 48034
59 48042
59 48055
59 48057
59 48105
59 48162
59 48163
59 48169
59 48171
59 48184
59 48214
59 48219
59 48226
59 48231
59 48242
59 48277
59 48329
59 48352
59 48362
59 48364
59 48375
59 48394
59 48400
59 48417
59 48456
59 48469
59 48489
59 48504
59 48513
59 48522
59 48529
59 48574
59 48579
59 48582
59 48594
59 48609
59 48633
59 48683
59 48774
59 48791
59 48805
59 48807
59 48878
59 48891
59 48893
59 48907
59 48910
59 48925
59 48958
59 48963
59 48981
59 48989
59 49014
59 49045
59 49071
59 49119
59 49189
59 49195
59 49201
59 49283
59 49285
59 49289
59 49300
59 49352
59 49355
59 49367
59 49386
59 49388
59 49449
59 49454
59 49470
59 49476
59 49610
59 49642
59 49681
59 49713
59 49733
59 49739
59 49741
59 49744
59 49746
59 49757
59 49768
59 49808
59 49817
59 49840
59 49897
59 49937
59 49944
59 49946
59 49957
59 49996
59 49999
59 50001
59 50009
59 50032
59 50042
59 50045
59 50060
59 50064
59 50066
59 50073
59 50075
59 50095
59 50108
59 50126
59 50130
59 50141
59 50152
59 50160
59 50170
59 50208
59 50212
59 50221
59 50258
59 50259
59 50308
59 50315
59 50335
59 50369
59 50370
59 50378
59 50392
59 50407
59 50410
59 50442
59 50450
59 50454
59 50476
59 50497
59 50505
59 50565
59 50577
59 50672
59 50681
59 50685
59 50688
59 50744
59 50887
59 50921
59 50930
59 50946
59 50956
59 50992
59 51043
59 51050
59 51072
59 51084
59 51103
59 51145
59 51162
59 51165
59 51173
59 51197
59 51200
59 51207
59 51211
59 51251
59 51313
59 51318
59 51343
59 51370
59 51395
59 51397
59 51447
59 51448
59 51450
59 51453
59 51537
59 51554
59 51564
59 51568
59 51594
59 51624
59 51651
59 51674
59 51691
59 51700
59 51752
59 51753
59 51773
59 51779
59 51830
59 51871
59 51900
59 51903
59 51927
59 51959
59 51973
59 52005
59 52037
59 52039
59 52041
59 52099
59 52106
59 52138
59 52143
59 52147
59 52173
59 52213
59 52218
59 52224
59 52237
59 52240
59 52264
59 52277
59 52295
59 52296
59 52309
59 52314
59 52319
59 52323
59 52341
59 52347
59 52351
59 52363
59 52403
59 52407
59 52455
59 52464
59 52476
59 52501
59 52535
59 52550
59 52561
59 52657
59 52674
59 52707
59 52715
59 52716
59 52831
59 52835
59 52860
59 52904
59 52978
59 52985
59 53043
59 53056
59 53086
59 53114
59 53140
59 53161
59 53170
59 53188
59 53229
59 53241
59 53259
59 53299
59 53307
59 53322
59 53338
59 53345
59 53347
59 53384
59 53390
59 53480
59 53517
59 53540
59 53580
59 53602
59 53606
59 53609
59 53736
59 53769
59 53799
59 53811
59 53818
59 53872
59 53888
59 53928
59 53934
59 53973
59 53982
59 54037
59 54043
59 54045
59 54094
59 54131
59 54132
59 54142
59 54146
59 54148
59 54206
59 54212
59 54218
59 54226
59 54233
59 54238
59 54286
59 54287
59 54316
59 54365
59 54366
59 54372
59 54378
59 54388
59 54392
59 54455
59 54462
59 54475
59 54530
59 54541
59 54544
59 54555
59 54578
59 54585
59 54599
59 54621
59 54651
59 54694
59 54702
59 54707
59 54787
59 54808
59 54866
59 54873
59 54877
59 54879
59 54910
59 54939
59 54969
59 54974
59 54979
59 54996
59 54998
59 55031
59 55040
59 55109
59 55111
59 55123
59 55193
59 55202
59 55229
59 55241
59 55270
59 55275
59 55284
59 55321
59 55401
59 55423
59 55486
59 55497
59 55550
59 55627
59 55646
59 55662
59 55678
59 55706
59 55714
59 55720
59 55731
59 55785
59 55830
59 55839
59 55850
59 55855
59 55886
59 55931
59 55947
59 55988
59 56036
59 56070
59 56121
59 56123
59 56170
59 56198
59 56225
59 56226
59 56234
59 56285
59 56316
59 56329
59 56340
59 56345
59 56349
59 56358
59 56360
59 56371
59 56377
59 56390
59 56432
59 56455
59 56456
59 56457
59 56476
59 56486
59 56494
59 56499
59 56500
59 56507
59 56526
59 56585
59 56601
59 56615
59 56626
59 56627
59 56631
59 56656
59 56679
59 56694
59 56702
59 56734
59 56752
59 56754
59 56772
59 56806
59 56808
59 56809
59 56906
59 56920
59 56923
59 56931
59 56969
59 57011
59 57022
59 57034
59 57079
59 57102
59 57132
59 57142
59 57153
59 57195
59 57206
59 57211
59 57230
59 57237
59 57305
59 57311
59 57314
59 57330
59 57339
59 57416
59 57431
59 57472
59 57500
59 57533
59 57545
59 57556
59 57586
59 57605
59 57635
59 57642
59 57734
59 57772
59 57795
59 57811
59 57819
59 57838
59 57863
59 57934
59 58008
59 58021
59 58047
59 58048
59 58072
59 58073
59 58108
59 58125
59 58130
59 58147
59 58161
59 58162
59 58172
59 58201
59 58206
59 58231
59 58240
59 58263
59 58265
59 58284
59 58349
59 58359
59 58363
59 58364
59 58371
59 58393
59 58415
59 58443
59 58476
59 58479
59 58490
59 58502
59 58530
59 58540
59 58552
59 58579
59 58596
59 58635
59 58642
59 58660
59 58663
59 58668
59 58706
59 58738
59 58782
59 58784
59 58791
59 58803
59 58809
59 58813
59 58834
59 58836
59 58842
59 58854
59 58884
59 58885
59 58904
59 58917
59 58919
59 58929
59 58952
59 58983
59 58989
59 59000
59 59021
59 59041
59 59048
59 59062
59 59065
59 59109
59 59130
59 59131
59 59149
59 59151
59 59167
59 59174
59 59218
59 59245
59 59262
59 59289
59 59313
59 59314
59 59325
59 59399
59 59406
59 59414
59 59433
59 59446
59 59467
59 59486
59 59498
59 59518
59 59543
59 59645
59 59654
59 59660
59 59664
59 59723
59 59741
59 59798
59 59799
59 59850
59 59852
59 59873
59 59917
59 59926
59 59965
59 59972
59 59973
59 60006
59 60075
59 60095
59 60097
59 60134
59 60156
59 60167
59 60175
59 60216
59 60224
59 60265
59 60269
59 60351
59 60354
59 60371
59 60423
59 60453
59 60544
59 60545
59 60546
59 60549
59 60643
59 60648
59 60665
59 60694
59 60698
59 60721
59 60730
59 60746
59 60752
59 60757
59 60803
59 60819
59 60847
59 60864
59 60922
59 60932
59 60977
59 60994
59 61020
59 61033
59 61063
59 61076
59 61077
59 61119
59 61124
59 61135
59 61138
59 61139
59 61144
59 61168
59 61178
59 61192
59 61194
59 61231
59 61274
59 61321
59 61336
59 61350
59 61362
59 61448
59 61456
59 61477
59 61524
59 61549
59 61569
59 61584
59 61602
59 61609
59 61641
59 61647
59 61684
59 61702
59 61716
59 61726
59 61739
59 61751
59 61767
59 61769
59 61815
59 61847
59 61902
59 61975
59 61978
59 61988
59 62001
59 62007
59 62009
59 62016
59 62027
59 62028
59 62034
59 62073
59 62076
59 62165
59 62177
59 62184
59 62193
59 62202
59 62229
59 62233
59 62327
59 62344
59 62366
59 62398
59 62418
59 62424
59 62455
59 62456
59 62483
59 62499
59 62517
59 62520
59 62549
59 62601
59 62627
59 62646
59 62671
59 62680
59 62712
59 62763
59 62775
59 62790
59 62832
59 62843
59 62871
59 62882
59 62901
59 62909
59 62915
59 62919
59 62931
59 62932
59 62954
59 62962
59 63015
59 63039
59 63053
59 63073
59 63123
59 63175
59 63182
59 63250
59 63253
59 63257
59 63260
59 63284
59 63314
59 63319
59 63327
59 63340
59 63360
59 63389
59 63394
59 63464
59 63495
59 63536
59 63538
59 63566
59 63596
59 63606
59 63614
59 63634
59 63640
59 63648
59 63651
59 63652
59 63664
59 63671
59 63683
59 63742
59 63744
59 63770
59 63773
59 63782
59 63788
59 63833
59 63835
59 63837
59 63840
59 63841
59 63846
59 63875
59 63878
59 63901
59 63927
59 63940
59 63969
59 64021
59 64041
59 64045
59 64144
59 64150
59 64156
59 64163
59 64174
59 64177
59 64237
59 64241
59 64246
59 64284
59 64296
59 64320
59 64323
59 64341
59 64450
59 64455
59 64471
59 64504
59 64523
59 64559
59 64578
59 64599
59 64628
59 64673
59 64680
59 64725
59 64786
59 64844
59 64861
59 64888
59 64916
59 64957
59 64964
59 64981
59 64995
59 65074
59 65191
59 65205
59 65251
59 65254
59 65255
59 65296
59 65316
59 65327
59 65328
59 65330
59 65338
59 65343
59 65353
59 65402
59 65405
59 65419
59 65426
59 65444
59 65478
59 65516
59 65525
59 65548
59 65558
59 65566
59 65567
59 65626
59 65642
59 65664
59 65668
59 65707
59 65719
59 65779
59 65807
59 65826
59 65870
59 65915
59 65927
59 65967
59 65970
59 65987
59 65998
59 66000
59 66019
59 66042
59 66062
59 66135
59 66142
59 66143
59 66153
59 66180
59 66190
59 66217
59 66249
59 66275
59 66287
59 66299
59 66316
59 66357
59 66414
59 66428
59 66436
59 66449
59 66485
59 66488
59 66501
59 66571
59 66581
59 66617
59 66621
59 66629
59 66638
59 66643
59 66651
59 66662
59 66672
59 66692
59 66694
59 66697
59 66701
59 66719
59 66730
59 66732
59 66751
59 66772
59 66776
59 66777
59 66780
59 66790
59 66806
59 66821
59 66844
59 66853
59 66859
59 66869
59 66874
59 66916
59 66932
59 66953
59 67032
59 67051
59 67062
59 67110
59 67112
59 67120
59 67189
59 67202
59 67220
59 67233
59 67255
59 67274
59 67276
59 67277
59 67292
59 67340
59 67345
59 67396
59 67408
59 67421
59 67435
59 67461
59 67469
59 67483
59 67486
59 67525
59 67530
59 67615
59 67619
59 67622
59 67642
59 67690
59 67702
59 67729
59 67798
59 67817
59 67933
59 67941
59 67953
59 67967
59 67971
59 68005
59 68010
59 68011
59 68026
59 68060
59 68065
59 68072
59 68099
59 68121
59 68144
59 68197
59 68216
59 68231
59 68232
59 68248
59 68280
59 68320
59 68350
59 68365
59 68387
59 68487
59 68498
59 68559
59 68575
59 68600
59 68626
59 68635
59 68638
59 68659
59 68682
59 68685
59 68711
59 68745
59 68773
59 68780
59 68815
59 68816
59 68851
59 68887
59 68897
59 68909
59 68950
59 68975
59 68977
59 68984
59 68995
59 68997
59 69117
59 69119
59 69127
59 69153
59 69154
59 69178
59 69205
59 69222
59 69229
59 69232
59 69234
59 69314
59 69326
59 69351
59 69357
59 69363
59 69368
59 69387
59 69416
59 69439
59 69441
59 69480
59 69503
59 69538
59 69555
59 69566
59 69600
59 69616
59 69651
59 69682
59 69751
59 69760
59 69769
59 69791
59 69805
59 69860
59 69875
59 69876
59 69902
59 69903
59 69904
59 69937
59 69950
59 69958
59 69975
59 69984
59 69994
59 70001
59 70026
59 70029
59 70038
59 70075
59 70102
59 70103
59 70115
59 70153
59 70183
59 70227
59 70232
59 70258
59 70283
59 70285
59 70307
59 70333
59 70346
59 70350
59 70393
59 70441
59 70474
59 70493
59 70508
59 70544
59 70548
59 70577
59 70578
59 70622
59 70636
59 70642
59 70661
59 70686
59 70690
59 70723
59 70726
59 70775
59 70807
59 70823
59 70876
59 70884
59 70935
59 70943
59 70949
59 71002
59 71022
59 71041
59 71079
59 71091
59 71126
59 71129
59 71212
59 71232
59 71251
59 71293
59 71297
59 71370
59 71408
59 71427
59 71435
59 71441
59 71450
59 71453
59 71475
59 71513
59 71514
59 71540
59 71580
59 71588
59 71614
59 71615
59 71635
59 71650
59 71652
59 71657
59 71667
59 71669
59 71691
59 71698
59 71702
59 71710
59 71712
59 71720
59 71731
59 71785
59 71842
59 71909
59 71910
59 71912
59 71954
59 71969
59 71979
59 72030
59 72048
59 72101
59 72106
59 72108
59 72119
59 72120
59 72202
59 72286
59 72291
59 72340
59 72341
59 72346
59 72347
59 72356
59 72387
59 72443
59 72451
59 72502
59 72545
59 72551
59 72572
59 72577
59 72587
59 72648
59 72661
59 72688
59 72699
59 72708
59 72729
59 72768
59 72772
59 72793
59 72809
59 72846
59 72857
59 72870
59 72918
59 72920
59 72934
59 72956
59 73018
59 73036
59 73061
59 73065
59 73129
59 73151
59 73166
59 73182
59 73189
59 73191
59 73208
59 73233
59 73238
59 73240
59 73257
59 73262
59 73278
59 73329
59 73336
59 73408
59 73414
59 73418
59 73419
59 73495
59 73497
59 73500
59 73579
59 73603
59 73610
59 73676
59 73699
59 73706
59 73708
59 73713
59 73740
59 73765
59 73768
59 73776
59 73781
59 73783
59 73787
59 73818
59 73840
59 73842
59 73846
59 73855
59 73869
59 73893
59 73918
59 73929
59 73942
59 74016
59 74021
59 74076
59 74081
59 74170
59 74211
59 74239
59 74263
59 74278
59 74357
59 74413
59 74459
59 74460
59 74461
59 74478
59 74507
59 74509
59 74541
59 74542
59 74555
59 74572
59 74584
59 74604
59 74616
59 74637
59 74656
59 74661
59 74701
59 74705
59 74713
59 74724
59 74731
59 74735
59 74736
59 74740
59 74778
59 74814
59 74822
59 74871
59 74917
59 74938
59 75019
59 75043
59 75054
59 75074
59 75075
59 75124
59 75146
59 75156
59 75166
59 75201
59 75238
59 75240
59 75262
59 75282
59 75326
59 75332
59 75337
59 75407
59 75410
59 75432
59 75463
59 75502
59 75553
59 75557
59 75562
59 75614
59 75654
59 75677
59 75743
59 75775
59 75779
59 75780
59 75809
59 75844
59 75892
59 75894
59 75910
59 75919
59 75920
59 75924
59 75927
59 75939
59 75945
59 76048
59 76055
59 76212
59 76223
59 76244
59 76252
59 76259
59 76304
59 76349
59 76352
59 76353
59 76358
59 76369
59 76373
59 76375
59 76398
59 76428
59 76456
59 76528
59 76530
59 76542
59 76586
59 76600
59 76615
59 76637
59 76676
59 76685
59 76699
59 76717
59 76722
59 76727
59 76729
59 76748
59 76773
59 76779
59 76819
59 76822
59 76829
59 76844
59 76859
59 76865
59 76895
59 76941
59 76986
59 76996
59 77012
59 77026
59 77027
59 77033
59 77066
59 77087
59 77099
59 77131
59 77146
59 77154
59 77237
59 77269
59 77279
59 77306
59 77315
59 77332
59 77333
59 77342
59 77345
59 77387
59 77388
59 77464
59 77484
59 77507
59 77528
59 77532
59 77574
59 77627
59 77668
59 77691
59 77737
59 77738
59 77743
59 77761
59 77762
59 77782
59 77807
59 77880
59 77914
59 77926
59 77929
59 77938
59 78028
59 78029
59 78045
59 78065
59 78087
59 78100
59 78144
59 78150
59 78250
59 78269
59 78273
59 78328
59 78333
59 78361
59 78379
59 78391
59 78423
59 78430
59 78443
59 78464
59 78466
59 78482
59 78504
59 78512
59 78536
59 78544
59 78551
59 78554
59 78557
59 78559
59 78579
59 78605
59 78626
59 78628
59 78662
59 78722
59 78764
59 78805
59 78806
59 78814
59 78823
59 78845
59 78847
59 78852
59 78854
59 78864
59 78948
59 78952
59 79003
59 79037
59 79051
59 79052
59 79056
59 79064
59 79093
59 79132
59 79143
59 79166
59 79222
59 79225
59 79254
59 79272
59 79300
59 79312
59 79322
59 79333
59 79355
59 79388
59 79422
59 79441
59 79456
59 79477
59 79496
59 79503
59 79514
59 79518
59 79524
59 79572
59 79633
59 79635
59 79675
59 79679
59 79697
59 79702
59 79730
59 79757
59 79773
59 79810
59 79822
59 79824
59 79838
59 79857
59 79875
59 79887
59 79895
59 79932
59 79949
59 79955
59 79960
59 79977
59 79982
59 79999
59 80003
59 80023
59 80030
59 80050
59 80072
59 80158
59 80254
59 80272
59 80282
59 80285
59 80300
59 80313
59 80368
59 80371
59 80415
59 80418
59 80440
59 80482
59 80494
59 80504
59 80507
59 80515
59 80521
59 80581
59 80585
59 80605
59 80620
59 80680
59 80750
59 80802
59 80810
59 80835
59 80843
59 80875
59 80883
59 80889
59 80911
59 80948
59 80967
59 81040
59 81046
59 81069
59 81081
59 81101
59 81102
59 81103
59 81147
59 81193
59 81206
59 81263
59 81268
59 81295
59 81320
59 81338
59 81349
59 81361
59 81379
59 81380
59 81408
59 81449
59 81464
59 81468
59 81519
59 81541
59 81568
59 81579
59 81594
59 81596
59 81636
59 81705
59 81706
59 81719
59 81722
59 81733
59 81736
59 81745
59 81756
59 81795
59 81891
59 81909
59 81951
59 81966
59 81992
59 82005
59 82008
59 82023
59 82024
59 82028
59 82044
59 82047
59 82090
59 82091
59 82118
59 82125
59 82130
59 82137
59 82184
59 82200
59 82264
59 82265
59 82273
59 82275
59 82284
59 82290
59 82340
59 82352
59 82364
59 82369
59 82389
59 82393
59 82401
59 82414
59 82415
59 82430
59 82435
59 82449
59 82476
59 82489
59 82498
59 82573
59 82574
59 82601
59 82632
59 82650
59 82667
59 82669
59 82689
59 82730
59 82738
59 82742
59 82755
59 82782
59 82789
59 82799
59 82821
59 82912
59 82944
59 82946
59 82974
59 82984
59 82986
59 83020
59 83021
59 83088
59 83100
59 83106
59 83143
59 83190
59 83191
59 83199
59 83229
59 83319
59 83323
59 83327
59 83339
59 83374
59 83388
59 83441
59 83467
59 83481
59 83509
59 83519
59 83535
59 83574
59 83626
59 83671
59 83690
59 83716
59 83741
59 83748
59 83765
59 83771
59 83778
59 83784
59 83796
59 83802
59 83805
59 83820
59 83863
59 83874
59 83908
59 83958
59 83961
59 83965
59 83988
59 84013
59 84084
59 84094
59 84120
59 84134
59 84151
59 84170
59 84176
59 84220
59 84223
59 84229
59 84277
59 84292
59 84323
59 84373
59 84385
59 84420
59 84432
59 84445
59 84448
59 84495
59 84587
59 84601
59 84641
59 84654
59 84665
59 84682
59 84687
59 84727
59 84799
59 84802
59 84812
59 84867
59 84876
59 84882
59 84887
59 84901
59 84907
59 84923
59 84924
59 84961
59 85028
59 85068
59 85097
59 85100
59 85107
59 85157
59 85158
59 85179
59 85260
59 85314
59 85331
59 85374
59 85383
59 85404
59 85465
59 85466
59 85487
59 85490
59 85501
59 85541
59 85568
59 85621
59 85671
59 85689
59 85712
59 85725
59 85731
59 85739
59 85745
59 85754
59 85756
59 85763
59 85764
59 85782
59 85784
59 85812
59 85847
59 85849
59 85867
59 85877
59 85898
59 85917
59 85926
59 85927
59 85987
59 85997
59 86047
59 86063
59 86075
59 86083
59 86118
59 86127
59 86147
59 86151
59 86164
59 86216
59 86240
59 86276
59 86354
59 86374
59 86381
59 86384
59 86398
59 86423
59 86498
59 86500
59 86529
59 86540
59 86550
59 86561
59 86564
59 86591
59 86614
59 86640
59 86658
59 86690
59 86701
59 86718
59 86723
59 86744
59 86748
59 86804
59 86809
59 86842
59 86900
59 86902
59 86933
59 86956
59 86958
59 86971
59 86973
59 86986
59 87008
59 87019
59 87024
59 87028
59 87046
59 87080
59 87091
59 87133
59 87145
59 87166
59 87180
59 87218
59 87221
59 87240
59 87242
59 87246
59 87270
59 87278
59 87284
59 87299
59 87301
59 87310
59 87317
59 87318
59 87325
59 87365
59 87378
59 87385
59 87426
59 87431
59 87477
59 87502
59 87527
59 87530
59 87548
59 87555
59 87557
59 87559
59 87566
59 87596
59 87621
59 87625
59 87654
59 87666
59 87683
59 87688
59 87690
59 87701
59 87708
59 87741
59 87750
59 87756
59 87830
59 87875
59 87895
59 87900
59 87940
59 87951
59 87962
59 88006
59 88018
59 88025
59 88043
59 88063
59 88075
59 88089
59 88093
59 88129
59 88162
59 88224
59 88271
59 88367
59 88390
59 88401
59 88405
59 88420
59 88426
59 88440
59 88442
59 88450
59 88475
59 88480
59 88493
59 88498
59 88502
59 88519
59 88524
59 88528
59 88537
59 88583
59 88587
59 88599
59 88641
59 88689
59 88717
59 88733
59 88787
59 88793
59 88809
59 88810
59 88836
59 88843
59 88878
59 88892
59 88902
59 88906
59 88913
59 88946
59 88960
59 88984
59 88999
59 89011
59 89072
59 89090
59 89133
59 89151
59 89172
59 89175
59 89192
59 89201
59 89243
59 89263
59 89286
59 89300
59 89323
59 89327
59 89342
59 89347
59 89355
59 89386
59 89389
59 89395
59 89441
59 89445
59 89494
59 89526
59 89567
59 89578
59 89601
59 89632
59 89642
59 89674
59 89693
59 89699
59 89726
59 89774
59 89809
59 89833
59 89858
59 89866
59 89868
59 89890
59 89893
59 89913
59 89971
59 89977
59 90039
59 90055
59 90071
59 90076
59 90083
59 90104
59 90150
59 90176
59 90193
59 90196
59 90201
59 90212
59 90288
59 90293
59 90305
59 90315
59 90365
59 90429
59 90450
59 90537
59 90545
59 90559
59 90561
59 90600
59 90618
59 90634
59 90659
59 90672
59 90702
59 90724
59 90760
59 90771
59 90792
59 90801
59 90807
59 90818
59 90824
59 90830
59 90866
59 90873
59 90911
59 90927
59 90931
59 90946
59 90956
59 90968
59 90993
59 91017
59 91021
59 91148
59 91158
59 91166
59 91195
59 91209
59 91245
59 91259
59 91265
59 91269
59 91309
59 91373
59 91409
59 91419
59 91455
59 91461
59 91479
59 91488
59 91493
59 91527
59 91536
59 91570
59 91585
59 91593
59 91596
59 91607
59 91621
59 91639
59 91671
59 91674
59 91696
59 91719
59 91803
59 91804
59 91807
59 91815
59 91827
59 91860
59 91897
59 91903
59 91945
59 91964
59 92004
59 92060
59 92097
59 92145
59 92151
59 92193
59 92243
59 92245
59 92269
59 92290
59 92297
59 92308
59 92314
59 92388
59 92420
59 92422
59 92442
59 92445
59 92448
59 92483
59 92500
59 92508
59 92531
59 92558
59 92585
59 92589
59 92616
59 92623
59 92634
59 92698
59 92700
59 92708
59 92709
59 92737
59 92761
59 92768
59 92776
59 92817
59 92818
59 92879
59 92922
59 92939
59 92970
59 93033
59 93039
59 93056
59 93062
59 93079
59 93148
59 93236
59 93255
59 93326
59 93355
59 93366
59 93439
59 93493
59 93528
59 93552
59 93555
59 93571
59 93573
59 93629
59 93659
59 93696
59 93725
59 93726
59 93745
59 93751
59 93753
59 93771
59 93789
59 93844
59 93938
59 93964
59 93998
59 94002
59 94008
59 94025
59 94052
59 94064
59 94106
59 94114
59 94159
59 94174
59 94186
59 94209
59 94211
59 94249
59 94299
59 94301
59 94344
59 94351
59 94355
59 94372
59 94398
59 94404
59 94422
59 94501
59 94504
59 94527
59 94538
59 94544
59 94546
59 94625
59 94696
59 94699
59 94704
59 94711
59 94713
59 94728
59 94758
59 94778
59 94779
59 94781
59 94813
59 94841
59 94898
59 94917
59 94919
59 94955
59 94960
59 94975
59 95040
59 95043
59 95044
59 95057
59 95059
59 95068
59 95082
59 95097
59 95119
59 95132
59 95133
59 95136
59 95193
59 95219
59 95229
59 95254
59 95264
59 95267
59 95276
59 95302
59 95327
59 95363
59 95456
59 95458
59 95459
59 95461
59 95469
59 95476
59 95555
59 95603
59 95682
59 95687
59 95689
59 95734
59 95740
59 95746
59 95782
59 95790
59 95798
59 95800
59 95833
59 95870
59 95892
59 95924
59 95931
59 95935
59 95941
59 95968
59 96013
59 96022
59 96027
59 96055
59 96071
59 96082
59 96095
59 96122
59 96147
59 96159
59 96171
59 96174
59 96187
59 96194
59 96210
59 96236
59 96243
59 96251
59 96267
59 96291
59 96292
59 96298
59 96300
59 96348
59 96383
59 96385
59 96400
59 96415
59 96419
59 96454
59 96463
59 96464
59 96467
59 96470
59 96473
59 96489
59 96533
59 96536
59 96613
59 96650
59 96651
59 96667
59 96669
59 96688
59 96696
59 96721
59 96740
59 96757
59 96770
59 96775
59 96776
59 96788
59 96812
59 96820
59 96839
59 96953
59 96975
59 97016
59 97040
59 97054
59 97055
59 97062
59 97091
59 97095
59 97137
59 97139
59 97228
59 97229
59 97249
59 97318
59 97321
59 97359
59 97374
59 97392
59 97405
59 97430
59 97436
59 97438
59 97447
59 97462
59 97472
59 97486
59 97488
59 97493
59 97518
59 97525
59 97549
59 97560
59 97616
59 97628
59 97659
59 97660
59 97676
59 97677
59 97683
59 97701
59 97723
59 97773
59 97792
59 97796
59 97854
59 97880
59 97913
59 97938
59 97957
59 98013
59 98036
59 98065
59 98087
59 98104
59 98114
59 98147
59 98154
59 98160
59 98185
59 98202
59 98210
59 98260
59 98294
59 98347
59 98355
59 98371
59 98374
59 98385
59 98408
59 98485
59 98513
59 98530
59 98535
59 98537
59 98552
59 98561
59 98567
59 98568
59 98571
59 98665
59 98724
59 98763
59 98767
59 98769
59 98777
59 98810
59 98817
59 98825
59 98827
59 98831
59 98856
59 98862
59 98877
59 98976
59 98977
59 99016
59 99143
59 99144
59 99146
59 99150
59 99154
59 99167
59 99177
59 99192
59 99246
59 99262
59 99337
59 99339
59 99362
59 99375
59 99422
59 99451
59 99515
59 99548
59 99553
59 99557
59 99646
59 99648
59 99694
59 99697
59 99700
59 99712
59 99722
59 99740
59 99773
59 99779
59 99783
59 99866
59 99870
59 99877
59 99892
59 99921
59 99924
59 99928
59 99951
59 99966
59 99971
59 100034
59 100076
59 100087
59 100133
59 100142
59 100224
59 100231
59 100289
59 100314
59 100323
59 100335
59 100339
59 100359
59 100378
59 100448
59 100481
59 100512
59 100533
59 100559
59 100597
59 100623
59 100658
59 100670
59 100702
59 100713
59 100725
59 100729
59 100812
59 100813
59 100846
59 100859
59 100874
59 100891
59 100913
59 100978
59 100996
59 101013
59 101102
59 101105
59 101126
59 101289
59 101296
59 101299
59 101301
59 101345
59 101360
59 101375
59 101376
59 101417
59 101471
59 101474
59 101484
59 101533
59 101538
59 101551
59 101569
59 101584
59 101631
59 101658
59 101736
59 101740
59 101754
59 101756
59 101815
59 101841
59 101857
59 101992
59 102043
59 102071
59 102079
59 102081
59 102114
59 102140
59 102141
59 102148
59 102186
59 102187
59 102233
59 102272
59 102275
59 102300
59 102472
59 102526
59 102530
59 102546
59 102554
59 102595
59 102597
59 102608
59 102639
59 102643
59 102650
59 102696
59 102713
59 102782
59 102833
59 102863
59 102866
59 102887
59 102923
59 102933
59 102969
59 102978
59 102995
59 102997
59 102999
59 103000
59 103019
59 103037
59 103061
59 103122
59 103124
59 103137
59 103150
59 103188
59 103205
59 103210
59 103219
59 103220
59 103234
59 103238
59 103267
59 103357
59 103358
59 103385
59 103410
59 103431
59 103441
59 103459
59 103483
59 103511
59 103524
59 103552
59 103566
59 103582
59 103624
59 103694
59 103732
59 103741
59 103745
59 103775
59 103789
59 103805
59 103810
59 103816
59 103838
59 103867
59 103868
59 103887
59 103921
59 103972
59 103976
59 103990
59 104010
59 104012
59 104062
59 104082
59 104088
59 104099
59 104127
59 104135
59 104175
59 104180
59 104190
59 104193
59 104227
59 104232
59 104248
59 104322
59 104324
59 104337
59 104343
59 104358
59 104372
59 104407
59 104419
59 104432
59 104434
59 104457
59 104463
59 104484
59 104510
59 104519
59 104527
59 104528
59 104531
59 104560
59 104573
59 104614
59 104699
59 104746
59 104798
59 104800
59 104849
59 104885
59 104975
59 105009
59 105027
59 105028
59 105058
59 105102
59 105103
59 105121
59 105150
59 105166
59 105186
59 105233
59 105248
59 105256
59 105282
59 105391
59 105401
59 105422
59 105476
59 105513
59 105521
59 105546
59 105588
59 105601
59 105612
59 105662
59 105670
59 105681
59 105734
59 105740
59 105754
59 105765
59 105776
59 105783
59 105793
59 105810
59 105824
59 105833
59 105836
59 105845
59 105873
59 105881
59 105906
59 105914
59 105960
59 105994
59 106016
59 106022
59 106058
59 106085
59 106099
59 106115
59 106123
59 106252
59 106270
59 106281
59 106328
59 106358
59 106411
59 106432
59 106433
59 106435
59 106479
59 106547
59 106567
59 106574
59 106580
59 106594
59 106611
59 106621
59 106623
59 106671
59 106704
59 106722
59 106727
59 106812
59 106820
59 106827
59 106833
59 106836
59 106863
59 106869
59 106884
59 106896
59 106942
59 106955
59 106965
59 106980
59 107002
59 107032
59 107065
59 107097
59 107106
59 107134
59 107140
59 107173
59 107198
59 107209
59 107219
59 107229
59 107240
59 107251
59 107300
59 107302
59 107339
59 107383
59 107391
59 107427
59 107446
59 107450
59 107460
59 107507
59 107525
59 107533
59 107547
59 107585
59 107595
59 107665
59 107706
59 107713
59 107747
59 107814
59 107832
59 107836
59 107850
59 107864
59 107868
59 107880
59 107890
59 107892
59 107930
59 107950
59 108010
59 108126
59 108133
59 108153
59 108173
59 108176
59 108259
59 108329
59 108343
59 108359
59 108365
59 108375
59 108422
59 108445
59 108463
59 108467
59 108486
59 108529
59 108560
59 108568
59 108592
59 108628
59 108689
59 108718
59 108777
59 108784
59 108800
59 108816
59 108826
59 108842
59 108851
59 108908
59 108935
59 109006
59 109008
59 109037
59 109039
59 109046
59 109089
59 109098
59 109118
59 109136
59 109138
59 109152
59 109207
59 109219
59 109274
59 109280
59 109290
59 109310
59 109322
59 109345
59 109375
59 109376
59 109402
59 109413
59 109433
59 109485
59 109502
59 109547
59 109564
59 109566
59 109582
59 109584
59 109602
59 109652
59 109653
59 109654
59 109675
59 109680
59 109692
59 109766
59 109786
59 109816
59 109843
59 109852
59 109859
59 109871
59 109873
59 109941
59 109998
59 110010
59 110022
59 110062
59 110122
59 110148
59 110164
59 110187
59 110192
59 110220
59 110273
59 110304
59 110339
59 110367
59 110376
59 110406
59 110407
59 110443
59 110457
59 110486
59 110501
59 110595
59 110596
59 110604
59 110637
59 110667
59 110673
59 110684
59 110689
59 110705
59 110740
59 110751
59 110761
59 110833
59 110849
59 110868
59 110874
59 110925
59 110942
59 110952
59 110959
59 110973
59 111001
59 111002
59 111014
59 111042
59 111053
59 111055
59 111067
59 111071
59 111084
59 111089
59 111090
59 111123
59 111137
59 111138
59 111155
59 111172
59 111189
59 111200
59 111227
59 111250
59 111252
59 111257
59 111316
59 111360
59 111368
59 111403
59 111438
59 111447
59 111463
59 111492
59 111519
59 111535
59 111599
59 111602
59 111633
59 111689
59 111710
59 111734
59 111739
59 111772
59 111780
59 111793
59 111813
59 111821
59 111834
59 111878
59 111950
59 111954
59 111998
59 112049
59 112087
59 112096
59 112112
59 112114
59 112136
59 112152
59 112195
59 112280
59 112400
59 112425
59 112488
59 112540
59 112561
59 112575
59 112644
59 112696
59 112740
59 112753
59 112765
59 112774
59 112783
59 112787
59 112814
59 112866
59 112878
59 112906
59 112908
59 113000
59 113064
59 113074
59 113092
59 113139
59 113158
59 113159
59 113161
59 113203
59 113298
59 113309
59 113311
59 113341
59 113384
59 113387
59 113390
59 113391
59 113423
59 113475
59 113516
59 113521
59 113547
59 113553
59 113564
59 113604
59 113623
59 113630
59 113633
59 113715
59 113805
59 113856
59 113876
59 113882
59 113890
59 113891
59 113902
59 113972
59 113995
59 114016
59 114029
59 114048
59 114066
59 114078
59 114086
59 114089
59 114094
59 114116
59 114118
59 114121
59 114138
59 114144
59 114154
59 114155
59 114174
59 114177
59 114214
59 114236
59 114241
59 114283
59 114342
59 114354
59 114364
59 114369
59 114373
59 114378
59 114393
59 114408
59 114410
59 114455
59 114478
59 114498
59 114502
59 114536
59 114543
59 114571
59 114576
59 114633
59 114645
59 114666
59 114677
59 114678
59 114690
59 114734
59 114778
59 114782
59 114793
59 114798
59 114827
59 114858
59 114878
59 114946
59 114971
59 115015
59 115027
59 115049
59 115052
59 115058
59 115066
59 115071
59 115120
59 115134
59 115206
59 115207
59 115244
59 115260
59 115274
59 115316
59 115415
59 115447
59 115450
59 115516
59 115518
59 115537
59 115563
59 115589
59 115594
59 115612
59 115631
59 115633
59 115677
59 115685
59 115696
59 115701
59 115737
59 115748
59 115778
59 115785
59 115796
59 115828
59 115860
59 115869
59 115877
59 115882
59 115899
59 115904
59 115970
59 115980
59 116012
59 116042
59 116050
59 116055
59 116076
59 116078
59 116079
59 116087
59 116096
59 116111
59 116140
59 116150
59 116175
59 116206
59 116258
59 116271
59 116300
59 116307
59 116308
59 116311
59 116323
59 116352
59 116379
59 116388
59 116409
59 116484
59 116489
59 116508
59 116544
59 116565
59 116579
59 116613
59 116616
59 116626
59 116630
59 116667
59 116711
59 116723
59 116737
59 116761
59 116827
59 116829
59 116857
59 116860
59 116874
59 116904
59 116929
59 116940
59 116942
59 117001
59 117017
59 117041
59 117049
59 117051
59 117083
59 117084
59 117087
59 117092
59 117093
59 117110
59 117115
59 117123
59 117144
59 117157
59 117211
59 117213
59 117222
59 117232
59 117242
59 117258
59 117259
59 117262
59 117274
59 117306
59 117307
59 117313
59 117319
59 117326
59 117338
59 117354
59 117356
59 117378
59 117383
59 117417
59 117428
59 117481
59 117520
59 117530
59 117558
59 117576
59 117606
59 117614
59 117700
59 117713
59 117771
59 117777
59 117785
59 117846
59 117866
59 117876
59 117891
59 117924
59 117931
59 117951
59 117975
59 117977
59 118013
59 118021
59 118031
59 118055
59 118058
59 118071
59 118087
59 118101
59 118141
59 118143
59 118145
59 118146
59 118149
59 118168
59 118174
59 118177
59 118184
59 118286
59 118297
59 118320
59 118344
59 118367
59 118370
59 118386
59 118395
59 118416
59 118430
59 118443
59 118476
59 118484
59 118487
59 118494
59 118500
59 118511
59 118545
59 118546
59 118569
59 118602
59 118618
59 118621
59 118637
59 118641
59 118649
59 118687
59 118729
59 118754
59 118779
59 118807
59 118839
59 118859
59 118886
59 118888
59 118951
59 118961
59 118987
59 119004
59 119007
59 119014
59 119016
59 119020
59 119065
59 119073
59 119075
59 119103
59 119151
59 119156
59 119212
59 119246
59 119286
59 119330
59 119341
59 119342
59 119352
59 119362
59 119368
59 119374
59 119376
59 119396
59 119433
59 119445
59 119484
59 119486
59 119510
59 119519
59 119556
59 119643
59 119664
59 119689
59 119727
59 119767
59 119872
59 119880
59 119890
59 119929
59 119972
59 119976
59 119992
59 120000
59 120016
59 120057
59 120070
59 120101
59 120155
59 120162
59 120165
59 120203
59 120206
59 120240
59 120249
59 120250
59 120311
59 120322
59 120355
59 120374
59 120397
59 120443
59 120461
59 120515
59 120531
59 120615
59 120627
59 120667
59 120676
59 120710
59 120751
59 120807
59 120846
59 120854
59 120900
59 120928
59 120960
59 120976
59 120997
59 121030
59 121066
59 121132
59 121155
59 121181
59 121207
59 121222
59 121238
59 121248
59 121249
59 121260
59 121262
59 121290
59 121331
59 121344
59 121353
59 121390
59 121401
59 121411
59 121414
59 121476
59 121493
59 121559
59 121607
59 121645
59 121655
59 121678
59 121682
59 121709
59 121723
59 121736
59 121745
59 121753
59 121775
59 121794
59 121852
59 121853
59 121867
59 121872
59 121924
59 121947
59 121965
59 122004
59 122018
59 122047
59 122091
59 122119
59 122124
59 122137
59 122141
59 122250
59 122271
59 122285
59 122319
59 122408
59 122453
59 122578
59 122580
59 122594
59 122602
59 122612
59 122644
59 122673
59 122698
59 122712
59 122759
59 122762
59 122774
59 122778
59 122781
59 122783
59 122840
59 122848
59 122862
59 122872
59 122875
59 122879
59 122890
59 122911
59 122917
59 122921
59 122933
59 122945
59 122962
59 122968
59 122997
59 123107
59 123111
59 123136
59 123144
59 123237
59 123255
59 123334
59 123337
59 123341
59 123345
59 123357
59 123377
59 123393
59 123404
59 123431
59 123436
59 123446
59 123464
59 123467
59 123468
59 123480
59 123491
59 123510
59 123526
59 123530
59 123532
59 123541
59 123548
59 123567
59 123578
59 123588
59 123590
59 123594
59 123620
59 123655
59 123675
59 123681
59 123683
59 123722
59 123744
59 123800
59 123807
59 123828
59 123832
59 123846
59 123926
59 123940
59 123949
59 123966
59 123970
59 123975
59 123995
59 124009
59 124024
59 124041
59 124042
59 124048
59 124049
59 124060
59 124099
59 124111
59 124133
59 124159
59 124176
59 124181
59 124183
59 124243
59 124265
59 124282
59 124291
59 124354
59 124361
59 124366
59 124376
59 124413
59 124415
59 124505
59 124524
59 124604
59 124625
59 124631
59 124646
59 124651
59 124653
59 124655
59 124665
59 124671
59 124702
59 124715
59 124745
59 124747
59 124755
59 124760
59 124821
59 124854
59 124859
59 124865
59 124875
59 124904
59 124917
59 124942
59 124943
59 124953
59 124967
59 124974
59 125016
59 125077
59 125108
59 125141
59 125150
59 125170
59 125192
59 125208
59 125219
59 125258
59 125261
59 125282
59 125316
59 125358
59 125362
59 125423
59 125429
59 125432
59 125448
59 125491
59 125501
59 125508
59 125509
59 125520
59 125574
59 125577
59 125639
59 125653
59 125662
59 125706
59 125707
59 125739
59 125821
59 125845
59 125874
59 125877
59 125934
59 125959
59 125974
59 126011
59 126019
59 126090
59 126132
59 126135
59 126138
59 126151
59 126168
59 126192
59 126214
59 126220
59 126256
59 126298
59 126301
59 126346
59 126378
59 126390
59 126400
59 126406
59 126492
59 126498
59 126504
59 126508
59 126535
59 126549
59 126568
59 126589
59 126635
59 126647
59 126660
59 126715
59 126747
59 126752
59 126761
59 126771
59 126803
59 126827
59 126837
59 126859
59 126869
59 126875
59 126891
59 126898
59 126949
59 126996
59 127006
59 127054
59 127074
59 127086
59 127101
59 127144
59 127180
59 127194
59 127209
59 127211
59 127338
59 127339
59 127340
59 127375
59 127394
59 127439
59 127453
59 127459
59 127464
59 127473
59 127490
59 127502
59 127550
59 127584
59 127622
59 127629
59 127637
59 127669
59 127675
59 127715
59 127783
59 127788
59 127869
59 127884
59 127893
59 128002
59 128007
59 128016
59 128020
59 128031
59 128038
59 128051
59 128059
59 128063
59 128064
59 128068
59 128142
59 128177
59 128186
59 128192
59 128222
59 128236
59 128238
59 128248
59 128253
59 128290
59 128366
59 128391
59 128436
59 128457
59 128485
59 128487
59 128488
59 128497
59 128507
59 128528
59 128554
59 128557
59 128558
59 128562
59 128579
59 128600
59 128603
59 128619
59 128678
59 128684
59 128692
59 128697
59 128722
59 128760
59 128763
59 128772
59 128810
59 128835
59 128858
59 128871
59 128875
59 128881
59 128909
59 128920
59 128956
59 128974
59 128993
59 129013
59 129020
59 129090
59 129097
59 129139
59 129180
59 129201
59 129204
59 129207
59 129215
59 129248
59 129305
59 129338
59 129347
59 129354
59 129378
59 129392
59 129402
59 129404
59 129408
59 129464
59 129474
59 129476
59 129492
59 129532
59 129545
59 129590
59 129591
59 129604
59 129605
59 129610
59 129616
59 129638
59 129652
59 129661
59 129666
59 129708
59 129710
59 129716
59 129729
59 129759
59 129786
59 129788
59 129794
59 129800
59 129806
59 129814
59 129818
59 129825
59 129843
59 129849
59 129860
59 129879
59 129904
59 129916
59 129919
59 129921
59 129926
59 130020
59 130027
59 130029
59 130043
59 130048
59 130090
59 130111
59 130154
59 130162
59 130188
59 130207
59 130218
59 130255
59 130274
59 130277
59 130299
59 130308
59 130349
59 130351
59 130360
59 130389
59 130394
59 130395
59 130456
59 130484
59 130486
59 130501
59 130514
59 130522
59 130534
59 130545
59 130561
59 130609
59 130623
59 130666
59 130673
59 130678
59 130721
59 130742
59 130751
59 130753
59 130810
59 131034
59 131103
59 131106
59 131119
59 131143
59 131155
59 131171
59 131194
59 131213
59 131231
59 131253
59 131257
59 131258
59 131271
59 131312
59 131348
59 131362
59 131368
59 131395
59 131436
59 131460
59 131466
59 131523
59 131538
59 131546
59 131561
59 131639
59 131643
59 131648
59 131654
59 131702
59 131763
59 131791
59 131887
59 131898
59 131924
59 131933
59 131967
59 131972
59 131977
59 132055
59 132064
59 132090
59 132094
59 132099
59 132166
59 132167
59 132183
59 132195
59 132197
59 132220
59 132228
59 132248
59 132265
59 132269
59 132279
59 132294
59 132304
59 132331
59 132340
59 132402
59 132410
59 132429
59 132434
59 132455
59 132470
59 132477
59 132497
59 132528
59 132530
59 132545
59 132552
59 132566
59 132576
59 132580
59 132599
59 132628
59 132673
59 132691
59 132736
59 132748
59 132761
59 132811
59 132846
59 132854
59 132859
59 132880
59 132932
59 132941
59 132953
59 132969
59 133048
59 133074
59 133108
59 133109
59 133129
59 133130
59 133152
59 133169
59 133175
59 133184
59 133188
59 133209
59 133231
59 133249
59 133319
59 133324
59 133380
59 133391
59 133412
59 133424
59 133441
59 133501
59 133513
59 133522
59 133527
59 133536
59 133539
59 133545
59 133610
59 133623
59 133629
59 133718
59 133719
59 133737
59 133741
59 133763
59 133799
59 133802
59 133813
59 133814
59 133815
59 133830
59 133871
59 133935
59 133973
59 134014
59 134022
59 134025
59 134031
59 134057
59 134108
59 134119
59 134179
59 134189
59 134201
59 134221
59 134252
59 134260
59 134275
59 134277
59 134298
59 134335
59 134367
59 134444
59 134456
59 134477
59 134496
59 134508
59 134551
59 134598
59 134650
59 134659
59 134689
59 134691
59 134705
59 134729
59 134742
59 134775
59 134792
59 134807
59 134808
59 134830
59 134837
59 134867
59 134899
59 134919
59 134962
59 134973
59 134977
59 134998
59 135028
59 135043
59 135078
59 135091
59 135102
59 135149
59 135158
59 135185
59 135187
59 135190
59 135192
59 135356
59 135372
59 135415
59 135448
59 135459
59 135516
59 135539
59 135541
59 135542
59 135547
59 135568
59 135569
59 135572
59 135581
59 135662
59 135676
59 135684
59 135696
59 135729
59 135778
59 135783
59 135814
59 135880
59 135889
59 135898
59 135904
59 135943
59 135956
59 135982
59 135989
59 136008
59 136010
59 136019
59 136052
59 136073
59 136083
59 136090
59 136105
59 136131
59 136137
59 136149
59 136154
59 136157
59 136187
59 136190
59 136203
59 136211
59 136285
59 136293
59 136300
59 136360
59 136435
59 136461
59 136471
59 136488
59 136489
59 136533
59 136547
59 136557
59 136560
59 136589
59 136660
59 136669
59 136672
59 136688
59 136860
59 136887
59 136893
59 136914
59 136923
59 136926
59 136939
59 136947
59 136962
59 136969
59 136985
59 136993
59 137085
59 137094
59 137110
59 137164
59 137170
59 137180
59 137200
59 137245
59 137279
59 137309
59 137351
59 137369
59 137383
59 137416
59 137421
59 137467
59 137504
59 137552
59 137559
59 137646
59 137692
59 137696
59 137709
59 137713
59 137744
59 137751
59 137755
59 137761
59 137841
59 137900
59 137915
59 137930
59 137975
59 137989
59 138001
59 138004
59 138051
59 138058
59 138072
59 138074
59 138098
59 138101
59 138107
59 138112
59 138186
59 138215
59 138233
59 138239
59 138254
59 138267
59 138275
59 138292
59 138338
59 138344
59 138383
59 138399
59 138402
59 138418
59 138450
59 138469
59 138478
59 138502
59 138509
59 138516
59 138520
59 138554
59 138571
59 138578
59 138588
59 138589
59 138622
59 138663
59 138796
59 138799
59 138812
59 138821
59 138880
59 138891
59 138895
59 138903
59 138942
59 138945
59 138963
59 138986
59 138989
59 138994
59 139002
59 139056
59 139057
59 139063
59 139068
59 139070
59 139079
59 139081
59 139085
59 139116
59 139124
59 139152
59 139206
59 139295
59 139298
59 139303
59 139308
59 139351
59 139354
59 139362
59 139381
59 139480
59 139504
59 139532
59 139576
59 139586
59 139595
59 139608
59 139623
59 139624
59 139626
59 139643
59 139647
59 139655
59 139682
59 139705
59 139728
59 139741
59 139765
59 139768
59 139784
59 139794
59 139812
59 139862
59 139884
59 139927
59 139968
59 139985
59 139986
59 139991
59 140011
59 140016
59 140027
59 140031
59 140032
59 140044
59 140045
59 140080
59 140093
59 140094
59 140095
59 140119
59 140169
59 140191
59 140193
59 140217
59 140250
59 140254
59 140331
59 140340
59 140349
59 140351
59 140364
59 140396
59 140410
59 140413
59 140418
59 140461
59 140480
59 140488
59 140501
59 140503
59 140526
59 140534
59 140570
59 140589
59 140596
59 140614
59 140631
59 140635
59 140643
59 140646
59 140662
59 140672
59 140673
59 140678
59 140706
59 140742
59 140746
59 140750
59 140753
59 140759
59 140770
59 140774
59 140831
59 140852
59 140854
59 140860
59 140873
59 140876
59 140912
59 140951
59 140987
59 141079
59 141133
59 141147
59 141164
59 141197
59 141198
59 141221
59 141238
59 141239
59 141260
59 141279
59 141300
59 141315
59 141325
59 141335
59 141410
59 141411
59 141419
59 141508
59 141516
59 141517
59 141581
59 141590
59 141622
59 141655
59 141656
59 141711
59 141735
59 141746
59 141788
59 141790
59 141799
59 141829
59 141911
59 141946
59 141951
59 141973
59 141995
59 142018
59 142037
59 142047
59 142080
59 142105
59 142116
59 142127
59 142128
59 142134
59 142140
59 142155
59 142166
59 142175
59 142193
59 142210
59 142215
59 142216
59 142221
59 142252
59 142264
59 142302
59 142333
59 142436
59 142459
59 142477
59 142482
59 142507
59 142521
59 142540
59 142552
59 142598
59 142645
59 142659
59 142660
59 142691
59 142692
59 142702
59 142707
59 142771
59 142793
59 142815
59 142816
59 142825
59 142829
59 142832
59 142857
59 142869
59 142933
59 142954
59 142967
59 142983
59 142994
59 143004
59 143027
59 143044
59 143099
59 143124
59 143129
59 143131
59 143172
59 143184
59 143195
59 143227
59 143265
59 143310
59 143317
59 143322
59 143327
59 143345
59 143350
59 143358
59 143378
59 143392
59 143395
59 143396
59 143397
59 143407
59 143436
59 143477
59 143500
59 143563
59 143569
59 143594
59 143603
59 143617
59 143652
59 143653
59 143656
59 143687
59 143716
59 143717
59 143720
59 143738
59 143764
59 143767
59 143773
59 143783
59 143799
59 143802
59 143816
59 143818
59 143837
59 143843
59 143851
59 143856
59 143862
59 143888
59 143899
59 143944
59 143948
59 143949
59 143954
59 143994
59 144028
59 144095
59 144106
59 144115
59 144118
59 144122
59 144142
59 144150
59 144215
59 144234
59 144235
59 144239
59 144274
59 144286
59 144295
59 144313
59 144331
59 144369
59 144376
59 144379
59 144391
59 144401
59 144406
59 144462
59 144469
59 144471
59 144491
59 144493
59 144505
59 144512
59 144533
59 144540
59 144541
59 144556
59 144559
59 144622
59 144624
59 144645
59 144652
59 144671
59 144688
59 144735
59 144749
59 144750
59 144751
59 144773
59 144787
59 144847
59 144887
59 144891
59 144893
59 144908
59 144923
59 144935
59 144943
59 144963
59 145000
59 145025
59 145036
59 145055
59 145059
59 145118
59 145137
59 145143
59 145189
59 145194
59 145206
59 145211
59 145264
59 145292
59 145319
59 145324
59 145374
59 145391
59 145435
59 145451
59 145454
59 145473
59 145482
59 145483
59 145485
59 145505
59 145546
59 145549
59 145563
59 145566
59 145590
59 145624
59 145625
59 145660
59 145682
59 145683
59 145726
59 145741
59 145743
59 145749
59 145761
59 145812
59 145819
59 145873
59 145910
59 145927
59 145964
59 146027
59 146040
59 146054
59 146087
59 146106
59 146137
59 146150
59 146163
59 146174
59 146184
59 146283
59 146291
59 146313
59 146332
59 146387
59 146434
59 146446
59 146468
59 146498
59 146529
59 146547
59 146555
59 146567
59 146608
59 146619
59 146649
59 146704
59 146718
59 146745
59 146775
59 146788
59 146830
59 146833
59 146863
59 146869
59 146876
59 146925
59 146936
59 146980
59 146982
59 147030
59 147054
59 147072
59 147099
59 147106
59 147121
59 147126
59 147152
59 147153
59 147167
59 147179
59 147180
59 147205
59 147224
59 147239
59 147296
59 147304
59 147312
59 147327
59 147336
59 147354
59 147365
59 147445
59 147484
59 147497
59 147524
59 147534
59 147580
59 147604
59 147609
59 147621
59 147629
59 147644
59 147650
59 147667
59 147672
59 147683
59 147697
59 147702
59 147705
59 147710
59 147718
59 147756
59 147774
59 147786
59 147808
59 147816
59 147819
59 147832
59 147867
59 147874
59 147910
59 147925
59 147931
59 147934
59 147935
59 147939
59 147945
59 147958
59 147970
59 148027
59 148035
59 148061
59 148080
59 148127
59 148137
59 148144
59 148205
59 148221
59 148263
59 148291
59 148309
59 148321
59 148348
59 148383
59 148429
59 148430
59 148444
59 148453
59 148464
59 148472
59 148478
59 148514
59 148537
59 148564
59 148574
59 148580
59 148582
59 148587
59 148599
59 148600
59 148632
59 148708
59 148735
59 148739
59 148755
59 148778
59 148780
59 148801
59 148865
59 148872
59 148893
59 148916
59 148952
59 148958
59 149059
59 149072
59 149097
59 149100
59 149101
59 149108
59 149131
59 149186
59 149214
59 149215
59 149218
59 149224
59 149260
59 149265
59 149272
59 149276
59 149277
59 149297
59 149301
59 149304
59 149330
59 149380
59 149409
59 149421
59 149428
59 149434
59 149437
59 149453
59 149469
59 149523
59 149555
59 149563
59 149589
59 149607
59 149623
59 149628
59 149629
59 149665
59 149673
59 149746
59 149758
59 149796
59 149874
59 149939
59 149957
59 149997
59 150021
59 150045
59 150048
59 150073
59 150083
59 150090
59 150106
59 150111
59 150116
59 150117
59 150134
59 150157
59 150174
59 150190
59 150195
59 150248
59 150255
59 150256
59 150274
59 150302
59 150324
59 150339
59 150342
59 150350
59 150358
59 150381
59 150386
59 150400
59 150406
59 150441
59 150451
59 150454
59 150470
59 150492
59 150502
59 150527
59 150540
59 150541
59 150547
59 150553
59 150569
59 150589
59 150592
59 150595
59 150596
59 150605
59 150664
59 150668
59 150679
59 150689
59 150748
59 150762
59 150776
59 150806
59 150812
59 150843
59 150851
59 150870
59 150896
59 150906
59 150907
59 150934
59 150944
59 151030
59 151087
59 151149
59 151165
59 151178
59 151186
59 151210
59 151232
59 151234
59 151242
59 151299
59 151300
59 151327
59 151350
59 151354
59 151410
59 151438
59 151453
59 151543
59 151544
59 151551
59 151583
59 151620
59 151623
59 151654
59 151662
59 151683
59 151685
59 151695
59 151703
59 151735
59 151769
59 151771
59 151799
59 151808
59 151820
59 151829
59 151922
59 151928
59 151938
59 151950
59 152043
59 152047
59 152073
59 152109
59 152127
59 152129
59 152131
59 152141
59 152160
59 152164
59 152168
59 152203
59 152225
59 152248
59 152267
59 152302
59 152357
59 152360
59 152379
59 152380
59 152388
59 152422
59 152424
59 152442
59 152456
59 152467
59 152510
59 152551
59 152566
59 152567
59 152615
59 152621
59 152642
59 152665
59 152668
59 152679
59 152692
59 152731
59 152741
59 152770
59 152789
59 152807
59 152831
59 152835
59 152841
59 152859
59 152901
59 152916
59 152939
59 152946
59 152984
59 152998
59 153002
59 153005
59 153024
59 153042
59 153047
59 153075
59 153081
59 153083
59 153084
59 153089
59 153131
59 153143
59 153152
59 153156
59 153165
59 153185
59 153210
59 153219
59 153222
59 153236
59 153250
59 153262
59 153304
59 153311
59 153330
59 153336
59 153375
59 153379
59 153407
59 153422
59 153453
59 153454
59 153501
59 153507
59 153522
59 153523
59 153540
59 153548
59 153550
59 153584
59 153588
59 153614
59 153641
59 153690
59 153704
59 153727
59 153733
59 153753
59 153754
59 153755
59 153761
59 153807
59 153814
59 153832
59 153841
59 153867
59 153869
59 153873
59 153874
59 153876
59 153896
59 153922
59 153948
59 153957
59 153982
59 154007
59 154062
59 154070
59 154096
59 154106
59 154114
59 154117
59 154126
59 154131
59 154142
59 154146
59 154174
59 154187
59 154216
59 154289
59 154316
59 154366
59 154374
59 154397
59 154466
59 154503
59 154511
59 154516
59 154529
59 154564
59 154626
59 154659
59 154682
59 154692
59 154703
59 154742
59 154749
59 154756
59 154771
59 154790
59 154793
59 154812
59 154817
59 154863
59 154886
59 154897
59 154900
59 154909
59 154927
59 154929
59 154970
59 154973
59 154976
59 154990
59 154994
59 155006
59 155036
59 155093
59 155101
59 155157
59 155177
59 155181
59 155189
59 155201
59 155207
59 155234
59 155235
59 155321
59 155324
59 155336
59 155460
59 155491
59 155504
59 155524
59 155551
59 155582
59 155589
59 155608
59 155609
59 155621
59 155629
59 155668
59 155686
59 155705
59 155709
59 155746
59 155748
59 155770
59 155771
59 155777
59 155782
59 155785
59 155824
59 155827
59 155920
59 155935
59 155968
59 155991
59 156002
59 156003
59 156054
59 156070
59 156078
59 156110
59 156146
59 156147
59 156171
59 156199
59 156230
59 156261
59 156292
59 156331
59 156395
59 156456
59 156459
59 156534
59 156536
59 156544
59 156550
59 156587
59 156621
59 156634
63 0
63 56
63 57
63 85
63 115
63 127
63 157
63 170
63 187
63 194
63 220
63 275
63 314
63 315
63 324
63 347
63 418
63 447
63 453
63 459
63 470
63 519
63 529
63 544
63 549
63 550
63 597
63 600
63 613
63 661
63 672
63 689
63 694
63 697
63 719
63 741
63 754
63 811
63 828
63 861
63 865
63 875
63 876
63 880
63 881
63 893
63 900
63 933
63 957
63 1094
63 1099
63 1127
63 1130
63 1135
63 1137
63 1162
63 1169
63 1181
63 1185
63 1193
63 1228
63 1235
63 1251
63 1260
63 1271
63 1272
63 1294
63 1312
63 1321
63 1330
63 1338
63 1382
63 1409
63 1450
63 1452
63 1469
63 1474
63 1481
63 1491
63 1494
63 1505
63 1507
63 1523
63 1528
63 1529
63 1535
63 1545
63 1546
63 1588
63 1589
63 1610
63 1633
63 1641
63 1662
63 1767
63 1773
63 1774
63 1789
63 1800
63 1832
63 1847
63 1910
63 1923
63 1936
63 1948
63 1949
63 1960
63 1997
63 2016
63 2021
63 2023
63 2028
63 2045
63 2051
63 2056
63 2072
63 2087
63 2093
63 2103
63 2112
63 2113
63 2122
63 2124
63 2188
63 2189
63 2200
63 2213
63 2215
63 2226
63 2237
63 2249
63 2266
63 2318
63 2357
63 2388
63 2399
63 2409
63 2428
63 2429
63 2462
63 2481
63 2482
63 2495
63 2496
63 2529
63 2566
63 2567
63 2578
63 2640
63 2678
63 2736
63 2742
63 2751
63 2752
63 2755
63 2771
63 2827
63 2879
63 2884
63 2905
63 2916
63 2948
63 2963
63 2981
63 2986
63 2996
63 3006
63 3025
63 3026
63 3040
63 3051
63 3105
63 3114
63 3132
63 3150
63 3151
63 3155
63 3184
63 3214
63 3245
63 3247
63 3260
63 3273
63 3289
63 3301
63 3315
63 3355
63 3370
63 3371
63 3401
63 3406
63 3438
63 3455
63 3464
63 3500
63 3545
63 3567
63 3569
63 3577
63 3602
63 3619
63 3628
63 3639
63 3669
63 3671
63 3732
63 3754
63 3766
63 3769
63 3798
63 3801
63 3807
63 3808
63 3855
63 3880
63 3895
63 3906
63 3908
63 3917
63 3945
63 3972
63 3995
63 4004
63 4062
63 4085
63 4095
63 4138
63 4147
63 4171
63 4221
63 4300
63 4312
63 4319
63 4322
63 4328
63 4413
63 4417
63 4419
63 4424
63 4486
63 4507
63 4518
63 4537
63 4545
63 4546
63 4565
63 4568
63 4573
63 4595
63 4608
63 4624
63 4670
63 4689
63 4724
63 4726
63 4741
63 4751
63 4809
63 4824
63 4825
63 4836
63 4840
63 4849
63 4851
63 4858
63 4862
63 4897
63 4925
63 4927
63 4950
63 4958
63 4980
63 5006
63 5022
63 5024
63 5049
63 5088
63 5096
63 5110
63 5125
63 5161
63 5188
63 5190
63 5198
63 5214
63 5216
63 5239
63 5241
63 5276
63 5285
63 5289
63 5303
63 5305
63 5325
63 5329
63 5349
63 5350
63 5357
63 5380
63 5384
63 5415
63 5428
63 5449
63 5471
63 5490
63 5565
63 5595
63 5620
63 5626
63 5630
63 5642
63 5653
63 5673
63 5695
63 5701
63 5706
63 5735
63 5745
63 5756
63 5776
63 5799
63 5803
63 5836
63 5845
63 5859
63 5877
63 5879
63 5888
63 5927
63 5950
63 5952
63 5985
63 5991
63 5995
63 6005
63 6019
63 6035
63 6051
63 6070
63 6085
63 6099
63 6116
63 6139
63 6163
63 6171
63 6175
63 6193
63 6207
63 6226
63 6231
63 6257
63 6268
63 6287
63 6304
63 6316
63 6377
63 6378
63 6385
63 6403
63 6415
63 6428
63 6454
63 6460
63 6468
63 6470
63 6535
63 6540
63 6548
63 6551
63 6561
63 6562
63 6565
63 6588
63 6599
63 6604
63 6634
63 6636
63 6638
63 6645
63 6646
63 6672
63 6739
63 6776
63 6778
63 6783
63 6787
63 6793
63 6809
63 6834
63 6854
63 6855
63 6863
63 6883
63 6890
63 6954
63 6983
63 6988
63 6995
63 7009
63 7024
63 7029
63 7045
63 7048
63 7067
63 7079
63 7080
63 7087
63 7116
63 7127
63 7134
63 7143
63 7159
63 7164
63 7187
63 7197
63 7207
63 7219
63 7271
63 7277
63 7291
63 7308
63 7326
63 7345
63 7356
63 7386
63 7404
63 7408
63 7445
63 7450
63 7486
63 7495
63 7507
63 7516
63 7524
63 7551
63 7560
63 7573
63 7576
63 7617
63 7620
63 7639
63 7644
63 7674
63 7696
63 7713
63 7716
63 7727
63 7728
63 7749
63 7776
63 7871
63 7872
63 7873
63 7881
63 7885
63 7913
63 7957
63 7959
63 7968
63 7975
63 7986
63 7998
63 8018
63 8037
63 8064
63 8068
63 8079
63 8127
63 8136
63 8138
63 8179
63 8190
63 8224
63 8229
63 8272
63 8285
63 8295
63 8306
63 8311
63 8325
63 8353
63 8383
63 8402
63 8438
63 8449
63 8471
63 8514
63 8544
63 8546
63 8555
63 8590
63 8593
63 8605
63 8615
63 8619
63 8626
63 8638
63 8640
63 8644
63 8655
63 8693
63 8709
63 8714
63 8741
63 8749
63 8784
63 8787
63 8792
63 8811
63 8845
63 8864
63 8874
63 8875
63 8885
63 8894
63 8911
63 8931
63 8986
63 8991
63 9001
63 9018
63 9027
63 9065
63 9079
63 9091
63 9147
63 9167
63 9219
63 9228
63 9272
63 9280
63 9295
63 9310
63 9322
63 9342
63 9349
63 9360
63 9363
63 9382
63 9441
63 9469
63 9498
63 9501
63 9516
63 9528
63 9529
63 9532
63 9536
63 9558
63 9585
63 9592
63 9597
63 9599
63 9609
63 9653
63 9666
63 9743
63 9758
63 9768
63 9782
63 9794
63 9822
63 9826
63 9873
63 9874
63 9973
63 9987
63 9990
63 9992
63 9999
63 10023
63 10040
63 10066
63 10075
63 10093
63 10096
63 10098
63 10108
63 10145
63 10165
63 10168
63 10174
63 10186
63 10190
63 10196
63 10210
63 10239
63 10270
63 10274
63 10300
63 10374
63 10458
63 10477
63 10485
63 10499
63 10510
63 10512
63 10563
63 10564
63 10569
63 10576
63 10601
63 10607
63 10635
63 10727
63 10734
63 10754
63 10755
63 10766
63 10778
63 10788
63 10835
63 10855
63 10879
63 10880
63 10892
63 10948
63 10972
63 11011
63 11013
63 11016
63 11017
63 11043
63 11080
63 11084
63 11100
63 11111
63 11115
63 11133
63 11163
63 11165
63 11186
63 11213
63 11238
63 11276
63 11280
63 11295
63 11297
63 11316
63 11318
63 11319
63 11330
63 11331
63 11384
63 11466
63 11493
63 11494
63 11495
63 11515
63 11531
63 11537
63 11544
63 11560
63 11599
63 11651
63 11654
63 11693
63 11700
63 11717
63 11813
63 11884
63 11895
63 11911
63 11929
63 12031
63 12048
63 12054
63 12145
63 12186
63 12212
63 12293
63 12297
63 12321
63 12337
63 12369
63 12427
63 12442
63 12487
63 12507
63 12516
63 12543
63 12583
63 12616
63 12620
63 12646
63 12655
63 12690
63 12705
63 12708
63 12726
63 12769
63 12787
63 12796
63 12816
63 12832
63 12854
63 12896
63 12925
63 12931
63 12937
63 12946
63 12952
63 12958
63 12967
63 12975
63 12983
63 12997
63 13061
63 13087
63 13089
63 13092
63 13093
63 13095
63 13109
63 13148
63 13167
63 13173
63 13179
63 13216
63 13221
63 13231
63 13245
63 13278
63 13298
63 13335
63 13341
63 13350
63 13366
63 13368
63 13369
63 13382
63 13388
63 13403
63 13413
63 13418
63 13429
63 13474
63 13497
63 13498
63 13537
63 13558
63 13618
63 13638
63 13640
63 13658
63 13693
63 13720
63 13723
63 13748
63 13759
63 13761
63 13767
63 13769
63 13778
63 13843
63 13862
63 13865
63 13881
63 13899
63 13955
63 13956
63 13963
63 13973
63 13978
63 13995
63 14005
63 14029
63 14072
63 14090
63 14113
63 14137
63 14159
63 14181
63 14200
63 14241
63 14268
63 14276
63 14294
63 14295
63 14367
63 14426
63 14469
63 14480
63 14500
63 14507
63 14539
63 14550
63 14561
63 14563
63 14579
63 14598
63 14631
63 14708
63 14762
63 14773
63 14847
63 14849
63 14885
63 14891
63 14907
63 14908
63 14917
63 14926
63 14934
63 14957
63 14962
63 14970
63 14983
63 14987
63 14998
63 15031
63 15033
63 15049
63 15073
63 15079
63 15111
63 15122
63 15180
63 15205
63 15209
63 15258
63 15269
63 15278
63 15294
63 15302
63 15310
63 15337
63 15367
63 15379
63 15396
63 15399
63 15415
63 15441
63 15471
63 15480
63 15512
63 15527
63 15534
63 15539
63 15543
63 15549
63 15550
63 15572
63 15586
63 15602
63 15629
63 15657
63 15668
63 15671
63 15699
63 15743
63 15758
63 15763
63 15767
63 15789
63 15796
63 15806
63 15812
63 15818
63 15840
63 15844
63 15854
63 15863
63 15950
63 15952
63 15960
63 15968
63 15994
63 16003
63 16007
63 16031
63 16051
63 16075
63 16076
63 16114
63 16131
63 16158
63 16228
63 16248
63 16259
63 16268
63 16270
63 16306
63 16310
63 16323
63 16327
63 16345
63 16365
63 16377
63 16378
63 16395
63 16397
63 16402
63 16405
63 16426
63 16440
63 16446
63 16447
63 16487
63 16492
63 16501
63 16508
63 16525
63 16541
63 16553
63 16578
63 16595
63 16604
63 16606
63 16608
63 16624
63 16626
63 16630
63 16636
63 16645
63 16660
63 16663
63 16665
63 16674
63 16680
63 16691
63 16730
63 16731
63 16744
63 16746
63 16750
63 16755
63 16763
63 16773
63 16808
63 16926
63 16965
63 16971
63 16982
63 16985
63 16998
63 17029
63 17050
63 17051
63 17055
63 17061
63 17067
63 17072
63 17091
63 17092
63 17114
63 17119
63 17136
63 17137
63 17150
63 17161
63 17164
63 17183
63 17200
63 17202
63 17245
63 17275
63 17294
63 17299
63 17306
63 17319
63 17327
63 17361
63 17366
63 17411
63 17413
63 17422
63 17446
63 17456
63 17469
63 17495
63 17502
63 17514
63 17515
63 17528
63 17554
63 17560
63 17569
63 17573
63 17636
63 17646
63 17647
63 17680
63 17707
63 17715
63 17741
63 17771
63 17783
63 17790
63 17791
63 17820
63 17857
63 17880
63 17892
63 17900
63 17907
63 17908
63 17917
63 17921
63 17927
63 17950
63 17990
63 17992
63 18011
63 18038
63 18058
63 18062
63 18097
63 18140
63 18190
63 18194
63 18215
63 18243
63 18244
63 18249
63 18280
63 18288
63 18297
63 18302
63 18311
63 18314
63 18323
63 18326
63 18332
63 18334
63 18339
63 18349
63 18353
63 18356
63 18370
63 18392
63 18425
63 18426
63 18441
63 18457
63 18458
63 18460
63 18498
63 18520
63 18523
63 18528
63 18531
63 18540
63 18547
63 18551
63 18618
63 18626
63 18652
63 18663
63 18673
63 18694
63 18695
63 18706
63 18716
63 18735
63 18774
63 18776
63 18793
63 18794
63 18803
63 18831
63 18835
63 18865
63 18879
63 18911
63 18926
63 18938
63 18958
63 18983
63 18990
63 19003
63 19015
63 19031
63 19034
63 19039
63 19063
63 19064
63 19066
63 19080
63 19084
63 19100
63 19164
63 19188
63 19194
63 19250
63 19291
63 19295
63 19303
63 19305
63 19337
63 19354
63 19361
63 19365
63 19372
63 19384
63 19454
63 19471
63 19482
63 19531
63 19536
63 19549
63 19612
63 19616
63 19628
63 19666
63 19682
63 19729
63 19752
63 19767
63 19790
63 19803
63 19830
63 19840
63 19869
63 19949
63 19980
63 19983
63 20047
63 20057
63 20090
63 20092
63 20112
63 20123
63 20127
63 20173
63 20174
63 20189
63 20218
63 20221
63 20231
63 20266
63 20267
63 20268
63 20279
63 20290
63 20322
63 20332
63 20346
63 20414
63 20419
63 20438
63 20442
63 20450
63 20456
63 20482
63 20490
63 20492
63 20511
63 20512
63 20514
63 20515
63 20520
63 20526
63 20535
63 20547
63 20570
63 20578
63 20617
63 20637
63 20652
63 20654
63 20655
63 20705
63 20721
63 20727
63 20733
63 20735
63 20739
63 20747
63 20760
63 20795
63 20815
63 20839
63 20846
63 20882
63 20884
63 20941
63 20966
63 20968
63 20972
63 21031
63 21038
63 21059
63 21135
63 21144
63 21172
63 21192
63 21215
63 21235
63 21255
63 21270
63 21271
63 21286
63 21316
63 21332
63 21333
63 21335
63 21349
63 21425
63 21450
63 21472
63 21474
63 21478
63 21492
63 21501
63 21518
63 21533
63 21540
63 21560
63 21563
63 21573
63 21577
63 21588
63 21593
63 21594
63 21597
63 21608
63 21618
63 21625
63 21639
63 21645
63 21661
63 21683
63 21687
63 21689
63 21696
63 21707
63 21717
63 21722
63 21724
63 21753
63 21760
63 21777
63 21794
63 21834
63 21845
63 21857
63 21874
63 21909
63 21937
63 21946
63 21948
63 21953
63 21977
63 22000
63 22016
63 22028
63 22033
63 22046
63 22067
63 22076
63 22098
63 22137
63 22142
63 22156
63 22158
63 22179
63 22195
63 22198
63 22213
63 22276
63 22285
63 22289
63 22290
63 22296
63 22337
63 22344
63 22415
63 22428
63 22432
63 22460
63 22468
63 22470
63 22485
63 22491
63 22504
63 22506
63 22510
63 22526
63 22577
63 22588
63 22590
63 22610
63 22628
63 22657
63 22658
63 22668
63 22674
63 22698
63 22700
63 22706
63 22733
63 22734
63 22803
63 22808
63 22817
63 22835
63 22859
63 22870
63 22877
63 22897
63 22912
63 22915
63 22925
63 22927
63 22965
63 22969
63 22984
63 23004
63 23007
63 23012
63 23052
63 23061
63 23069
63 23096
63 23123
63 23125
63 23138
63 23187
63 23193
63 23196
63 23219
63 23233
63 23301
63 23317
63 23318
63 23338
63 23403
63 23424
63 23436
63 23447
63 23470
63 23506
63 23544
63 23574
63 23625
63 23637
63 23642
63 23644
63 23705
63 23707
63 23741
63 23764
63 23777
63 23779
63 23793
63 23808
63 23841
63 23859
63 23890
63 23911
63 23935
63 23943
63 23956
63 23971
63 24007
63 24016
63 24057
63 24069
63 24081
63 24087
63 24119
63 24125
63 24153
63 24168
63 24176
63 24179
63 24186
63 24192
63 24194
63 24195
63 24196
63 24199
63 24217
63 24257
63 24305
63 24323
63 24351
63 24364
63 24373
63 24374
63 24408
63 24423
63 24428
63 24437
63 24488
63 24510
63 24515
63 24517
63 24518
63 24531
63 24547
63 24555
63 24573
63 24627
63 24635
63 24638
63 24660
63 24665
63 24670
63 24712
63 24714
63 24716
63 24741
63 24753
63 24756
63 24767
63 24770
63 24799
63 24808
63 24814
63 24848
63 24849
63 24875
63 24882
63 24891
63 24908
63 24955
63 24976
63 25022
63 25053
63 25058
63 25078
63 25085
63 25121
63 25149
63 25157
63 25196
63 25254
63 25269
63 25283
63 25305
63 25317
63 25330
63 25339
63 25352
63 25378
63 25383
63 25390
63 25402
63 25404
63 25431
63 25538
63 25566
63 25684
63 25689
63 25695
63 25719
63 25731
63 25805
63 25842
63 25844
63 25849
63 25852
63 25866
63 25882
63 25884
63 25907
63 25912
63 25919
63 25935
63 25938
63 25961
63 25964
63 25976
63 25977
63 26000
63 26017
63 26018
63 26021
63 26057
63 26091
63 26166
63 26173
63 26196
63 26199
63 26253
63 26257
63 26259
63 26271
63 26297
63 26303
63 26350
63 26360
63 26363
63 26364
63 26368
63 26380
63 26390
63 26394
63 26411
63 26417
63 26466
63 26511
63 26517
63 26520
63 26522
63 26534
63 26537
63 26571
63 26575
63 26583
63 26675
63 26741
63 26743
63 26760
63 26766
63 26782
63 26792
63 26810
63 26817
63 26822
63 26848
63 26880
63 26885
63 26899
63 26909
63 26917
63 26977
63 26997
63 26998
63 27003
63 27019
63 27037
63 27072
63 27084
63 27090
63 27131
63 27140
63 27152
63 27162
63 27167
63 27199
63 27211
63 27226
63 27227
63 27248
63 27268
63 27311
63 27320
63 27326
63 27382
63 27401
63 27414
63 27429
63 27431
63 27435
63 27444
63 27461
63 27464
63 27467
63 27481
63 27532
63 27535
63 27542
63 27544
63 27554
63 27564
63 27573
63 27585
63 27612
63 27616
63 27635
63 27636
63 27705
63 27713
63 27733
63 27742
63 27768
63 27771
63 27772
63 27776
63 27841
63 27866
63 27905
63 27930
63 27933
63 27940
63 27946
63 27957
63 27963
63 27965
63 27971
63 27990
63 28000
63 28002
63 28038
63 28047
63 28051
63 28055
63 28071
63 28118
63 28144
63 28155
63 28192
63 28265
63 28276
63 28286
63 28290
63 28307
63 28331
63 28333
63 28339
63 28343
63 28357
63 28380
63 28382
63 28388
63 28395
63 28408
63 28412
63 28415
63 28465
63 28473
63 28499
63 28519
63 28528
63 28535
63 28541
63 28562
63 28577
63 28583
63 28589
63 28601
63 28610
63 28617
63 28629
63 28643
63 28648
63 28653
63 28662
63 28672
63 28678
63 28705
63 28730
63 28743
63 28746
63 28774
63 28826
63 28850
63 28851
63 28882
63 28896
63 28912
63 28926
63 28936
63 28950
63 28981
63 29044
63 29090
63 29106
63 29133
63 29145
63 29192
63 29201
63 29207
63 29215
63 29222
63 29232
63 29254
63 29259
63 29295
63 29300
63 29308
63 29317
63 29321
63 29329
63 29334
63 29340
63 29401
63 29403
63 29415
63 29422
63 29433
63 29453
63 29461
63 29462
63 29474
63 29507
63 29524
63 29525
63 29592
63 29594
63 29626
63 29627
63 29691
63 29696
63 29708
63 29711
63 29722
63 29727
63 29741
63 29745
63 29785
63 29804
63 29860
63 29874
63 29897
63 29910
63 29914
63 29953
63 29955
63 29966
63 29989
63 29991
63 29997
63 30002
63 30006
63 30084
63 30127
63 30131
63 30155
63 30156
63 30188
63 30192
63 30205
63 30218
63 30221
63 30240
63 30244
63 30249
63 30268
63 30303
63 30341
63 30344
63 30361
63 30371
63 30384
63 30419
63 30430
63 30433
63 30448
63 30473
63 30495
63 30510
63 30529
63 30543
63 30552
63 30563
63 30571
63 30627
63 30674
63 30692
63 30694
63 30715
63 30734
63 30746
63 30791
63 30792
63 30808
63 30811
63 30841
63 30859
63 30863
63 30888
63 30891
63 30900
63 30911
63 30921
63 30963
63 30981
63 30990
63 31031
63 31073
63 31079
63 31092
63 31143
63 31147
63 31152
63 31176
63 31177
63 31188
63 31196
63 31197
63 31220
63 31224
63 31229
63 31232
63 31234
63 31254
63 31291
63 31294
63 31306
63 31338
63 31353
63 31354
63 31379
63 31381
63 31392
63 31404
63 31409
63 31543
63 31566
63 31573
63 31602
63 31616
63 31650
63 31699
63 31708
63 31715
63 31726
63 31736
63 31743
63 31759
63 31772
63 31778
63 31780
63 31831
63 31832
63 31839
63 31843
63 31844
63 31855
63 31904
63 31939
63 31947
63 31965
63 31980
63 32015
63 32019
63 32048
63 32085
63 32098
63 32100
63 32106
63 32114
63 32119
63 32136
63 32143
63 32163
63 32207
63 32274
63 32276
63 32278
63 32284
63 32302
63 32338
63 32347
63 32393
63 32422
63 32436
63 32444
63 32471
63 32477
63 32487
63 32502
63 32522
63 32529
63 32533
63 32558
63 32563
63 32571
63 32589
63 32626
63 32632
63 32640
63 32649
63 32664
63 32684
63 32703
63 32705
63 32710
63 32715
63 32737
63 32763
63 32774
63 32783
63 32787
63 32804
63 32814
63 32816
63 32855
63 32864
63 32885
63 32903
63 32924
63 32930
63 32945
63 32947
63 32987
63 32989
63 33008
63 33018
63 33029
63 33036
63 33039
63 33043
63 33066
63 33069
63 33098
63 33107
63 33133
63 33141
63 33225
63 33278
63 33285
63 33295
63 33315
63 33347
63 33382
63 33395
63 33423
63 33450
63 33454
63 33478
63 33494
63 33498
63 33500
63 33544
63 33545
63 33552
63 33556
63 33568
63 33577
63 33580
63 33597
63 33632
63 33633
63 33642
63 33661
63 33664
63 33679
63 33694
63 33725
63 33727
63 33734
63 33750
63 33779
63 33784
63 33870
63 33883
63 33893
63 33906
63 33913
63 33919
63 33928
63 33942
63 34003
63 34007
63 34020
63 34074
63 34119
63 34122
63 34154
63 34170
63 34175
63 34204
63 34229
63 34230
63 34257
63 34261
63 34321
63 34393
63 34420
63 34448
63 34453
63 34477
63 34491
63 34492
63 34496
63 34507
63 34525
63 34594
63 34605
63 34612
63 34615
63 34634
63 34647
63 34699
63 34711
63 34712
63 34723
63 34730
63 34760
63 34773
63 34801
63 34835
63 34840
63 34867
63 34887
63 34907
63 34908
63 34935
63 34961
63 34997
63 35018
63 35088
63 35098
63 35107
63 35111
63 35117
63 35144
63 35155
63 35164
63 35180
63 35187
63 35201
63 35205
63 35226
63 35227
63 35243
63 35258
63 35264
63 35272
63 35290
63 35343
63 35357
63 35360
63 35373
63 35376
63 35377
63 35378
63 35406
63 35410
63 35428
63 35445
63 35461
63 35490
63 35502
63 35503
63 35515
63 35574
63 35590
63 35591
63 35608
63 35636
63 35638
63 35652
63 35655
63 35685
63 35699
63 35706
63 35719
63 35739
63 35750
63 35802
63 35806
63 35825
63 35830
63 35868
63 35923
63 35924
63 35962
63 35992
63 35994
63 36000
63 36027
63 36033
63 36047
63 36061
63 36088
63 36093
63 36097
63 36144
63 36171
63 36206
63 36210
63 36222
63 36225
63 36268
63 36301
63 36304
63 36322
63 36328
63 36345
63 36346
63 36348
63 36357
63 36370
63 36420
63 36421
63 36434
63 36456
63 36460
63 36552
63 36563
63 36564
63 36593
63 36607
63 36623
63 36625
63 36626
63 36636
63 36665
63 36711
63 36713
63 36720
63 36723
63 36749
63 36760
63 36764
63 36807
63 36843
63 36859
63 36871
63 36873
63 36880
63 36882
63 36895
63 36913
63 36930
63 36944
63 36962
63 36970
63 37014
63 37028
63 37030
63 37050
63 37066
63 37085
63 37096
63 37102
63 37111
63 37123
63 37131
63 37139
63 37152
63 37158
63 37175
63 37194
63 37252
63 37254
63 37274
63 37305
63 37345
63 37360
63 37368
63 37386
63 37426
63 37467
63 37500
63 37514
63 37523
63 37527
63 37544
63 37584
63 37610
63 37634
63 37637
63 37651
63 37662
63 37675
63 37676
63 37714
63 37718
63 37744
63 37763
63 37814
63 37819
63 37832
63 37833
63 37865
63 37871
63 37900
63 37919
63 37963
63 37977
63 38001
63 38007
63 38032
63 38036
63 38049
63 38056
63 38058
63 38063
63 38064
63 38083
63 38084
63 38087
63 38094
63 38108
63 38120
63 38122
63 38131
63 38136
63 38140
63 38163
63 38169
63 38174
63 38184
63 38185
63 38190
63 38197
63 38213
63 38238
63 38250
63 38256
63 38290
63 38300
63 38314
63 38316
63 38320
63 38347
63 38348
63 38357
63 38369
63 38371
63 38373
63 38385
63 38408
63 38413
63 38439
63 38465
63 38470
63 38475
63 38511
63 38514
63 38522
63 38533
63 38539
63 38545
63 38616
63 38680
63 38689
63 38690
63 38698
63 38710
63 38712
63 38730
63 38742
63 38760
63 38767
63 38769
63 38775
63 38850
63 38858
63 38901
63 38907
63 38938
63 38954
63 38991
63 39004
63 39041
63 39109
63 39114
63 39117
63 39127
63 39137
63 39256
63 39272
63 39294
63 39321
63 39356
63 39399
63 39421
63 39471
63 39479
63 39492
63 39514
63 39570
63 39572
63 39587
63 39620
63 39631
63 39642
63 39649
63 39728
63 39732
63 39737
63 39742
63 39759
63 39789
63 39793
63 39807
63 39829
63 39831
63 39840
63 39867
63 39871
63 39906
63 39922
63 39927
63 39934
63 39946
63 39969
63 39975
63 39982
63 39985
63 39986
63 40013
63 40034
63 40079
63 40116
63 40148
63 40174
63 40193
63 40218
63 40225
63 40265
63 40266
63 40280
63 40282
63 40314
63 40347
63 40364
63 40377
63 40379
63 40422
63 40431
63 40444
63 40453
63 40463
63 40471
63 40483
63 40489
63 40493
63 40541
63 40551
63 40618
63 40684
63 40716
63 40759
63 40765
63 40769
63 40774
63 40787
63 40807
63 40838
63 40851
63 40852
63 40889
63 40909
63 40922
63 40937
63 40947
63 40963
63 40966
63 40975
63 41029
63 41051
63 41086
63 41099
63 41100
63 41122
63 41141
63 41186
63 41192
63 41202
63 41259
63 41262
63 41268
63 41283
63 41303
63 41319
63 41320
63 41330
63 41331
63 41348
63 41376
63 41383
63 41396
63 41410
63 41435
63 41462
63 41477
63 41486
63 41494
63 41500
63 41508
63 41528
63 41529
63 41546
63 41549
63 41550
63 41588
63 41605
63 41616
63 41656
63 41688
63 41702
63 41714
63 41716
63 41738
63 41757
63 41775
63 41785
63 41787
63 41853
63 41862
63 41874
63 41889
63 41909
63 41946
63 41947
63 41995
63 41998
63 42016
63 42048
63 42096
63 42101
63 42108
63 42114
63 42128
63 42140
63 42147
63 42165
63 42180
63 42184
63 42188
63 42193
63 42195
63 42198
63 42210
63 42211
63 42219
63 42245
63 42256
63 42276
63 42296
63 42308
63 42321
63 42322
63 42330
63 42334
63 42341
63 42356
63 42358
63 42391
63 42395
63 42397
63 42464
63 42466
63 42469
63 42548
63 42567
63 42592
63 42597
63 42617
63 42630
63 42633
63 42642
63 42645
63 42648
63 42661
63 42663
63 42690
63 42721
63 42727
63 42731
63 42737
63 42781
63 42796
63 42819
63 42824
63 42839
63 42897
63 42941
63 42947
63 42951
63 42954
63 42972
63 43030
63 43036
63 43044
63 43067
63 43091
63 43098
63 43102
63 43107
63 43112
63 43116
63 43138
63 43222
63 43237
63 43244
63 43246
63 43258
63 43267
63 43270
63 43272
63 43279
63 43281
63 43287
63 43315
63 43349
63 43366
63 43432
63 43444
63 43449
63 43479
63 43495
63 43507
63 43519
63 43545
63 43566
63 43584
63 43611
63 43618
63 43631
63 43645
63 43650
63 43655
63 43670
63 43679
63 43713
63 43723
63 43738
63 43782
63 43791
63 43795
63 43805
63 43858
63 43893
63 43899
63 43916
63 43930
63 43931
63 43942
63 43949
63 43987
63 44007
63 44008
63 44019
63 44034
63 44048
63 44072
63 44074
63 44089
63 44132
63 44142
63 44161
63 44191
63 44213
63 44228
63 44327
63 44395
63 44419
63 44422
63 44428
63 44442
63 44462
63 44516
63 44517
63 44519
63 44533
63 44548
63 44549
63 44554
63 44561
63 44571
63 44589
63 44596
63 44631
63 44660
63 44661
63 44676
63 44690
63 44693
63 44744
63 44782
63 44795
63 44842
63 44867
63 44868
63 44875
63 44876
63 44878
63 44918
63 44928
63 44983
63 44990
63 44996
63 45006
63 45036
63 45043
63 45045
63 45053
63 45061
63 45079
63 45086
63 45089
63 45093
63 45101
63 45108
63 45110
63 45120
63 45141
63 45156
63 45157
63 45176
63 45194
63 45196
63 45202
63 45225
63 45241
63 45270
63 45275
63 45286
63 45307
63 45312
63 45314
63 45317
63 45318
63 45322
63 45365
63 45366
63 45368
63 45385
63 45401
63 45417
63 45427
63 45433
63 45473
63 45484
63 45504
63 45507
63 45516
63 45520
63 45527
63 45538
63 45540
63 45549
63 45575
63 45594
63 45596
63 45611
63 45650
63 45651
63 45669
63 45693
63 45705
63 45706
63 45719
63 45720
63 45737
63 45752
63 45754
63 45773
63 45779
63 45824
63 45866
63 45869
63 45903
63 45926
63 45932
63 45959
63 45991
63 46054
63 46059
63 46086
63 46153
63 46191
63 46200
63 46202
63 46205
63 46264
63 46296
63 46326
63 46415
63 46422
63 46424
63 46441
63 46462
63 46470
63 46472
63 46497
63 46506
63 46514
63 46522
63 46531
63 46537
63 46544
63 46554
63 46562
63 46569
63 46578
63 46597
63 46629
63 46634
63 46635
63 46695
63 46707
63 46714
63 46738
63 46739
63 46744
63 46778
63 46805
63 46815
63 46818
63 46837
63 46857
63 46880
63 46888
63 46903
63 46924
63 46933
63 46934
63 46943
63 46964
63 47010
63 47020
63 47033
63 47046
63 47049
63 47051
63 47081
63 47090
63 47096
63 47156
63 47185
63 47198
63 47218
63 47256
63 47314
63 47320
63 47323
63 47345
63 47368
63 47376
63 47400
63 47422
63 47454
63 47469
63 47481
63 47489
63 47494
63 47501
63 47511
63 47550
63 47551
63 47579
63 47606
63 47627
63 47646
63 47661
63 47677
63 47679
63 47715
63 47754
63 47773
63 47784
63 47788
63 47799
63 47806
63 47828
63 47844
63 47850
63 47868
63 47883
63 47892
63 47897
63 47907
63 47924
63 47944
63 47960
63 47978
63 47979
63 47986
63 48002
63 48016
63 48017
63 48038
63 48066
63 48067
63 48081
63 48085
63 48121
63 48151
63 48187
63 48251
63 48254
63 48259
63 48265
63 48299
63 48315
63 48317
63 48329
63 48336
63 48337
63 48369
63 48384
63 48414
63 48419
63 48428
63 48434
63 48459
63 48469
63 48484
63 48587
63 48604
63 48608
63 48619
63 48654
63 48670
63 48674
63 48678
63 48691
63 48695
63 48696
63 48705
63 48709
63 48828
63 48863
63 48875
63 48886
63 48903
63 48927
63 48955
63 48980
63 48998
63 49033
63 49036
63 49044
63 49048
63 49071
63 49089
63 49099
63 49102
63 49124
63 49165
63 49186
63 49187
63 49192
63 49209
63 49219
63 49238
63 49249
63 49256
63 49284
63 49291
63 49302
63 49322
63 49341
63 49353
63 49365
63 49380
63 49419
63 49422
63 49429
63 49430
63 49449
63 49470
63 49471
63 49482
63 49510
63 49550
63 49552
63 49564
63 49570
63 49577
63 49593
63 49604
63 49606
63 49623
63 49638
63 49650
63 49667
63 49684
63 49688
63 49696
63 49703
63 49709
63 49723
63 49784
63 49847
63 49860
63 49863
63 49886
63 49887
63 49920
63 49943
63 49945
63 49962
63 49964
63 50057
63 50061
63 50099
63 50125
63 50133
63 50152
63 50155
63 50170
63 50176
63 50205
63 50243
63 50278
63 50284
63 50361
63 50364
63 50388
63 50393
63 50469
63 50511
63 50518
63 50529
63 50532
63 50544
63 50545
63 50560
63 50569
63 50575
63 50582
63 50592
63 50604
63 50611
63 50625
63 50635
63 50662
63 50669
63 50677
63 50697
63 50721
63 50723
63 50740
63 50744
63 50749
63 50755
63 50765
63 50774
63 50778
63 50814
63 50820
63 50831
63 50857
63 50865
63 50869
63 50870
63 50879
63 50880
63 50900
63 50923
63 50928
63 50936
63 50960
63 50968
63 50999
63 51005
63 51013
63 51055
63 51063
63 51065
63 51091
63 51172
63 51189
63 51201
63 51215
63 51218
63 51220
63 51259
63 51275
63 51302
63 51321
63 51331
63 51376
63 51403
63 51414
63 51418
63 51442
63 51447
63 51495
63 51521
63 51533
63 51543
63 51554
63 51581
63 51589
63 51611
63 51636
63 51646
63 51647
63 51653
63 51663
63 51687
63 51700
63 51715
63 51746
63 51747
63 51775
63 51828
63 51859
63 51861
63 51864
63 51869
63 51880
63 51917
63 51945
63 51952
63 51977
63 52049
63 52063
63 52065
63 52075
63 52095
63 52104
63 52120
63 52137
63 52141
63 52147
63 52149
63 52169
63 52181
63 52200
63 52201
63 52204
63 52210
63 52259
63 52368
63 52370
63 52453
63 52515
63 52561
63 52577
63 52606
63 52614
63 52615
63 52641
63 52646
63 52647
63 52693
63 52699
63 52725
63 52732
63 52757
63 52791
63 52804
63 52813
63 52819
63 52825
63 52832
63 52843
63 52861
63 52883
63 52886
63 52948
63 52962
63 52963
63 52970
63 52996
63 53011
63 53014
63 53018
63 53020
63 53028
63 53051
63 53117
63 53129
63 53152
63 53163
63 53170
63 53173
63 53199
63 53211
63 53217
63 53231
63 53302
63 53327
63 53338
63 53345
63 53350
63 53354
63 53361
63 53380
63 53405
63 53407
63 53413
63 53430
63 53434
63 53435
63 53453
63 53465
63 53484
63 53495
63 53508
63 53520
63 53567
63 53582
63 53591
63 53604
63 53614
63 53615
63 53624
63 53633
63 53642
63 53646
63 53668
63 53671
63 53699
63 53723
63 53745
63 53754
63 53764
63 53773
63 53774
63 53783
63 53791
63 53793
63 53839
63 53849
63 53906
63 53911
63 53918
63 53925
63 53936
63 54037
63 54060
63 54072
63 54087
63 54160
63 54163
63 54182
63 54193
63 54231
63 54242
63 54260
63 54334
63 54344
63 54371
63 54382
63 54401
63 54403
63 54409
63 54415
63 54417
63 54446
63 54453
63 54473
63 54489
63 54494
63 54498
63 54523
63 54528
63 54615
63 54624
63 54627
63 54630
63 54654
63 54669
63 54676
63 54679
63 54681
63 54685
63 54698
63 54708
63 54724
63 54739
63 54747
63 54748
63 54754
63 54776
63 54779
63 54783
63 54786
63 54788
63 54797
63 54811
63 54818
63 54829
63 54834
63 54854
63 54859
63 54880
63 54892
63 54893
63 54942
63 54951
63 54955
63 54997
63 54998
63 55013
63 55015
63 55044
63 55055
63 55097
63 55100
63 55102
63 55117
63 55144
63 55152
63 55197
63 55214
63 55240
63 55245
63 55254
63 55257
63 55262
63 55264
63 55299
63 55305
63 55306
63 55349
63 55360
63 55374
63 55381
63 55428
63 55451
63 55463
63 55506
63 55512
63 55519
63 55523
63 55540
63 55542
63 55560
63 55561
63 55566
63 55582
63 55630
63 55660
63 55671
63 55678
63 55684
63 55718
63 55724
63 55747
63 55776
63 55780
63 55791
63 55806
63 55808
63 55831
63 55847
63 55856
63 55863
63 55886
63 55924
63 55950
63 55971
63 55980
63 56005
63 56010
63 56018
63 56024
63 56038
63 56051
63 56057
63 56071
63 56090
63 56118
63 56164
63 56191
63 56194
63 56202
63 56204
63 56211
63 56215
63 56250
63 56257
63 56259
63 56260
63 56263
63 56279
63 56323
63 56340
63 56346
63 56362
63 56381
63 56385
63 56410
63 56414
63 56428
63 56459
63 56465
63 56467
63 56503
63 56522
63 56526
63 56527
63 56529
63 56541
63 56574
63 56608
63 56629
63 56647
63 56671
63 56690
63 56706
63 56713
63 56729
63 56735
63 56737
63 56739
63 56770
63 56816
63 56832
63 56843
63 56846
63 56869
63 56876
63 56910
63 56925
63 56929
63 56979
63 56987
63 57003
63 57005
63 57011
63 57044
63 57055
63 57073
63 57097
63 57111
63 57121
63 57139
63 57170
63 57194
63 57213
63 57225
63 57227
63 57256
63 57265
63 57269
63 57305
63 57306
63 57353
63 57360
63 57389
63 57399
63 57408
63 57436
63 57447
63 57501
63 57517
63 57523
63 57537
63 57563
63 57575
63 57579
63 57589
63 57590
63 57593
63 57596
63 57617
63 57635
63 57637
63 57641
63 57728
63 57733
63 57751
63 57752
63 57780
63 57791
63 57817
63 57823
63 57826
63 57857
63 57866
63 57889
63 57895
63 57921
63 57964
63 57996
63 58014
63 58084
63 58095
63 58125
63 58135
63 58148
63 58150
63 58156
63 58164
63 58168
63 58178
63 58207
63 58209
63 58237
63 58303
63 58314
63 58318
63 58339
63 58363
63 58371
63 58381
63 58399
63 58408
63 58417
63 58438
63 58464
63 58473
63 58476
63 58479
63 58480
63 58497
63 58522
63 58531
63 58566
63 58567
63 58607
63 58616
63 58617
63 58622
63 58634
63 58673
63 58709
63 58723
63 58732
63 58743
63 58781
63 58797
63 58808
63 58816
63 58817
63 58838
63 58850
63 58907
63 58913
63 58927
63 58943
63 58954
63 58957
63 58960
63 59012
63 59023
63 59071
63 59086
63 59097
63 59107
63 59127
63 59136
63 59139
63 59140
63 59152
63 59156
63 59214
63 59233
63 59263
63 59270
63 59303
63 59315
63 59343
63 59353
63 59366
63 59396
63 59400
63 59427
63 59438
63 59452
63 59500
63 59504
63 59542
63 59553
63 59561
63 59589
63 59616
63 59620
63 59639
63 59640
63 59662
63 59682
63 59700
63 59732
63 59755
63 59762
63 59776
63 59815
63 59837
63 59843
63 59845
63 59847
63 59876
63 59890
63 59909
63 59929
63 59930
63 59954
63 59967
63 59976
63 59995
63 59997
63 60005
63 60013
63 60019
63 60030
63 60031
63 60051
63 60142
63 60143
63 60165
63 60181
63 60245
63 60253
63 60258
63 60262
63 60263
63 60297
63 60379
63 60393
63 60398
63 60413
63 60417
63 60437
63 60442
63 60453
63 60488
63 60498
63 60517
63 60523
63 60534
63 60542
63 60563
63 60587
63 60594
63 60598
63 60614
63 60634
63 60656
63 60657
63 60677
63 60690
63 60701
63 60715
63 60720
63 60730
63 60738
63 60742
63 60786
63 60790
63 60805
63 60815
63 60868
63 60883
63 60886
63 60895
63 60900
63 60915
63 60945
63 60948
63 60955
63 61043
63 61050
63 61082
63 61104
63 61107
63 61113
63 61135
63 61142
63 61202
63 61239
63 61257
63 61268
63 61269
63 61274
63 61302
63 61348
63 61359
63 61363
63 61367
63 61426
63 61438
63 61460
63 61462
63 61489
63 61567
63 61574
63 61577
63 61584
63 61595
63 61619
63 61620
63 61635
63 61689
63 61704
63 61718
63 61721
63 61754
63 61757
63 61768
63 61775
63 61788
63 61831
63 61837
63 61857
63 61876
63 61921
63 61931
63 61935
63 61938
63 61948
63 61961
63 61965
63 61971
63 61985
63 61986
63 62036
63 62051
63 62059
63 62096
63 62163
63 62166
63 62169
63 62174
63 62189
63 62273
63 62281
63 62296
63 62298
63 62338
63 62352
63 62358
63 62367
63 62370
63 62392
63 62398
63 62427
63 62441
63 62463
63 62475
63 62476
63 62484
63 62525
63 62537
63 62550
63 62572
63 62583
63 62587
63 62590
63 62593
63 62606
63 62608
63 62610
63 62618
63 62642
63 62651
63 62680
63 62681
63 62686
63 62690
63 62697
63 62720
63 62733
63 62736
63 62740
63 62758
63 62771
63 62774
63 62788
63 62812
63 62822
63 62829
63 62962
63 63000
63 63018
63 63022
63 63064
63 63077
63 63092
63 63093
63 63131
63 63156
63 63210
63 63213
63 63222
63 63230
63 63232
63 63252
63 63296
63 63299
63 63361
63 63376
63 63394
63 63401
63 63407
63 63412
63 63452
63 63464
63 63492
63 63512
63 63556
63 63576
63 63597
63 63626
63 63632
63 63661
63 63667
63 63678
63 63681
63 63691
63 63721
63 63728
63 63735
63 63737
63 63794
63 63804
63 63868
63 63902
63 63904
63 63918
63 63930
63 63936
63 63965
63 63972
63 63988
63 64051
63 64066
63 64077
63 64102
63 64120
63 64142
63 64155
63 64178
63 64186
63 64248
63 64249
63 64288
63 64297
63 64310
63 64313
63 64328
63 64379
63 64398
63 64450
63 64463
63 64469
63 64472
63 64486
63 64508
63 64510
63 64537
63 64543
63 64549
63 64564
63 64579
63 64628
63 64643
63 64655
63 64664
63 64692
63 64755
63 64758
63 64797
63 64830
63 64842
63 64844
63 64851
63 64886
63 64896
63 64907
63 64927
63 64959
63 64975
63 64977
63 64979
63 64997
63 65003
63 65006
63 65021
63 65027
63 65040
63 65048
63 65060
63 65063
63 65078
63 65081
63 65084
63 65154
63 65165
63 65170
63 65174
63 65190
63 65221
63 65259
63 65266
63 65300
63 65301
63 65319
63 65328
63 65340
63 65342
63 65367
63 65404
63 65415
63 65416
63 65427
63 65428
63 65472
63 65473
63 65508
63 65527
63 65548
63 65638
63 65679
63 65688
63 65693
63 65706
63 65709
63 65728
63 65736
63 65738
63 65746
63 65756
63 65826
63 65838
63 65888
63 65894
63 65914
63 65915
63 65917
63 65922
63 65940
63 65948
63 65957
63 65971
63 66027
63 66061
63 66063
63 66107
63 66116
63 66118
63 66133
63 66134
63 66153
63 66160
63 66166
63 66182
63 66206
63 66212
63 66236
63 66249
63 66266
63 66270
63 66292
63 66297
63 66321
63 66329
63 66354
63 66368
63 66407
63 66425
63 66445
63 66475
63 66488
63 66490
63 66494
63 66501
63 66541
63 66543
63 66582
63 66596
63 66614
63 66618
63 66640
63 66654
63 66665
63 66681
63 66687
63 66702
63 66711
63 66726
63 66727
63 66737
63 66750
63 66754
63 66762
63 66778
63 66805
63 66821
63 66823
63 66853
63 66869
63 66876
63 66881
63 66888
63 66903
63 66906
63 66908
63 66910
63 66918
63 66925
63 66941
63 66952
63 66958
63 66982
63 67001
63 67011
63 67016
63 67021
63 67024
63 67025
63 67034
63 67056
63 67059
63 67086
63 67105
63 67107
63 67109
63 67137
63 67199
63 67204
63 67206
63 67207
63 67256
63 67264
63 67317
63 67330
63 67338
63 67344
63 67348
63 67372
63 67383
63 67405
63 67417
63 67422
63 67427
63 67428
63 67438
63 67479
63 67507
63 67579
63 67583
63 67661
63 67702
63 67711
63 67717
63 67727
63 67742
63 67744
63 67769
63 67780
63 67784
63 67802
63 67814
63 67816
63 67833
63 67855
63 67868
63 67891
63 67902
63 67903
63 67907
63 67925
63 67930
63 67946
63 68025
63 68065
63 68067
63 68069
63 68088
63 68162
63 68198
63 68222
63 68227
63 68246
63 68247
63 68270
63 68279
63 68318
63 68321
63 68343
63 68376
63 68381
63 68392
63 68402
63 68431
63 68445
63 68451
63 68455
63 68463
63 68468
63 68482
63 68497
63 68526
63 68533
63 68538
63 68543
63 68546
63 68579
63 68603
63 68627
63 68635
63 68667
63 68719
63 68729
63 68768
63 68778
63 68795
63 68810
63 68821
63 68877
63 68910
63 68927
63 68990
63 69000
63 69003
63 69020
63 69102
63 69110
63 69161
63 69169
63 69176
63 69196
63 69236
63 69241
63 69247
63 69255
63 69257
63 69287
63 69311
63 69312
63 69327
63 69338
63 69356
63 69374
63 69379
63 69382
63 69392
63 69417
63 69439
63 69461
63 69481
63 69488
63 69498
63 69501
63 69506
63 69514
63 69556
63 69568
63 69593
63 69598
63 69632
63 69638
63 69668
63 69704
63 69708
63 69734
63 69739
63 69744
63 69758
63 69763
63 69772
63 69779
63 69782
63 69808
63 69856
63 69878
63 69885
63 69900
63 69947
63 69962
63 69967
63 70002
63 70043
63 70044
63 70045
63 70047
63 70063
63 70072
63 70076
63 70077
63 70121
63 70163
63 70164
63 70198
63 70203
63 70215
63 70267
63 70298
63 70320
63 70375
63 70403
63 70404
63 70426
63 70428
63 70437
63 70445
63 70593
63 70606
63 70609
63 70617
63 70631
63 70645
63 70690
63 70733
63 70742
63 70749
63 70795
63 70838
63 70879
63 70884
63 70903
63 70928
63 70959
63 70961
63 70971
63 70977
63 71009
63 71016
63 71018
63 71023
63 71038
63 71055
63 71066
63 71069
63 71097
63 71120
63 71133
63 71153
63 71160
63 71161
63 71189
63 71199
63 71229
63 71236
63 71262
63 71279
63 71294
63 71300
63 71302
63 71313
63 71320
63 71340
63 71348
63 71352
63 71356
63 71361
63 71366
63 71369
63 71391
63 71434
63 71462
63 71473
63 71503
63 71505
63 71524
63 71541
63 71581
63 71587
63 71595
63 71600
63 71611
63 71626
63 71644
63 71711
63 71740
63 71770
63 71776
63 71777
63 71793
63 71821
63 71825
63 71830
63 71834
63 71885
63 71889
63 71890
63 71918
63 71922
63 71927
63 71945
63 71948
63 71951
63 71952
63 71964
63 71986
63 71998
63 72000
63 72048
63 72087
63 72100
63 72108
63 72120
63 72168
63 72201
63 72226
63 72238
63 72276
63 72292
63 72305
63 72351
63 72385
63 72410
63 72415
63 72435
63 72452
63 72465
63 72471
63 72488
63 72489
63 72501
63 72520
63 72528
63 72538
63 72544
63 72557
63 72622
63 72632
63 72651
63 72671
63 72690
63 72691
63 72699
63 72786
63 72787
63 72812
63 72816
63 72822
63 72824
63 72836
63 72837
63 72847
63 72856
63 72867
63 72878
63 72890
63 72895
63 72901
63 72908
63 72917
63 72924
63 72926
63 72928
63 72935
63 72943
63 72944
63 72982
63 72986
63 72998
63 73006
63 73028
63 73034
63 73050
63 73060
63 73078
63 73124
63 73175
63 73236
63 73247
63 73279
63 73292
63 73319
63 73352
63 73359
63 73378
63 73385
63 73388
63 73419
63 73489
63 73528
63 73553
63 73572
63 73576
63 73585
63 73595
63 73634
63 73674
63 73675
63 73683
63 73708
63 73711
63 73712
63 73719
63 73761
63 73763
63 73775
63 73783
63 73794
63 73812
63 73822
63 73893
63 73900
63 73903
63 73913
63 73916
63 73959
63 74016
63 74019
63 74042
63 74047
63 74054
63 74059
63 74060
63 74088
63 74096
63 74109
63 74116
63 74172
63 74183
63 74227
63 74233
63 74252
63 74265
63 74294
63 74298
63 74383
63 74399
63 74404
63 74426
63 74437
63 74470
63 74483
63 74486
63 74492
63 74573
63 74594
63 74607
63 74617
63 74634
63 74729
63 74766
63 74796
63 74814
63 74842
63 74848
63 74859
63 74875
63 74891
63 74904
63 74970
63 74979
63 74985
63 75018
63 75019
63 75056
63 75057
63 75058
63 75059
63 75126
63 75134
63 75135
63 75156
63 75187
63 75191
63 75202
63 75203
63 75219
63 75248
63 75277
63 75296
63 75305
63 75314
63 75325
63 75333
63 75388
63 75420
63 75429
63 75430
63 75433
63 75486
63 75522
63 75560
63 75576
63 75593
63 75595
63 75665
63 75693
63 75699
63 75711
63 75718
63 75720
63 75739
63 75814
63 75815
63 75841
63 75848
63 75854
63 75868
63 75877
63 75882
63 75886
63 75904
63 75955
63 75985
63 75986
63 75997
63 76001
63 76013
63 76022
63 76024
63 76028
63 76029
63 76069
63 76071
63 76091
63 76095
63 76113
63 76117
63 76125
63 76130
63 76132
63 76135
63 76161
63 76174
63 76208
63 76220
63 76237
63 76238
63 76243
63 76295
63 76296
63 76307
63 76316
63 76322
63 76338
63 76344
63 76352
63 76363
63 76372
63 76376
63 76388
63 76397
63 76403
63 76416
63 76491
63 76499
63 76517
63 76562
63 76588
63 76614
63 76619
63 76630
63 76637
63 76641
63 76696
63 76702
63 76706
63 76757
63 76759
63 76772
63 76794
63 76808
63 76818
63 76835
63 76869
63 76874
63 76932
63 76951
63 76959
63 76976
63 76983
63 77058
63 77069
63 77089
63 77126
63 77138
63 77140
63 77172
63 77182
63 77206
63 77284
63 77291
63 77299
63 77309
63 77345
63 77350
63 77359
63 77365
63 77393
63 77406
63 77414
63 77422
63 77504
63 77557
63 77576
63 77585
63 77598
63 77611
63 77628
63 77637
63 77677
63 77686
63 77692
63 77694
63 77704
63 77740
63 77758
63 77771
63 77782
63 77800
63 77805
63 77813
63 77822
63 77839
63 77859
63 77868
63 77884
63 77892
63 77922
63 77923
63 77928
63 77929
63 77935
63 77947
63 77958
63 77979
63 77988
63 77990
63 78010
63 78011
63 78014
63 78099
63 78147
63 78157
63 78158
63 78193
63 78206
63 78215
63 78220
63 78250
63 78287
63 78291
63 78295
63 78300
63 78304
63 78328
63 78358
63 78385
63 78391
63 78407
63 78437
63 78466
63 78467
63 78478
63 78482
63 78495
63 78507
63 78512
63 78518
63 78563
63 78599
63 78604
63 78618
63 78627
63 78660
63 78673
63 78680
63 78731
63 78733
63 78747
63 78777
63 78779
63 78781
63 78797
63 78802
63 78823
63 78825
63 78826
63 78830
63 78875
63 78914
63 78943
63 78958
63 78964
63 78973
63 78987
63 79007
63 79030
63 79079
63 79174
63 79215
63 79224
63 79242
63 79258
63 79260
63 79287
63 79298
63 79319
63 79349
63 79370
63 79414
63 79419
63 79429
63 79447
63 79470
63 79482
63 79512
63 79516
63 79570
63 79576
63 79617
63 79642
63 79643
63 79685
63 79693
63 79698
63 79704
63 79738
63 79744
63 79748
63 79796
63 79816
63 79823
63 79831
63 79833
63 79842
63 79843
63 79849
63 79872
63 79900
63 79914
63 79932
63 79940
63 79943
63 79964
63 79967
63 79969
63 79974
63 79976
63 79988
63 79999
63 80021
63 80024
63 80082
63 80132
63 80137
63 80168
63 80170
63 80173
63 80181
63 80199
63 80218
63 80219
63 80255
63 80260
63 80277
63 80334
63 80356
63 80376
63 80400
63 80414
63 80422
63 80459
63 80461
63 80477
63 80478
63 80488
63 80495
63 80501
63 80550
63 80553
63 80558
63 80582
63 80620
63 80634
63 80707
63 80743
63 80746
63 80749
63 80752
63 80760
63 80796
63 80811
63 80827
63 80828
63 80829
63 80830
63 80850
63 80860
63 80862
63 80867
63 80888
63 80889
63 80910
63 80911
63 80943
63 80963
63 80991
63 81002
63 81006
63 81014
63 81020
63 81040
63 81056
63 81066
63 81082
63 81088
63 81107
63 81117
63 81165
63 81177
63 81178
63 81184
63 81196
63 81216
63 81264
63 81305
63 81343
63 81349
63 81354
63 81397
63 81405
63 81413
63 81431
63 81456
63 81466
63 81471
63 81481
63 81484
63 81500
63 81511
63 81514
63 81545
63 81559
63 81614
63 81639
63 81643
63 81693
63 81701
63 81708
63 81711
63 81719
63 81754
63 81772
63 81779
63 81799
63 81828
63 81846
63 81858
63 81877
63 81884
63 81889
63 81895
63 81908
63 81934
63 81947
63 82001
63 82011
63 82018
63 82062
63 82064
63 82082
63 82090
63 82101
63 82107
63 82127
63 82130
63 82134
63 82151
63 82168
63 82202
63 82220
63 82244
63 82253
63 82323
63 82332
63 82360
63 82365
63 82382
63 82400
63 82422
63 82436
63 82438
63 82446
63 82452
63 82461
63 82483
63 82488
63 82490
63 82491
63 82492
63 82499
63 82588
63 82607
63 82626
63 82630
63 82631
63 82638
63 82661
63 82666
63 82738
63 82743
63 82746
63 82751
63 82766
63 82806
63 82809
63 82833
63 82834
63 82848
63 82854
63 82867
63 82872
63 82952
63 82953
63 82999
63 83018
63 83030
63 83033
63 83061
63 83067
63 83077
63 83088
63 83095
63 83096
63 83104
63 83144
63 83194
63 83195
63 83200
63 83210
63 83237
63 83240
63 83250
63 83260
63 83312
63 83321
63 83324
63 83358
63 83388
63 83391
63 83397
63 83401
63 83418
63 83442
63 83443
63 83523
63 83541
63 83552
63 83561
63 83564
63 83588
63 83604
63 83623
63 83674
63 83683
63 83691
63 83727
63 83729
63 83754
63 83755
63 83795
63 83801
63 83802
63 83841
63 83858
63 83880
63 83887
63 83911
63 83915
63 83921
63 83929
63 83935
63 83994
63 83996
63 84006
63 84025
63 84061
63 84077
63 84107
63 84115
63 84116
63 84120
63 84129
63 84138
63 84139
63 84150
63 84167
63 84185
63 84189
63 84200
63 84239
63 84272
63 84275
63 84286
63 84299
63 84301
63 84333
63 84361
63 84366
63 84368
63 84399
63 84418
63 84442
63 84449
63 84474
63 84489
63 84501
63 84522
63 84529
63 84541
63 84545
63 84552
63 84555
63 84572
63 84634
63 84672
63 84701
63 84703
63 84731
63 84733
63 84735
63 84748
63 84756
63 84762
63 84766
63 84767
63 84776
63 84781
63 84792
63 84804
63 84843
63 84856
63 84868
63 84873
63 84906
63 84919
63 84922
63 84965
63 84970
63 84976
63 84981
63 84985
63 84986
63 85011
63 85029
63 85046
63 85052
63 85056
63 85061
63 85094
63 85112
63 85124
63 85156
63 85164
63 85207
63 85234
63 85237
63 85255
63 85304
63 85355
63 85396
63 85401
63 85407
63 85418
63 85422
63 85435
63 85476
63 85483
63 85490
63 85515
63 85526
63 85539
63 85541
63 85552
63 85554
63 85573
63 85574
63 85596
63 85613
63 85650
63 85675
63 85680
63 85716
63 85721
63 85735
63 85743
63 85750
63 85753
63 85777
63 85779
63 85787
63 85823
63 85825
63 85830
63 85831
63 85844
63 85845
63 85857
63 85872
63 85889
63 85894
63 85929
63 85989
63 86028
63 86038
63 86041
63 86056
63 86063
63 86071
63 86077
63 86095
63 86097
63 86116
63 86119
63 86142
63 86150
63 86153
63 86158
63 86167
63 86194
63 86221
63 86222
63 86234
63 86246
63 86304
63 86346
63 86362
63 86367
63 86396
63 86398
63 86407
63 86419
63 86431
63 86442
63 86447
63 86474
63 86491
63 86511
63 86567
63 86581
63 86593
63 86595
63 86603
63 86639
63 86649
63 86692
63 86702
63 86703
63 86763
63 86798
63 86802
63 86824
63 86850
63 86891
63 86893
63 86909
63 86910
63 86926
63 86934
63 86971
63 86987
63 87023
63 87042
63 87060
63 87097
63 87118
63 87158
63 87163
63 87183
63 87190
63 87195
63 87204
63 87227
63 87243
63 87251
63 87296
63 87303
63 87306
63 87310
63 87346
63 87356
63 87361
63 87370
63 87399
63 87421
63 87426
63 87428
63 87434
63 87452
63 87477
63 87490
63 87495
63 87513
63 87531
63 87541
63 87543
63 87545
63 87579
63 87588
63 87596
63 87618
63 87638
63 87660
63 87667
63 87668
63 87669
63 87676
63 87681
63 87718
63 87727
63 87730
63 87733
63 87779
63 87791
63 87792
63 87806
63 87838
63 87854
63 87875
63 87883
63 87885
63 87894
63 87904
63 87916
63 87922
63 87927
63 87934
63 87959
63 87964
63 87972
63 87982
63 87984
63 87988
63 87990
63 87996
63 88013
63 88037
63 88038
63 88082
63 88083
63 88087
63 88100
63 88137
63 88145
63 88152
63 88162
63 88178
63 88182
63 88186
63 88203
63 88253
63 88259
63 88307
63 88308
63 88319
63 88323
63 88336
63 88339
63 88342
63 88372
63 88378
63 88387
63 88401
63 88418
63 88431
63 88439
63 88453
63 88493
63 88496
63 88527
63 88530
63 88543
63 88549
63 88554
63 88574
63 88576
63 88615
63 88617
63 88654
63 88671
63 88677
63 88718
63 88733
63 88746
63 88749
63 88756
63 88769
63 88781
63 88808
63 88832
63 88842
63 88853
63 88903
63 88912
63 88915
63 88921
63 88924
63 88957
63 89016
63 89024
63 89053
63 89067
63 89083
63 89132
63 89134
63 89153
63 89164
63 89178
63 89223
63 89226
63 89232
63 89238
63 89248
63 89275
63 89282
63 89306
63 89333
63 89348
63 89411
63 89467
63 89484
63 89521
63 89522
63 89537
63 89581
63 89589
63 89590
63 89597
63 89608
63 89617
63 89628
63 89643
63 89645
63 89685
63 89693
63 89718
63 89726
63 89730
63 89741
63 89742
63 89747
63 89767
63 89769
63 89773
63 89808
63 89839
63 89848
63 89853
63 89878
63 89909
63 89967
63 89993
63 90009
63 90026
63 90029
63 90055
63 90073
63 90082
63 90097
63 90116
63 90150
63 90174
63 90182
63 90203
63 90215
63 90228
63 90260
63 90301
63 90306
63 90334
63 90347
63 90355
63 90360
63 90389
63 90411
63 90429
63 90451
63 90464
63 90488
63 90497
63 90506
63 90514
63 90540
63 90555
63 90572
63 90582
63 90592
63 90596
63 90652
63 90672
63 90682
63 90695
63 90716
63 90732
63 90765
63 90768
63 90790
63 90792
63 90801
63 90823
63 90831
63 90874
63 90899
63 90936
63 90937
63 90941
63 90954
63 90962
63 90971
63 90974
63 91020
63 91058
63 91086
63 91087
63 91103
63 91104
63 91138
63 91144
63 91169
63 91185
63 91202
63 91241
63 91263
63 91277
63 91291
63 91292
63 91360
63 91366
63 91378
63 91390
63 91393
63 91413
63 91420
63 91436
63 91440
63 91492
63 91498
63 91533
63 91539
63 91555
63 91558
63 91570
63 91594
63 91614
63 91619
63 91627
63 91650
63 91692
63 91694
63 91696
63 91700
63 91730
63 91732
63 91743
63 91807
63 91825
63 91827
63 91844
63 91853
63 91854
63 91876
63 91882
63 91906
63 91931
63 91950
63 91987
63 92011
63 92035
63 92105
63 92114
63 92133
63 92165
63 92169
63 92180
63 92209
63 92219
63 92224
63 92235
63 92245
63 92250
63 92260
63 92295
63 92297
63 92308
63 92316
63 92323
63 92324
63 92339
63 92342
63 92346
63 92359
63 92420
63 92428
63 92433
63 92449
63 92477
63 92478
63 92508
63 92518
63 92525
63 92569
63 92571
63 92580
63 92608
63 92615
63 92639
63 92643
63 92659
63 92677
63 92687
63 92697
63 92737
63 92753
63 92812
63 92815
63 92820
63 92832
63 92833
63 92868
63 92879
63 92954
63 92965
63 93025
63 93086
63 93095
63 93129
63 93135
63 93150
63 93159
63 93181
63 93194
63 93218
63 93233
63 93239
63 93243
63 93260
63 93262
63 93340
63 93341
63 93364
63 93371
63 93375
63 93428
63 93430
63 93431
63 93488
63 93489
63 93555
63 93556
63 93577
63 93581
63 93583
63 93617
63 93632
63 93683
63 93690
63 93703
63 93706
63 93715
63 93720
63 93737
63 93754
63 93759
63 93761
63 93784
63 93802
63 93816
63 93822
63 93841
63 93850
63 93885
63 93897
63 93900
63 93916
63 93922
63 93934
63 93937
63 93955
63 93966
63 93972
63 93983
63 93990
63 93999
63 94055
63 94090
63 94137
63 94200
63 94202
63 94208
63 94221
63 94234
63 94237
63 94248
63 94341
63 94343
63 94368
63 94391
63 94395
63 94424
63 94453
63 94474
63 94495
63 94546
63 94586
63 94608
63 94617
63 94653
63 94657
63 94673
63 94720
63 94775
63 94790
63 94807
63 94828
63 94877
63 94881
63 94882
63 94942
63 94985
63 94991
63 95006
63 95036
63 95048
63 95049
63 95066
63 95075
63 95076
63 95079
63 95102
63 95106
63 95142
63 95143
63 95159
63 95175
63 95182
63 95210
63 95245
63 95246
63 95249
63 95259
63 95274
63 95276
63 95319
63 95325
63 95328
63 95332
63 95333
63 95339
63 95343
63 95349
63 95384
63 95414
63 95426
63 95446
63 95463
63 95464
63 95486
63 95490
63 95498
63 95546
63 95570
63 95578
63 95584
63 95604
63 95608
63 95636
63 95644
63 95696
63 95731
63 95740
63 95741
63 95748
63 95750
63 95796
63 95815
63 95830
63 95835
63 95849
63 95875
63 95897
63 95909
63 95940
63 95957
63 95967
63 95969
63 95974
63 95975
63 96003
63 96008
63 96031
63 96033
63 96052
63 96079
63 96104
63 96130
63 96194
63 96209
63 96212
63 96234
63 96256
63 96302
63 96342
63 96350
63 96352
63 96367
63 96397
63 96422
63 96452
63 96454
63 96475
63 96481
63 96492
63 96500
63 96533
63 96556
63 96573
63 96597
63 96608
63 96620
63 96627
63 96657
63 96705
63 96739
63 96762
63 96767
63 96816
63 96817
63 96833
63 96847
63 96883
63 96892
63 96899
63 96938
63 96942
63 96958
63 96964
63 96967
63 97029
63 97060
63 97064
63 97072
63 97080
63 97092
63 97096
63 97108
63 97109
63 97145
63 97148
63 97151
63 97153
63 97156
63 97158
63 97160
63 97165
63 97176
63 97192
63 97217
63 97227
63 97233
63 97248
63 97282
63 97285
63 97330
63 97334
63 97371
63 97393
63 97399
63 97405
63 97406
63 97420
63 97441
63 97445
63 97458
63 97501
63 97538
63 97541
63 97549
63 97590
63 97591
63 97597
63 97605
63 97607
63 97631
63 97642
63 97650
63 97676
63 97684
63 97775
63 97781
63 97785
63 97809
63 97839
63 97860
63 97867
63 97885
63 97890
63 97917
63 97931
63 97957
63 97962
63 97969
63 97988
63 97994
63 98002
63 98014
63 98023
63 98033
63 98059
63 98070
63 98083
63 98093
63 98161
63 98171
63 98182
63 98195
63 98198
63 98213
63 98234
63 98246
63 98247
63 98269
63 98274
63 98279
63 98314
63 98318
63 98335
63 98358
63 98370
63 98389
63 98393
63 98416
63 98417
63 98426
63 98437
63 98443
63 98446
63 98469
63 98476
63 98503
63 98512
63 98551
63 98554
63 98564
63 98566
63 98591
63 98610
63 98622
63 98645
63 98661
63 98685
63 98689
63 98695
63 98772
63 98776
63 98783
63 98784
63 98787
63 98793
63 98828
63 98851
63 98858
63 98883
63 98885
63 98889
63 98890
63 98892
63 98915
63 98921
63 98933
63 98946
63 98948
63 98983
63 98990
63 99003
63 99021
63 99036
63 99054
63 99080
63 99081
63 99085
63 99088
63 99107
63 99121
63 99164
63 99175
63 99194
63 99206
63 99212
63 99233
63 99259
63 99261
63 99262
63 99264
63 99283
63 99287
63 99323
63 99330
63 99349
63 99366
63 99368
63 99381
63 99393
63 99398
63 99405
63 99418
63 99419
63 99424
63 99425
63 99443
63 99459
63 99464
63 99507
63 99510
63 99553
63 99585
63 99624
63 99629
63 99632
63 99636
63 99663
63 99682
63 99684
63 99692
63 99703
63 99717
63 99746
63 99762
63 99776
63 99780
63 99790
63 99818
63 99837
63 99838
63 99842
63 99876
63 99902
63 99933
63 99936
63 99942
63 99947
63 99972
63 100001
63 100005
63 100008
63 100032
63 100049
63 100067
63 100069
63 100070
63 100171
63 100273
63 100286
63 100307
63 100313
63 100335
63 100343
63 100346
63 100360
63 100375
63 100378
63 100387
63 100393
63 100417
63 100419
63 100427
63 100460
63 100470
63 100553
63 100600
63 100633
63 100635
63 100655
63 100673
63 100678
63 100696
63 100707
63 100711
63 100724
63 100752
63 100756
63 100758
63 100779
63 100799
63 100808
63 100844
63 100845
63 100863
63 100867
63 100868
63 100894
63 100925
63 100928
63 100934
63 100955
63 100973
63 100981
63 100988
63 101058
63 101064
63 101096
63 101112
63 101143
63 101145
63 101148
63 101151
63 101171
63 101172
63 101177
63 101239
63 101240
63 101244
63 101246
63 101260
63 101270
63 101279
63 101283
63 101285
63 101294
63 101304
63 101324
63 101356
63 101379
63 101402
63 101457
63 101460
63 101461
63 101482
63 101504
63 101513
63 101523
63 101541
63 101546
63 101557
63 101571
63 101588
63 101615
63 101620
63 101628
63 101631
63 101647
63 101652
63 101659
63 101693
63 101711
63 101713
63 101718
63 101760
63 101763
63 101783
63 101784
63 101799
63 101811
63 101853
63 101861
63 101873
63 101929
63 101946
63 101954
63 101965
63 101983
63 101997
63 102012
63 102030
63 102031
63 102047
63 102129
63 102161
63 102173
63 102180
63 102181
63 102212
63 102253
63 102255
63 102268
63 102271
63 102277
63 102281
63 102286
63 102294
63 102318
63 102325
63 102335
63 102338
63 102344
63 102362
63 102383
63 102392
63 102432
63 102478
63 102510
63 102608
63 102633
63 102648
63 102656
63 102673
63 102674
63 102712
63 102720
63 102745
63 102776
63 102817
63 102820
63 102851
63 102861
63 102878
63 102898
63 102930
63 102946
63 102960
63 102965
63 102980
63 102981
63 102995
63 103009
63 103015
63 103018
63 103020
63 103021
63 103033
63 103045
63 103069
63 103072
63 103087
63 103104
63 103133
63 103139
63 103145
63 103157
63 103159
63 103173
63 103190
63 103191
63 103200
63 103211
63 103214
63 103241
63 103263
63 103275
63 103286
63 103359
63 103376
63 103377
63 103401
63 103429
63 103437
63 103451
63 103462
63 103488
63 103492
63 103522
63 103523
63 103530
63 103539
63 103547
63 103554
63 103571
63 103609
63 103627
63 103654
63 103658
63 103664
63 103675
63 103688
63 103691
63 103698
63 103704
63 103737
63 103753
63 103761
63 103771
63 103780
63 103805
63 103811
63 103825
63 103856
63 103874
63 103879
63 103892
63 103893
63 103897
63 103932
63 103948
63 103970
63 103983
63 104005
63 104030
63 104066
63 104078
63 104082
63 104095
63 104104
63 104154
63 104173
63 104181
63 104194
63 104196
63 104215
63 104236
63 104257
63 104283
63 104290
63 104300
63 104307
63 104321
63 104355
63 104373
63 104383
63 104392
63 104393
63 104434
63 104437
63 104438
63 104441
63 104460
63 104497
63 104498
63 104511
63 104517
63 104518
63 104527
63 104535
63 104553
63 104556
63 104557
63 104559
63 104566
63 104570
63 104594
63 104605
63 104606
63 104619
63 104628
63 104629
63 104632
63 104646
63 104664
63 104701
63 104705
63 104754
63 104776
63 104778
63 104786
63 104790
63 104813
63 104826
63 104842
63 104852
63 104885
63 104887
63 104890
63 104902
63 104907
63 104917
63 104944
63 104945
63 104954
63 104956
63 104990
63 105003
63 105051
63 105065
63 105083
63 105101
63 105107
63 105116
63 105117
63 105151
63 105173
63 105178
63 105194
63 105196
63 105197
63 105206
63 105254
63 105267
63 105276
63 105283
63 105285
63 105293
63 105296
63 105298
63 105321
63 105357
63 105359
63 105371
63 105376
63 105408
63 105416
63 105421
63 105435
63 105443
63 105477
63 105498
63 105524
63 105535
63 105542
63 105566
63 105603
63 105605
63 105614
63 105616
63 105623
63 105636
63 105681
63 105697
63 105699
63 105723
63 105725
63 105737
63 105744
63 105751
63 105762
63 105779
63 105781
63 105787
63 105801
63 105806
63 105807
63 105811
63 105829
63 105837
63 105839
63 105847
63 105849
63 105866
63 105891
63 105893
63 105894
63 105903
63 105921
63 105937
63 105939
63 105946
63 105953
63 105983
63 106001
63 106039
63 106052
63 106074
63 106141
63 106152
63 106185
63 106200
63 106219
63 106238
63 106242
63 106252
63 106273
63 106285
63 106346
63 106353
63 106359
63 106372
63 106385
63 106400
63 106413
63 106441
63 106469
63 106484
63 106489
63 106555
63 106556
63 106595
63 106596
63 106597
63 106638
63 106656
63 106657
63 106664
63 106681
63 106705
63 106726
63 106731
63 106814
63 106914
63 106920
63 106923
63 106925
63 106926
63 106927
63 106984
63 107001
63 107006
63 107013
63 107014
63 107019
63 107035
63 107077
63 107082
63 107119
63 107123
63 107147
63 107178
63 107189
63 107199
63 107241
63 107257
63 107271
63 107306
63 107307
63 107328
63 107341
63 107345
63 107377
63 107386
63 107387
63 107393
63 107420
63 107423
63 107425
63 107437
63 107537
63 107592
63 107596
63 107602
63 107612
63 107624
63 107630
63 107657
63 107658
63 107702
63 107715
63 107755
63 107771
63 107826
63 107841
63 107857
63 107870
63 107877
63 107932
63 107938
63 107958
63 107991
63 107996
63 108022
63 108028
63 108038
63 108039
63 108046
63 108048
63 108063
63 108083
63 108086
63 108087
63 108089
63 108097
63 108098
63 108114
63 108118
63 108121
63 108162
63 108176
63 108214
63 108239
63 108251
63 108256
63 108297
63 108318
63 108328
63 108331
63 108360
63 108379
63 108386
63 108388
63 108426
63 108437
63 108445
63 108485
63 108492
63 108501
63 108506
63 108507
63 108516
63 108519
63 108560
63 108569
63 108587
63 108594
63 108597
63 108614
63 108637
63 108650
63 108666
63 108679
63 108699
63 108700
63 108734
63 108765
63 108804
63 108828
63 108829
63 108863
63 108864
63 108885
63 108940
63 108996
63 109011
63 109024
63 109031
63 109036
63 109037
63 109052
63 109099
63 109110
63 109117
63 109153
63 109159
63 109161
63 109188
63 109211
63 109229
63 109238
63 109240
63 109245
63 109267
63 109277
63 109315
63 109357
63 109400
63 109423
63 109437
63 109440
63 109464
63 109465
63 109467
63 109476
63 109480
63 109483
63 109484
63 109495
63 109533
63 109536
63 109552
63 109592
63 109603
63 109604
63 109641
63 109652
63 109653
63 109658
63 109670
63 109672
63 109701
63 109705
63 109710
63 109735
63 109746
63 109774
63 109825
63 109830
63 109849
63 109853
63 109861
63 109888
63 109902
63 109922
63 109950
63 109994
63 110001
63 110014
63 110015
63 110019
63 110049
63 110072
63 110078
63 110102
63 110109
63 110114
63 110120
63 110124
63 110133
63 110136
63 110176
63 110177
63 110211
63 110229
63 110230
63 110239
63 110256
63 110263
63 110280
63 110297
63 110350
63 110375
63 110389
63 110394
63 110401
63 110404
63 110411
63 110428
63 110441
63 110447
63 110452
63 110459
63 110461
63 110474
63 110486
63 110487
63 110514
63 110515
63 110517
63 110523
63 110526
63 110532
63 110535
63 110543
63 110554
63 110560
63 110579
63 110601
63 110648
63 110650
63 110656
63 110667
63 110677
63 110703
63 110733
63 110747
63 110750
63 110761
63 110786
63 110799
63 110812
63 110831
63 110834
63 110841
63 110850
63 110904
63 110941
63 110964
63 111000
63 111002
63 111016
63 111046
63 111052
63 111055
63 111081
63 111082
63 111108
63 111146
63 111166
63 111211
63 111214
63 111231
63 111260
63 111265
63 111292
63 111295
63 111312
63 111335
63 111375
63 111396
63 111399
63 111436
63 111442
63 111449
63 111458
63 111475
63 111498
63 111524
63 111529
63 111563
63 111566
63 111568
63 111602
63 111606
63 111637
63 111665
63 111697
63 111708
63 111728
63 111772
63 111796
63 111807
63 111810
63 111831
63 111833
63 111873
63 111916
63 111928
63 111954
63 111957
63 111970
63 111999
63 112049
63 112065
63 112128
63 112129
63 112161
63 112211
63 112218
63 112233
63 112246
63 112248
63 112255
63 112273
63 112307
63 112312
63 112315
63 112316
63 112318
63 112332
63 112369
63 112387
63 112407
63 112437
63 112465
63 112495
63 112520
63 112523
63 112554
63 112595
63 112597
63 112602
63 112607
63 112612
63 112628
63 112633
63 112651
63 112652
63 112683
63 112684
63 112686
63 112706
63 112725
63 112735
63 112748
63 112763
63 112764
63 112776
63 112846
63 112848
63 112861
63 112867
63 112878
63 112896
63 112906
63 112929
63 112946
63 112979
63 112997
63 113000
63 113048
63 113058
63 113075
63 113076
63 113084
63 113085
63 113088
63 113115
63 113145
63 113174
63 113187
63 113200
63 113204
63 113209
63 113239
63 113250
63 113276
63 113293
63 113294
63 113339
63 113353
63 113355
63 113357
63 113364
63 113369
63 113374
63 113400
63 113412
63 113432
63 113435
63 113444
63 113446
63 113475
63 113482
63 113506
63 113523
63 113549
63 113575
63 113613
63 113641
63 113649
63 113651
63 113663
63 113691
63 113694
63 113712
63 113720
63 113733
63 113786
63 113796
63 113801
63 113804
63 113812
63 113838
63 113841
63 113846
63 113880
63 113883
63 113884
63 113890
63 113914
63 113946
63 113954
63 113981
63 113995
63 114015
63 114016
63 114017
63 114028
63 114045
63 114062
63 114073
63 114080
63 114089
63 114132
63 114194
63 114203
63 114242
63 114252
63 114265
63 114270
63 114300
63 114318
63 114366
63 114372
63 114381
63 114386
63 114387
63 114424
63 114445
63 114455
63 114529
63 114551
63 114586
63 114589
63 114593
63 114599
63 114631
63 114648
63 114657
63 114662
63 114665
63 114671
63 114675
63 114697
63 114707
63 114710
63 114733
63 114739
63 114756
63 114763
63 114773
63 114841
63 114855
63 114897
63 114906
63 114971
63 114985
63 115001
63 115038
63 115060
63 115063
63 115074
63 115077
63 115082
63 115106
63 115113
63 115132
63 115143
63 115157
63 115172
63 115186
63 115220
63 115223
63 115226
63 115230
63 115246
63 115247
63 115256
63 115311
63 115326
63 115330
63 115332
63 115335
63 115349
63 115361
63 115380
63 115411
63 115412
63 115427
63 115458
63 115469
63 115514
63 115518
63 115539
63 115572
63 115586
63 115612
63 115625
63 115649
63 115656
63 115662
63 115674
63 115715
63 115721
63 115744
63 115746
63 115759
63 115761
63 115763
63 115771
63 115782
63 115796
63 115829
63 115833
63 115837
63 115883
63 115894
63 115898
63 115899
63 115929
63 115943
63 115952
63 115986
63 116007
63 116012
63 116014
63 116036
63 116060
63 116082
63 116098
63 116118
63 116123
63 116141
63 116142
63 116228
63 116240
63 116241
63 116255
63 116266
63 116281
63 116300
63 116338
63 116357
63 116371
63 116411
63 116427
63 116442
63 116460
63 116468
63 116474
63 116485
63 116503
63 116528
63 116533
63 116541
63 116582
63 116590
63 116661
63 116673
63 116678
63 116680
63 116682
63 116690
63 116699
63 116700
63 116713
63 116733
63 116772
63 116777
63 116779
63 116780
63 116789
63 116862
63 116869
63 116927
63 116928
63 116935
63 116959
63 116978
63 116984
63 117004
63 117008
63 117019
63 117028
63 117062
63 117078
63 117081
63 117095
63 117188
63 117204
63 117233
63 117258
63 117275
63 117282
63 117290
63 117303
63 117314
63 117317
63 117319
63 117327
63 117339
63 117347
63 117363
63 117370
63 117391
63 117467
63 117477
63 117506
63 117523
63 117533
63 117569
63 117572
63 117578
63 117610
63 117624
63 117647
63 117648
63 117656
63 117661
63 117679
63 117681
63 117724
63 117728
63 117730
63 117746
63 117750
63 117752
63 117754
63 117763
63 117767
63 117812
63 117826
63 117831
63 117832
63 117852
63 117855
63 117878
63 117913
63 117929
63 117940
63 117964
63 117967
63 117978
63 117983
63 117984
63 118002
63 118003
63 118009
63 118012
63 118025
63 118109
63 118128
63 118151
63 118153
63 118165
63 118180
63 118196
63 118208
63 118266
63 118267
63 118274
63 118285
63 118298
63 118300
63 118317
63 118332
63 118337
63 118370
63 118376
63 118409
63 118411
63 118424
63 118456
63 118478
63 118481
63 118505
63 118506
63 118513
63 118564
63 118599
63 118628
63 118630
63 118666
63 118717
63 118725
63 118760
63 118778
63 118780
63 118817
63 118820
63 118826
63 118828
63 118848
63 118897
63 118901
63 118916
63 118918
63 118928
63 118933
63 118952
63 118964
63 118970
63 118977
63 118993
63 119009
63 119024
63 119040
63 119042
63 119063
63 119088
63 119112
63 119130
63 119137
63 119152
63 119153
63 119166
63 119208
63 119214
63 119225
63 119230
63 119261
63 119267
63 119276
63 119281
63 119285
63 119300
63 119306
63 119318
63 119338
63 119408
63 119455
63 119470
63 119499
63 119514
63 119540
63 119556
63 119573
63 119576
63 119597
63 119605
63 119620
63 119657
63 119665
63 119674
63 119682
63 119705
63 119708
63 119717
63 119729
63 119734
63 119742
63 119745
63 119768
63 119783
63 119819
63 119828
63 119833
63 119842
63 119854
63 119860
63 119864
63 119887
63 119913
63 119921
63 119934
63 119939
63 119949
63 119959
63 119962
63 119971
63 119979
63 120005
63 120014
63 120027
63 120042
63 120054
63 120060
63 120062
63 120068
63 120093
63 120096
63 120106
63 120112
63 120117
63 120131
63 120149
63 120150
63 120175
63 120177
63 120180
63 120182
63 120194
63 120217
63 120218
63 120235
63 120285
63 120292
63 120312
63 120315
63 120326
63 120371
63 120375
63 120442
63 120488
63 120514
63 120525
63 120532
63 120543
63 120569
63 120581
63 120591
63 120599
63 120601
63 120646
63 120669
63 120681
63 120696
63 120737
63 120740
63 120743
63 120772
63 120773
63 120783
63 120785
63 120813
63 120817
63 120847
63 120890
63 120897
63 120928
63 120929
63 120941
63 120948
63 120950
63 120973
63 120978
63 120998
63 121001
63 121004
63 121007
63 121012
63 121032
63 121069
63 121092
63 121106
63 121135
63 121141
63 121150
63 121151
63 121155
63 121156
63 121158
63 121159
63 121161
63 121164
63 121165
63 121198
63 121215
63 121230
63 121233
63 121247
63 121260
63 121271
63 121276
63 121316
63 121320
63 121326
63 121340
63 121361
63 121386
63 121393
63 121407
63 121421
63 121436
63 121453
63 121481
63 121519
63 121524
63 121570
63 121603
63 121628
63 121660
63 121669
63 121693
63 121841
63 121845
63 121862
63 121887
63 121913
63 121918
63 121925
63 121926
63 121930
63 121936
63 121998
63 122012
63 122024
63 122087
63 122104
63 122114
63 122179
63 122192
63 122209
63 122218
63 122261
63 122271
63 122276
63 122422
63 122443
63 122468
63 122500
63 122512
63 122525
63 122530
63 122537
63 122541
63 122544
63 122564
63 122566
63 122571
63 122600
63 122626
63 122632
63 122641
63 122644
63 122654
63 122706
63 122739
63 122742
63 122744
63 122746
63 122753
63 122765
63 122787
63 122804
63 122810
63 122846
63 122853
63 122879
63 122887
63 122892
63 122910
63 122936
63 122967
63 122988
63 122991
63 123022
63 123034
63 123041
63 123081
63 123082
63 123094
63 123169
63 123210
63 123224
63 123262
63 123268
63 123270
63 123293
63 123383
63 123385
63 123397
63 123403
63 123412
63 123418
63 123425
63 123433
63 123436
63 123448
63 123473
63 123483
63 123495
63 123509
63 123557
63 123568
63 123606
63 123622
63 123639
63 123659
63 123661
63 123692
63 123701
63 123723
63 123745
63 123750
63 123759
63 123765
63 123810
63 123815
63 123838
63 123857
63 123860
63 123874
63 123881
63 123899
63 123900
63 123913
63 123927
63 123932
63 124023
63 124056
63 124060
63 124061
63 124062
63 124082
63 124097
63 124109
63 124131
63 124147
63 124165
63 124168
63 124220
63 124224
63 124233
63 124234
63 124247
63 124282
63 124292
63 124320
63 124326
63 124359
63 124377
63 124388
63 124400
63 124404
63 124413
63 124428
63 124430
63 124440
63 124451
63 124474
63 124476
63 124514
63 124520
63 124558
63 124592
63 124601
63 124627
63 124659
63 124675
63 124684
63 124701
63 124713
63 124750
63 124761
63 124833
63 124841
63 124856
63 124877
63 124893
63 124899
63 124901
63 124922
63 124923
63 124946
63 124967
63 124983
63 124988
63 125027
63 125044
63 125057
63 125085
63 125127
63 125142
63 125152
63 125166
63 125176
63 125213
63 125227
63 125248
63 125250
63 125314
63 125348
63 125388
63 125413
63 125419
63 125451
63 125468
63 125469
63 125482
63 125494
63 125510
63 125545
63 125558
63 125589
63 125600
63 125632
63 125633
63 125662
63 125680
63 125708
63 125711
63 125726
63 125741
63 125750
63 125761
63 125774
63 125787
63 125834
63 125878
63 125879
63 125898
63 125920
63 125922
63 125948
63 125967
63 125968
63 125980
63 126001
63 126018
63 126019
63 126028
63 126035
63 126045
63 126046
63 126052
63 126079
63 126084
63 126113
63 126134
63 126144
63 126148
63 126155
63 126203
63 126211
63 126235
63 126259
63 126269
63 126295
63 126308
63 126359
63 126384
63 126426
63 126444
63 126460
63 126482
63 126489
63 126498
63 126506
63 126514
63 126563
63 126584
63 126607
63 126633
63 126664
63 126666
63 126670
63 126672
63 126684
63 126687
63 126690
63 126746
63 126759
63 126779
63 126789
63 126795
63 126827
63 126844
63 126854
63 126871
63 126874
63 126879
63 126917
63 126931
63 127003
63 127008
63 127011
63 127024
63 127038
63 127056
63 127058
63 127086
63 127096
63 127120
63 127137
63 127148
63 127168
63 127256
63 127278
63 127299
63 127306
63 127341
63 127358
63 127381
63 127391
63 127408
63 127447
63 127466
63 127467
63 127469
63 127482
63 127489
63 127499
63 127503
63 127516
63 127563
63 127604
63 127605
63 127610
63 127612
63 127619
63 127626
63 127658
63 127671
63 127679
63 127725
63 127759
63 127812
63 127830
63 127850
63 127864
63 127867
63 127888
63 127896
63 127912
63 127918
63 127919
63 127927
63 127975
63 127985
63 128015
63 128024
63 128037
63 128092
63 128125
63 128146
63 128154
63 128175
63 128181
63 128182
63 128198
63 128207
63 128213
63 128221
63 128229
63 128236
63 128294
63 128314
63 128369
63 128387
63 128389
63 128403
63 128426
63 128432
63 128434
63 128458
63 128466
63 128470
63 128513
63 128537
63 128611
63 128628
63 128629
63 128660
63 128729
63 128734
63 128759
63 128762
63 128767
63 128775
63 128777
63 128831
63 128846
63 128870
63 128883
63 128884
63 128885
63 128901
63 128906
63 128929
63 128930
63 128945
63 128947
63 128950
63 128964
63 129012
63 129028
63 129030
63 129077
63 129097
63 129167
63 129215
63 129226
63 129236
63 129243
63 129247
63 129256
63 129273
63 129281
63 129296
63 129322
63 129383
63 129404
63 129408
63 129425
63 129458
63 129483
63 129497
63 129511
63 129512
63 129520
63 129558
63 129585
63 129593
63 129597
63 129608
63 129619
63 129630
63 129636
63 129641
63 129660
63 129671
63 129710
63 129720
63 129736
63 129737
63 129741
63 129751
63 129761
63 129781
63 129787
63 129793
63 129812
63 129814
63 129845
63 129860
63 129865
63 129866
63 129881
63 129895
63 129900
63 129924
63 129940
63 129944
63 129949
63 129981
63 129992
63 129995
63 130014
63 130017
63 130039
63 130043
63 130047
63 130073
63 130075
63 130084
63 130118
63 130129
63 130163
63 130212
63 130216
63 130218
63 130229
63 130234
63 130240
63 130244
63 130246
63 130271
63 130289
63 130295
63 130306
63 130338
63 130345
63 130352
63 130364
63 130404
63 130413
63 130420
63 130457
63 130472
63 130478
63 130480
63 130520
63 130527
63 130539
63 130550
63 130553
63 130613
63 130634
63 130638
63 130642
63 130686
63 130756
63 130759
63 130761
63 130765
63 130770
63 130774
63 130798
63 130820
63 130821
63 130828
63 130866
63 130867
63 130872
63 130880
63 130902
63 130916
63 130938
63 130972
63 130977
63 130987
63 130993
63 131018
63 131025
63 131026
63 131057
63 131074
63 131087
63 131101
63 131125
63 131157
63 131170
63 131174
63 131180
63 131185
63 131201
63 131211
63 131240
63 131262
63 131274
63 131282
63 131286
63 131287
63 131290
63 131295
63 131322
63 131326
63 131329
63 131336
63 131342
63 131347
63 131362
63 131368
63 131378
63 131389
63 131415
63 131463
63 131507
63 131516
63 131519
63 131523
63 131542
63 131548
63 131611
63 131613
63 131649
63 131665
63 131691
63 131700
63 131737
63 131775
63 131777
63 131806
63 131846
63 131859
63 131864
63 131867
63 131898
63 131925
63 132002
63 132005
63 132097
63 132101
63 132126
63 132137
63 132146
63 132148
63 132169
63 132205
63 132220
63 132236
63 132251
63 132257
63 132265
63 132292
63 132294
63 132365
63 132447
63 132494
63 132508
63 132516
63 132518
63 132523
63 132528
63 132571
63 132589
63 132623
63 132628
63 132634
63 132635
63 132716
63 132733
63 132762
63 132786
63 132811
63 132822
63 132848
63 132854
63 132855
63 132904
63 132927
63 132936
63 132938
63 132949
63 133000
63 133007
63 133015
63 133020
63 133033
63 133099
63 133106
63 133115
63 133139
63 133183
63 133184
63 133197
63 133200
63 133240
63 133252
63 133262
63 133288
63 133292
63 133356
63 133376
63 133436
63 133444
63 133454
63 133456
63 133463
63 133480
63 133505
63 133510
63 133519
63 133528
63 133542
63 133552
63 133558
63 133581
63 133693
63 133710
63 133714
63 133716
63 133718
63 133734
63 133745
63 133906
63 133916
63 133918
63 133927
63 133930
63 133976
63 134019
63 134044
63 134086
63 134126
63 134135
63 134148
63 134157
63 134179
63 134191
63 134197
63 134211
63 134216
63 134218
63 134235
63 134280
63 134284
63 134291
63 134300
63 134308
63 134349
63 134366
63 134379
63 134414
63 134425
63 134431
63 134455
63 134457
63 134464
63 134474
63 134481
63 134491
63 134492
63 134507
63 134509
63 134518
63 134552
63 134553
63 134556
63 134564
63 134607
63 134616
63 134639
63 134662
63 134676
63 134687
63 134688
63 134693
63 134698
63 134707
63 134720
63 134730
63 134755
63 134798
63 134818
63 134824
63 134863
63 134873
63 134904
63 134913
63 134914
63 134923
63 134947
63 134961
63 134968
63 135010
63 135031
63 135045
63 135079
63 135133
63 135144
63 135171
63 135176
63 135208
63 135224
63 135228
63 135258
63 135269
63 135288
63 135300
63 135308
63 135309
63 135313
63 135315
63 135339
63 135344
63 135352
63 135369
63 135375
63 135377
63 135380
63 135417
63 135428
63 135446
63 135470
63 135476
63 135502
63 135556
63 135574
63 135600
63 135610
63 135617
63 135625
63 135635
63 135649
63 135660
63 135664
63 135700
63 135705
63 135706
63 135716
63 135717
63 135738
63 135801
63 135803
63 135806
63 135845
63 135864
63 135878
63 135899
63 135912
63 135938
63 135965
63 135991
63 135993
63 136021
63 136038
63 136050
63 136051
63 136080
63 136081
63 136110
63 136130
63 136141
63 136159
63 136164
63 136168
63 136187
63 136193
63 136195
63 136208
63 136215
63 136223
63 136243
63 136284
63 136346
63 136358
63 136369
63 136376
63 136398
63 136400
63 136411
63 136433
63 136434
63 136442
63 136447
63 136462
63 136490
63 136497
63 136504
63 136515
63 136517
63 136569
63 136575
63 136593
63 136622
63 136639
63 136641
63 136663
63 136708
63 136720
63 136762
63 136778
63 136785
63 136820
63 136849
63 136932
63 136961
63 136984
63 137009
63 137012
63 137056
63 137085
63 137090
63 137091
63 137111
63 137114
63 137118
63 137127
63 137130
63 137138
63 137154
63 137159
63 137161
63 137174
63 137177
63 137182
63 137194
63 137218
63 137223
63 137227
63 137247
63 137302
63 137330
63 137349
63 137367
63 137371
63 137375
63 137424
63 137459
63 137460
63 137467
63 137470
63 137479
63 137488
63 137509
63 137532
63 137545
63 137595
63 137609
63 137616
63 137652
63 137656
63 137658
63 137668
63 137719
63 137724
63 137737
63 137755
63 137781
63 137787
63 137793
63 137795
63 137939
63 137960
63 137966
63 137976
63 137992
63 138002
63 138013
63 138014
63 138030
63 138033
63 138049
63 138053
63 138103
63 138118
63 138128
63 138159
63 138164
63 138165
63 138175
63 138232
63 138236
63 138256
63 138273
63 138306
63 138346
63 138351
63 138371
63 138436
63 138464
63 138486
63 138505
63 138520
63 138523
63 138528
63 138551
63 138556
63 138580
63 138583
63 138584
63 138600
63 138627
63 138632
63 138650
63 138667
63 138687
63 138708
63 138711
63 138728
63 138737
63 138748
63 138751
63 138770
63 138782
63 138791
63 138792
63 138801
63 138821
63 138827
63 138833
63 138900
63 138913
63 138919
63 138925
63 138935
63 138951
63 138971
63 138982
63 138985
63 139000
63 139007
63 139056
63 139076
63 139078
63 139102
63 139104
63 139130
63 139163
63 139164
63 139166
63 139210
63 139224
63 139228
63 139242
63 139270
63 139273
63 139308
63 139322
63 139335
63 139341
63 139346
63 139361
63 139374
63 139381
63 139413
63 139433
63 139459
63 139462
63 139465
63 139468
63 139473
63 139508
63 139513
63 139516
63 139525
63 139528
63 139531
63 139596
63 139597
63 139623
63 139631
63 139634
63 139639
63 139655
63 139672
63 139684
63 139695
63 139697
63 139737
63 139751
63 139769
63 139779
63 139793
63 139814
63 139816
63 139831
63 139840
63 139846
63 139848
63 139855
63 139862
63 139882
63 139903
63 139904
63 139928
63 139932
63 139949
63 139951
63 140012
63 140013
63 140040
63 140070
63 140075
63 140081
63 140092
63 140096
63 140097
63 140105
63 140108
63 140116
63 140117
63 140141
63 140146
63 140154
63 140160
63 140166
63 140222
63 140223
63 140234
63 140269
63 140290
63 140317
63 140357
63 140446
63 140464
63 140475
63 140485
63 140489
63 140498
63 140508
63 140525
63 140540
63 140543
63 140573
63 140587
63 140595
63 140602
63 140614
63 140617
63 140619
63 140639
63 140642
63 140646
63 140649
63 140662
63 140665
63 140670
63 140680
63 140702
63 140732
63 140742
63 140765
63 140774
63 140782
63 140823
63 140884
63 140908
63 140913
63 140919
63 140922
63 140942
63 140955
63 140968
63 140997
63 141003
63 141009
63 141045
63 141060
63 141117
63 141132
63 141165
63 141170
63 141189
63 141190
63 141211
63 141252
63 141273
63 141288
63 141290
63 141291
63 141334
63 141341
63 141350
63 141353
63 141362
63 141374
63 141409
63 141417
63 141431
63 141455
63 141457
63 141516
63 141561
63 141575
63 141584
63 141612
63 141619
63 141658
63 141677
63 141682
63 141703
63 141710
63 141778
63 141817
63 141828
63 141840
63 141863
63 141866
63 141905
63 141933
63 141939
63 141940
63 141972
63 141988
63 142005
63 142014
63 142027
63 142033
63 142039
63 142097
63 142116
63 142130
63 142153
63 142161
63 142194
63 142204
63 142213
63 142214
63 142221
63 142304
63 142308
63 142313
63 142337
63 142348
63 142373
63 142377
63 142430
63 142445
63 142471
63 142495
63 142509
63 142516
63 142580
63 142582
63 142584
63 142590
63 142606
63 142620
63 142646
63 142653
63 142703
63 142708
63 142717
63 142744
63 142760
63 142781
63 142795
63 142798
63 142816
63 142820
63 142835
63 142855
63 142939
63 142995
63 143020
63 143044
63 143055
63 143101
63 143112
63 143124
63 143136
63 143166
63 143171
63 143220
63 143277
63 143302
63 143306
63 143332
63 143341
63 143354
63 143357
63 143360
63 143375
63 143377
63 143418
63 143458
63 143492
63 143534
63 143537
63 143538
63 143546
63 143569
63 143570
63 143582
63 143601
63 143606
63 143625
63 143635
63 143655
63 143664
63 143681
63 143688
63 143714
63 143719
63 143724
63 143735
63 143764
63 143801
63 143810
63 143818
63 143819
63 143837
63 143844
63 143858
63 143872
63 143896
63 143899
63 143919
63 143925
63 143943
63 143951
63 143961
63 143988
63 144021
63 144022
63 144040
63 144051
63 144054
63 144089
63 144098
63 144117
63 144174
63 144183
63 144199
63 144212
63 144216
63 144222
63 144245
63 144259
63 144269
63 144299
63 144309
63 144322
63 144327
63 144355
63 144362
63 144382
63 144394
63 144398
63 144399
63 144416
63 144445
63 144473
63 144518
63 144540
63 144543
63 144561
63 144568
63 144569
63 144610
63 144649
63 144701
63 144713
63 144743
63 144749
63 144753
63 144754
63 144809
63 144810
63 144834
63 144854
63 144858
63 144860
63 144863
63 144883
63 144914
63 144933
63 144948
63 144953
63 144956
63 144966
63 144969
63 144975
63 145006
63 145080
63 145087
63 145090
63 145093
63 145110
63 145121
63 145137
63 145138
63 145164
63 145171
63 145192
63 145199
63 145200
63 145206
63 145226
63 145243
63 145254
63 145284
63 145300
63 145302
63 145319
63 145332
63 145337
63 145367
63 145390
63 145394
63 145400
63 145428
63 145473
63 145492
63 145529
63 145533
63 145538
63 145561
63 145564
63 145567
63 145576
63 145580
63 145604
63 145629
63 145642
63 145696
63 145712
63 145735
63 145777
63 145779
63 145789
63 145820
63 145828
63 145841
63 145858
63 145938
63 145950
63 145953
63 145954
63 145957
63 145974
63 145986
63 146003
63 146007
63 146011
63 146016
63 146021
63 146028
63 146048
63 146050
63 146120
63 146133
63 146135
63 146142
63 146144
63 146155
63 146157
63 146158
63 146167
63 146199
63 146246
63 146255
63 146276
63 146277
63 146280
63 146284
63 146289
63 146296
63 146312
63 146320
63 146373
63 146380
63 146383
63 146385
63 146432
63 146452
63 146464
63 146475
63 146479
63 146481
63 146486
63 146509
63 146513
63 146541
63 146552
63 146563
63 146580
63 146587
63 146601
63 146623
63 146648
63 146681
63 146692
63 146717
63 146747
63 146752
63 146760
63 146776
63 146796
63 146815
63 146832
63 146833
63 146905
63 146908
63 146921
63 146928
63 146933
63 146956
63 146980
63 147024
63 147051
63 147053
63 147055
63 147083
63 147101
63 147122
63 147143
63 147157
63 147159
63 147179
63 147180
63 147181
63 147185
63 147214
63 147244
63 147247
63 147255
63 147272
63 147321
63 147349
63 147373
63 147375
63 147389
63 147401
63 147423
63 147451
63 147469
63 147487
63 147489
63 147523
63 147558
63 147566
63 147604
63 147622
63 147627
63 147639
63 147663
63 147680
63 147693
63 147724
63 147725
63 147737
63 147756
63 147802
63 147829
63 147834
63 147838
63 147883
63 147906
63 147916
63 147921
63 147936
63 147944
63 147955
63 147992
63 147996
63 147999
63 148023
63 148026
63 148031
63 148044
63 148060
63 148067
63 148070
63 148114
63 148127
63 148128
63 148132
63 148144
63 148192
63 148218
63 148232
63 148233
63 148242
63 148246
63 148291
63 148329
63 148334
63 148352
63 148360
63 148368
63 148370
63 148382
63 148406
63 148410
63 148418
63 148426
63 148436
63 148482
63 148493
63 148495
63 148505
63 148555
63 148556
63 148561
63 148576
63 148580
63 148590
63 148599
63 148605
63 148617
63 148637
63 148651
63 148654
63 148675
63 148715
63 148766
63 148774
63 148811
63 148825
63 148841
63 148843
63 148864
63 148869
63 148876
63 148891
63 148905
63 148910
63 148915
63 148922
63 148929
63 148939
63 148947
63 148970
63 149013
63 149025
63 149036
63 149049
63 149055
63 149060
63 149072
63 149095
63 149131
63 149138
63 149173
63 149185
63 149198
63 149213
63 149237
63 149275
63 149276
63 149288
63 149289
63 149297
63 149301
63 149302
63 149311
63 149315
63 149341
63 149351
63 149361
63 149362
63 149371
63 149399
63 149426
63 149428
63 149453
63 149454
63 149463
63 149492
63 149495
63 149525
63 149535
63 149544
63 149570
63 149585
63 149608
63 149648
63 149650
63 149682
63 149696
63 149708
63 149738
63 149742
63 149755
63 149768
63 149787
63 149790
63 149796
63 149809
63 149811
63 149814
63 149833
63 149858
63 149862
63 149868
63 149872
63 149887
63 149896
63 149911
63 149924
63 149931
63 149935
63 149952
63 150047
63 150055
63 150064
63 150108
63 150133
63 150134
63 150149
63 150193
63 150208
63 150225
63 150236
63 150242
63 150245
63 150246
63 150331
63 150336
63 150346
63 150353
63 150368
63 150375
63 150407
63 150412
63 150415
63 150426
63 150435
63 150468
63 150474
63 150490
63 150570
63 150578
63 150587
63 150617
63 150658
63 150674
63 150678
63 150719
63 150744
63 150759
63 150772
63 150795
63 150798
63 150805
63 150813
63 150816
63 150817
63 150821
63 150841
63 150918
63 150933
63 151002
63 151086
63 151105
63 151217
63 151250
63 151267
63 151301
63 151305
63 151310
63 151332
63 151340
63 151360
63 151371
63 151386
63 151390
63 151394
63 151396
63 151397
63 151401
63 151412
63 151441
63 151471
63 151494
63 151499
63 151521
63 151528
63 151531
63 151532
63 151562
63 151568
63 151584
63 151587
63 151603
63 151653
63 151682
63 151685
63 151687
63 151692
63 151714
63 151747
63 151764
63 151766
63 151767
63 151772
63 151773
63 151789
63 151795
63 151836
63 151845
63 151846
63 151850
63 151889
63 151924
63 151932
63 151936
63 151975
63 151989
63 151994
63 151995
63 152038
63 152081
63 152090
63 152095
63 152132
63 152162
63 152177
63 152180
63 152181
63 152200
63 152207
63 152217
63 152224
63 152248
63 152261
63 152272
63 152305
63 152324
63 152331
63 152358
63 152384
63 152403
63 152405
63 152448
63 152460
63 152495
63 152516
63 152517
63 152525
63 152556
63 152560
63 152571
63 152602
63 152611
63 152615
63 152636
63 152641
63 152646
63 152707
63 152715
63 152724
63 152738
63 152744
63 152752
63 152769
63 152817
63 152898
63 152908
63 152977
63 152999
63 153001
63 153014
63 153024
63 153055
63 153076
63 153087
63 153095
63 153109
63 153122
63 153133
63 153142
63 153153
63 153159
63 153163
63 153210
63 153216
63 153239
63 153243
63 153304
63 153306
63 153336
63 153348
63 153351
63 153361
63 153383
63 153390
63 153429
63 153450
63 153451
63 153481
63 153483
63 153485
63 153533
63 153545
63 153573
63 153578
63 153607
63 153674
63 153688
63 153716
63 153746
63 153751
63 153793
63 153883
63 153900
63 153924
63 153950
63 153957
63 153997
63 154003
63 154007
63 154009
63 154016
63 154054
63 154068
63 154082
63 154090
63 154161
63 154172
63 154180
63 154204
63 154236
63 154239
63 154258
63 154270
63 154280
63 154284
63 154304
63 154327
63 154333
63 154343
63 154349
63 154399
63 154400
63 154435
63 154440
63 154472
63 154524
63 154529
63 154551
63 154559
63 154562
63 154571
63 154584
63 154591
63 154594
63 154610
63 154616
63 154646
63 154680
63 154718
63 154734
63 154758
63 154810
63 154817
63 154854
63 154913
63 154995
63 154999
63 155014
63 155023
63 155024
63 155050
63 155055
63 155089
63 155090
63 155096
63 155111
63 155119
63 155137
63 155145
63 155232
63 155255
63 155257
63 155294
63 155307
63 155313
63 155352
63 155356
63 155371
63 155406
63 155419
63 155422
63 155431
63 155439
63 155449
63 155471
63 155498
63 155540
63 155548
63 155562
63 155567
63 155610
63 155639
63 155673
63 155698
63 155709
63 155732
63 155744
63 155767
63 155788
63 155802
63 155815
63 155823
63 155826
63 155840
63 155865
63 155878
63 155884
63 155972
63 155974
63 155975
63 155980
63 155987
63 156022
63 156053
63 156054
63 156065
63 156075
63 156085
63 156126
63 156134
63 156139
63 156147
63 156171
63 156184
63 156192
63 156193
63 156220
63 156249
63 156261
63 156292
63 156299
63 156311
63 156320
63 156328
63 156364
63 156413
63 156439
63 156458
63 156462
63 156471
63 156505
63 156509
63 156537
63 156565
63 156567
63 156568
63 156572
63 156585
63 156603
63 156608
63 156613
63 156616
63 156624
63 156627
63 156655
63 156661
63 156682
63 156693
63 156697
63 156702
63 156705
63 156718
63 156773
63 156839
63 156878
63 156879
63 156894
63 156939
63 156944
63 156948
63 156967
63 157014
63 157016
63 157031
63 157038
63 157051
63 157062
63 157082
63 157084
63 157097
63 157098
63 157099
63 157128
63 157139
63 157140
63 157184
63 157200
63 157238
63 157262
63 157272
63 157276
63 157289
63 157302
63 157310
63 157333
63 157345
63 157348
63 157358
63 157382
63 157401
63 157407
63 157408
63 157417
63 157429
63 157433
63 157444
63 157447
63 157475
63 157482
63 157515
63 157519
63 157524
63 157528
63 157548
63 157566
63 157567
63 157569
63 157571
63 157590
63 157593
63 157629
63 157654
63 157665
63 157679
63 157691
63 157750
63 157755
63 157767
63 157777
63 157789
63 157792
63 157818
63 157819
63 157837
63 157853
63 157873
63 157899
63 157906
63 157916
63 157923
63 157927
63 157935
63 157937
63 157940
63 157948
63 158002
63 158031
63 158043
63 158047
63 158079
63 158081
63 158102
63 158110
63 158119
63 158122
63 158139
63 158162
63 158199
63 158213
63 158235
63 158250
63 158271
63 158290
63 158304
63 158312
63 158319
63 158381
63 158387
63 158399
63 158400
63 158409
63 158419
63 158423
63 158429
63 158472
63 158558
63 158572
63 158588
63 158639
63 158668
63 158670
63 158678
63 158690
63 158692
63 158693
63 158699
63 158711
63 158752
63 158789
63 158821
63 158827
63 158834
63 158839
63 158840
63 158858
63 158861
63 158867
63 158868
63 158928
63 158941
63 158945
63 159013
63 159014
63 159020
63 159065
63 159069
63 159097
63 159098
63 159110
63 159126
63 159133
63 159165
63 159225
63 159232
63 159257
63 159258
63 159286
63 159349
63 159352
63 159362
63 159367
63 159394
63 159405
63 159423
63 159437
63 159452
63 159453
63 159472
63 159494
63 159501
63 159502
63 159515
63 159520
63 159528
63 159532
63 159536
63 159545
63 159549
63 159574
63 159576
63 159611
63 159623
63 159662
63 159697
63 159701
63 159711
63 159728
63 159732
63 159739
63 159742
63 159754
63 159768
63 159778
63 159865
63 159868
63 159873
63 159875
63 159891
63 159914
63 159920
63 159927
63 159932
63 159952
63 159956
63 159957
63 159966
63 159967
63 159973
63 159977
63 159996
63 160003
63 160016
63 160018
63 160082
63 160162
63 160172
63 160187
63 160237
63 160301
63 160306
63 160334
63 160335
63 160361
63 160389
63 160408
63 160422
63 160433
63 160457
63 160465
63 160499
63 160503
63 160542
63 160563
63 160574
63 160609
63 160624
63 160626
63 160681
63 160715
63 160752
63 160754
63 160756
63 160799
63 160832
63 160847
63 160884
63 160891
63 160934
63 160938
63 161032
63 161033
63 161038
63 161057
63 161063
63 161089
63 161109
63 161120
63 161123
63 161135
63 161159
63 161168
63 161177
63 161192
63 161194
63 161202
63 161231
63 161235
63 161241
63 161247
63 161265
63 161284
63 161301
63 161306
63 161361
63 161410
63 161418
63 161423
63 161425
63 161430
63 161442
63 161464
63 161465
63 161516
63 161517
63 161523
63 161531
63 161581
63 161603
63 161605
63 161610
63 161628
63 161631
63 161684
63 161704
63 161706
63 161711
63 161726
63 161740
63 161749
63 161750
63 161751
63 161774
63 161854
63 161859
63 161866
63 161867
63 161873
63 161888
63 161897
63 161954
63 161997
63 162027
63 162028
63 162048
63 162057
63 162059
63 162101
63 162103
63 162124
63 162127
63 162129
63 162131
63 162148
63 162157
63 162167
63 162174
63 162180
63 162186
63 162212
63 162275
63 162281
63 162290
63 162325
63 162359
63 162364
63 162379
63 162389
63 162406
63 162411
63 162464
63 162473
63 162477
63 162480
63 162495
63 162500
63 162503
63 162506
63 162512
63 162516
63 162519
63 162526
63 162528
63 162531
63 162537
63 162540
63 162652
63 162656
63 162658
63 162669
63 162679
63 162699
63 162739
63 162742
63 162754
63 162769
63 162771
63 162786
63 162789
63 162799
63 162820
63 162832
63 162842
63 162844
63 162884
63 162901
63 162919
63 162920
63 162942
63 162943
63 162951
63 162961
63 162985
63 162989
63 163015
63 163041
63 163072
63 163077
63 163081
63 163113
63 163115
63 163133
63 163138
63 163155
63 163177
63 163222
63 163253
63 163263
63 163270
63 163292
63 163325
63 163369
63 163379
63 163414
63 163417
63 163429
63 163451
63 163453
63 163487
63 163504
63 163523
63 163527
63 163595
63 163608
63 163610
63 163629
63 163634
63 163677
63 163724
63 163754
63 163758
63 163822
63 163831
63 163834
63 163844
63 163846
63 163848
63 163868
63 163869
63 163882
63 163954
63 164000
63 164021
63 164049
63 164058
63 164067
63 164124
63 164137
63 164140
63 164160
63 164162
63 164221
63 164238
63 164248
63 164263
63 164301
63 164336
63 164373
63 164375
63 164382
63 164403
63 164419
63 164478
63 164481
63 164515
63 164518
63 164562
63 164603
63 164604
63 164646
63 164647
63 164674
63 164683
63 164705
63 164750
63 164763
63 164775
63 164792
63 164799
63 164802
63 164861
63 164868
63 164878
63 164883
63 164894
63 164910
63 164950
63 164972
63 164986
63 164992
63 165017
63 165086
63 165095
63 165113
63 165121
63 165124
63 165151
63 165157
63 165160
63 165173
63 165182
63 165185
63 165225
63 165259
63 165260
63 165266
63 165274
63 165275
63 165285
63 165295
63 165305
63 165312
63 165326
63 165327
63 165337
63 165370
63 165390
63 165408
63 165413
63 165417
63 165458
63 165465
63 165471
63 165485
63 165492
63 165510
63 165525
63 165530
63 165532
63 165562
63 165575
63 165579
63 165581
63 165605
63 165616
63 165647
63 165700
63 165714
63 165722
63 165725
63 165750
63 165760
63 165772
63 165773
63 165775
63 165800
63 165803
63 165849
63 165854
63 165906
63 165933
63 165947
63 165952
63 165974
63 165982
63 166014
63 166062
63 166077
63 166079
63 166086
63 166091
63 166093
63 166094
63 166130
63 166159
63 166180
63 166259
63 166274
63 166284
63 166291
63 166299
63 166331
63 166339
63 166355
63 166377
63 166393
63 166398
63 166441
63 166447
63 166464
63 166476
63 166503
63 166508
63 166515
63 166534
63 166568
63 166580
63 166584
63 166618
63 166647
63 166662
63 166664
63 166675
63 166678
63 166692
63 166703
63 166709
63 166742
63 166744
63 166745
63 166758
63 166760
63 166767
63 166788
63 166827
63 166828
63 166837
63 166841
63 166850
63 166852
63 166859
63 166878
63 166909
63 166917
63 166968
63 166975
63 166980
63 166987
63 166998
63 167000
63 167005
63 167008
63 167010
63 167026
63 167058
63 167074
63 167134
63 167171
63 167191
63 167196
63 167292
63 167294
63 167333
63 167351
63 167357
63 167362
63 167374
63 167378
63 167388
63 167397
63 167408
63 167421
63 167442
63 167445
63 167446
63 167448
63 167496
63 167500
63 167531
63 167562
63 167578
63 167611
63 167625
63 167642
63 167653
63 167661
63 167703
63 167712
63 167730
63 167750
63 167782
63 167788
63 167805
63 167837
63 167848
63 167852
63 167857
63 167886
63 167891
63 167899
63 167902
63 167908
63 167910
63 167934
63 167958
63 167976
63 167981
63 167990
63 168063
63 168066
63 168129
63 168189
63 168216
63 168220
63 168223
63 168224
63 168289
63 168291
63 168330
63 168331
63 168346
63 168349
63 168363
63 168370
63 168410
63 168435
63 168468
63 168492
63 168531
63 168540
63 168550
63 168580
63 168583
63 168589
63 168603
63 168604
63 168605
63 168612
63 168629
63 168637
63 168639
63 168683
63 168720
63 168736
63 168737
63 168742
63 168748
63 168784
63 168840
63 168874
63 168884
63 168901
63 168929
63 168976
63 169068
63 169149
63 169155
63 169166
63 169169
63 169188
63 169191
63 169198
63 169205
63 169254
63 169256
63 169257
63 169272
63 169278
63 169283
63 169288
63 169294
63 169298
63 169309
63 169312
63 169320
63 169333
63 169342
63 169356
63 169358
63 169374
63 169381
63 169386
63 169420
63 169429
63 169433
63 169444
63 169450
63 169462
63 169499
63 169533
63 169540
63 169577
63 169596
63 169607
63 169631
63 169651
63 169665
63 169675
63 169696
63 169722
63 169734
63 169739
63 169760
63 169806
63 169809
63 169829
63 169830
63 169837
63 169850
63 169874
63 169906
63 169915
63 169924
63 169963
63 169998
63 169999
63 170003
63 170006
63 170017
63 170025
63 170031
63 170047
63 170063
63 170065
63 170073
63 170074
63 170091
63 170120
63 170132
63 170143
63 170156
63 170163
63 170188
63 170220
63 170243
63 170246
63 170268
63 170288
63 170291
63 170318
63 170348
63 170387
63 170413
63 170420
63 170443
63 170446
63 170447
63 170495
63 170497
63 170515
63 170528
63 170544
63 170564
63 170601
63 170619
63 170646
63 170660
63 170693
63 170711
63 170743
63 170757
63 170772
63 170773
63 170783
63 170806
63 170841
63 170880
63 170927
63 170939
63 170957
63 170974
63 171035
63 171052
63 171079
63 171113
63 171150
63 171151
63 171154
63 171166
63 171235
63 171255
63 171264
63 171288
63 171292
63 171298
63 171301
63 171304
63 171309
63 171359
63 171367
63 171373
63 171471
63 171508
63 171539
63 171543
63 171599
63 171649
63 171691
63 171692
63 171706
63 171719
63 171727
63 171747
63 171754
63 171759
63 171772
63 171790
63 171791
63 171812
63 171842
63 171848
63 171850
63 171851
63 171893
63 171915
63 171940
63 171970
63 172016
63 172089
63 172118
63 172130
63 172136
63 172140
63 172153
63 172186
63 172254
63 172268
63 172286
63 172298
63 172311
63 172328
63 172329
63 172343
63 172369
63 172373
63 172410
63 172420
63 172423
63 172424
63 172428
63 172429
63 172449
63 172462
63 172467
63 172491
63 172528
63 172539
63 172553
63 172557
63 172581
63 172613
63 172626
63 172670
63 172677
63 172726
63 172754
63 172758
63 172780
63 172782
63 172808
63 172812
63 172846
63 172856
63 172867
63 172888
63 172900
63 172927
63 172934
63 172948
63 172962
63 172973
63 172976
63 173002
63 173028
63 173033
63 173034
63 173041
63 173045
63 173058
63 173066
63 173104
63 173112
63 173175
63 173179
63 173189
63 173198
63 173240
63 173250
63 173256
63 173263
63 173270
63 173313
63 173323
63 173333
63 173342
63 173355
63 173358
63 173378
63 173402
63 173428
63 173442
63 173453
63 173481
63 173505
63 173510
63 173518
63 173523
63 173539
63 173544
63 173571
63 173593
63 173622
63 173623
63 173630
63 173659
63 173688
63 173702
63 173730
63 173754
63 173852
63 173858
63 173868
63 173883
63 173884
63 173891
63 173893
63 173945
63 173951
63 173952
63 173966
63 173970
63 173974
63 174006
63 174010
63 174031
63 174042
63 174044
63 174054
63 174079
63 174087
63 174088
63 174096
63 174099
63 174101
63 174115
63 174145
63 174146
63 174174
63 174186
63 174242
63 174245
63 174260
63 174285
63 174300
63 174334
63 174369
63 174395
63 174400
63 174404
63 174428
63 174429
63 174430
63 174449
63 174451
63 174548
63 174573
63 174616
63 174623
63 174679
63 174682
63 174692
63 174696
63 174728
63 174729
63 174746
63 174747
63 174763
63 174782
63 174783
63 174785
63 174833
63 174839
63 174854
63 174863
63 174873
63 174899
63 174907
63 174910
63 174912
63 174929
63 174931
63 174949
63 174986
63 175025
63 175032
63 175052
63 175084
63 175115
63 175121
63 175135
63 175141
63 175164
63 175180
63 175185
63 175188
63 175192
63 175197
63 175235
63 175262
63 175268
63 175270
63 175273
63 175311
63 175319
63 175320
63 175333
63 175345
63 175352
63 175392
63 175397
63 175411
63 175426
63 175449
63 175466
63 175501
63 175544
63 175592
63 175598
63 175623
63 175632
63 175670
63 175674
63 175726
63 175732
63 175741
63 175763
63 175774
63 175780
63 175807
63 175820
63 175838
63 175846
63 175855
63 175857
63 175870
63 175897
63 175918
63 175919
63 175953
63 175961
63 176043
63 176045
63 176055
63 176056
63 176060
63 176066
63 176083
63 176085
63 176089
63 176092
63 176093
63 176115
63 176131
63 176135
63 176160
63 176172
63 176198
63 176233
63 176256
63 176262
63 176299
63 176304
63 176311
63 176316
63 176329
63 176330
63 176341
63 176360
63 176386
63 176418
63 176424
63 176444
63 176462
63 176472
63 176474
63 176490
63 176497
63 176500
63 176502
63 176505
63 176532
63 176536
63 176545
63 176567
63 176584
63 176642
63 176651
63 176670
63 176770
63 176795
63 176851
63 176913
63 176961
63 176983
63 176992
63 177017
63 177029
63 177038
63 177083
63 177104
63 177112
63 177123
63 177200
63 177220
63 177239
63 177245
63 177263
63 177272
63 177273
63 177311
63 177315
63 177317
63 177328
63 177331
63 177345
63 177361
63 177372
63 177374
63 177426
63 177431
63 177440
63 177487
63 177490
63 177519
63 177542
63 177543
63 177544
63 177545
63 177555
63 177580
63 177614
63 177635
63 177665
63 177667
63 177685
63 177718
63 177749
63 177757
63 177760
63 177773
63 177786
63 177791
63 177802
63 177805
63 177813
63 177836
63 177840
63 177852
63 177896
63 177898
63 177912
63 177928
63 177961
63 177979
63 177983
63 177986
63 177993
63 178017
63 178019
63 178035
63 178064
63 178067
63 178074
63 178126
63 178130
63 178141
63 178151
63 178202
63 178210
63 178212
63 178218
63 178246
63 178250
63 178297
63 178300
63 178312
63 178354
63 178369
63 178395
63 178420
63 178428
63 178471
63 178493
63 178498
63 178506
63 178543
63 178551
63 178582
63 178591
63 178603
63 178614
63 178618
63 178634
63 178665
63 178700
63 178712
63 178753
63 178775
63 178778
63 178843
63 178844
63 178849
63 178855
63 178876
63 178890
63 178891
63 178926
63 178941
63 178955
63 178956
63 178959
63 178962
63 178975
63 178988
63 179010
63 179039
63 179063
63 179110
63 179160
63 179168
63 179200
63 179214
63 179217
63 179222
63 179225
63 179266
63 179305
63 179310
63 179324
63 179336
63 179351
63 179389
63 179443
63 179446
63 179448
63 179473
63 179476
63 179519
63 179523
63 179527
63 179587
63 179602
63 179605
63 179632
63 179648
63 179654
63 179659
63 179666
63 179673
63 179674
63 179680
63 179712
63 179727
63 179734
63 179742
63 179781
63 179817
63 179856
63 179882
63 179891
63 179899
63 179916
63 179930
63 179933
63 179950
63 179980
63 179985
63 179991
63 180009
63 180014
63 180017
63 180026
63 180068
63 180070
63 180091
63 180130
63 180150
63 180195
63 180218
63 180238
63 180249
63 180257
63 180291
63 180314
63 180323
63 180353
63 180370
63 180376
63 180379
63 180406
63 180409
63 180440
63 180446
63 180467
63 180478
63 180494
63 180508
63 180537
63 180546
63 180560
63 180592
63 180600
63 180615
63 180656
63 180716
63 180732
63 180736
63 180746
63 180784
63 180807
63 180845
63 180853
63 180877
63 180883
63 180909
63 180924
63 180933
63 180975
63 180991
63 180996
63 181057
63 181070
63 181076
63 181078
63 181114
63 181129
63 181180
63 181182
63 181193
63 181198
63 181217
63 181226
63 181227
63 181237
63 181267
63 181294
63 181307
63 181350
63 181364
63 181372
63 181378
63 181387
63 181397
63 181443
63 181445
63 181481
63 181489
63 181508
63 181515
63 181525
63 181536
63 181578
63 181609
63 181641
63 181646
63 181653
63 181665
63 181679
63 181689
63 181699
63 181701
63 181702
63 181706
63 181726
63 181776
63 181823
63 181849
63 181905
63 181916
63 181951
63 181959
63 181974
63 181980
63 181990
63 182030
63 182047
63 182057
63 182058
63 182070
63 182093
63 182114
63 182132
63 182142
63 182164
63 182183
63 182185
63 182192
63 182202
63 182235
63 182274
63 182280
63 182305
63 182337
63 182369
63 182382
63 182389
63 182402
63 182410
63 182414
63 182417
63 182421
63 182430
63 182443
63 182445
63 182449
63 182462
63 182474
63 182477
63 182478
63 182488
63 182504
63 182518
63 182523
63 182526
63 182532
63 182533
63 182536
63 182578
63 182589
63 182640
63 182665
63 182671
63 182679
63 182726
63 182732
63 182735
63 182783
63 182785
63 182801
63 182845
63 182857
63 182861
63 182885
63 182903
63 182941
63 182948
63 182953
63 182954
63 182964
63 182968
63 183027
63 183037
63 183063
63 183083
63 183086
63 183090
63 183105
63 183117
63 183188
63 183194
63 183201
63 183207
63 183225
63 183231
63 183321
63 183331
63 183337
63 183342
63 183346
63 183348
63 183355
63 183369
63 183397
63 183398
63 183422
63 183441
63 183442
63 183477
63 183480
63 183503
63 183507
63 183518
63 183546
63 183569
63 183597
63 183610
63 183614
63 183666
63 183696
63 183701
63 183715
63 183719
63 183732
63 183735
63 183766
63 183768
63 183787
63 183813
63 183819
63 183843
63 183872
63 183913
63 183923
63 183930
63 183934
63 183965
63 183977
63 183986
63 183989
63 184020
63 184032
63 184042
63 184046
63 184052
63 184067
63 184135
63 184166
63 184205
63 184206
63 184212
63 184227
63 184239
63 184253
63 184262
63 184264
63 184296
63 184318
63 184325
63 184344
63 184353
63 184370
63 184388
63 184395
63 184477
63 184530
63 184537
63 184550
63 184561
63 184581
63 184605
63 184610
63 184628
63 184644
63 184654
63 184753
63 184756
63 184772
63 184792
63 184826
63 184857
63 184909
63 184917
63 184918
63 184926
63 184931
63 184933
63 184941
63 184960
63 184984
63 185003
63 185030
63 185045
63 185068
63 185151
63 185153
63 185174
63 185180
63 185196
63 185197
63 185201
63 185225
63 185228
63 185256
63 185260
63 185262
63 185266
63 185298
63 185302
63 185304
63 185310
63 185332
63 185346
63 185359
63 185360
63 185370
63 185399
63 185406
63 185415
63 185445
63 185460
63 185468
63 185469
63 185484
63 185503
63 185519
63 185521
63 185527
63 185530
63 185537
63 185555
63 185605
63 185626
63 185634
63 185640
63 185650
63 185670
63 185683
63 185733
63 185784
63 185792
63 185795
63 185815
63 185836
63 185845
63 185874
63 185904
63 185935
63 185950
63 185969
63 185975
63 185987
63 186000
63 186017
63 186022
63 186046
63 186066
63 186089
63 186116
63 186155
63 186161
63 186192
63 186206
63 186245
63 186251
63 186252
63 186256
63 186272
63 186282
63 186284
63 186288
63 186294
63 186341
63 186380
63 186404
63 186405
63 186406
63 186417
63 186429
63 186458
63 186471
63 186477
63 186501
63 186536
63 186545
63 186557
63 186578
63 186599
63 186656
63 186659
63 186669
63 186688
63 186730
63 186768
63 186824
63 186826
63 186838
63 186862
63 186884
63 186906
63 186941
63 186960
63 186974
63 186993
63 186995
63 186996
63 187019
63 187023
63 187027
63 187074
63 187093
63 187094
63 187125
63 187150
63 187172
63 187176
63 187195
63 187199
63 187233
63 187234
63 187238
63 187257
63 187264
63 187265
63 187270
63 187272
63 187289
63 187299
63 187306
63 187326
63 187339
63 187354
63 187367
63 187392
63 187404
63 187422
63 187483
63 187491
63 187496
63 187500
63 187512
63 187532
63 187548
63 187557
63 187563
63 187586
63 187597
63 187603
63 187604
63 187645
63 187676
63 187688
63 187722
63 187740
63 187748
63 187761
63 187766
63 187776
63 187785
63 187797
63 187820
63 187830
63 187870
63 187886
63 187931
63 187940
63 187942
63 187953
63 187964
63 187991
63 188000
63 188010
63 188012
63 188016
63 188023
63 188091
63 188093
63 188127
63 188165
63 188181
63 188201
63 188266
63 188269
63 188276
63 188291
63 188297
63 188315
63 188333
63 188335
63 188337
63 188368
63 188390
63 188391
63 188408
63 188411
63 188467
63 188519
63 188530
63 188560
63 188561
63 188583
63 188608
63 188618
63 188620
63 188624
63 188644
63 188648
63 188666
63 188669
63 188694
63 188713
63 188725
63 188727
63 188737
63 188750
63 188757
63 188796
63 188802
63 188832
63 188836
63 188840
63 188843
63 188846
63 188865
63 188869
63 188884
63 188888
63 188900
63 188901
63 188916
63 188949
63 188953
63 188962
63 188977
63 188993
63 189013
63 189014
63 189034
63 189070
63 189079
63 189093
63 189142
63 189193
63 189230
63 189242
63 189244
63 189279
63 189288
63 189311
63 189329
63 189339
63 189346
63 189364
63 189378
63 189395
63 189405
63 189504
63 189511
63 189529
63 189535
63 189577
63 189591
63 189677
63 189701
63 189704
63 189731
63 189765
63 189801
63 189840
63 189923
63 189950
63 189964
63 189990
63 189991
63 189992
63 189999
63 190000
63 190001
63 190010
63 190041
63 190064
63 190067
63 190076
63 190096
63 190098
63 190105
63 190141
63 190176
63 190185
63 190191
63 190196
63 190197
63 190211
63 190232
63 190239
63 190262
63 190339
63 190368
63 190396
63 190398
63 190399
63 190411
63 190415
63 190424
63 190453
63 190460
63 190464
63 190468
63 190505
63 190579
63 190581
63 190587
63 190597
63 190601
63 190628
63 190643
63 190658
63 190659
63 190674
63 190697
63 190720
63 190740
63 190756
63 190761
63 190763
63 190786
63 190788
63 190820
63 190824
63 190826
63 190868
63 190872
63 190896
63 190927
63 190938
63 190951
63 190957
63 190961
63 190974
63 190975
63 190989
63 191008
63 191017
63 191037
63 191039
63 191076
63 191095
63 191105
63 191111
63 191120
63 191130
63 191142
63 191148
63 191170
63 191176
63 191194
63 191202
63 191207
63 191214
63 191228
63 191229
63 191244
63 191252
63 191258
63 191304
63 191306
63 191320
63 191360
63 191362
63 191371
63 191393
63 191402
63 191410
63 191419
63 191424
63 191434
63 191445
63 191448
63 191476
63 191506
63 191582
63 191587
63 191592
63 191645
63 191663
63 191697
63 191718
63 191757
63 191770
63 191794
63 191806
63 191814
63 191823
63 191826
63 191875
63 191878
63 191921
63 191935
63 191944
63 191966
63 191987
63 191992
63 191994
63 192017
63 192022
63 192042
63 192050
63 192140
63 192159
63 192160
63 192174
63 192176
63 192226
63 192230
63 192233
63 192244
63 192249
63 192267
63 192292
63 192328
63 192339
63 192381
63 192400
63 192419
63 192431
63 192435
63 192507
63 192518
63 192542
63 192587
63 192702
63 192709
63 192712
63 192717
63 192736
63 192751
63 192752
63 192762
63 192765
63 192767
63 192776
63 192790
63 192794
63 192805
63 192855
63 192870
63 192879
63 192888
63 192889
63 192903
63 192948
63 192951
63 192964
63 192980
63 192987
63 192990
63 192995
63 193018
63 193026
63 193033
63 193062
63 193064
63 193078
63 193084
63 193093
63 193096
63 193101
63 193123
63 193156
63 193157
63 193170
63 193175
63 193184
63 193196
63 193215
63 193225
63 193233
63 193241
63 193275
63 193295
63 193296
63 193344
63 193402
63 193422
63 193452
63 193463
63 193471
63 193479
63 193483
63 193491
63 193553
63 193575
63 193608
63 193611
63 193635
63 193637
63 193658
63 193659
63 193676
63 193703
63 193756
63 193757
63 193763
63 193778
63 193832
63 193838
63 193839
63 193846
63 193860
63 193868
63 193869
63 193887
63 193907
63 193917
63 193932
63 193985
63 193987
63 193989
63 193991
63 194010
63 194015
63 194022
63 194052
63 194075
63 194078
63 194091
63 194139
63 194151
63 194161
63 194166
63 194174
63 194199
63 194257
63 194283
63 194302
63 194306
63 194326
63 194334
63 194350
63 194360
63 194363
63 194373
63 194385
63 194431
63 194467
63 194473
63 194495
63 194496
63 194521
63 194527
63 194548
63 194557
63 194571
63 194574
63 194603
63 194617
63 194631
63 194637
63 194645
63 194649
63 194651
63 194659
63 194692
63 194693
63 194694
63 194721
63 194733
63 194734
63 194747
63 194749
63 194788
63 194794
63 194856
63 194862
63 194869
63 194870
63 194885
63 194913
63 194923
63 194925
63 194927
63 194940
63 194945
63 194981
63 194982
63 194990
63 194991
63 195010
63 195044
63 195052
63 195060
63 195063
63 195073
63 195078
63 195089
63 195102
63 195104
63 195114
63 195121
63 195150
63 195174
63 195179
63 195200
63 195233
63 195249
63 195292
63 195299
63 195337
63 195343
63 195344
63 195347
63 195354
63 195373
63 195378
63 195397
63 195410
63 195417
63 195460
63 195462
63 195479
63 195491
63 195562
63 195579
63 195609
63 195616
63 195620
63 195622
63 195627
63 195631
63 195647
63 195679
63 195694
63 195716
63 195725
63 195760
63 195779
63 195794
63 195806
63 195814
63 195846
63 195859
63 195870
63 195909
63 195916
63 195971
63 195988
63 196003
63 196009
63 196031
63 196033
63 196064
63 196108
63 196132
63 196144
63 196168
63 196193
63 196230
63 196233
63 196271
63 196299
63 196306
63 196311
63 196315
63 196322
63 196339
63 196342
63 196355
63 196374
63 196390
63 196394
63 196400
63 196411
63 196414
63 196434
63 196459
63 196490
63 196497
63 196503
63 196564
63 196583
63 196586
63 196596
63 196603
63 196604
63 196612
63 196629
63 196660
63 196731
63 196756
63 196764
63 196767
63 196782
63 196803
63 196807
63 196824
63 196855
63 196908
63 196910
63 196955
63 197028
63 197039
63 197040
63 197042
63 197072
63 197109
63 197176
63 197185
63 197202
63 197216
63 197223
63 197238
63 197245
63 197269
63 197292
63 197318
63 197331
63 197348
63 197400
63 197421
63 197459
63 197482
63 197506
63 197524
63 197528
63 197532
63 197563
63 197602
63 197610
63 197628
63 197661
63 197662
63 197667
63 197710
63 197739
63 197743
63 197757
63 197824
63 197825
63 197828
63 197832
63 197833
63 197845
63 197893
63 197899
63 197934
63 197996
63 198014
63 198016
63 198020
63 198037
63 198058
63 198071
63 198078
63 198090
63 198103
63 198112
63 198139
63 198171
63 198179
63 198201
63 198206
63 198226
63 198249
63 198259
63 198269
63 198291
63 198326
63 198337
63 198350
63 198363
63 198373
63 198386
63 198390
63 198398
63 198400
63 198410
63 198458
63 198466
63 198492
63 198495
63 198527
63 198541
63 198552
63 198560
63 198588
63 198601
63 198624
63 198636
63 198650
63 198668
63 198674
63 198692
63 198737
63 198759
63 198804
63 198828
63 198841
63 198858
63 198866
63 198878
63 198881
63 198904
63 198916
63 198972
63 198978
63 198988
63 198993
63 199023
63 199029
63 199030
63 199032
63 199058
63 199067
63 199069
63 199071
63 199076
63 199094
63 199109
63 199121
63 199126
63 199143
63 199149
63 199150
63 199152
63 199209
63 199210
63 199232
63 199239
63 199248
63 199256
63 199287
63 199293
63 199340
63 199350
63 199351
63 199377
63 199386
63 199402
63 199428
63 199430
63 199451
63 199470
63 199477
63 199490
63 199491
63 199500
63 199516
63 199527
63 199571
63 199608
63 199615
63 199616
63 199617
63 199619
63 199627
63 199633
63 199655
63 199682
63 199699
63 199722
63 199724
63 199753
63 199760
63 199776
63 199817
63 199841
63 199862
63 199875
63 199901
63 199914
63 199929
63 199939
63 199950
63 199967
63 199974
63 199981
63 199985
63 199992
63 199998
63 200043
63 200048
63 200084
63 200098
63 200148
63 200153
63 200174
63 200182
63 200190
63 200217
63 200250
63 200251
63 200265
63 200285
63 200326
63 200340
63 200348
63 200406
63 200439
63 200461
63 200482
63 200499
63 200552
63 200560
63 200571
63 200586
63 200595
63 200597
63 200606
63 200633
63 200652
63 200666
63 200677
63 200685
63 200728
63 200757
63 200759
63 200761
63 200772
63 200773
63 200810
63 200825
63 200837
63 200844
63 200861
63 200876
63 200877
63 200892
63 200902
63 200911
63 200996
63 201013
63 201029
63 201032
63 201040
63 201050
63 201070
63 201104
63 201131
63 201154
63 201163
63 201170
63 201205
63 201213
63 201231
63 201240
63 201255
63 201349
63 201364
63 201408
63 201428
63 201444
63 201447
63 201449
63 201450
63 201456
63 201506
63 201515
63 201525
63 201527
63 201555
63 201581
63 201623
63 201643
63 201655
63 201656
63 201657
63 201685
63 201706
63 201757
63 201766
63 201804
63 201816
63 201819
63 201821
63 201841
63 201842
63 201853
63 201856
63 201883
63 201892
63 201911
63 201918
63 201931
63 201953
63 201989
63 201998
63 202034
63 202048
63 202075
63 202078
63 202103
63 202109
63 202145
63 202173
63 202203
63 202225
63 202234
63 202242
63 202249
63 202277
63 202290
63 202307
63 202318
63 202333
63 202337
63 202375
63 202448
63 202477
63 202491
63 202495
63 202499
63 202504
63 202516
63 202525
63 202526
63 202542
63 202548
63 202568
63 202610
63 202623
63 202647
63 202650
63 202657
63 202700
63 202702
63 202713
63 202751
63 202761
63 202767
63 202782
63 202794
63 202871
63 202875
63 202877
63 202898
63 202900
63 202940
63 202965
63 202966
63 202970
63 202982
63 202990
63 203023
63 203032
63 203053
63 203057
63 203073
63 203077
63 203081
63 203139
63 203145
63 203153
63 203166
63 203170
63 203200
63 203201
63 203222
63 203245
63 203253
63 203270
63 203293
63 203298
63 203379
63 203392
63 203406
63 203409
63 203410
63 203418
63 203452
63 203458
63 203463
63 203468
63 203481
63 203539
63 203554
63 203571
63 203594
63 203609
63 203667
63 203672
63 203673
63 203712
63 203714
63 203723
63 203725
63 203728
63 203754
63 203761
63 203762
63 203766
63 203773
63 203820
63 203846
63 203851
63 203855
63 203892
63 203983
63 204006
63 204007
63 204008
63 204014
63 204019
63 204037
63 204057
63 204063
63 204066
63 204068
63 204090
63 204099
63 204138
63 204166
63 204182
63 204204
63 204226
63 204242
63 204320
63 204321
63 204330
63 204383
63 204396
63 204441
63 204452
63 204481
63 204495
63 204502
63 204565
63 204577
63 204623
63 204629
63 204728
63 204731
63 204760
63 204761
63 204766
63 204794
63 204806
63 204841
63 204854
63 204928
63 204947
63 204982
63 205014
63 205068
63 205149
63 205156
63 205170
63 205176
63 205189
63 205192
63 205265
63 205296
63 205303
63 205312
63 205321
63 205345
63 205354
63 205360
63 205378
63 205395
63 205411
63 205413
63 205428
63 205432
63 205452
63 205481
63 205500
63 205514
63 205516
63 205550
63 205609
63 205613
63 205624
63 205629
63 205647
63 205655
63 205667
63 205692
63 205709
63 205712
63 205740
63 205742
63 205750
63 205773
63 205781
63 205790
63 205791
63 205794
63 205821
63 205825
63 205893
63 205911
63 205921
63 205928
63 205935
63 205957
63 205982
63 206015
63 206027
63 206073
63 206104
63 206128
63 206136
63 206183
63 206184
63 206197
63 206202
63 206215
63 206247
63 206285
63 206294
63 206298
63 206320
63 206321
63 206328
63 206357
63 206362
63 206379
63 206382
63 206386
63 206416
63 206419
63 206430
63 206434
63 206454
63 206466
63 206484
63 206494
63 206498
63 206529
63 206541
63 206575
63 206594
63 206683
63 206685
63 206718
63 206736
63 206737
63 206745
63 206782
63 206791
63 206805
63 206808
63 206838
63 206857
63 206874
63 206890
63 206901
63 206912
63 206913
63 206948
63 206951
63 206990
63 207023
63 207026
63 207044
63 207062
63 207076
63 207094
63 207122
63 207124
63 207206
63 207235
63 207264
63 207278
63 207283
63 207330
63 207381
63 207383
63 207441
63 207482
63 207488
63 207489
63 207519
63 207526
63 207531
63 207559
63 207562
63 207580
63 207596
63 207640
63 207677
63 207694
63 207705
63 207750
63 207773
63 207814
63 207815
63 207819
63 207850
63 207873
63 207902
63 207930
63 207934
63 207978
63 208002
63 208005
63 208213
63 208222
63 208226
63 208242
63 208270
63 208276
63 208281
63 208297
63 208299
63 208308
63 208323
63 208324
63 208339
63 208354
63 208360
63 208367
63 208368
63 208375
63 208384
63 208426
63 208482
63 208507
63 208525
63 208537
63 208543
63 208548
63 208567
63 208576
63 208583
63 208603
63 208607
63 208608
63 208612
63 208615
63 208628
63 208656
63 208660
63 208683
63 208688
63 208691
63 208698
63 208709
63 208714
63 208720
63 208729
63 208732
63 208762
63 208782
63 208895
63 208898
63 208904
63 208920
63 208927
63 208949
63 208953
63 208960
63 208986
63 209005
63 209009
63 209011
63 209084
63 209112
63 209145
63 209150
63 209152
63 209154
63 209156
63 209176
63 209185
63 209205
63 209212
63 209240
63 209245
63 209277
63 209282
63 209342
63 209344
63 209367
63 209381
63 209419
63 209427
63 209485
63 209504
63 209512
63 209534
63 209554
63 209558
63 209565
63 209569
63 209571
63 209573
63 209585
63 209586
63 209616
63 209626
63 209642
63 209663
63 209675
63 209704
63 209707
63 209752
63 209775
63 209781
63 209783
63 209784
63 209816
63 209822
63 209894
63 209904
63 209909
63 209946
63 209948
63 209971
63 210008
63 210064
63 210084
63 210095
63 210120
63 210126
63 210137
63 210144
63 210171
63 210188
63 210189
63 210229
63 210230
63 210242
63 210273
63 210278
63 210295
63 210306
63 210334
63 210381
63 210414
63 210416
63 210489
63 210490
63 210501
63 210502
63 210508
63 210517
63 210535
63 210541
63 210553
63 210568
63 210570
63 210587
63 210592
63 210617
63 210627
63 210655
63 210659
63 210667
63 210696
63 210717
63 210719
63 210726
63 210735
63 210749
63 210756
63 210846
63 210848
63 210850
63 210851
63 210854
63 210915
63 210918
63 210919
63 210927
63 210932
63 210963
63 210975
63 210977
63 210982
63 211042
63 211049
63 211073
63 211114
63 211123
63 211147
63 211184
63 211192
63 211197
63 211233
63 211236
63 211249
63 211263
63 211281
63 211283
63 211298
63 211315
63 211404
63 211423
63 211442
63 211467
63 211501
63 211511
63 211514
63 211546
63 211555
63 211599
63 211612
63 211614
63 211615
63 211616
63 211646
63 211681
63 211713
63 211730
63 211731
63 211808
63 211825
63 211827
63 211833
63 211853
63 211863
63 211896
63 211904
63 211917
63 211928
63 211950
63 211971
63 212012
63 212030
63 212039
63 212045
63 212075
63 212082
63 212094
63 212098
63 212117
63 212118
63 212127
63 212147
63 212152
63 212175
63 212181
63 212185
63 212206
63 212209
63 212219
63 212223
63 212224
63 212267
63 212268
63 212280
63 212283
63 212339
63 212372
63 212447
63 212455
63 212458
63 212465
63 212498
63 212506
63 212511
63 212514
63 212531
63 212546
63 212547
63 212549
63 212555
63 212569
63 212571
63 212595
63 212598
63 212613
63 212634
63 212636
63 212643
63 212654
63 212673
63 212711
63 212763
63 212776
63 212781
63 212811
63 212826
63 212834
63 212835
63 212841
63 212851
63 212882
63 212885
63 212896
63 212927
63 212930
63 212984
63 213001
63 213018
63 213038
63 213043
63 213047
63 213056
63 213092
63 213095
63 213115
63 213154
63 213200
63 213254
63 213264
63 213276
63 213296
63 213361
63 213379
63 213390
63 213406
63 213463
63 213484
63 213518
63 213530
63 213564
63 213566
63 213585
63 213609
63 213625
63 213629
63 213648
63 213663
63 213700
63 213721
63 213722
63 213741
63 213766
63 213776
63 213783
63 213798
63 213813
63 213820
63 213878
63 213916
63 213922
63 213925
63 213937
63 213948
63 213965
63 213978
63 214027
63 214030
63 214041
63 214061
63 214071
63 214083
63 214095
63 214102
63 214120
63 214132
63 214137
63 214176
63 214191
63 214196
63 214231
63 214263
63 214265
63 214294
63 214295
63 214310
63 214325
63 214354
63 214362
63 214364
63 214368
63 214369
63 214375
63 214386
63 214396
63 214400
63 214426
63 214432
63 214436
63 214464
63 214492
63 214522
63 214523
63 214534
63 214542
63 214547
63 214574
63 214579
63 214582
63 214590
63 214604
63 214607
63 214632
63 214659
63 214699
63 214736
63 214796
63 214799
63 214822
63 214839
63 214876
63 214885
63 214922
63 214951
63 214978
63 214984
63 215009
63 215015
63 215017
63 215032
63 215049
63 215098
63 215101
63 215110
63 215117
63 215133
63 215142
63 215146
63 215185
63 215188
63 215204
63 215216
63 215221
63 215253
63 215258
63 215275
63 215292
63 215320
63 215323
63 215328
63 215334
63 215335
63 215357
63 215421
63 215423
63 215435
63 215465
63 215511
63 215526
63 215546
63 215573
63 215582
63 215585
63 215586
63 215604
63 215620
63 215690
63 215704
63 215705
63 215717
63 215720
63 215722
63 215725
63 215752
63 215781
63 215790
63 215801
63 215813
63 215815
63 215823
63 215851
63 215857
63 215863
63 215873
63 215891
63 215893
63 215895
63 215897
63 215931
63 215937
63 215954
63 215967
63 215998
63 216017
63 216026
63 216052
63 216055
63 216066
63 216096
63 216111
63 216116
63 216124
63 216139
63 216159
63 216164
63 216180
63 216187
63 216200
63 216250
63 216251
63 216259
63 216284
63 216288
63 216313
63 216317
63 216327
63 216336
63 216350
63 216372
63 216375
63 216413
63 216417
63 216421
63 216436
63 216453
63 216457
63 216471
63 216546
63 216559
63 216560
63 216561
63 216596
63 216606
63 216624
63 216670
63 216689
63 216693
63 216696
63 216706
63 216749
63 216753
63 216793
63 216805
63 216806
63 216844
63 216854
63 216857
63 216885
63 216886
63 216899
63 216915
63 216932
63 216938
63 216961
63 216989
63 216996
63 217001
63 217075
63 217117
63 217137
63 217148
63 217149
63 217154
63 217155
63 217156
63 217186
63 217187
63 217188
63 217200
63 217204
63 217228
63 217229
63 217264
63 217282
63 217316
63 217317
63 217336
63 217352
63 217353
63 217372
63 217382
63 217383
63 217392
63 217423
63 217436
63 217437
63 217485
63 217494
63 217513
63 217522
63 217547
63 217559
63 217561
63 217564
63 217576
63 217579
63 217587
63 217618
63 217620
63 217639
63 217658
63 217666
63 217672
63 217692
63 217713
63 217748
63 217760
63 217802
63 217834
63 217850
63 217864
63 217869
63 217872
63 217890
63 217901
63 217907
63 217914
63 217918
63 217928
63 217951
63 217959
63 217974
63 217976
63 217979
63 218015
63 218027
63 218053
63 218056
63 218080
63 218093
63 218107
63 218125
63 218130
63 218136
63 218147
63 218152
63 218194
63 218197
63 218221
63 218255
63 218256
63 218262
63 218281
63 218296
63 218299
63 218302
63 218350
63 218354
63 218357
63 218421
63 218436
63 218446
63 218469
63 218472
63 218520
63 218563
63 218581
63 218596
63 218616
63 218625
63 218646
63 218691
63 218694
63 218709
63 218717
63 218790
63 218792
63 218800
63 218802
63 218817
63 218825
63 218826
63 218863
63 218901
63 218903
63 218919
63 218929
63 218935
63 218956
63 218981
63 218999
63 219005
63 219019
63 219023
63 219026
63 219038
63 219074
63 219084
63 219097
63 219132
63 219137
63 219220
63 219254
63 219285
63 219490
63 219512
63 219530
63 219544
63 219587
63 219624
63 219628
63 219694
63 219781
63 219835
54 13
54 15
54 37
54 41
54 46
54 63
54 64
54 90
54 99
54 104
54 109
54 122
54 131
54 135
54 138
54 156
54 158
54 220
54 229
54 235
54 285
54 314
54 334
54 365
54 393
54 428
54 461
54 473
54 476
54 488
54 498
54 506
54 513
54 548
54 578
54 626
54 661
54 669
54 701
54 704
54 717
54 782
54 812
54 814
54 825
54 833
54 835
54 838
54 867
54 931
54 938
54 988
54 997
54 1007
54 1037
54 1096
54 1112
54 1151
54 1163
54 1168
54 1169
54 1190
54 1200
54 1259
54 1276
54 1371
54 1381
54 1397
54 1453
54 1469
54 1500
54 1505
54 1519
54 1520
54 1561
54 1566
54 1571
54 1587
54 1608
54 1612
54 1621
54 1662
54 1666
54 1708
54 1733
54 1752
54 1777
54 1781
54 1790
54 1833
54 1838
54 1840
54 1894
54 1947
54 1980
54 2039
54 2093
54 2096
54 2097
54 2121
54 2123
54 2171
54 2244
54 2292
54 2305
54 2356
54 2360
54 2373
54 2413
54 2419
54 2422
54 2425
54 2433
54 2490
54 2501
54 2535
54 2570
54 2615
54 2631
54 2638
54 2654
54 2659
54 2660
54 2670
54 2683
54 2694
54 2702
54 2713
54 2724
54 2741
54 2765
54 2809
54 2833
54 2852
54 2881
54 2903
54 2914
54 2936
54 2943
54 2998
54 3011
54 3042
54 3043
54 3049
54 3055
54 3070
54 3071
54 3098
54 3187
54 3229
54 3243
54 3254
54 3257
54 3286
54 3300
54 3336
54 3342
54 3370
54 3406
54 3417
54 3440
54 3460
54 3485
54 3491
54 3493
54 3497
54 3518
54 3526
54 3562
54 3572
54 3615
54 3618
54 3623
54 3625
54 3627
54 3647
54 3650
54 3679
54 3706
54 3716
54 3717
54 3721
54 3727
54 3767
54 3782
54 3789
54 3827
54 3830
54 3840
54 3852
54 3862
54 3867
54 3880
54 3899
54 3929
54 3931
54 3933
54 3984
54 3998
54 4003
54 4007
54 4017
54 4026
54 4027
54 4055
54 4064
54 4140
54 4141
54 4157
54 4165
54 4170
54 4220
54 4221
54 4223
54 4284
54 4345
54 4360
54 4379
54 4382
54 4387
54 4391
54 4393
54 4425
54 4441
54 4462
54 4468
54 4469
54 4493
54 4510
54 4524
54 4546
54 4553
54 4599
54 4623
54 4626
54 4627
54 4634
54 4670
54 4677
54 4687
54 4718
54 4720
54 4727
54 4751
54 4769
54 4781
54 4804
54 4853
54 4874
54 4905
54 4991
54 5010
54 5014
54 5057
54 5072
54 5076
54 5077
54 5086
54 5093
54 5113
54 5126
54 5127
54 5142
54 5171
54 5172
54 5173
54 5207
54 5262
54 5266
54 5273
54 5282
54 5396
54 5402
54 5408
54 5418
54 5451
54 5490
54 5506
54 5520
54 5527
54 5533
54 5538
54 5552
54 5563
54 5576
54 5621
54 5660
54 5665
54 5703
54 5722
54 5727
54 5738
54 5749
54 5773
54 5795
54 5807
54 5814
54 5827
54 5830
54 5863
54 5873
54 5888
54 5933
54 5937
54 5963
54 5992
54 6076
54 6086
54 6087
54 6110
54 6123
54 6135
54 6147
54 6170
54 6184
54 6274
54 6279
54 6295
54 6308
54 6314
54 6331
54 6353
54 6356
54 6402
54 6460
54 6503
54 6527
54 6550
54 6559
54 6587
54 6599
54 6600
54 6622
54 6642
54 6646
54 6649
54 6692
54 6694
54 6700
54 6727
54 6735
54 6757
54 6760
54 6766
54 6822
54 6831
54 6875
54 6879
54 6882
54 6898
54 6928
54 6945
54 6946
54 6950
54 6967
54 6972
54 6975
54 6990
54 6999
54 7004
54 7008
54 7046
54 7054
54 7108
54 7112
54 7118
54 7123
54 7126
54 7132
54 7133
54 7161
54 7184
54 7188
54 7242
54 7261
54 7285
54 7311
54 7313
54 7348
54 7350
54 7374
54 7382
54 7408
54 7412
54 7450
54 7453
54 7481
54 7497
54 7498
54 7519
54 7521
54 7541
54 7620
54 7692
54 7724
54 7732
54 7734
54 7789
54 7813
54 7829
54 7846
54 7878
54 7883
54 7920
54 7928
54 7950
54 8008
54 8036
54 8039
54 8058
54 8066
54 8070
54 8071
54 8124
54 8137
54 8146
54 8149
54 8205
54 8254
54 8272
54 8298
54 8337
54 8357
54 8387
54 8406
54 8413
54 8429
54 8476
54 8484
54 8494
54 8538
54 8570
54 8620
54 8621
54 8625
54 8648
54 8697
54 8741
54 8821
54 8842
54 8896
54 8897
54 8914
54 8938
54 8941
54 8980
54 8989
54 9007
54 9027
54 9047
54 9070
54 9086
54 9093
54 9130
54 9133
54 9153
54 9203
54 9240
54 9241
54 9249
54 9301
54 9316
54 9338
54 9344
54 9346
54 9351
54 9354
54 9365
54 9383
54 9425
54 9430
54 9450
54 9524
54 9525
54 9559
54 9565
54 9570
54 9586
54 9602
54 9609
54 9628
54 9665
54 9687
54 9727
54 9730
54 9734
54 9752
54 9762
54 9764
54 9776
54 9782
54 9792
54 9806
54 9836
54 9911
54 9918
54 9936
54 9937
54 10043
54 10053
54 10068
54 10081
54 10160
54 10178
54 10182
54 10189
54 10190
54 10197
54 10205
54 10228
54 10241
54 10243
54 10268
54 10300
54 10315
54 10316
54 10325
54 10338
54 10360
54 10454
54 10480
54 10483
54 10490
54 10493
54 10509
54 10528
54 10538
54 10541
54 10554
54 10578
54 10634
54 10671
54 10677
54 10688
54 10706
54 10725
54 10734
54 10737
54 10746
54 10769
54 10779
54 10822
54 10872
54 10880
54 10903
54 10926
54 10986
54 11001
54 11026
54 11044
54 11061
54 11073
54 11088
54 11145
54 11189
54 11194
54 11200
54 11213
54 11282
54 11291
54 11298
54 11316
54 11326
54 11327
54 11486
54 11490
54 11494
54 11496
54 11527
54 11537
54 11555
54 11557
54 11568
54 11598
54 11603
54 11612
54 11613
54 11623
54 11624
54 11647
54 11657
54 11666
54 11667
54 11679
54 11689
54 11716
54 11729
54 11735
54 11775
54 11800
54 11831
54 11846
54 11850
54 11860
54 11879
54 11904
54 11927
54 11934
54 11940
54 11959
54 11968
54 11977
54 12011
54 12022
54 12029
54 12054
54 12078
54 12097
54 12099
54 12157
54 12161
54 12203
54 12214
54 12243
54 12247
54 12320
54 12325
54 12409
54 12413
54 12439
54 12444
54 12524
54 12586
54 12590
54 12609
54 12611
54 12612
54 12638
54 12679
54 12687
54 12703
54 12709
54 12723
54 12754
54 12760
54 12764
54 12779
54 12785
54 12791
54 12825
54 12839
54 12844
54 12889
54 12904
54 12921
54 12933
54 12968
54 12984
54 13009
54 13025
54 13039
54 13088
54 13121
54 13125
54 13170
54 13173
54 13178
54 13186
54 13194
54 13197
54 13207
54 13226
54 13232
54 13285
54 13310
54 13326
54 13334
54 13374
54 13440
54 13481
54 13517
54 13520
54 13524
54 13532
54 13572
54 13598
54 13656
54 13706
54 13719
54 13733
54 13740
54 13745
54 13755
54 13770
54 13832
54 13900
54 13903
54 13910
54 13949
54 13965
54 14003
54 14050
54 14081
54 14084
54 14142
54 14157
54 14158
54 14236
54 14263
54 14286
54 14316
54 14327
54 14339
54 14340
54 14383
54 14386
54 14416
54 14424
54 14454
54 14486
54 14492
54 14629
54 14630
54 14692
54 14714
54 14775
54 14807
54 14826
54 14835
54 14862
54 14878
54 14881
54 14892
54 14917
54 14929
54 14935
54 14966
54 15007
54 15035
54 15039
54 15072
54 15077
54 15078
54 15125
54 15135
54 15155
54 15170
54 15174
54 15175
54 15179
54 15181
54 15192
54 15207
54 15278
54 15321
54 15339
54 15356
54 15358
54 15366
54 15452
54 15454
54 15487
54 15543
54 15555
54 15570
54 15583
54 15616
54 15624
54 15684
54 15714
54 15719
54 15723
54 15742
54 15747
54 15759
54 15767
54 15780
54 15792
54 15807
54 15840
54 15847
54 15886
54 15894
54 15898
54 15923
54 15950
54 15969
54 15992
54 16081
54 16096
54 16119
54 16120
54 16130
54 16136
54 16185
54 16200
54 16214
54 16238
54 16261
54 16280
54 16320
54 16329
54 16335
54 16342
54 16352
54 16417
54 16463
54 16498
54 16501
54 16529
54 16540
54 16541
54 16573
54 16636
54 16637
54 16669
54 16800
54 16829
54 16844
54 16865
54 16885
54 16888
54 16895
54 16901
54 16909
54 16927
54 16936
54 16943
54 16978
54 16991
54 16998
54 17044
54 17126
54 17139
54 17180
54 17182
54 17200
54 17217
54 17232
54 17236
54 17246
54 17260
54 17263
54 17279
54 17288
54 17293
54 17336
54 17355
54 17378
54 17385
54 17392
54 17404
54 17407
54 17461
54 17485
54 17500
54 17526
54 17554
54 17569
54 17572
54 17573
54 17579
54 17591
54 17639
54 17685
54 17704
54 17705
54 17716
54 17752
54 17812
54 17833
54 17870
54 17927
54 17966
54 17988
54 18010
54 18011
54 18022
54 18051
54 18075
54 18121
54 18135
54 18162
54 18194
54 18213
54 18241
54 18270
54 18302
54 18363
54 18381
54 18439
54 18441
54 18451
54 18453
54 18461
54 18462
54 18475
54 18497
54 18504
54 18581
54 18620
54 18645
54 18670
54 18696
54 18712
54 18729
54 18736
54 18778
54 18797
54 18803
54 18824
54 18875
54 18888
54 18907
54 18969
54 19001
54 19008
54 19037
54 19066
54 19074
54 19082
54 19105
54 19110
54 19113
54 19122
54 19123
54 19161
54 19181
54 19188
54 19225
54 19228
54 19243
54 19254
54 19301
54 19337
54 19338
54 19340
54 19394
54 19415
54 19433
54 19448
54 19473
54 19492
54 19507
54 19518
54 19526
54 19529
54 19553
54 19557
54 19573
54 19619
54 19647
54 19697
54 19715
54 19716
54 19776
54 19790
54 19823
54 19825
54 19879
54 19927
54 19942
54 20002
54 20017
54 20025
54 20148
54 20164
54 20167
54 20207
54 20214
54 20237
54 20246
54 20247
54 20267
54 20315
54 20318
54 20347
54 20361
54 20417
54 20420
54 20471
54 20477
54 20482
54 20602
54 20603
54 20617
54 20682
54 20696
54 20714
54 20762
54 20779
54 20810
54 20811
54 20820
54 20821
54 20839
54 20848
54 20865
54 20879
54 20943
54 20963
54 20968
54 20988
54 21020
54 21023
54 21024
54 21060
54 21074
54 21090
54 21133
54 21204
54 21209
54 21282
54 21300
54 21304
54 21307
54 21362
54 21368
54 21376
54 21385
54 21389
54 21407
54 21416
54 21444
54 21462
54 21466
54 21489
54 21492
54 21517
54 21533
54 21536
54 21537
54 21538
54 21553
54 21572
54 21602
54 21607
54 21609
54 21618
54 21661
54 21670
54 21678
54 21703
54 21718
54 21728
54 21769
54 21776
54 21780
54 21792
54 21804
54 21821
54 21849
54 21852
54 21882
54 21887
54 21925
54 21939
54 21956
54 21967
54 21977
54 21987
54 22010
54 22061
54 22063
54 22108
54 22171
54 22178
54 22239
54 22251
54 22275
54 22290
54 22323
54 22334
54 22346
54 22352
54 22383
54 22384
54 22440
54 22497
54 22503
54 22508
54 22532
54 22541
54 22550
54 22632
54 22655
54 22684
54 22690
54 22714
54 22716
54 22737
54 22746
54 22798
54 22800
54 22811
54 22818
54 22820
54 22826
54 22831
54 22861
54 22866
54 22872
54 22881
54 22921
54 22931
54 22946
54 22968
54 22991
54 22997
54 23004
54 23017
54 23055
54 23074
54 23226
54 23240
54 23247
54 23264
54 23340
54 23351
54 23358
54 23371
54 23420
54 23455
54 23466
54 23477
54 23487
54 23507
54 23536
54 23557
54 23560
54 23565
54 23595
54 23686
54 23723
54 23724
54 23742
54 23794
54 23800
54 23827
54 23832
54 23836
54 23845
54 23851
54 23870
54 23888
54 23891
54 23903
54 23914
54 23926
54 23954
54 23975
54 23995
54 23998
54 24061
54 24090
54 24111
54 24138
54 24142
54 24214
54 24226
54 24230
54 24248
54 24279
54 24298
54 24317
54 24343
54 24349
54 24370
54 24372
54 24374
54 24410
54 24435
54 24448
54 24457
54 24466
54 24473
54 24502
54 24506
54 24569
54 24579
54 24611
54 24650
54 24651
54 24677
54 24698
54 24817
54 24836
54 24854
54 24866
54 24926
54 24989
54 24999
54 25015
54 25025
54 25026
54 25044
54 25052
54 25072
54 25073
54 25082
54 25094
54 25149
54 25170
54 25196
54 25223
54 25231
54 25239
54 25247
54 25248
54 25265
54 25317
54 25325
54 25343
54 25425
54 25442
54 25477
54 25479
54 25511
54 25562
54 25572
54 25612
54 25624
54 25653
54 25656
54 25657
54 25667
54 25725
54 25763
54 25765
54 25769
54 25770
54 25817
54 25857
54 25869
54 25895
54 25910
54 25912
54 25941
54 25992
54 26030
54 26058
54 26090
54 26123
54 26141
54 26151
54 26160
54 26174
54 26176
54 26192
54 26221
54 26225
54 26229
54 26240
54 26272
54 26274
54 26298
54 26312
54 26319
54 26328
54 26342
54 26344
54 26362
54 26393
54 26411
54 26464
54 26486
54 26512
54 26515
54 26517
54 26528
54 26558
54 26569
54 26593
54 26619
54 26624
54 26631
54 26665
54 26678
54 26728
54 26758
54 26771
54 26796
54 26826
54 26836
54 26904
54 26908
54 26924
54 26983
54 26992
54 27009
54 27069
54 27103
54 27135
54 27150
54 27160
54 27223
54 27239
54 27241
54 27242
54 27272
54 27319
54 27351
54 27356
54 27386
54 27397
54 27457
54 27472
54 27499
54 27515
54 27545
54 27549
54 27556
54 27568
54 27569
54 27580
54 27604
54 27615
54 27660
54 27680
54 27691
54 27708
54 27712
54 27717
54 27723
54 27736
54 27739
54 27789
54 27809
54 27844
54 27846
54 27847
54 27919
54 27940
54 27974
54 27978
54 27999
54 28051
54 28068
54 28082
54 28086
54 28177
54 28190
54 28204
54 28207
54 28223
54 28256
54 28266
54 28271
54 28281
54 28293
54 28294
54 28361
54 28390
54 28414
54 28511
54 28536
54 28593
54 28608
54 28676
54 28681
54 28691
54 28731
54 28735
54 28743
54 28744
54 28765
54 28788
54 28792
54 28817
54 28841
54 28844
54 28904
54 28906
54 28912
54 28954
54 28964
54 28973
54 29012
54 29027
54 29029
54 29034
54 29058
54 29075
54 29203
54 29235
54 29256
54 29266
54 29296
54 29307
54 29321
54 29343
54 29367
54 29380
54 29431
54 29448
54 29449
54 29500
54 29501
54 29517
54 29551
54 29566
54 29571
54 29583
54 29619
54 29624
54 29627
54 29639
54 29649
54 29660
54 29718
54 29737
54 29742
54 29752
54 29763
54 29766
54 29770
54 29773
54 29783
54 29800
54 29808
54 29811
54 29814
54 29844
54 29855
54 29866
54 29899
54 29920
54 29928
54 29954
54 29969
54 29972
54 30088
54 30124
54 30131
54 30137
54 30146
54 30150
54 30179
54 30227
54 30236
54 30247
54 30288
54 30295
54 30305
54 30309
54 30311
54 30323
54 30329
54 30333
54 30363
54 30406
54 30408
54 30437
54 30472
54 30518
54 30633
54 30645
54 30657
54 30673
54 30687
54 30731
54 30734
54 30809
54 30811
54 30814
54 30827
54 30923
54 30924
54 30963
54 30968
54 30970
54 30981
54 31003
54 31081
54 31102
54 31114
54 31116
54 31151
54 31188
54 31216
54 31230
54 31258
54 31284
54 31287
54 31367
54 31373
54 31396
54 31404
54 31411
54 31437
54 31465
54 31468
54 31474
54 31482
54 31483
54 31491
54 31502
54 31512
54 31523
54 31534
54 31543
54 31597
54 31674
54 31724
54 31726
54 31796
54 31803
54 31859
54 31878
54 31883
54 31887
54 31908
54 31921
54 31960
54 31966
54 31987
54 31988
54 32035
54 32053
54 32069
54 32074
54 32099
54 32103
54 32131
54 32160
54 32188
54 32189
54 32208
54 32271
54 32281
54 32324
54 32363
54 32414
54 32448
54 32457
54 32647
54 32664
54 32675
54 32682
54 32685
54 32704
54 32725
54 32728
54 32764
54 32774
54 32781
54 32810
54 32858
54 32859
54 32951
54 32955
54 32992
54 33071
54 33118
54 33126
54 33130
54 33141
54 33148
54 33166
54 33169
54 33210
54 33216
54 33222
54 33239
54 33260
54 33261
54 33302
54 33321
54 33322
54 33359
54 33387
54 33409
54 33416
54 33431
54 33476
54 33481
54 33482
54 33492
54 33513
54 33521
54 33523
54 33530
54 33552
54 33561
54 33628
54 33629
54 33641
54 33653
54 33668
54 33681
54 33685
54 33718
54 33742
54 33762
54 33769
54 33777
54 33824
54 33836
54 33859
54 33861
54 33865
54 33895
54 33899
54 33908
54 33929
54 33968
54 33976
54 33979
54 34016
54 34022
54 34047
54 34054
54 34058
54 34070
54 34093
54 34094
54 34098
54 34149
54 34161
54 34199
54 34219
54 34227
54 34259
54 34285
54 34286
54 34305
54 34318
54 34343
54 34354
54 34393
54 34398
54 34407
54 34474
54 34523
54 34535
54 34551
54 34572
54 34584
54 34636
54 34646
54 34648
54 34678
54 34681
54 34698
54 34704
54 34715
54 34717
54 34761
54 34782
54 34790
54 34814
54 34892
54 34893
54 34935
54 34950
54 34956
54 34976
54 34999
54 35004
54 35041
54 35074
54 35107
54 35109
54 35110
54 35132
54 35140
54 35162
54 35182
54 35236
54 35250
54 35281
54 35294
54 35307
54 35337
54 35341
54 35348
54 35371
54 35411
54 35465
54 35498
54 35525
54 35526
54 35550
54 35571
54 35598
54 35604
54 35640
54 35643
54 35652
54 35654
54 35678
54 35713
54 35730
54 35736
54 35753
54 35764
54 35810
54 35833
54 35842
54 35852
54 35856
54 35866
54 35869
54 35877
54 35878
54 35887
54 35904
54 35905
54 35939
54 35969
54 35995
54 36025
54 36073
54 36076
54 36118
54 36132
54 36152
54 36162
54 36184
54 36209
54 36283
54 36302
54 36308
54 36340
54 36361
54 36420
54 36422
54 36462
54 36472
54 36514
54 36531
54 36578
54 36604
54 36609
54 36677
54 36678
54 36689
54 36695
54 36700
54 36713
54 36716
54 36736
54 36766
54 36827
54 36848
54 36859
54 36889
54 36931
54 36935
54 36939
54 36940
54 36943
54 36947
54 36967
54 36975
54 37001
54 37046
54 37067
54 37094
54 37111
54 37119
54 37120
54 37123
54 37130
54 37136
54 37163
54 37165
54 37168
54 37171
54 37189
54 37218
54 37221
54 37232
54 37251
54 37273
54 37345
54 37364
54 37395
54 37402
54 37428
54 37475
54 37498
54 37518
54 37586
54 37591
54 37606
54 37656
54 37668
54 37701
54 37702
54 37763
54 37779
54 37817
54 37829
54 37835
54 37838
54 37869
54 37872
54 37922
54 37923
54 37938
54 37940
54 37941
54 37942
54 37972
54 37984
54 38000
54 38005
54 38090
54 38091
54 38112
54 38158
54 38162
54 38190
54 38196
54 38231
54 38372
54 38395
54 38406
54 38420
54 38464
54 38473
54 38481
54 38487
54 38506
54 38539
54 38645
54 38655
54 38675
54 38701
54 38702
54 38715
54 38744
54 38762
54 38783
54 38861
54 38885
54 38888
54 38912
54 38929
54 38932
54 38942
54 38953
54 38988
54 39008
54 39026
54 39036
54 39073
54 39108
54 39109
54 39165
54 39188
54 39219
54 39252
54 39281
54 39294
54 39295
54 39299
54 39323
54 39379
54 39384
54 39388
54 39398
54 39419
54 39424
54 39425
54 39426
54 39461
54 39505
54 39514
54 39525
54 39527
54 39567
54 39570
54 39588
54 39597
54 39603
54 39624
54 39627
54 39657
54 39689
54 39705
54 39715
54 39728
54 39740
54 39784
54 39834
54 39836
54 39839
54 39848
54 39864
54 39878
54 39896
54 39925
54 39943
54 39992
54 40038
54 40040
54 40080
54 40091
54 40094
54 40182
54 40187
54 40198
54 40259
54 40275
54 40286
54 40292
54 40305
54 40312
54 40352
54 40381
54 40409
54 40431
54 40458
54 40488
54 40494
54 40588
54 40636
54 40642
54 40646
54 40682
54 40694
54 40705
54 40723
54 40786
54 40791
54 40803
54 40826
54 40827
54 40828
54 40841
54 40878
54 40881
54 40895
54 40899
54 40918
54 40929
54 40951
54 40973
54 40982
54 40996
54 41001
54 41059
54 41111
54 41136
54 41142
54 41186
54 41223
54 41254
54 41255
54 41311
54 41324
54 41335
54 41336
54 41359
54 41414
54 41449
54 41450
54 41472
54 41482
54 41531
54 41551
54 41552
54 41560
54 41587
54 41627
54 41641
54 41649
54 41656
54 41682
54 41696
54 41719
54 41757
54 41777
54 41780
54 41813
54 41815
54 41843
54 41866
54 41879
54 41941
54 41979
54 41985
54 42006
54 42029
54 42058
54 42081
54 42083
54 42139
54 42182
54 42188
54 42212
54 42221
54 42269
54 42303
54 42335
54 42377
54 42379
54 42387
54 42401
54 42415
54 42426
54 42429
54 42469
54 42503
54 42506
54 42519
54 42570
54 42573
54 42627
54 42654
54 42689
54 42809
54 42817
54 42826
54 42862
54 42864
54 42886
54 42911
54 42929
54 42983
54 42992
54 43006
54 43056
54 43068
54 43088
54 43101
54 43131
54 43140
54 43168
54 43181
54 43190
54 43215
54 43231
54 43252
54 43286
54 43306
54 43311
54 43314
54 43323
54 43334
54 43378
54 43398
54 43411
54 43438
54 43441
54 43472
54 43503
54 43506
54 43547
54 43548
54 43549
54 43599
54 43641
54 43648
54 43663
54 43691
54 43715
54 43730
54 43754
54 43771
54 43780
54 43812
54 43822
54 43831
54 43840
54 43841
54 43857
54 43869
54 43889
54 43896
54 43911
54 43924
54 43932
54 43941
54 43977
54 43991
54 43993
54 44039
54 44044
54 44092
54 44098
54 44104
54 44213
54 44219
54 44229
54 44235
54 44250
54 44343
54 44407
54 44415
54 44433
54 44436
54 44510
54 44540
54 44598
54 44608
54 44654
54 44685
54 44724
54 44729
54 44762
54 44780
54 44798
54 44841
54 44883
54 44896
54 44905
54 44909
54 44918
54 44928
54 44946
54 44985
54 44986
54 45015
54 45026
54 45101
54 45108
54 45121
54 45220
54 45246
54 45269
54 45272
54 45274
54 45292
54 45307
54 45350
54 45360
54 45375
54 45380
54 45402
54 45430
54 45490
54 45512
54 45553
54 45568
54 45633
54 45636
54 45675
54 45715
54 45719
54 45758
54 45767
54 45784
54 45787
54 45817
54 45821
54 45846
54 45855
54 45895
54 45967
54 45969
54 45996
54 46006
54 46012
54 46015
54 46088
54 46101
54 46108
54 46142
54 46155
54 46225
54 46228
54 46249
54 46268
54 46276
54 46304
54 46348
54 46361
54 46363
54 46383
54 46408
54 46432
54 46459
54 46515
54 46602
54 46620
54 46651
54 46658
54 46670
54 46676
54 46717
54 46735
54 46767
54 46776
54 46788
54 46799
54 46817
54 46833
54 46887
54 46896
54 46912
54 46942
54 46989
54 47018
54 47088
54 47089
54 47125
54 47167
54 47176
54 47196
54 47215
54 47229
54 47231
54 47242
54 47259
54 47303
54 47344
54 47348
54 47371
54 47400
54 47421
54 47446
54 47447
54 47472
54 47486
54 47493
54 47564
54 47582
54 47647
54 47682
54 47701
54 47722
54 47733
54 47790
54 47800
54 47805
54 47841
54 47859
54 47860
54 47877
54 47917
54 47988
54 47990
54 48024
54 48026
54 48030
54 48078
54 48105
54 48111
54 48136
54 48146
54 48157
54 48163
54 48216
54 48223
54 48250
54 48289
54 48323
54 48356
54 48357
54 48394
54 48408
54 48478
54 48496
54 48503
54 48506
54 48525
54 48528
54 48538
54 48569
54 48596
54 48606
54 48664
54 48673
54 48694
54 48695
54 48696
54 48760
54 48774
54 48776
54 48778
54 48805
54 48858
54 48970
54 48971
54 48992
54 49008
54 49014
54 49015
54 49025
54 49043
54 49078
54 49108
54 49127
54 49135
54 49136
54 49189
54 49196
54 49203
54 49258
54 49312
54 49400
54 49411
54 49419
54 49438
54 49442
54 49480
54 49504
54 49516
54 49525
54 49526
54 49540
54 49554
54 49619
54 49622
54 49666
54 49687
54 49692
54 49728
54 49740
54 49742
54 49749
54 49754
54 49758
54 49764
54 49766
54 49776
54 49777
54 49820
54 49839
54 49840
54 49848
54 49868
54 49888
54 49906
54 49923
54 49929
54 49939
54 49947
54 49948
54 49953
54 49981
54 49997
54 50022
54 50033
54 50039
54 50052
54 50072
54 50074
54 50083
54 50090
54 50109
54 50122
54 50132
54 50146
54 50154
54 50193
54 50216
54 50260
54 50266
54 50293
54 50302
54 50315
54 50336
54 50348
54 50365
54 50390
54 50402
54 50432
54 50464
54 50479
54 50502
54 50508
54 50585
54 50608
54 50633
54 50653
54 50693
54 50701
54 50716
54 50718
54 50722
54 50773
54 50802
54 50803
54 50856
54 50869
54 50879
54 50939
54 50946
54 50978
54 50991
54 51024
54 51039
54 51044
54 51053
54 51057
54 51087
54 51103
54 51112
54 51113
54 51178
54 51233
54 51243
54 51246
54 51249
54 51277
54 51291
54 51301
54 51318
54 51328
54 51343
54 51376
54 51405
54 51424
54 51488
54 51502
54 51503
54 51517
54 51521
54 51547
54 51553
54 51606
54 51646
54 51664
54 51666
54 51687
54 51688
54 51706
54 51711
54 51720
54 51786
54 51803
54 51811
54 51820
54 51823
54 51832
54 51835
54 51856
54 51868
54 51874
54 51905
54 51916
54 51988
54 51994
54 51995
54 52010
54 52013
54 52016
54 52036
54 52047
54 52135
54 52146
54 52224
54 52225
54 52233
54 52273
54 52307
54 52316
54 52330
54 52352
54 52366
54 52374
54 52412
54 52420
54 52427
54 52451
54 52527
54 52551
54 52606
54 52625
54 52681
54 52682
54 52693
54 52696
54 52700
54 52713
54 52751
54 52765
54 52794
54 52799
54 52801
54 52810
54 52825
54 52874
54 52875
54 52898
54 52901
54 52912
54 52926
54 52961
54 52974
54 52979
54 52983
54 52998
54 53008
54 53010
54 53012
54 53022
54 53034
54 53050
54 53070
54 53128
54 53176
54 53180
54 53201
54 53221
54 53277
54 53286
54 53303
54 53310
54 53314
54 53316
54 53317
54 53321
54 53328
54 53329
54 53335
54 53361
54 53363
54 53364
54 53365
54 53404
54 53413
54 53415
54 53427
54 53442
54 53446
54 53462
54 53489
54 53512
54 53516
54 53536
54 53537
54 53551
54 53571
54 53584
54 53643
54 53673
54 53688
54 53722
54 53724
54 53733
54 53739
54 53748
54 53751
54 53780
54 53783
54 53785
54 53809
54 53810
54 53813
54 53820
54 53838
54 53855
54 53861
54 53870
54 53883
54 53901
54 53905
54 53915
54 53922
54 53930
54 53936
54 53950
54 54028
54 54031
54 54050
54 54054
54 54057
54 54058
54 54089
54 54094
54 54130
54 54131
54 54195
54 54214
54 54218
54 54227
54 54240
54 54248
54 54259
54 54302
54 54309
54 54348
54 54365
54 54372
54 54382
54 54386
54 54396
54 54423
54 54471
54 54490
54 54498
54 54499
54 54514
54 54528
54 54547
54 54586
54 54592
54 54663
54 54696
54 54697
54 54708
54 54722
54 54742
54 54749
54 54760
54 54766
54 54768
54 54801
54 54808
54 54820
54 54821
54 54825
54 54856
54 54910
54 54945
54 54954
54 55001
54 55034
54 55077
54 55079
54 55091
54 55129
54 55157
54 55173
54 55261
54 55298
54 55309
54 55366
54 55367
54 55479
54 55503
54 55511
54 55531
54 55540
54 55557
54 55577
54 55598
54 55611
54 55658
54 55672
54 55675
54 55687
54 55698
54 55715
54 55728
54 55737
54 55741
54 55745
54 55761
54 55801
54 55817
54 55823
54 55829
54 55854
54 55879
54 55932
54 55943
54 55950
54 55966
54 55969
54 55971
54 55995
54 56001
54 56002
54 56009
54 56021
54 56033
54 56046
54 56063
54 56116
54 56125
54 56204
54 56207
54 56261
54 56272
54 56297
54 56305
54 56310
54 56329
54 56332
54 56362
54 56404
54 56406
54 56437
54 56443
54 56477
54 56478
54 56484
54 56534
54 56546
54 56549
54 56563
54 56610
54 56646
54 56661
54 56670
54 56675
54 56698
54 56700
54 56717
54 56725
54 56761
54 56784
54 56797
54 56809
54 56832
54 56842
54 56845
54 56944
54 56962
54 57016
54 57018
54 57024
54 57042
54 57102
54 57119
54 57153
54 57173
54 57178
54 57211
54 57263
54 57336
54 57358
54 57370
54 57444
54 57487
54 57491
54 57526
54 57531
54 57544
54 57606
54 57609
54 57654
54 57674
54 57678
54 57681
54 57682
54 57726
54 57744
54 57750
54 57791
54 57794
54 57809
54 57816
54 57832
54 57859
54 57887
54 57907
54 57915
54 57920
54 57923
54 57928
54 57940
54 57965
54 57973
54 57974
54 57983
54 57986
54 57994
54 58005
54 58013
54 58026
54 58037
54 58041
54 58054
54 58065
54 58067
54 58081
54 58091
54 58105
54 58123
54 58154
54 58200
54 58236
54 58241
54 58299
54 58367
54 58376
54 58434
54 58477
54 58609
54 58621
54 58634
54 58645
54 58648
54 58687
54 58769
54 58773
54 58775
54 58780
54 58813
54 58841
54 58857
54 58870
54 58881
54 58885
54 58887
54 58890
54 58905
54 58940
54 58949
54 58967
54 59018
54 59022
54 59064
54 59070
54 59072
54 59106
54 59108
54 59143
54 59170
54 59215
54 59227
54 59258
54 59271
54 59285
54 59291
54 59308
54 59311
54 59322
54 59349
54 59375
54 59377
54 59384
54 59393
54 59439
54 59472
54 59486
54 59610
54 59641
54 59642
54 59649
54 59706
54 59724
54 59758
54 59759
54 59762
54 59773
54 59805
54 59825
54 59856
54 59906
54 59912
54 59919
54 59989
54 60002
54 60054
54 60055
54 60090
54 60091
54 60095
54 60199
54 60232
54 60247
54 60269
54 60276
54 60353
54 60362
54 60374
54 60390
54 60429
54 60444
54 60467
54 60470
54 60555
54 60569
54 60577
54 60588
54 60603
54 60618
54 60627
54 60634
54 60644
54 60653
54 60656
54 60705
54 60731
54 60748
54 60773
54 60808
54 60824
54 60852
54 60864
54 60881
54 60890
54 60905
54 60910
54 60938
54 60939
54 60948
54 60967
54 61023
54 61039
54 61041
54 61066
54 61127
54 61150
54 61179
54 61229
54 61259
54 61264
54 61265
54 61281
54 61283
54 61310
54 61330
54 61356
54 61357
54 61369
54 61377
54 61456
54 61485
54 61492
54 61500
54 61585
54 61604
54 61608
54 61611
54 61621
54 61623
54 61738
54 61740
54 61765
54 61776
54 61818
54 61827
54 61841
54 61862
54 61865
54 61875
54 61908
54 61909
54 61944
54 61953
54 61964
54 61965
54 61973
54 61975
54 62050
54 62101
54 62106
54 62161
54 62176
54 62189
54 62199
54 62229
54 62232
54 62268
54 62283
54 62295
54 62307
54 62330
54 62357
54 62373
54 62374
54 62394
54 62434
54 62440
54 62453
54 62487
54 62498
54 62507
54 62512
54 62527
54 62534
54 62539
54 62545
54 62547
54 62564
54 62591
54 62604
54 62621
54 62650
54 62658
54 62685
54 62688
54 62690
54 62704
54 62769
54 62787
54 62802
54 62810
54 62811
54 62830
54 62845
54 62848
54 62861
54 62878
54 62880
54 62895
54 62904
54 62911
54 62924
54 62966
54 62970
54 63003
54 63004
54 63013
54 63052
54 63076
54 63111
54 63125
54 63137
54 63139
54 63150
54 63172
54 63244
54 63261
54 63262
54 63278
54 63317
54 63338
54 63379
54 63385
54 63389
54 63400
54 63420
54 63437
54 63460
54 63479
54 63492
54 63494
54 63504
54 63527
54 63542
54 63552
54 63560
54 63565
54 63606
54 63620
54 63637
54 63670
54 63693
54 63708
54 63726
54 63727
54 63736
54 63752
54 63781
54 63788
54 63810
54 63822
54 63825
54 63865
54 63871
54 63886
54 63889
54 63905
54 63962
54 63976
54 63979
54 64006
54 64034
54 64044
54 64049
54 64061
54 64071
54 64093
54 64099
54 64118
54 64166
54 64183
54 64190
54 64217
54 64228
54 64234
54 64246
54 64249
54 64252
54 64266
54 64317
54 64328
54 64346
54 64380
54 64385
54 64405
54 64421
54 64438
54 64439
54 64462
54 64470
54 64488
54 64509
54 64511
54 64516
54 64539
54 64544
54 64577
54 64631
54 64675
54 64744
54 64749
54 64801
54 64834
54 64841
54 64875
54 64876
54 64878
54 64897
54 64911
54 64915
54 64938
54 64943
54 64945
54 64966
54 64968
54 64979
54 64981
54 64990
54 64999
54 65018
54 65040
54 65051
54 65055
54 65132
54 65143
54 65173
54 65175
54 65198
54 65200
54 65247
54 65259
54 65289
54 65293
54 65302
54 65312
54 65331
54 65349
54 65369
54 65394
54 65403
54 65411
54 65427
54 65429
54 65432
54 65444
54 65454
54 65480
54 65489
54 65495
54 65496
54 65497
54 65539
54 65554
54 65557
54 65640
54 65649
54 65659
54 65696
54 65708
54 65753
54 65793
54 65805
54 65807
54 65818
54 65821
54 65822
54 65824
54 65877
54 65899
54 65904
54 65911
54 65943
54 66024
54 66030
54 66036
54 66039
54 66047
54 66054
54 66055
54 66063
54 66103
54 66114
54 66119
54 66126
54 66129
54 66138
54 66185
54 66221
54 66251
54 66265
54 66267
54 66270
54 66273
54 66293
54 66295
54 66325
54 66364
54 66378
54 66399
54 66419
54 66424
54 66430
54 66439
54 66465
54 66573
54 66598
54 66620
54 66636
54 66657
54 66686
54 66721
54 66753
54 66758
54 66763
54 66765
54 66769
54 66802
54 66812
54 66816
54 66890
54 66895
54 66898
54 66905
54 66906
54 66938
54 66957
54 66963
54 66965
54 66973
54 66988
54 67003
54 67078
54 67102
54 67168
54 67183
54 67188
54 67206
54 67207
54 67209
54 67218
54 67235
54 67242
54 67258
54 67276
54 67281
54 67305
54 67314
54 67317
54 67319
54 67329
54 67373
54 67382
54 67392
54 67396
54 67493
54 67553
54 67568
54 67602
54 67649
54 67650
54 67721
54 67755
54 67808
54 67875
54 67887
54 67890
54 67926
54 67961
54 67972
54 67973
54 68071
54 68092
54 68111
54 68116
54 68158
54 68177
54 68182
54 68197
54 68210
54 68215
54 68242
54 68250
54 68304
54 68306
54 68314
54 68337
54 68347
54 68353
54 68379
54 68408
54 68415
54 68444
54 68474
54 68487
54 68494
54 68503
54 68507
54 68515
54 68548
54 68572
54 68603
54 68609
54 68611
54 68639
54 68660
54 68702
54 68739
54 68750
54 68759
54 68764
54 68765
54 68795
54 68798
54 68818
54 68839
54 68872
54 68895
54 68912
54 68936
54 68939
54 68997
54 69004
54 69005
54 69025
54 69027
54 69032
54 69045
54 69069
54 69124
54 69126
54 69162
54 69181
54 69186
54 69201
54 69207
54 69259
54 69278
54 69281
54 69306
54 69320
54 69329
54 69330
54 69377
54 69385
54 69415
54 69421
54 69441
54 69442
54 69555
54 69561
54 69586
54 69620
54 69643
54 69687
54 69690
54 69707
54 69714
54 69715
54 69721
54 69763
54 69772
54 69783
54 69800
54 69819
54 69846
54 69891
54 69931
54 69933
54 69938
54 69961
54 69970
54 69973
54 69989
54 70044
54 70045
54 70054
54 70061
54 70068
54 70080
54 70113
54 70115
54 70127
54 70131
54 70138
54 70140
54 70154
54 70155
54 70163
54 70189
54 70203
54 70244
54 70253
54 70259
54 70261
54 70270
54 70309
54 70312
54 70317
54 70349
54 70387
54 70388
54 70404
54 70430
54 70449
54 70460
54 70481
54 70502
54 70505
54 70510
54 70528
54 70539
54 70603
54 70604
54 70610
54 70616
54 70638
54 70646
54 70665
54 70672
54 70690
54 70708
54 70712
54 70749
54 70763
54 70771
54 70815
54 70836
54 70850
54 70893
54 70899
54 70910
54 70929
54 70961
54 71043
54 71084
54 71093
54 71102
54 71113
54 71123
54 71132
54 71137
54 71197
54 71207
54 71217
54 71251
54 71304
54 71308
54 71315
54 71351
54 71398
54 71402
54 71423
54 71442
54 71445
54 71450
54 71451
54 71453
54 71459
54 71474
54 71553
54 71614
54 71615
54 71650
54 71664
54 71682
54 71690
54 71710
54 71718
54 71748
54 71755
54 71756
54 71757
54 71781
54 71783
54 71817
54 71818
54 71871
54 71880
54 71905
54 71960
54 72002
54 72013
54 72051
54 72056
54 72109
54 72128
54 72142
54 72147
54 72157
54 72166
54 72191
54 72199
54 72221
54 72254
54 72258
54 72272
54 72296
54 72352
54 72358
54 72360
54 72420
54 72425
54 72429
54 72450
54 72462
54 72466
54 72471
54 72481
54 72486
54 72508
54 72515
54 72544
54 72566
54 72568
54 72576
54 72606
54 72618
54 72627
54 72637
54 72660
54 72681
54 72748
54 72774
54 72779
54 72784
54 72806
54 72823
54 72903
54 72916
54 72979
54 73004
54 73036
54 73084
54 73121
54 73136
54 73141
54 73169
54 73188
54 73190
54 73210
54 73211
54 73213
54 73224
54 73241
54 73262
54 73267
54 73277
54 73319
54 73321
54 73334
54 73345
54 73364
54 73365
54 73368
54 73378
54 73383
54 73395
54 73432
54 73433
54 73477
54 73479
54 73490
54 73491
54 73532
54 73537
54 73549
54 73576
54 73601
54 73616
54 73619
54 73714
54 73743
54 73772
54 73773
54 73784
54 73830
54 73835
54 73836
54 73839
54 73859
54 73861
54 73862
54 73899
54 73905
54 73930
54 73933
54 73949
54 73956
54 73973
54 73995
54 74010
54 74046
54 74047
54 74055
54 74064
54 74095
54 74118
54 74142
54 74194
54 74219
54 74229
54 74238
54 74242
54 74298
54 74329
54 74331
54 74333
54 74351
54 74353
54 74354
54 74382
54 74418
54 74423
54 74464
54 74474
54 74503
54 74531
54 74532
54 74541
54 74556
54 74580
54 74594
54 74596
54 74638
54 74646
54 74720
54 74725
54 74748
54 74755
54 74767
54 74781
54 74801
54 74822
54 74844
54 74845
54 74872
54 74880
54 74887
54 74896
54 74908
54 74940
54 74945
54 74969
54 75011
54 75020
54 75024
54 75066
54 75157
54 75179
54 75193
54 75249
54 75253
54 75261
54 75289
54 75291
54 75296
54 75317
54 75320
54 75322
54 75340
54 75375
54 75376
54 75388
54 75398
54 75431
54 75438
54 75439
54 75460
54 75476
54 75507
54 75681
54 75722
54 75730
54 75754
54 75797
54 75806
54 75846
54 75868
54 75981
54 75988
54 75992
54 76013
54 76035
54 76056
54 76114
54 76137
54 76156
54 76158
54 76179
54 76214
54 76220
54 76245
54 76279
54 76287
54 76296
54 76344
54 76381
54 76385
54 76474
54 76478
54 76495
54 76500
54 76515
54 76521
54 76534
54 76565
54 76577
54 76587
54 76643
54 76686
54 76704
54 76713
54 76716
54 76721
54 76764
54 76810
54 76824
54 76836
54 76854
54 76865
54 76875
54 76880
54 76941
54 76947
54 76952
54 76978
54 77017
54 77021
54 77026
54 77033
54 77045
54 77075
54 77111
54 77133
54 77148
54 77152
54 77174
54 77268
54 77273
54 77301
54 77321
54 77326
54 77381
54 77398
54 77465
54 77467
54 77523
54 77540
54 77553
54 77556
54 77566
54 77598
54 77602
54 77606
54 77617
54 77643
54 77650
54 77768
54 77793
54 77804
54 77826
54 77840
54 77863
54 77881
54 77916
54 77941
54 77954
54 77957
54 77960
54 77966
54 77987
54 78002
54 78029
54 78068
54 78075
54 78078
54 78102
54 78107
54 78118
54 78121
54 78126
54 78148
54 78161
54 78164
54 78165
54 78255
54 78257
54 78270
54 78278
54 78310
54 78319
54 78369
54 78371
54 78384
54 78424
54 78427
54 78438
54 78456
54 78474
54 78503
54 78507
54 78511
54 78520
54 78549
54 78563
54 78574
54 78576
54 78593
54 78618
54 78635
54 78654
54 78673
54 78676
54 78677
54 78682
54 78710
54 78714
54 78737
54 78740
54 78746
54 78747
54 78751
54 78773
54 78774
54 78799
54 78803
54 78860
54 78863
54 78870
54 78903
54 78932
54 78991
54 79000
54 79059
54 79066
54 79075
54 79146
54 79153
54 79167
54 79232
54 79234
54 79236
54 79243
54 79303
54 79330
54 79377
54 79378
54 79389
54 79409
54 79411
54 79429
54 79462
54 79478
54 79506
54 79516
54 79530
54 79557
54 79564
54 79567
54 79581
54 79612
54 79613
54 79631
54 79644
54 79652
54 79660
54 79661
54 79725
54 79730
54 79731
54 79752
54 79834
54 79848
54 79857
54 79884
54 79938
54 79974
54 79981
54 79988
54 80031
54 80040
54 80051
54 80059
54 80071
54 80082
54 80184
54 80223
54 80226
54 80232
54 80244
54 80260
54 80264
54 80286
54 80314
54 80315
54 80320
54 80338
54 80352
54 80361
54 80390
54 80436
54 80461
54 80481
54 80508
54 80514
54 80527
54 80594
54 80630
54 80647
54 80652
54 80664
54 80666
54 80675
54 80687
54 80688
54 80702
54 80737
54 80768
54 80798
54 80856
54 80893
54 80918
54 80962
54 80965
54 80970
54 80971
54 80973
54 80995
54 81033
54 81052
54 81100
54 81113
54 81139
54 81188
54 81250
54 81262
54 81283
54 81294
54 81295
54 81316
54 81324
54 81335
54 81419
54 81420
54 81434
54 81452
54 81459
54 81475
54 81487
54 81507
54 81508
54 81526
54 81553
54 81561
54 81567
54 81573
54 81584
54 81657
54 81663
54 81672
54 81701
54 81736
54 81777
54 81784
54 81830
54 81873
54 81885
54 81934
54 81952
54 81960
54 81974
54 81993
54 82030
54 82055
54 82103
54 82108
54 82138
54 82141
54 82155
54 82235
54 82263
54 82305
54 82307
54 82334
54 82349
54 82384
54 82422
54 82429
54 82436
54 82447
54 82454
54 82473
54 82500
54 82506
54 82558
54 82567
54 82569
54 82574
54 82579
54 82590
54 82596
54 82638
54 82656
54 82699
54 82729
54 82735
54 82768
54 82794
54 82795
54 82796
54 82804
54 82819
54 82825
54 82843
54 82927
54 82939
54 82972
54 82990
54 83000
54 83004
54 83007
54 83008
54 83011
54 83016
54 83026
54 83032
54 83118
54 83119
54 83167
54 83172
54 83173
54 83179
54 83198
54 83237
54 83251
54 83252
54 83257
54 83366
54 83370
54 83381
54 83393
54 83427
54 83429
54 83432
54 83433
54 83434
54 83441
54 83462
54 83468
54 83604
54 83620
54 83626
54 83666
54 83675
54 83719
54 83723
54 83757
54 83762
54 83769
54 83773
54 83790
54 83799
54 83836
54 83847
54 83848
54 83864
54 83885
54 83913
54 83916
54 83921
54 83939
54 83950
54 83956
54 84070
54 84079
54 84082
54 84091
54 84097
54 84113
54 84114
54 84117
54 84138
54 84183
54 84190
54 84197
54 84230
54 84237
54 84259
54 84261
54 84272
54 84284
54 84297
54 84303
54 84307
54 84356
54 84363
54 84371
54 84383
54 84398
54 84405
54 84414
54 84416
54 84421
54 84467
54 84473
54 84506
54 84547
54 84587
54 84591
54 84597
54 84600
54 84609
54 84619
54 84626
54 84639
54 84645
54 84680
54 84700
54 84728
54 84793
54 84815
54 84837
54 84861
54 84865
54 84877
54 84966
54 84972
54 84992
54 84995
54 85035
54 85038
54 85047
54 85050
54 85053
54 85058
54 85091
54 85102
54 85105
54 85106
54 85152
54 85171
54 85173
54 85222
54 85261
54 85317
54 85339
54 85350
54 85357
54 85359
54 85382
54 85388
54 85433
54 85461
54 85483
54 85497
54 85517
54 85545
54 85549
54 85576
54 85623
54 85695
54 85761
54 85770
54 85790
54 85795
54 85884
54 85909
54 85925
54 85928
54 85953
54 85979
54 85987
54 86046
54 86047
54 86086
54 86087
54 86090
54 86113
54 86146
54 86182
54 86184
54 86194
54 86202
54 86224
54 86252
54 86269
54 86285
54 86311
54 86333
54 86334
54 86337
54 86380
54 86406
54 86407
54 86454
54 86455
54 86458
54 86477
54 86484
54 86485
54 86489
54 86535
54 86589
54 86602
54 86630
54 86638
54 86646
54 86661
54 86735
54 86738
54 86763
54 86776
54 86839
54 86848
54 86870
54 86886
54 86905
54 86910
54 86965
54 86973
54 86975
54 86984
54 86985
54 86988
54 86996
54 87046
54 87062
54 87068
54 87073
54 87138
54 87150
54 87156
54 87159
54 87163
54 87241
54 87256
54 87260
54 87261
54 87271
54 87277
54 87280
54 87310
54 87313
54 87319
54 87363
54 87392
54 87436
54 87438
54 87477
54 87491
54 87505
54 87539
54 87574
54 87654
54 87664
54 87701
54 87714
54 87715
54 87781
54 87789
54 87791
54 87801
54 87833
54 87860
54 87871
54 87920
54 87924
54 87945
54 87985
54 87986
54 87997
54 88032
54 88083
54 88096
54 88101
54 88111
54 88114
54 88143
54 88147
54 88156
54 88171
54 88181
54 88192
54 88211
54 88265
54 88278
54 88307
54 88316
54 88391
54 88408
54 88411
54 88437
54 88439
54 88446
54 88454
54 88466
54 88541
54 88561
54 88577
54 88606
54 88611
54 88621
54 88626
54 88628
54 88667
54 88668
54 88680
54 88730
54 88740
54 88761
54 88801
54 88829
54 88837
54 88848
54 88869
54 88879
54 88929
54 88944
54 88950
54 88971
54 89002
54 89010
54 89022
54 89075
54 89079
54 89092
54 89103
54 89132
54 89136
54 89138
54 89148
54 89192
54 89198
54 89252
54 89335
54 89406
54 89419
54 89479
54 89487
54 89490
54 89543
54 89548
54 89575
54 89586
54 89589
54 89590
54 89618
54 89631
54 89659
54 89662
54 89666
54 89674
54 89686
54 89710
54 89712
54 89715
54 89751
54 89757
54 89805
54 89807
54 89840
54 89860
54 89878
54 89889
54 89919
54 89943
54 89950
54 89959
54 89971
54 89984
54 89998
54 90009
54 90028
54 90052
54 90090
54 90104
54 90110
54 90111
54 90129
54 90147
54 90180
54 90181
54 90197
54 90215
54 90246
54 90307
54 90344
54 90505
54 90508
54 90548
54 90557
54 90562
54 90563
54 90570
54 90584
54 90596
54 90605
54 90629
54 90630
54 90655
54 90659
54 90683
54 90711
54 90743
54 90753
54 90765
54 90803
54 90855
54 90865
54 90869
54 90874
54 90905
54 90908
54 90916
54 90917
54 90984
54 90993
54 91013
54 91022
54 91035
54 91041
54 91062
54 91067
54 91071
54 91092
54 91157
54 91190
54 91269
54 91281
54 91282
54 91284
54 91304
54 91337
54 91350
54 91364
54 91431
54 91452
54 91454
54 91459
54 91501
54 91527
54 91548
54 91625
54 91641
54 91681
54 91700
54 91722
54 91734
54 91746
54 91747
54 91761
54 91767
54 91774
54 91807
54 91808
54 91835
54 91855
54 91879
54 91882
54 91908
54 91913
54 91931
54 91997
54 92012
54 92016
54 92025
54 92076
54 92101
54 92145
54 92155
54 92176
54 92187
54 92194
54 92214
54 92221
54 92242
54 92245
54 92263
54 92291
54 92298
54 92364
54 92366
54 92386
54 92426
54 92432
54 92456
54 92483
54 92508
54 92511
54 92513
54 92551
54 92617
54 92626
54 92646
54 92674
54 92690
54 92730
54 92743
54 92847
54 92852
54 92892
54 92904
54 92916
54 92930
54 92940
54 92945
54 92956
54 93040
54 93059
54 93076
54 93092
54 93093
54 93101
54 93104
54 93105
54 93107
54 93136
54 93150
54 93160
54 93168
54 93205
54 93247
54 93282
54 93298
54 93315
54 93324
54 93367
54 93394
54 93398
54 93477
54 93478
54 93497
54 93503
54 93521
54 93523
54 93524
54 93542
54 93547
54 93585
54 93596
54 93617
54 93623
54 93642
54 93711
54 93759
54 93765
54 93825
54 93832
54 93869
54 93870
54 93883
54 93887
54 93888
54 93897
54 93932
54 93940
54 93945
54 93959
54 93960
54 93969
54 94071
54 94089
54 94109
54 94127
54 94141
54 94164
54 94178
54 94204
54 94213
54 94243
54 94260
54 94271
54 94274
54 94288
54 94291
54 94384
54 94393
54 94400
54 94420
54 94444
54 94467
54 94498
54 94508
54 94511
54 94528
54 94533
54 94583
54 94602
54 94606
54 94691
54 94711
54 94731
54 94790
54 94843
54 94902
54 94912
54 94919
54 94928
54 94930
54 94991
54 95003
54 95007
54 95012
54 95030
54 95035
54 95061
54 95073
54 95129
54 95181
54 95249
54 95269
54 95288
54 95335
54 95362
54 95398
54 95424
54 95477
54 95501
54 95566
54 95585
54 95616
54 95620
54 95622
54 95623
54 95652
54 95653
54 95729
54 95731
54 95764
54 95794
54 95811
54 95824
54 95842
54 95856
54 95868
54 95876
54 95899
54 95900
54 95917
54 95953
54 95964
54 95966
54 95973
54 95989
54 95994
54 96026
54 96035
54 96038
54 96041
54 96045
54 96059
54 96068
54 96071
54 96079
54 96105
54 96147
54 96176
54 96198
54 96217
54 96243
54 96257
54 96311
54 96336
54 96351
54 96363
54 96396
54 96407
54 96463
54 96530
54 96539
54 96568
54 96569
54 96591
54 96595
54 96598
54 96604
54 96623
54 96668
54 96697
54 96720
54 96728
54 96778
54 96780
54 96809
54 96826
54 96836
54 96882
54 96926
54 96958
54 96979
54 97014
54 97050
54 97073
54 97091
54 97131
54 97141
54 97167
54 97173
54 97181
54 97200
54 97211
54 97213
54 97229
54 97232
54 97245
54 97256
54 97258
54 97288
54 97337
54 97388
54 97430
54 97495
54 97523
54 97525
54 97589
54 97609
54 97639
54 97649
54 97674
54 97707
54 97722
54 97734
54 97746
54 97763
54 97769
54 97796
54 97818
54 97852
54 97867
54 97868
54 97874
54 97900
54 97917
54 98055
54 98067
54 98099
54 98102
54 98106
54 98113
54 98127
54 98249
54 98314
54 98345
54 98384
54 98415
54 98417
54 98425
54 98427
54 98444
54 98486
54 98510
54 98514
54 98517
54 98630
54 98647
54 98679
54 98717
54 98759
54 98791
54 98794
54 98821
54 98929
54 98948
54 98953
54 98987
54 98988
54 98992
54 99007
54 99031
54 99034
54 99086
54 99092
54 99103
54 99113
54 99140
54 99141
54 99156
54 99166
54 99173
54 99208
54 99237
54 99240
54 99331
54 99332
54 99366
54 99376
54 99380
54 99419
54 99427
54 99440
54 99442
54 99447
54 99480
54 99500
54 99504
54 99563
54 99584
54 99595
54 99626
54 99628
54 99635
54 99652
54 99655
54 99685
54 99686
54 99700
54 99708
54 99753
54 99793
54 99802
54 99806
54 99826
54 99918
54 99934
54 100064
54 100069
54 100076
54 100081
54 100090
54 100092
54 100124
54 100129
54 100131
54 100177
54 100180
54 100194
54 100208
54 100222
54 100290
54 100308
54 100376
54 100381
54 100392
54 100412
54 100428
54 100437
54 100439
54 100460
54 100468
54 100474
54 100495
54 100532
54 100546
54 100610
54 100614
54 100618
54 100649
54 100650
54 100667
54 100694
54 100700
54 100750
54 100775
54 100795
54 100804
54 100861
54 100898
54 100904
54 100929
54 100955
54 100967
54 100991
54 100996
54 101000
54 101023
54 101039
54 101049
54 101061
54 101126
54 101147
54 101158
54 101164
54 101188
54 101195
54 101240
54 101251
54 101267
54 101270
54 101284
54 101353
54 101375
54 101399
54 101438
54 101441
54 101457
54 101486
54 101496
54 101504
54 101517
54 101539
54 101555
54 101584
54 101591
54 101593
54 101625
54 101646
54 101654
54 101675
54 101676
54 101677
54 101682
54 101685
54 101686
54 101696
54 101722
54 101770
54 101783
54 101789
54 101824
54 101853
54 101877
54 101939
54 101951
54 101953
54 101957
54 101973
54 101989
54 102062
54 102064
54 102082
54 102083
54 102095
54 102118
54 102119
54 102142
54 102143
54 102152
54 102156
54 102157
54 102244
54 102250
54 102283
54 102289
54 102302
54 102306
54 102337
54 102397
54 102402
54 102411
54 102440
54 102448
54 102449
54 102498
54 102554
54 102589
54 102595
54 102600
54 102613
54 102619
54 102644
54 102655
54 102668
54 102669
54 102716
54 102739
54 102756
54 102765
54 102780
54 102781
54 102810
54 102819
54 102841
54 102851
54 102863
54 102888
54 102894
54 102928
54 102943
54 102963
54 102965
54 102979
54 103006
54 103027
54 103048
54 103065
54 103090
54 103122
54 103145
54 103150
54 103188
54 103191
54 103211
54 103215
54 103230
54 103250
54 103264
54 103300
54 103323
54 103353
54 103373
54 103375
54 103402
54 103406
54 103429
54 103444
54 103454
54 103455
54 103456
54 103470
54 103473
54 103479
54 103512
54 103514
54 103530
54 103564
54 103591
54 103627
54 103634
54 103666
54 103688
54 103697
54 103719
54 103776
54 103792
54 103860
54 103861
54 103902
54 103929
54 103961
54 103964
54 103968
54 104001
54 104054
54 104099
54 104107
54 104173
54 104201
54 104262
54 104278
54 104302
54 104337
54 104344
54 104408
54 104415
54 104452
54 104458
54 104473
54 104475
54 104492
54 104493
54 104501
54 104506
54 104537
54 104551
54 104557
54 104561
54 104619
54 104639
54 104640
54 104666
54 104708
54 104776
54 104777
54 104781
54 104797
54 104864
54 104867
54 104868
54 104917
54 104921
54 104923
54 104940
54 104946
54 105008
54 105016
54 105025
54 105042
54 105058
54 105065
54 105099
54 105107
54 105110
54 105113
54 105161
54 105184
54 105261
54 105327
54 105342
54 105382
54 105427
54 105458
54 105463
54 105466
54 105498
54 105540
54 105549
54 105566
54 105580
54 105619
54 105633
54 105661
54 105663
54 105771
54 105774
54 105776
54 105849
54 105852
54 105875
54 105892
54 105971
54 105974
54 105976
54 105992
54 106004
54 106040
54 106041
54 106043
54 106045
54 106054
54 106075
54 106097
54 106105
54 106115
54 106121
54 106150
54 106230
54 106292
54 106299
54 106331
54 106346
54 106403
54 106410
54 106432
54 106455
54 106461
54 106480
54 106483
54 106497
54 106500
54 106543
54 106557
54 106571
54 106584
54 106598
54 106640
54 106652
54 106658
54 106681
54 106747
54 106755
54 106756
54 106761
54 106780
54 106791
54 106827
54 106849
54 106865
54 106883
54 106892
54 106903
54 106947
54 106962
54 106963
54 107000
54 107065
54 107079
54 107099
54 107104
54 107105
54 107110
54 107116
54 107136
54 107139
54 107155
54 107190
54 107216
54 107265
54 107276
54 107298
54 107331
54 107334
54 107346
54 107347
54 107377
54 107393
54 107420
54 107432
54 107444
54 107451
54 107459
54 107489
54 107524
54 107542
54 107543
54 107567
54 107588
54 107617
54 107644
54 107655
54 107666
54 107673
54 107680
54 107693
54 107696
54 107710
54 107721
54 107772
54 107830
54 107855
54 107866
54 107890
54 107894
54 107907
54 107969
54 107983
54 107984
54 107990
54 107991
54 107995
54 108002
54 108039
54 108116
54 108131
54 108167
54 108178
54 108220
54 108224
54 108236
54 108262
54 108269
54 108282
54 108338
54 108385
54 108389
54 108396
54 108457
54 108561
54 108569
54 108585
54 108586
54 108602
54 108611
54 108697
54 108707
54 108716
54 108739
54 108747
54 108749
54 108765
54 108843
54 108863
54 108866
54 108896
54 108898
54 108943
54 108960
54 108973
54 108980
54 109035
54 109066
54 109098
54 109130
54 109145
54 109154
54 109185
54 109196
54 109209
54 109215
54 109284
54 109328
54 109332
54 109339
54 109355
54 109370
54 109377
54 109420
54 109422
54 109478
54 109504
54 109508
54 109553
54 109555
54 109563
54 109577
54 109672
54 109687
54 109713
54 109727
54 109793
54 109804
54 109815
54 109819
54 109849
54 109927
54 109951
54 109960
54 109981
54 110077
54 110091
54 110092
54 110123
54 110141
54 110193
54 110246
54 110288
54 110301
54 110325
54 110333
54 110359
54 110377
54 110385
54 110401
54 110404
54 110423
54 110425
54 110440
54 110451
54 110462
54 110465
54 110554
54 110606
54 110618
54 110654
54 110687
54 110703
54 110709
54 110724
54 110745
54 110746
54 110752
54 110772
54 110798
54 110813
54 110827
54 110846
54 110849
54 110874
54 110933
54 110936
54 110950
54 110957
54 111025
54 111037
54 111038
54 111059
54 111062
54 111081
54 111127
54 111140
54 111149
54 111170
54 111200
54 111210
54 111272
54 111285
54 111294
54 111305
54 111312
54 111331
54 111338
54 111341
54 111344
54 111358
54 111450
54 111496
54 111516
54 111523
54 111535
54 111543
54 111574
54 111577
54 111592
54 111605
54 111660
54 111669
54 111679
54 111708
54 111732
54 111745
54 111748
54 111749
54 111755
54 111756
54 111766
54 111783
54 111786
54 111792
54 111802
54 111828
54 111875
54 111895
54 111903
54 111904
54 111925
54 111929
54 111941
54 111975
54 111979
54 112001
54 112014
54 112041
54 112057
54 112062
54 112073
54 112106
54 112125
54 112127
54 112130
54 112132
54 112149
54 112157
54 112170
54 112180
54 112199
54 112200
54 112205
54 112215
54 112216
54 112218
54 112224
54 112253
54 112262
54 112275
54 112313
54 112321
54 112356
54 112358
54 112376
54 112377
54 112382
54 112414
54 112420
54 112429
54 112437
54 112443
54 112451
54 112482
54 112494
54 112508
54 112558
54 112562
54 112610
54 112619
54 112626
54 112686
54 112713
54 112812
54 112815
54 112840
54 112844
54 112856
54 112861
54 112915
54 112921
54 112926
54 112930
54 112933
54 112947
54 112987
54 113020
54 113024
54 113043
54 113047
54 113055
54 113092
54 113125
54 113130
54 113145
54 113156
54 113167
54 113187
54 113214
54 113249
54 113265
54 113287
54 113290
54 113291
54 113329
54 113356
54 113374
54 113389
54 113423
54 113462
54 113468
54 113475
54 113499
54 113511
54 113522
54 113524
54 113525
54 113550
54 113556
54 113584
54 113586
54 113590
54 113601
54 113650
54 113693
54 113723
54 113742
54 113756
54 113757
54 113828
54 113850
54 113887
54 113917
54 113918
54 113937
54 113965
54 113976
54 114035
54 114040
54 114050
54 114055
54 114061
54 114068
54 114071
54 114091
54 114113
54 114127
54 114163
54 114168
54 114196
54 114245
54 114284
54 114331
54 114352
54 114377
54 114389
54 114419
54 114423
54 114425
54 114437
54 114442
54 114475
54 114496
54 114512
54 114528
54 114537
54 114564
54 114565
54 114571
54 114598
54 114626
54 114632
54 114660
54 114666
54 114726
54 114748
54 114759
54 114775
54 114799
54 114825
54 114826
54 114847
54 114868
54 114888
54 114927
54 114939
54 114945
54 114947
54 114954
54 114976
54 115017
54 115044
54 115061
54 115076
54 115095
54 115102
54 115106
54 115119
54 115120
54 115140
54 115152
54 115153
54 115161
54 115218
54 115219
54 115230
54 115261
54 115285
54 115343
54 115351
54 115391
54 115395
54 115400
54 115453
54 115463
54 115477
54 115490
54 115502
54 115519
54 115527
54 115547
54 115568
54 115580
54 115582
54 115622
54 115623
54 115629
54 115638
54 115646
54 115649
54 115660
54 115702
54 115707
54 115751
54 115753
54 115772
54 115784
54 115802
54 115892
54 115905
54 115914
54 115935
54 115954
54 115962
54 115977
54 115982
54 116041
54 116045
54 116046
54 116060
54 116064
54 116133
54 116164
54 116192
54 116193
54 116262
54 116273
54 116274
54 116287
54 116298
54 116311
54 116349
54 116380
54 116400
54 116407
54 116420
54 116422
54 116425
54 116437
54 116448
54 116450
54 116453
54 116460
54 116491
54 116510
54 116512
54 116585
54 116597
54 116643
54 116644
54 116688
54 116717
54 116744
54 116789
54 116816
54 116840
54 116844
54 116846
54 116885
54 116896
54 116901
54 116954
54 116977
54 116984
54 116987
54 117002
54 117022
54 117039
54 117077
54 117119
54 117161
54 117162
54 117163
54 117168
54 117220
54 117250
54 117257
54 117290
54 117322
54 117336
54 117353
54 117355
54 117358
54 117379
54 117389
54 117438
54 117513
54 117529
54 117549
54 117571
54 117579
54 117582
54 117615
54 117630
54 117649
54 117653
54 117659
54 117662
54 117693
54 117700
54 117704
54 117734
54 117765
54 117825
54 117851
54 117859
54 117904
54 117913
54 117948
54 117966
54 117996
54 118003
54 118021
54 118024
54 118034
54 118045
54 118081
54 118100
54 118104
54 118120
54 118121
54 118128
54 118132
54 118208
54 118217
54 118255
54 118287
54 118313
54 118325
54 118336
54 118382
54 118386
54 118411
54 118416
54 118438
54 118448
54 118487
54 118523
54 118558
54 118562
54 118584
54 118622
54 118637
54 118699
54 118721
54 118746
54 118770
54 118827
54 118855
54 118861
54 118863
54 118886
54 118902
54 118913
54 118963
54 118967
54 118989
54 118993
54 119062
54 119088
54 119096
54 119098
54 119108
54 119113
54 119155
54 119163
54 119174
54 119177
54 119240
54 119244
54 119245
54 119248
54 119250
54 119292
54 119388
54 119391
54 119409
54 119440
54 119449
54 119463
54 119472
54 119473
54 119474
54 119494
54 119499
54 119504
54 119508
54 119513
54 119516
54 119532
54 119541
54 119547
54 119588
54 119589
54 119607
54 119617
54 119635
54 119636
54 119694
54 119732
54 119733
54 119734
54 119751
54 119753
54 119766
54 119810
54 119830
54 119852
54 119861
54 119891
54 119913
54 119961
54 119981
54 119992
54 119993
54 120007
54 120013
54 120019
54 120068
54 120072
54 120075
54 120099
54 120139
54 120162
54 120169
54 120187
54 120220
54 120230
54 120250
54 120271
54 120273
54 120336
54 120347
54 120369
54 120386
54 120459
54 120507
54 120509
54 120518
54 120542
54 120551
54 120591
54 120607
54 120625
54 120671
54 120672
54 120699
54 120721
54 120765
54 120779
54 120825
54 120836
54 120854
54 120872
54 120888
54 120902
54 120948
54 120955
54 120996
54 121025
54 121035
54 121066
54 121073
54 121084
54 121111
54 121116
54 121132
54 121189
54 121205
54 121209
54 121233
54 121250
54 121271
54 121293
54 121305
54 121326
54 121335
54 121387
54 121418
54 121431
54 121542
54 121574
54 121610
54 121645
54 121671
54 121692
54 121720
54 121725
54 121763
54 121776
54 121787
54 121793
54 121807
54 121808
54 121823
54 121872
54 121940
54 121969
54 121987
54 121990
54 121994
54 122015
54 122028
54 122070
54 122071
54 122100
54 122102
54 122156
54 122183
54 122268
54 122286
54 122301
54 122355
54 122400
54 122420
54 122431
54 122442
54 122446
54 122455
54 122465
54 122471
54 122476
54 122482
54 122530
54 122550
54 122578
54 122652
54 122656
54 122660
54 122749
54 122790
54 122793
54 122828
54 122843
54 122855
54 122865
54 122869
54 122896
54 122900
54 122938
54 122949
54 122954
54 122962
54 122976
54 122989
54 123021
54 123056
54 123057
54 123074
54 123154
54 123175
54 123185
54 123234
54 123247
54 123271
54 123272
54 123282
54 123302
54 123308
54 123314
54 123335
54 123343
54 123396
54 123403
54 123424
54 123431
54 123447
54 123462
54 123486
54 123497
54 123511
54 123519
54 123528
54 123529
54 123536
54 123540
54 123572
54 123581
54 123618
54 123643
54 123659
54 123669
54 123676
54 123690
54 123692
54 123706
54 123727
54 123765
54 123772
54 123831
54 123835
54 123838
54 123862
54 123870
54 123873
54 123883
54 123895
54 123902
54 123908
54 123976
54 123994
54 124040
54 124042
54 124045
54 124053
54 124057
54 124058
54 124080
54 124085
54 124090
54 124103
54 124121
54 124163
54 124175
54 124279
54 124300
54 124303
54 124316
54 124319
54 124338
54 124364
54 124366
54 124371
54 124375
54 124436
54 124451
54 124454
54 124518
54 124521
54 124538
54 124562
54 124566
54 124568
54 124595
54 124618
54 124625
54 124686
54 124693
54 124698
54 124712
54 124739
54 124753
54 124780
54 124787
54 124791
54 124822
54 124842
54 124888
54 124940
54 124949
54 125004
54 125015
54 125021
54 125050
54 125098
54 125121
54 125124
54 125152
54 125166
54 125171
54 125174
54 125227
54 125257
54 125259
54 125287
54 125294
54 125305
54 125306
54 125308
54 125314
54 125332
54 125335
54 125351
54 125354
54 125459
54 125476
54 125506
54 125508
54 125514
54 125545
54 125548
54 125558
54 125584
54 125586
54 125598
54 125607
54 125623
54 125638
54 125664
54 125678
54 125691
54 125709
54 125740
54 125742
54 125790
54 125803
54 125829
54 125855
54 125890
54 125905
54 125917
54 125937
54 125948
54 125990
54 126006
54 126084
54 126106
54 126148
54 126158
54 126165
54 126183
54 126223
54 126244
54 126246
54 126255
54 126263
54 126270
54 126297
54 126316
54 126321
54 126323
54 126370
54 126372
54 126378
54 126383
54 126388
54 126406
54 126410
54 126434
54 126457
54 126472
54 126488
54 126501
54 126517
54 126568
54 126582
54 126632
54 126663
54 126722
54 126757
54 126765
54 126770
54 126772
54 126815
54 126828
54 126849
54 126856
54 126858
54 126869
54 126888
54 126905
54 126932
54 126957
54 126958
54 126968
54 127004
54 127028
54 127041
54 127056
54 127076
54 127085
54 127092
54 127135
54 127136
54 127237
54 127261
54 127273
54 127290
54 127302
54 127338
54 127373
54 127434
54 127436
54 127441
54 127462
54 127523
54 127533
54 127544
54 127580
54 127584
54 127590
54 127595
54 127601
54 127607
54 127657
54 127665
54 127684
54 127725
54 127747
54 127778
54 127785
54 127794
54 127797
54 127849
54 127889
54 127901
54 127938
54 127949
54 127988
54 127992
54 128013
54 128068
54 128074
54 128076
54 128077
54 128078
54 128086
54 128089
54 128094
54 128128
54 128177
54 128178
54 128195
54 128215
54 128303
54 128323
54 128331
54 128402
54 128457
54 128474
54 128483
54 128564
54 128572
54 128576
54 128629
54 128665
54 128675
54 128692
54 128696
54 128707
54 128708
54 128733
54 128800
54 128801
54 128805
54 128978
54 128981
54 128994
54 128997
54 129014
54 129026
54 129037
54 129039
54 129079
54 129086
54 129097
54 129099
54 129151
54 129180
54 129182
54 129188
54 129189
54 129218
54 129228
54 129231
54 129241
54 129267
54 129286
54 129298
54 129315
54 129352
54 129357
54 129362
54 129394
54 129410
54 129425
54 129434
54 129472
54 129481
54 129525
54 129548
54 129550
54 129564
54 129603
54 129652
54 129669
54 129672
54 129694
54 129712
54 129716
54 129737
54 129800
54 129810
54 129830
54 129831
54 129848
54 129860
54 129918
54 129924
54 129984
54 130021
54 130029
54 130036
54 130072
54 130168
54 130182
54 130204
54 130230
54 130234
54 130251
54 130261
54 130273
54 130276
54 130312
54 130320
54 130347
54 130358
54 130398
54 130412
54 130417
54 130422
54 130432
54 130443
54 130473
54 130482
54 130509
54 130516
54 130520
54 130531
54 130550
54 130560
54 130581
54 130644
54 130649
54 130661
54 130662
54 130708
54 130759
54 130795
54 130859
54 130890
54 130899
54 130939
54 130942
54 130944
54 130953
54 130961
54 130969
54 131040
54 131041
54 131060
54 131093
54 131103
54 131133
54 131136
54 131159
54 131171
54 131236
54 131263
54 131281
54 131288
54 131307
54 131344
54 131360
54 131371
54 131398
54 131415
54 131419
54 131430
54 131453
54 131465
54 131468
54 131504
54 131529
54 131552
54 131586
54 131602
54 131630
54 131639
54 131642
54 131656
54 131665
54 131684
54 131699
54 131711
54 131804
54 131807
54 131809
54 131817
54 131845
54 131909
54 131934
54 131987
54 131989
54 131995
54 131997
54 132019
54 132089
54 132102
54 132115
54 132116
54 132119
54 132120
54 132150
54 132156
54 132213
54 132279
54 132285
54 132327
54 132341
54 132347
54 132368
54 132373
54 132386
54 132391
54 132427
54 132449
54 132461
54 132477
54 132538
54 132558
54 132578
54 132585
54 132586
54 132603
54 132625
54 132632
54 132636
54 132648
54 132664
54 132666
54 132698
54 132722
54 132729
54 132732
54 132752
54 132787
54 132790
54 132826
54 132830
54 132867
54 132897
54 132946
54 132958
54 133016
54 133053
54 133076
54 133082
54 133098
54 133099
54 133135
54 133137
54 133149
54 133158
54 133174
54 133175
54 133187
54 133201
54 133202
54 133209
54 133251
54 133330
54 133344
54 133369
54 133376
54 133380
54 133384
54 133397
54 133420
54 133437
54 133446
54 133458
54 133465
54 133466
54 133474
54 133484
54 133493
54 133499
54 133526
54 133566
54 133575
54 133616
54 133672
54 133675
54 133679
54 133728
54 133731
54 133746
54 133775
54 133846
54 133848
54 133860
54 133869
54 133873
54 133878
54 133879
54 133920
54 133944
54 133956
54 133963
54 133993
54 134049
54 134068
54 134079
54 134080
54 134096
54 134120
54 134128
54 134142
54 134162
54 134225
54 134257
54 134264
54 134288
54 134289
54 134312
54 134313
54 134322
54 134343
54 134344
54 134374
54 134377
54 134386
54 134388
54 134408
54 134415
54 134421
54 134425
54 134426
54 134462
54 134484
54 134536
54 134540
54 134568
54 134631
54 134644
54 134692
54 134718
54 134739
54 134755
54 134775
54 134785
54 134794
54 134799
54 134800
54 134807
54 134833
54 134870
54 134930
54 134943
54 134957
54 134963
54 134980
54 134983
54 135024
54 135039
54 135050
54 135054
54 135058
54 135129
54 135131
54 135149
54 135156
54 135158
54 135186
54 135221
54 135230
54 135241
54 135273
54 135289
54 135327
54 135344
54 135361
54 135390
54 135412
54 135419
54 135422
54 135435
54 135441
54 135442
54 135467
54 135475
54 135499
54 135520
54 135522
54 135531
54 135604
54 135608
54 135613
54 135616
54 135673
54 135676
54 135711
54 135738
54 135767
54 135771
54 135773
54 135775
54 135828
54 135955
54 135971
54 135984
54 135997
54 136005
54 136032
54 136070
54 136073
54 136084
54 136089
54 136095
54 136099
54 136137
54 136144
54 136179
54 136223
54 136228
54 136232
54 136236
54 136239
54 136245
54 136256
54 136258
54 136259
54 136262
54 136318
54 136361
54 136410
54 136413
54 136444
54 136445
54 136449
54 136456
54 136470
54 136487
54 136504
54 136520
54 136524
54 136553
54 136588
54 136593
54 136595
54 136606
54 136619
54 136647
54 136649
54 136661
54 136674
54 136725
54 136825
54 136841
54 136859
54 136904
54 136951
54 136978
54 136990
54 136992
54 136998
54 137016
54 137023
54 137086
54 137103
54 137149
54 137163
54 137208
54 137211
54 137230
54 137243
54 137253
54 137254
54 137271
54 137314
54 137320
54 137370
54 137374
54 137384
54 137394
54 137405
54 137406
54 137417
54 137428
54 137473
54 137479
54 137489
54 137492
54 137493
54 137494
54 137510
54 137519
54 137522
54 137530
54 137544
54 137554
54 137562
54 137564
54 137578
54 137612
54 137659
54 137663
54 137671
54 137672
54 137696
54 137697
54 137700
54 137703
54 137730
54 137765
54 137773
54 137778
54 137779
54 137792
54 137798
54 137827
54 137844
54 137846
54 137865
54 137883
54 137904
54 137926
54 137934
54 137939
54 137980
54 137998
54 138008
54 138015
54 138124
54 138125
54 138132
54 138137
54 138166
54 138198
54 138206
54 138212
54 138256
54 138311
54 138330
54 138339
54 138363
54 138371
54 138377
54 138397
54 138424
54 138441
54 138481
54 138521
54 138552
54 138553
54 138560
54 138567
54 138621
54 138667
54 138687
54 138695
54 138721
54 138793
54 138815
54 138843
54 138852
54 138888
54 138937
54 138941
54 138959
54 138973
54 138974
54 138976
54 138995
54 139038
54 139063
54 139067
54 139070
54 139132
54 139137
54 139139
54 139150
54 139223
54 139232
54 139273
54 139308
54 139368
54 139373
54 139381
54 139383
54 139416
54 139420
54 139463
54 139472
54 139480
54 139482
54 139489
54 139538
54 139544
54 139562
54 139565
54 139609
54 139612
54 139625
54 139641
54 139650
54 139674
54 139687
54 139706
54 139777
54 139779
54 139784
54 139798
54 139816
54 139847
54 139854
54 139911
54 139924
54 139970
54 139979
54 140025
54 140064
54 140083
54 140112
54 140127
54 140173
54 140183
54 140185
54 140195
54 140207
54 140232
54 140255
54 140266
54 140267
54 140325
54 140359
54 140376
54 140413
54 140427
54 140436
54 140446
54 140536
54 140560
54 140567
54 140623
54 140635
54 140648
54 140684
54 140686
54 140696
54 140722
54 140728
54 140733
54 140734
54 140759
54 140798
54 140876
54 140887
54 140905
54 140920
54 140945
54 140946
54 140956
54 140960
54 141005
54 141007
54 141017
54 141031
54 141102
54 141103
54 141149
54 141150
54 141156
54 141163
54 141185
54 141246
54 141253
54 141278
54 141391
54 141395
54 141437
54 141476
54 141492
54 141574
54 141582
54 141615
54 141629
54 141644
54 141650
54 141685
54 141690
54 141691
54 141701
54 141747
54 141768
54 141771
54 141798
54 141830
54 141874
54 141879
54 141909
54 141941
54 141944
54 141945
54 141954
54 142001
54 142033
54 142075
54 142095
54 142098
54 142099
54 142122
54 142129
54 142133
54 142143
54 142169
54 142186
54 142189
54 142225
54 142263
54 142295
54 142325
54 142363
54 142412
54 142423
54 142448
54 142456
54 142466
54 142485
54 142523
54 142589
54 142601
54 142621
54 142643
54 142669
54 142684
54 142791
54 142797
54 142817
54 142818
54 142842
54 142843
54 142920
54 142923
54 142935
54 142945
54 142949
54 142981
54 142987
54 142998
54 143028
54 143030
54 143035
54 143115
54 143138
54 143141
54 143154
54 143181
54 143191
54 143203
54 143244
54 143247
54 143271
54 143296
54 143300
54 143329
54 143342
54 143390
54 143414
54 143415
54 143417
54 143422
54 143481
54 143495
54 143513
54 143537
54 143555
54 143592
54 143613
54 143649
54 143750
54 143751
54 143761
54 143778
54 143809
54 143826
54 143833
54 143840
54 143923
54 143942
54 143949
54 143952
54 143958
54 143976
54 143994
54 144009
54 144010
54 144064
54 144155
54 144208
54 144242
54 144243
54 144261
54 144284
54 144368
54 144374
54 144413
54 144415
54 144425
54 144436
54 144442
54 144452
54 144487
54 144492
54 144585
54 144631
54 144635
54 144657
54 144662
54 144671
54 144684
54 144687
54 144725
54 144728
54 144735
54 144768
54 144771
54 144784
54 144797
54 144798
54 144800
54 144837
54 144902
54 144929
54 144975
54 144980
54 145048
54 145056
54 145070
54 145145
54 145156
54 145159
54 145206
54 145211
54 145224
54 145323
54 145327
54 145331
54 145343
54 145346
54 145399
54 145451
54 145460
54 145577
54 145592
54 145620
54 145630
54 145648
54 145728
54 145730
54 145741
54 145742
54 145748
54 145791
54 145853
54 145918
54 145964
54 146008
54 146012
54 146023
54 146032
54 146034
54 146083
54 146088
54 146127
54 146244
54 146257
54 146279
54 146324
54 146369
54 146410
54 146413
54 146421
54 146426
54 146449
54 146481
54 146491
54 146540
54 146559
54 146575
54 146578
54 146581
54 146590
54 146606
54 146619
54 146651
54 146686
54 146698
54 146700
54 146714
54 146717
54 146727
54 146749
54 146756
54 146767
54 146770
54 146778
54 146783
54 146789
54 146893
54 146908
54 146910
54 146917
54 146965
54 146985
54 146996
54 147021
54 147042
54 147052
54 147067
54 147077
54 147081
54 147084
54 147089
54 147092
54 147104
54 147115
54 147164
54 147185
54 147228
54 147272
54 147320
54 147335
54 147371
54 147504
54 147583
54 147586
54 147619
54 147632
54 147643
54 147645
54 147647
54 147648
54 147652
54 147660
54 147672
54 147689
54 147692
54 147693
54 147697
54 147700
54 147741
54 147766
54 147767
54 147785
54 147795
54 147800
54 147808
54 147839
54 147851
54 147874
54 147950
54 147992
54 147998
54 148049
54 148094
54 148107
54 148110
54 148125
54 148127
54 148137
54 148176
54 148191
54 148224
54 148243
54 148258
54 148267
54 148289
54 148292
54 148295
54 148328
54 148356
54 148377
54 148378
54 148398
54 148412
54 148427
54 148430
54 148500
54 148515
54 148521
54 148540
54 148602
54 148605
54 148646
54 148660
54 148734
54 148737
54 148742
54 148755
54 148763
54 148781
54 148784
54 148818
54 148821
54 148862
54 148898
54 148899
54 148923
54 148938
54 148952
54 148982
54 148987
54 149015
54 149024
54 149040
54 149076
54 149103
54 149145
54 149149
54 149181
54 149200
54 149223
54 149235
54 149260
54 149278
54 149310
54 149325
54 149336
54 149338
54 149369
54 149372
54 149386
54 149409
54 149430
54 149480
54 149484
54 149488
54 149491
54 149505
54 149537
54 149546
54 149561
54 149565
54 149569
54 149636
54 149662
54 149685
54 149686
54 149775
54 149777
54 149815
54 149821
54 149987
54 149995
54 149997
54 150004
54 150035
54 150036
54 150046
54 150060
54 150070
54 150079
54 150106
54 150124
54 150127
54 150140
54 150183
54 150186
54 150188
54 150215
54 150229
54 150253
54 150256
54 150278
54 150279
54 150319
54 150331
54 150371
54 150375
54 150378
54 150398
54 150404
54 150419
54 150432
54 150443
54 150445
54 150475
54 150499
54 150500
54 150506
54 150517
54 150555
54 150620
54 150665
54 150698
54 150702
54 150707
54 150792
54 150815
54 150855
54 150875
54 150900
54 150915
54 150933
54 150972
54 150992
54 150994
54 150999
54 151002
54 151005
54 151006
54 151038
54 151052
54 151068
54 151073
54 151081
54 151087
54 151111
54 151144
54 151163
54 151166
54 151179
54 151221
54 151231
54 151247
54 151271
54 151306
54 151308
54 151333
54 151364
54 151386
54 151411
54 151412
54 151427
54 151434
54 151466
54 151482
54 151486
54 151499
54 151516
54 151525
54 151559
54 151574
54 151583
54 151596
54 151639
54 151649
54 151679
54 151699
54 151716
54 151730
54 151758
54 151762
54 151777
54 151787
54 151807
54 151831
54 151881
54 151882
54 151891
54 151898
54 151936
54 151967
54 151976
54 151998
54 152016
54 152096
54 152100
54 152136
54 152188
54 152227
54 152234
54 152240
54 152244
54 152289
54 152335
54 152349
54 152360
54 152391
54 152503
54 152513
54 152520
54 152533
54 152570
54 152571
54 152585
54 152616
54 152654
54 152663
54 152787
54 152890
54 152964
54 152978
54 152988
54 152993
54 153003
54 153005
54 153007
54 153009
54 153012
54 153022
54 153094
54 153102
54 153103
54 153133
54 153147
54 153158
54 153205
54 153240
54 153262
54 153269
54 153298
54 153332
54 153340
54 153380
54 153389
54 153436
54 153440
54 153450
54 153453
54 153457
54 153475
54 153499
54 153526
54 153557
54 153593
54 153613
54 153619
54 153621
54 153655
54 153676
54 153677
54 153679
54 153685
54 153686
54 153690
54 153725
54 153730
54 153733
54 153738
54 153764
54 153781
54 153782
54 153788
54 153807
54 153834
54 153870
54 153878
54 153904
54 153947
54 153955
54 153958
54 153960
54 153976
54 154062
54 154094
54 154109
54 154147
54 154163
54 154187
54 154206
54 154245
54 154251
54 154266
54 154305
54 154313
54 154325
54 154358
54 154390
54 154402
54 154455
54 154466
54 154484
54 154487
54 154509
54 154520
54 154542
54 154546
54 154550
54 154602
54 154621
54 154623
54 154625
54 154626
54 154651
54 154686
54 154699
54 154722
54 154733
54 154750
54 154758
54 154760
54 154785
54 154800
54 154807
54 154810
54 154813
54 154841
54 154892
54 154941
54 154946
54 154948
54 154967
54 154973
54 154975
54 154992
54 155067
54 155073
54 155079
54 155091
54 155124
54 155126
54 155165
54 155207
54 155218
54 155257
54 155283
54 155321
54 155346
54 155376
54 155387
54 155409
54 155417
54 155418
54 155422
54 155446
54 155543
54 155568
54 155570
54 155581
54 155595
54 155622
54 155641
54 155708
54 155713
54 155721
54 155748
54 155789
54 155868
54 155921
54 155965
54 156020
54 156055
54 156072
54 156136
54 156289
54 156296
54 156310
54 156363
54 156384
54 156410
54 156441
54 156443
54 156478
54 156509
54 156515
54 156546
54 156565
54 156570
54 156589
54 156601
54 156639
54 156662
54 156670
54 156679
54 156682
54 156699
54 156742
54 156794
54 156806
54 156846
54 156849
54 156871
54 156880
54 156882
54 156891
54 156895
54 156898
54 156911
54 156913
54 156933
54 156976
54 156977
54 157020
54 157027
54 157033
54 157041
54 157076
54 157079
54 157087
54 157119
54 157125
54 157173
54 157174
54 157182
54 157185
54 157186
54 157229
54 157236
54 157246
54 157277
54 157282
54 157316
54 157339
54 157348
54 157363
54 157367
54 157380
54 157424
54 157434
54 157508
54 157552
54 157560
54 157581
54 157592
54 157602
54 157615
54 157638
54 157652
54 157708
54 157721
54 157760
54 157774
54 157827
54 157893
54 157921
54 157938
54 158001
54 158009
54 158013
54 158039
54 158065
54 158103
54 158118
54 158174
54 158180
54 158186
54 158195
54 158198
54 158218
54 158226
54 158231
54 158250
54 158288
54 158301
54 158310
54 158325
54 158333
54 158351
54 158361
54 158391
54 158406
54 158421
54 158429
54 158436
54 158443
54 158450
54 158461
54 158513
54 158540
54 158545
54 158554
54 158565
54 158569
54 158588
54 158611
54 158622
54 158660
54 158677
54 158691
54 158709
54 158728
54 158754
54 158758
54 158763
54 158783
54 158809
54 158811
54 158814
54 158818
54 158833
54 158840
54 158848
54 158863
54 158869
54 158875
54 158880
54 158889
54 158925
54 158938
54 159040
54 159042
54 159058
54 159066
54 159075
54 159129
54 159155
54 159158
54 159199
54 159203
54 159273
54 159299
54 159300
54 159303
54 159336
54 159341
54 159360
54 159371
54 159397
54 159399
54 159461
54 159471
54 159473
54 159489
54 159491
54 159497
54 159503
54 159507
54 159513
54 159520
54 159524
54 159560
54 159576
54 159581
54 159678
54 159689
54 159733
54 159765
54 159772
54 159776
54 159806
54 159825
54 159847
54 159865
54 159886
54 159887
54 159907
54 159914
54 159918
54 159919
54 159920
54 159950
54 160000
54 160013
54 160026
54 160029
54 160067
54 160075
54 160085
54 160089
54 160146
54 160154
54 160182
54 160185
54 160205
54 160218
54 160249
54 160269
54 160276
54 160279
54 160287
54 160302
54 160304
54 160341
54 160354
54 160396
54 160398
54 160418
54 160443
54 160482
54 160553
54 160578
54 160582
54 160619
54 160631
54 160645
54 160648
54 160683
54 160693
54 160706
54 160710
54 160766
54 160781
54 160783
54 160793
54 160797
54 160798
54 160831
54 160841
54 160848
54 160850
54 160871
54 160890
54 160901
54 160958
54 161000
54 161025
54 161066
54 161079
54 161092
54 161104
54 161107
54 161113
54 161177
54 161192
54 161199
54 161226
54 161238
54 161248
54 161254
54 161256
54 161291
54 161294
54 161297
54 161324
54 161335
54 161339
54 161360
54 161378
54 161381
54 161412
54 161425
54 161427
54 161468
54 161471
54 161511
54 161558
54 161560
54 161569
54 161586
54 161620
54 161629
54 161647
54 161681
54 161682
54 161769
54 161772
54 161774
54 161806
54 161850
54 161874
54 161879
54 161886
54 161930
54 161936
54 161941
54 161942
54 161973
54 161991
54 162006
54 162023
54 162059
54 162091
54 162096
54 162111
54 162120
54 162126
54 162147
54 162202
54 162247
54 162263
54 162265
54 162290
54 162294
54 162301
54 162306
54 162307
54 162313
54 162321
54 162332
54 162342
54 162360
54 162374
54 162405
54 162410
54 162418
54 162422
54 162498
54 162519
54 162534
54 162576
54 162599
54 162608
54 162622
54 162625
54 162633
54 162680
54 162690
54 162709
54 162734
54 162822
54 162854
54 162858
54 162925
54 162929
54 163008
54 163012
54 163013
54 163021
54 163036
54 163078
54 163080
54 163141
54 163147
54 163154
54 163183
54 163267
54 163302
54 163360
54 163404
54 163413
54 163434
54 163438
54 163439
54 163441
54 163456
54 163490
54 163498
54 163504
54 163545
54 163553
54 163584
54 163608
54 163705
54 163743
54 163754
54 163771
54 163788
54 163846
54 163848
54 163891
54 163918
54 163959
54 164012
54 164032
54 164057
54 164061
54 164113
54 164119
54 164129
54 164165
54 164174
54 164186
54 164205
54 164210
54 164311
54 164317
54 164326
54 164355
54 164360
54 164389
54 164395
54 164419
54 164428
54 164434
54 164486
54 164500
54 164504
54 164513
54 164525
54 164535
54 164543
54 164550
54 164552
54 164559
54 164561
54 164565
54 164601
54 164605
54 164618
54 164631
54 164660
54 164680
54 164689
54 164727
54 164738
54 164752
54 164771
54 164795
54 164817
54 164819
54 164878
54 164928
54 165056
54 165065
54 165122
54 165136
54 165149
54 165177
54 165179
54 165192
54 165230
54 165263
54 165279
54 165285
54 165314
54 165377
54 165402
54 165412
54 165432
54 165434
54 165438
54 165452
54 165455
54 165561
54 165583
54 165589
54 165596
54 165617
54 165630
54 165635
54 165677
54 165779
54 165801
54 165855
54 165953
54 165963
54 165982
54 165993
54 166023
54 166043
54 166092
54 166161
54 166183
54 166202
54 166227
54 166322
54 166343
54 166365
54 166366
54 166389
54 166419
54 166427
54 166435
54 166463
54 166464
54 166468
54 166479
54 166489
54 166511
54 166558
54 166569
54 166579
54 166629
54 166690
54 166711
54 166753
54 166774
54 166786
54 166850
54 166918
54 166933
54 166948
54 166953
54 166956
54 166975
54 167007
54 167008
54 167021
54 167046
54 167049
54 167057
54 167059
54 167064
54 167070
54 167071
54 167093
54 167117
54 167128
54 167134
54 167158
54 167169
54 167186
54 167197
54 167227
54 167248
54 167278
54 167289
54 167326
54 167328
54 167335
54 167342
54 167386
54 167411
54 167426
54 167435
54 167439
54 167454
54 167455
54 167499
54 167520
54 167552
54 167574
54 167612
54 167629
54 167675
54 167684
54 167690
54 167696
54 167699
54 167705
54 167725
54 167753
54 167775
54 167778
54 167779
54 167793
54 167798
54 167816
54 167857
54 167888
54 167895
54 167909
54 167911
54 167913
54 167977
54 167981
54 167998
54 168010
54 168058
54 168069
54 168072
54 168082
54 168096
54 168128
54 168132
54 168142
54 168154
54 168185
54 168192
54 168244
54 168262
54 168277
54 168283
54 168341
54 168342
54 168357
54 168371
54 168372
54 168392
54 168415
54 168451
54 168470
54 168504
54 168507
54 168545
54 168560
54 168562
54 168590
54 168604
54 168605
54 168619
54 168665
54 168690
54 168707
54 168720
54 168782
54 168802
54 168807
54 168830
54 168838
54 168842
54 168853
54 168857
54 168859
54 168873
54 168892
54 168910
54 168916
54 168987
54 168994
54 169040
54 169066
54 169070
54 169104
54 169109
54 169129
54 169145
54 169147
54 169156
54 169160
54 169174
54 169201
54 169219
54 169238
54 169281
54 169285
54 169315
54 169316
54 169319
54 169331
54 169358
54 169362
54 169369
54 169371
54 169372
54 169381
54 169444
54 169464
54 169465
54 169502
54 169508
54 169529
54 169532
54 169546
54 169550
54 169620
54 169637
54 169638
54 169672
54 169688
54 169704
54 169730
54 169764
54 169804
54 169830
54 169852
54 169871
54 169874
54 169885
61 29
61 77
61 86
61 97
61 106
61 118
61 127
61 138
61 176
61 192
61 197
61 206
61 226
61 247
61 254
61 260
61 282
61 288
61 290
61 302
61 307
61 310
61 366
61 369
61 432
61 476
61 481
61 511
61 544
61 614
61 697
61 720
61 757
61 770
61 772
61 810
61 822
61 880
61 901
61 911
61 943
61 968
61 988
61 991
61 1003
61 1070
61 1143
61 1199
61 1209
61 1260
61 1290
61 1307
61 1336
61 1402
61 1459
61 1486
61 1507
61 1529
61 1543
61 1546
61 1550
61 1563
61 1634
61 1680
61 1799
61 1848
61 1862
61 1959
61 2015
61 2017
61 2019
61 2063
61 2065
61 2071
61 2073
61 2077
61 2080
61 2090
61 2097
61 2103
61 2167
61 2177
61 2223
61 2270
61 2286
61 2299
61 2327
61 2343
61 2365
61 2455
61 2462
61 2470
61 2485
61 2507
61 2512
61 2653
61 2656
61 2707
61 2717
61 2740
61 2742
61 2788
61 2790
61 2821
61 2836
61 2918
61 2952
61 2957
61 2992
61 3009
61 3026
61 3042
61 3119
61 3127
61 3157
61 3280
61 3281
61 3295
61 3299
61 3320
61 3342
61 3359
61 3384
61 3386
61 3425
61 3430
61 3469
61 3470
61 3494
61 3508
61 3517
61 3524
61 3559
61 3570
61 3628
61 3721
61 3722
61 3725
61 3737
61 3838
61 3877
61 3878
61 3912
61 3931
61 4000
61 4009
61 4031
61 4047
61 4060
61 4068
61 4071
61 4084
61 4089
61 4097
61 4101
61 4106
61 4150
61 4191
61 4203
61 4218
61 4231
61 4283
61 4307
61 4342
61 4351
61 4369
61 4378
61 4405
61 4408
61 4522
61 4576
61 4608
61 4633
61 4642
61 4671
61 4679
61 4684
61 4725
61 4775
61 4780
61 4793
61 4864
61 4886
61 4893
61 4937
61 4955
61 4963
61 5099
61 5119
61 5121
61 5136
61 5152
61 5158
61 5185
61 5210
61 5248
61 5257
61 5260
61 5273
61 5287
61 5291
61 5293
61 5336
61 5401
61 5448
61 5454
61 5457
61 5471
61 5489
61 5507
61 5518
61 5557
61 5587
61 5610
61 5629
61 5678
61 5715
61 5744
61 5772
61 5877
61 5883
61 5896
61 5913
61 5922
61 6039
61 6054
61 6077
61 6090
61 6150
61 6157
61 6162
61 6181
61 6202
61 6246
61 6301
61 6303
61 6305
61 6322
61 6331
61 6346
61 6353
61 6355
61 6391
61 6439
61 6451
61 6503
61 6513
61 6517
61 6536
61 6662
61 6683
61 6694
61 6714
61 6764
61 6780
61 6795
61 6814
61 6841
61 6860
61 6886
61 6888
61 6911
61 6935
61 6982
61 6990
61 7020
61 7021
61 7075
61 7076
61 7080
61 7098
61 7145
61 7147
61 7158
61 7159
61 7160
61 7166
61 7171
61 7174
61 7191
61 7193
61 7228
61 7240
61 7309
61 7339
61 7343
61 7352
61 7379
61 7404
61 7406
61 7408
61 7425
61 7426
61 7430
61 7481
61 7489
61 7493
61 7511
61 7583
61 7594
61 7627
61 7654
61 7655
61 7703
61 7742
61 7760
61 7832
61 7883
61 7901
61 7910
61 7942
61 8002
61 8004
61 8006
61 8029
61 8047
61 8052
61 8090
61 8203
61 8216
61 8219
61 8231
61 8282
61 8288
61 8305
61 8313
61 8327
61 8358
61 8393
61 8399
61 8456
61 8480
61 8488
61 8508
61 8520
61 8562
61 8571
61 8573
61 8579
61 8584
61 8604
61 8650
61 8657
61 8708
61 8710
61 8722
61 8751
61 8758
61 8769
61 8804
61 8811
61 8828
61 8830
61 8923
61 8933
61 8934
61 8944
61 8949
61 8976
61 8990
61 8991
61 9020
61 9065
61 9070
61 9076
61 9077
61 9091
61 9110
61 9114
61 9134
61 9166
61 9232
61 9245
61 9248
61 9299
61 9341
61 9345
61 9385
61 9395
61 9399
61 9402
61 9407
61 9410
61 9430
61 9436
61 9452
61 9465
61 9498
61 9504
61 9580
61 9649
61 9665
61 9710
61 9731
61 9738
61 9775
61 9827
61 9880
61 9885
61 9900
61 9944
61 9948
61 9960
61 9963
61 10002
61 10018
61 10019
61 10060
61 10064
61 10102
61 10106
61 10126
61 10137
61 10152
61 10156
61 10168
61 10189
61 10194
61 10226
61 10254
61 10277
61 10287
61 10291
61 10293
61 10327
61 10337
61 10350
61 10351
61 10388
61 10391
61 10405
61 10410
61 10414
61 10449
61 10458
61 10490
61 10493
61 10520
61 10584
61 10593
61 10607
61 10608
61 10625
61 10718
61 10729
61 10741
61 10802
61 10817
61 10827
61 10830
61 10863
61 10903
61 10921
61 10922
61 10948
61 10962
61 10964
61 10969
61 11016
61 11019
61 11028
61 11070
61 11076
61 11087
61 11092
61 11121
61 11236
61 11249
61 11306
61 11311
61 11324
61 11330
61 11348
61 11371
61 11393
61 11412
61 11490
61 11509
61 11541
61 11542
61 11544
61 11558
61 11613
61 11649
61 11652
61 11654
61 11659
61 11694
61 11750
61 11777
61 11786
61 11800
61 11801
61 11825
61 11833
61 11859
61 11877
61 11909
61 11910
61 11913
61 11929
61 11948
61 11975
61 12030
61 12037
61 12047
61 12064
61 12065
61 12071
61 12077
61 12082
61 12124
61 12127
61 12138
61 12156
61 12157
61 12164
61 12197
61 12206
61 12216
61 12221
61 12229
61 12266
61 12286
61 12360
61 12371
61 12456
61 12501
61 12536
61 12560
61 12563
61 12570
61 12597
61 12623
61 12643
61 12650
61 12659
61 12663
61 12679
61 12741
61 12784
61 12786
61 12792
61 12814
61 12828
61 12858
61 12873
61 12878
61 12896
61 12902
61 12928
61 12949
61 12973
61 12981
61 12988
61 12990
61 12992
61 13001
61 13017
61 13055
61 13069
61 13113
61 13156
61 13215
61 13230
61 13242
61 13260
61 13263
61 13268
61 13322
61 13355
61 13356
61 13365
61 13367
61 13381
61 13480
61 13487
61 13488
61 13505
61 13506
61 13512
61 13518
61 13531
61 13546
61 13553
61 13557
61 13569
61 13619
61 13642
61 13696
61 13717
61 13729
61 13742
61 13747
61 13754
61 13783
61 13795
61 13813
61 13818
61 13823
61 13841
61 13858
61 13945
61 13964
61 13973
61 13974
61 14001
61 14006
61 14016
61 14034
61 14038
61 14073
61 14171
61 14253
61 14257
61 14284
61 14286
61 14302
61 14418
61 14464
61 14472
61 14487
61 14505
61 14523
61 14600
61 14605
61 14629
61 14662
61 14668
61 14719
61 14749
61 14757
61 14761
61 14770
61 14775
61 14814
61 14816
61 14830
61 14839
61 14840
61 14845
61 14909
61 14919
61 14926
61 14950
61 15035
61 15055
61 15059
61 15088
61 15092
61 15093
61 15100
61 15104
61 15117
61 15153
61 15182
61 15194
61 15317
61 15366
61 15369
61 15374
61 15377
61 15426
61 15442
61 15471
61 15479
61 15517
61 15532
61 15565
61 15596
61 15623
61 15638
61 15694
61 15722
61 15729
61 15758
61 15778
61 15781
61 15822
61 15825
61 15841
61 15849
61 15898
61 15916
61 15941
61 15991
61 16004
61 16076
61 16122
61 16162
61 16176
61 16202
61 16227
61 16230
61 16248
61 16303
61 16327
61 16344
61 16351
61 16414
61 16446
61 16466
61 16513
61 16515
61 16518
61 16538
61 16547
61 16581
61 16627
61 16632
61 16650
61 16665
61 16681
61 16742
61 16755
61 16757
61 16768
61 16774
61 16783
61 16846
61 16880
61 16888
61 16899
61 16927
61 16929
61 16943
61 16974
61 16994
61 17007
61 17034
61 17043
61 17045
61 17065
61 17111
61 17116
61 17118
61 17123
61 17140
61 17181
61 17218
61 17270
61 17298
61 17300
61 17307
61 17315
61 17331
61 17357
61 17368
61 17371
61 17377
61 17383
61 17398
61 17418
61 17481
61 17547
61 17593
61 17605
61 17610
61 17619
61 17674
61 17695
61 17713
61 17728
61 17737
61 17790
61 17798
61 17820
61 17842
61 17875
61 17881
61 17882
61 17912
61 17929
61 17949
61 17957
61 17970
61 18001
61 18041
61 18042
61 18046
61 18068
61 18074
61 18086
61 18095
61 18155
61 18183
61 18187
61 18200
61 18201
61 18207
61 18224
61 18321
61 18329
61 18335
61 18349
61 18358
61 18361
61 18363
61 18367
61 18368
61 18382
61 18404
61 18454
61 18485
61 18487
61 18490
61 18522
61 18567
61 18609
61 18611
61 18647
61 18650
61 18672
61 18675
61 18704
61 18732
61 18740
61 18749
61 18758
61 18788
61 18796
61 18849
61 18892
61 18912
61 19019
61 19020
61 19038
61 19070
61 19075
61 19100
61 19111
61 19113
61 19147
61 19165
61 19180
61 19198
61 19213
61 19223
61 19235
61 19251
61 19277
61 19367
61 19384
61 19388
61 19400
61 19455
61 19482
61 19493
61 19505
61 19507
61 19509
61 19513
61 19551
61 19555
61 19565
61 19569
61 19602
61 19626
61 19649
61 19662
61 19693
61 19697
61 19703
61 19706
61 19712
61 19741
61 19804
61 19805
61 19820
61 19826
61 19898
61 19934
61 19935
61 19959
61 19964
61 19973
61 20010
61 20015
61 20041
61 20044
61 20054
61 20067
61 20082
61 20088
61 20112
61 20148
61 20154
61 20163
61 20167
61 20171
61 20208
61 20214
61 20223
61 20229
61 20240
61 20311
61 20327
61 20352
61 20355
61 20383
61 20400
61 20442
61 20472
61 20530
61 20535
61 20542
61 20543
61 20551
61 20566
61 20584
61 20589
61 20608
61 20645
61 20669
61 20676
61 20686
61 20706
61 20717
61 20733
61 20747
61 20752
61 20761
61 20771
61 20776
61 20778
61 20805
61 20844
61 20867
61 20878
61 20888
61 20924
61 20945
61 20985
61 21023
61 21032
61 21033
61 21077
61 21082
61 21098
61 21105
61 21112
61 21157
61 21169
61 21183
61 21207
61 21216
61 21223
61 21244
61 21257
61 21291
61 21292
61 21341
61 21344
61 21354
61 21360
61 21366
61 21375
61 21429
61 21431
61 21432
61 21434
61 21441
61 21475
61 21517
61 21521
61 21533
61 21566
61 21631
61 21638
61 21682
61 21740
61 21762
61 21799
61 21809
61 21834
61 21846
61 21859
61 21879
61 21892
61 21893
61 21927
61 21930
61 21943
61 22015
61 22065
61 22083
61 22093
61 22136
61 22143
61 22153
61 22163
61 22170
61 22252
61 22263
61 22288
61 22290
61 22301
61 22311
61 22339
61 22348
61 22382
61 22399
61 22416
61 22423
61 22428
61 22431
61 22475
61 22521
61 22524
61 22533
61 22542
61 22544
61 22623
61 22627
61 22631
61 22667
61 22681
61 22684
61 22696
61 22705
61 22761
61 22786
61 22790
61 22797
61 22814
61 22840
61 22842
61 22865
61 22875
61 22907
61 22923
61 22924
61 22939
61 22942
61 22944
61 22989
61 23011
61 23036
61 23037
61 23039
61 23060
61 23069
61 23151
61 23166
61 23182
61 23187
61 23191
61 23197
61 23218
61 23235
61 23274
61 23289
61 23331
61 23332
61 23353
61 23389
61 23395
61 23408
61 23421
61 23486
61 23499
61 23529
61 23545
61 23561
61 23598
61 23623
61 23638
61 23646
61 23686
61 23721
61 23761
61 23825
61 23836
61 23844
61 23861
61 23868
61 23897
61 23915
61 23931
61 23965
61 24004
61 24065
61 24071
61 24090
61 24099
61 24101
61 24115
61 24118
61 24190
61 24223
61 24240
61 24251
61 24259
61 24277
61 24287
61 24305
61 24329
61 24343
61 24372
61 24386
61 24431
61 24451
61 24461
61 24464
61 24468
61 24519
61 24529
61 24576
61 24581
61 24584
61 24606
61 24611
61 24626
61 24627
61 24689
61 24726
61 24780
61 24801
61 24802
61 24829
61 24878
61 24934
61 24940
61 25023
61 25047
61 25048
61 25051
61 25089
61 25101
61 25119
61 25131
61 25140
61 25157
61 25197
61 25238
61 25253
61 25275
61 25289
61 25314
61 25330
61 25357
61 25368
61 25382
61 25386
61 25394
61 25413
61 25435
61 25468
61 25483
61 25495
61 25501
61 25520
61 25539
61 25542
61 25551
61 25554
61 25576
61 25593
61 25605
61 25618
61 25638
61 25666
61 25673
61 25690
61 25706
61 25751
61 25761
61 25786
61 25798
61 25809
61 25837
61 25838
61 25844
61 25870
61 25895
61 25922
61 25988
61 26002
61 26011
61 26022
61 26036
61 26052
61 26059
61 26066
61 26069
61 26078
61 26092
61 26098
61 26106
61 26123
61 26175
61 26185
61 26190
61 26194
61 26231
61 26238
61 26266
61 26273
61 26304
61 26348
61 26383
61 26398
61 26405
61 26444
61 26485
61 26502
61 26503
61 26507
61 26511
61 26523
61 26540
61 26550
61 26596
61 26605
61 26659
61 26687
61 26760
61 26772
61 26796
61 26829
61 26877
61 26878
61 26892
61 26933
61 26937
61 26940
61 26979
61 27011
61 27037
61 27038
61 27059
61 27096
61 27111
61 27113
61 27117
61 27181
61 27202
61 27206
61 27211
61 27225
61 27283
61 27297
61 27317
61 27341
61 27412
61 27420
61 27426
61 27431
61 27434
61 27440
61 27476
61 27506
61 27551
61 27567
61 27597
61 27607
61 27611
61 27670
61 27673
61 27689
61 27695
61 27769
61 27788
61 27793
61 27797
61 27815
61 27827
61 27847
61 27851
61 27860
61 27908
61 27950
61 27960
61 27968
61 28147
61 28231
61 28256
61 28257
61 28294
61 28323
61 28333
61 28357
61 28358
61 28359
61 28388
61 28395
61 28455
61 28466
61 28484
61 28510
61 28514
61 28521
61 28573
61 28581
61 28631
61 28668
61 28683
61 28695
61 28713
61 28750
61 28757
61 28777
61 28819
61 28831
61 28836
61 28844
61 28876
61 28912
61 28913
61 28924
61 28934
61 28973
61 28981
61 28986
61 29000
61 29071
61 29095
61 29096
61 29105
61 29112
61 29127
61 29151
61 29157
61 29220
61 29238
61 29277
61 29316
61 29337
61 29340
61 29341
61 29344
61 29357
61 29442
61 29466
61 29469
61 29482
61 29487
61 29490
61 29522
61 29546
61 29613
61 29621
61 29642
61 29647
61 29651
61 29686
61 29701
61 29706
61 29733
61 29738
61 29747
61 29751
61 29758
61 29797
61 29847
61 29867
61 29907
61 29914
61 29921
61 29936
61 29941
61 29980
61 29991
61 30005
61 30018
61 30022
61 30051
61 30055
61 30081
61 30109
61 30184
61 30207
61 30208
61 30214
61 30219
61 30225
61 30237
61 30250
61 30286
61 30306
61 30338
61 30345
61 30392
61 30396
61 30399
61 30413
61 30434
61 30481
61 30539
61 30550
61 30565
61 30573
61 30581
61 30605
61 30622
61 30639
61 30642
61 30649
61 30654
61 30661
61 30666
61 30669
61 30720
61 30806
61 30862
61 30865
61 30872
61 30888
61 30912
61 30913
61 30927
61 30949
61 31039
61 31064
61 31082
61 31138
61 31146
61 31157
61 31181
61 31199
61 31205
61 31242
61 31267
61 31287
61 31305
61 31310
61 31365
61 31414
61 31449
61 31473
61 31484
61 31569
61 31589
61 31632
61 31651
61 31679
61 31688
61 31698
61 31720
61 31736
61 31754
61 31781
61 31787
61 31810
61 31838
61 31896
61 31924
61 31952
61 31983
61 32050
61 32107
61 32113
61 32127
61 32138
61 32149
61 32155
61 32160
61 32197
61 32211
61 32213
61 32281
61 32289
61 32294
61 32341
61 32342
61 32343
61 32369
61 32421
61 32441
61 32446
61 32503
61 32515
61 32521
61 32545
61 32570
61 32587
61 32589
61 32593
61 32643
61 32673
61 32690
61 32699
61 32776
61 32804
61 32812
61 32855
61 32868
61 32888
61 32937
61 32947
61 32951
61 32966
61 33024
61 33029
61 33043
61 33056
61 33084
61 33093
61 33101
61 33104
61 33112
61 33126
61 33164
61 33196
61 33197
61 33241
61 33245
61 33258
61 33300
61 33323
61 33326
61 33327
61 33340
61 33350
61 33371
61 33401
61 33403
61 33409
61 33410
61 33421
61 33434
61 33456
61 33539
61 33634
61 33641
61 33663
61 33672
61 33721
61 33745
61 33754
61 33788
61 33799
61 33834
61 33835
61 33881
61 33882
61 33894
61 33896
61 33898
61 33900
61 33957
61 33965
61 33967
61 33975
61 33992
61 33997
61 34020
61 34024
61 34032
61 34068
61 34087
61 34132
61 34152
61 34165
61 34217
61 34263
61 34291
61 34304
61 34320
61 34327
61 34344
61 34387
61 34430
61 34437
61 34447
61 34464
61 34550
61 34564
61 34576
61 34596
61 34625
61 34697
61 34711
61 34760
61 34770
61 34780
61 34849
61 34855
61 34889
61 34892
61 34932
61 34938
61 34940
61 34958
61 34984
61 35016
61 35020
61 35029
61 35033
61 35073
61 35143
61 35217
61 35232
61 35234
61 35238
61 35239
61 35273
61 35367
61 35381
61 35398
61 35436
61 35467
61 35500
61 35512
61 35514
61 35561
61 35572
61 35610
61 35664
61 35694
61 35695
61 35698
61 35706
61 35724
61 35784
61 35840
61 35842
61 35852
61 35925
61 35927
61 35957
61 35991
61 36004
61 36009
61 36035
61 36038
61 36091
61 36095
61 36106
61 36134
61 36145
61 36164
61 36174
61 36209
61 36254
61 36263
61 36278
61 36322
61 36347
61 36351
61 36352
61 36356
61 36381
61 36393
61 36415
61 36423
61 36438
61 36473
61 36474
61 36475
61 36509
61 36544
61 36592
61 36603
61 36622
61 36658
61 36751
61 36765
61 36820
61 36831
61 36837
61 36878
61 36918
61 36924
61 36956
61 36995
61 36997
61 37016
61 37058
61 37065
61 37083
61 37085
61 37091
61 37150
61 37168
61 37174
61 37190
61 37209
61 37210
61 37211
61 37229
61 37235
61 37237
61 37239
61 37248
61 37258
61 37280
61 37288
61 37306
61 37320
61 37326
61 37340
61 37344
61 37370
61 37422
61 37429
61 37523
61 37541
61 37557
61 37563
61 37597
61 37665
61 37682
61 37688
61 37692
61 37700
61 37737
61 37741
61 37745
61 37752
61 37761
61 37777
61 37789
61 37846
61 37886
61 37949
61 37971
61 37972
61 37993
61 37996
61 38020
61 38066
61 38069
61 38076
61 38101
61 38108
61 38142
61 38171
61 38194
61 38211
61 38236
61 38248
61 38276
61 38289
61 38291
61 38308
61 38342
61 38349
61 38423
61 38426
61 38438
61 38440
61 38446
61 38454
61 38477
61 38480
61 38484
61 38493
61 38495
61 38497
61 38520
61 38551
61 38554
61 38570
61 38584
61 38592
61 38604
61 38643
61 38676
61 38684
61 38701
61 38712
61 38728
61 38730
61 38746
61 38781
61 38811
61 38814
61 38839
61 38861
61 38862
61 38879
61 38880
61 38896
61 38936
61 38937
61 38946
61 38979
61 38981
61 38995
61 39033
61 39078
61 39080
61 39125
61 39198
61 39199
61 39210
61 39230
61 39240
61 39265
61 39324
61 39328
61 39334
61 39344
61 39374
61 39400
61 39433
61 39463
61 39466
61 39475
61 39514
61 39518
61 39553
61 39562
61 39575
61 39590
61 39627
61 39635
61 39641
61 39662
61 39719
61 39747
61 39767
61 39829
61 39848
61 39896
61 39904
61 39943
61 39954
61 39962
61 39975
61 40007
61 40011
61 40012
61 40013
61 40034
61 40092
61 40188
61 40230
61 40290
61 40352
61 40353
61 40354
61 40379
61 40384
61 40386
61 40394
61 40444
61 40455
61 40462
61 40469
61 40541
61 40543
61 40548
61 40554
61 40563
61 40569
61 40578
61 40589
61 40611
61 40616
61 40632
61 40647
61 40671
61 40672
61 40722
61 40745
61 40757
61 40765
61 40776
61 40791
61 40794
61 40812
61 40830
61 40836
61 40841
61 40866
61 40867
61 40887
61 40927
61 40933
61 40940
61 40971
61 41004
61 41017
61 41039
61 41058
61 41077
61 41135
61 41140
61 41168
61 41199
61 41203
61 41220
61 41249
61 41260
61 41283
61 41290
61 41297
61 41305
61 41311
61 41330
61 41345
61 41366
61 41370
61 41377
61 41411
61 41443
61 41472
61 41474
61 41480
61 41584
61 41709
61 41713
61 41721
61 41744
61 41792
61 41805
61 41806
61 41823
61 41827
61 41850
61 41875
61 41897
61 41941
61 41959
61 41999
61 42025
61 42051
61 42073
61 42099
61 42135
61 42162
61 42190
61 42208
61 42263
61 42271
61 42278
61 42283
61 42297
61 42302
61 42321
61 42354
61 42400
61 42416
61 42447
61 42450
61 42451
61 42462
61 42481
61 42542
61 42544
61 42550
61 42551
61 42564
61 42570
61 42610
61 42612
61 42626
61 42635
61 42642
61 42646
61 42650
61 42662
61 42709
61 42710
61 42753
61 42760
61 42821
61 42828
61 42857
61 42864
61 42872
61 42900
61 42902
61 42906
61 42926
61 43039
61 43041
61 43083
61 43107
61 43114
61 43136
61 43139
61 43176
61 43202
61 43209
61 43259
61 43270
61 43275
61 43298
61 43365
61 43376
61 43377
61 43458
61 43474
61 43492
61 43495
61 43540
61 43564
61 43565
61 43576
61 43598
61 43637
61 43728
61 43744
61 43765
61 43783
61 43804
61 43807
61 43810
61 43820
61 43853
61 43869
61 43922
61 43942
61 43983
61 43985
61 43997
61 44014
61 44042
61 44070
61 44094
61 44145
61 44166
61 44171
61 44173
61 44195
61 44207
61 44214
61 44228
61 44252
61 44257
61 44270
61 44308
61 44316
61 44319
61 44321
61 44325
61 44349
61 44364
61 44366
61 44392
61 44411
61 44419
61 44428
61 44437
61 44439
61 44466
61 44477
61 44507
61 44514
61 44567
61 44584
61 44601
61 44608
61 44634
61 44648
61 44675
61 44687
61 44714
61 44729
61 44762
61 44773
61 44797
61 44822
61 44855
61 44867
61 44957
61 44984
61 44998
61 45015
61 45017
61 45029
61 45061
61 45073
61 45093
61 45109
61 45125
61 45187
61 45193
61 45239
61 45244
61 45274
61 45292
61 45301
61 45302
61 45331
61 45351
61 45403
61 45418
61 45476
61 45566
61 45611
61 45630
61 45670
61 45682
61 45697
61 45700
61 45708
61 45728
61 45758
61 45765
61 45816
61 45829
61 45858
61 45873
61 45885
61 45888
61 45945
61 45960
61 45966
61 45969
61 46000
61 46013
61 46018
61 46045
61 46105
61 46112
61 46122
61 46126
61 46145
61 46151
61 46152
61 46164
61 46194
61 46200
61 46241
61 46302
61 46309
61 46312
61 46345
61 46387
61 46413
61 46428
61 46431
61 46502
61 46509
61 46515
61 46543
61 46555
61 46583
61 46589
61 46615
61 46625
61 46626
61 46655
61 46667
61 46671
61 46680
61 46734
61 46738
61 46740
61 46742
61 46762
61 46802
61 46822
61 46844
61 46853
61 46913
61 46915
61 46927
61 46960
61 46967
61 46996
61 47012
61 47016
61 47028
61 47074
61 47087
61 47088
61 47100
61 47113
61 47122
61 47151
61 47206
61 47209
61 47215
61 47220
61 47235
61 47240
61 47294
61 47332
61 47381
61 47387
61 47402
61 47441
61 47454
61 47497
61 47516
61 47524
61 47561
61 47570
61 47656
61 47657
61 47660
61 47728
61 47758
61 47837
61 47838
61 47850
61 47862
61 47872
61 47959
61 48108
61 48112
61 48141
61 48153
61 48166
61 48176
61 48196
61 48235
61 48249
61 48250
61 48284
61 48290
61 48319
61 48329
61 48331
61 48342
61 48349
61 48388
61 48412
61 48429
61 48440
61 48444
61 48458
61 48481
61 48494
61 48508
61 48517
61 48537
61 48543
61 48566
61 48647
61 48741
61 48760
61 48807
61 48816
61 48830
61 48833
61 48839
61 48868
61 48912
61 48918
61 48935
61 48972
61 48987
61 49019
61 49047
61 49113
61 49131
61 49192
61 49197
61 49204
61 49243
61 49272
61 49294
61 49296
61 49342
61 49356
61 49372
61 49415
61 49431
61 49445
61 49467
61 49470
61 49472
61 49532
61 49541
61 49544
61 49573
61 49605
61 49632
61 49674
61 49691
61 49722
61 49727
61 49751
61 49781
61 49795
61 49803
61 49809
61 49839
61 49853
61 49887
61 49969
61 50005
61 50027
61 50058
61 50074
61 50117
61 50148
61 50187
61 50197
61 50248
61 50251
61 50256
61 50268
61 50270
61 50294
61 50303
61 50340
61 50425
61 50438
61 50457
61 50476
61 50484
61 50537
61 50583
61 50595
61 50627
61 50630
61 50632
61 50636
61 50676
61 50684
61 50718
61 50754
61 50773
61 50789
61 50791
61 50817
61 50830
61 50965
61 50973
61 50975
61 50984
61 50985
61 50989
61 51012
61 51027
61 51036
61 51088
61 51112
61 51156
61 51172
61 51174
61 51230
61 51234
61 51237
61 51242
61 51346
61 51419
61 51428
61 51431
61 51451
61 51484
61 51518
61 51540
61 51568
61 51625
61 51626
61 51633
61 51640
61 51673
61 51684
61 51716
61 51733
61 51735
61 51741
61 51744
61 51763
61 51776
61 51866
61 51895
61 51909
61 51929
61 51934
61 51945
61 51966
61 51967
61 51994
61 52031
61 52088
61 52089
61 52109
61 52117
61 52139
61 52143
61 52176
61 52200
61 52209
61 52220
61 52253
61 52263
61 52274
61 52288
61 52326
61 52332
61 52336
61 52353
61 52359
61 52368
61 52393
61 52410
61 52415
61 52502
61 52508
61 52509
61 52547
61 52558
61 52564
61 52593
61 52601
61 52683
61 52717
61 52739
61 52767
61 52785
61 52843
61 52859
61 52880
61 52908
61 52928
61 52970
61 52982
61 53085
61 53096
61 53102
61 53128
61 53143
61 53168
61 53208
61 53209
61 53221
61 53227
61 53231
61 53252
61 53253
61 53272
61 53275
61 53293
61 53325
61 53353
61 53356
61 53362
61 53385
61 53406
61 53435
61 53437
61 53460
61 53464
61 53479
61 53485
61 53536
61 53544
61 53573
61 53575
61 53596
61 53612
61 53619
61 53657
61 53685
61 53689
61 53713
61 53714
61 53734
61 53752
61 53762
61 53804
61 53825
61 53840
61 53844
61 53883
61 53891
61 53918
61 53920
61 53924
61 53927
61 53955
61 53962
61 53980
61 54004
61 54026
61 54032
61 54077
61 54124
61 54133
61 54191
61 54215
61 54238
61 54297
61 54327
61 54341
61 54354
61 54362
61 54381
61 54412
61 54434
61 54465
61 54488
61 54508
61 54537
61 54546
61 54584
61 54593
61 54631
61 54638
61 54693
61 54791
61 54813
61 54820
61 54833
61 54837
61 54846
61 54892
61 54901
61 54913
61 54940
61 54956
61 54960
61 55013
61 55038
61 55049
61 55054
61 55074
61 55092
61 55115
61 55139
61 55146
61 55170
61 55211
61 55257
61 55314
61 55354
61 55364
61 55393
61 55398
61 55405
61 55439
61 55442
61 55457
61 55486
61 55498
61 55520
61 55530
61 55552
61 55576
61 55589
61 55634
61 55660
61 55705
61 55719
61 55764
61 55772
61 55779
61 55791
61 55866
61 55879
61 55940
61 55941
61 55945
61 55954
61 55979
61 55983
61 55991
61 55994
61 56014
61 56016
61 56025
61 56035
61 56042
61 56056
61 56057
61 56065
61 56082
61 56102
61 56123
61 56124
61 56141
61 56170
61 56193
61 56217
61 56270
61 56308
61 56317
61 56351
61 56395
61 56418
61 56434
61 56466
61 56478
61 56497
61 56499
61 56502
61 56534
61 56537
61 56562
61 56593
61 56599
61 56608
61 56612
61 56617
61 56626
61 56633
61 56692
61 56721
61 56785
61 56809
61 56841
61 56845
61 56872
61 56874
61 56907
61 56952
61 56957
61 56965
61 57025
61 57040
61 57070
61 57083
61 57088
61 57097
61 57139
61 57141
61 57153
61 57155
61 57182
61 57210
61 57212
61 57234
61 57235
61 57263
61 57275
61 57288
61 57322
61 57355
61 57365
61 57392
61 57417
61 57451
61 57452
61 57471
61 57551
61 57579
61 57660
61 57698
61 57705
61 57758
61 57771
61 57780
61 57797
61 57817
61 57830
61 57849
61 57873
61 57875
61 57876
61 57881
61 57883
61 57908
61 57934
61 57955
61 57960
61 57989
61 58020
61 58059
61 58147
61 58150
61 58190
61 58222
61 58231
61 58249
61 58276
61 58304
61 58330
61 58339
61 58342
61 58438
61 58493
61 58496
61 58520
61 58545
61 58556
61 58610
61 58687
61 58710
61 58725
61 58736
61 58785
61 58796
61 58805
61 58810
61 58822
61 58839
61 58844
61 58864
61 58921
61 58960
61 58981
61 59028
61 59030
61 59074
61 59078
61 59107
61 59114
61 59120
61 59130
61 59136
61 59144
61 59248
61 59262
61 59290
61 59291
61 59323
61 59339
61 59342
61 59361
61 59436
61 59442
61 59508
61 59516
61 59537
61 59543
61 59587
61 59624
61 59677
61 59697
61 59714
61 59715
61 59721
61 59736
61 59787
61 59795
61 59796
61 59797
61 59799
61 59811
61 59887
61 59910
61 59926
61 59966
61 60001
61 60022
61 60035
61 60036
61 60065
61 60072
61 60092
61 60100
61 60137
61 60178
61 60198
61 60218
61 60229
61 60273
61 60278
61 60281
61 60289
61 60298
61 60362
61 60365
61 60393
61 60415
61 60417
61 60418
61 60431
61 60442
61 60454
61 60461
61 60474
61 60501
61 60542
61 60559
61 60563
61 60567
61 60568
61 60581
61 60591
61 60603
61 60625
61 60686
61 60743
61 60792
61 60826
61 60831
61 60839
61 60842
61 60852
61 60866
61 60880
61 60892
61 60962
61 60991
61 61050
61 61051
61 61076
61 61077
61 61102
61 61144
61 61145
61 61159
61 61162
61 61167
61 61171
61 61187
61 61192
61 61218
61 61243
61 61298
61 61313
61 61329
61 61357
61 61361
61 61396
61 61437
61 61460
61 61601
61 61645
61 61671
61 61688
61 61691
61 61701
61 61713
61 61741
61 61783
61 61788
61 61831
61 61858
61 61860
61 61871
61 61883
61 61893
61 61911
61 61942
61 61972
61 61984
61 61985
61 61999
61 62007
61 62026
61 62041
61 62081
61 62150
61 62204
61 62208
61 62258
61 62301
61 62314
61 62317
61 62318
61 62338
61 62339
61 62369
61 62370
61 62385
61 62386
61 62393
61 62394
61 62401
61 62416
61 62417
61 62445
61 62496
61 62497
61 62505
61 62510
61 62511
61 62512
61 62546
61 62576
61 62614
61 62627
61 62639
61 62647
61 62654
61 62703
61 62747
61 62802
61 62840
61 62871
61 62879
61 62906
61 62920
61 62921
61 62945
61 62948
61 63000
61 63001
61 63037
61 63049
61 63063
61 63081
61 63086
61 63090
61 63100
61 63101
61 63102
61 63163
61 63205
61 63257
61 63273
61 63302
61 63313
61 63320
61 63323
61 63460
61 63504
61 63520
61 63538
61 63566
61 63580
61 63598
61 63600
61 63606
61 63620
61 63660
61 63677
61 63730
61 63757
61 63795
61 63822
61 63839
61 63848
61 63852
61 63916
61 63918
61 63958
61 63965
61 63980
61 63989
61 64034
61 64038
61 64133
61 64162
61 64232
61 64266
61 64273
61 64302
61 64309
61 64323
61 64333
61 64407
61 64410
61 64418
61 64421
61 64423
61 64435
61 64446
61 64448
61 64463
61 64471
61 64528
61 64537
61 64550
61 64557
61 64569
61 64579
61 64620
61 64664
61 64669
61 64701
61 64703
61 64715
61 64741
61 64753
61 64774
61 64787
61 64794
61 64810
61 64828
61 64863
61 64890
61 64891
61 64892
61 64921
61 64929
61 64957
61 64970
61 65027
61 65028
61 65031
61 65041
61 65057
61 65095
61 65100
61 65101
61 65165
61 65171
61 65198
61 65199
61 65251
61 65256
61 65261
61 65278
61 65285
61 65296
61 65304
61 65310
61 65376
61 65378
61 65389
61 65394
61 65399
61 65430
61 65448
61 65457
61 65488
61 65494
61 65501
61 65532
61 65539
61 65566
61 65586
61 65602
61 65610
61 65677
61 65678
61 65696
61 65703
61 65744
61 65748
61 65754
61 65761
61 65831
61 65835
61 65837
61 65855
61 65864
61 65877
61 65886
61 65941
61 65962
61 65991
61 66014
61 66018
61 66051
61 66073
61 66134
61 66152
61 66160
61 66183
61 66187
61 66210
61 66235
61 66274
61 66302
61 66323
61 66344
61 66392
61 66464
61 66481
61 66488
61 66509
61 66515
61 66531
61 66544
61 66572
61 66581
61 66595
61 66614
61 66621
61 66629
61 66654
61 66660
61 66670
61 66678
61 66692
61 66754
61 66801
61 66824
61 66830
61 66842
61 66866
61 66890
61 66892
61 66900
61 66906
61 66934
61 66954
61 66972
61 66975
61 67017
61 67048
61 67086
61 67091
61 67103
61 67115
61 67127
61 67193
61 67210
61 67228
61 67230
61 67231
61 67243
61 67255
61 67287
61 67312
61 67358
61 67372
61 67403
61 67423
61 67433
61 67455
61 67525
61 67544
61 67567
61 67602
61 67623
61 67673
61 67686
61 67714
61 67765
61 67789
61 67801
61 67831
61 67858
61 67866
61 67911
61 68030
61 68048
61 68055
61 68063
61 68066
61 68079
61 68121
61 68130
61 68132
61 68151
61 68161
61 68162
61 68188
61 68208
61 68212
61 68248
61 68251
61 68279
61 68297
61 68317
61 68324
61 68335
61 68340
61 68345
61 68412
61 68432
61 68444
61 68454
61 68470
61 68561
61 68564
61 68570
61 68587
61 68596
61 68599
61 68603
61 68649
61 68677
61 68682
61 68691
61 68702
61 68717
61 68759
61 68777
61 68782
61 68795
61 68813
61 68826
61 68848
61 68849
61 68851
61 68866
61 68890
61 68913
61 68928
61 68962
61 68965
61 68976
61 68987
61 68994
61 69035
61 69048
61 69053
61 69074
61 69079
61 69081
61 69112
61 69118
61 69121
61 69173
61 69217
61 69296
61 69310
61 69330
61 69365
61 69402
61 69407
61 69409
61 69440
61 69473
61 69484
61 69527
61 69551
61 69571
61 69592
61 69625
61 69629
61 69642
61 69728
61 69729
61 69753
61 69759
61 69819
61 69827
61 69840
61 69870
61 69897
61 69903
61 69924
61 69987
61 70026
61 70039
61 70056
61 70091
61 70095
61 70142
61 70155
61 70171
61 70176
61 70181
61 70210
61 70217
61 70259
61 70271
61 70279
61 70292
61 70313
61 70334
61 70365
61 70380
61 70393
61 70394
61 70397
61 70422
61 70430
61 70520
61 70524
61 70526
61 70538
61 70560
61 70595
61 70646
61 70656
61 70685
61 70755
61 70768
61 70786
61 70788
61 70798
61 70829
61 70842
61 70844
61 70913
61 70915
61 70940
61 70941
61 70958
61 71044
61 71058
61 71064
61 71075
61 71091
61 71100
61 71119
61 71195
61 71220
61 71223
61 71238
61 71288
61 71341
61 71345
61 71419
61 71433
61 71443
61 71496
61 71499
61 71530
61 71544
61 71570
61 71591
61 71595
61 71609
61 71614
61 71643
61 71644
61 71672
61 71690
61 71697
61 71727
61 71728
61 71734
61 71735
61 71755
61 71760
61 71763
61 71769
61 71776
61 71778
61 71783
61 71809
61 71819
61 71825
61 71889
61 71899
61 71914
61 71930
61 71932
61 71942
61 71954
61 71962
61 71966
61 72003
61 72006
61 72008
61 72012
61 72047
61 72075
61 72108
61 72120
61 72124
61 72134
61 72184
61 72199
61 72211
61 72236
61 72260
61 72284
61 72292
61 72321
61 72409
61 72428
61 72448
61 72450
61 72451
61 72482
61 72502
61 72557
61 72560
61 72570
61 72576
61 72588
61 72590
61 72646
61 72647
61 72661
61 72679
61 72709
61 72713
61 72784
61 72799
61 72803
61 72809
61 72813
61 72817
61 72818
61 72835
61 72852
61 72857
61 72920
61 72936
61 72955
61 72970
61 72988
61 73002
61 73006
61 73025
61 73035
61 73036
61 73048
61 73049
61 73076
61 73091
61 73097
61 73144
61 73148
61 73165
61 73171
61 73183
61 73184
61 73224
61 73253
61 73285
61 73335
61 73339
61 73346
61 73348
61 73396
61 73416
61 73418
61 73453
61 73470
61 73475
61 73491
61 73502
61 73503
61 73509
61 73529
61 73539
61 73545
61 73548
61 73553
61 73577
61 73579
61 73585
61 73602
61 73643
61 73647
61 73672
61 73706
61 73713
61 73813
61 73818
61 73821
61 73823
61 73835
61 73846
61 73885
61 73891
61 73895
61 73910
61 73926
61 73931
61 73936
61 73941
61 73959
61 73988
61 73989
61 73996
61 73997
61 74051
61 74069
61 74070
61 74101
61 74107
61 74143
61 74157
61 74169
61 74195
61 74197
61 74207
61 74210
61 74231
61 74269
61 74277
61 74278
61 74307
61 74345
61 74380
61 74381
61 74386
61 74399
61 74415
61 74438
61 74473
61 74490
61 74552
61 74562
61 74589
61 74601
61 74679
61 74698
61 74720
61 74724
61 74729
61 74749
61 74760
61 74778
61 74793
61 74830
61 74840
61 74854
61 74872
61 74955
61 74961
61 74979
61 74997
61 75058
61 75076
61 75117
61 75182
61 75186
61 75209
61 75293
61 75351
61 75398
61 75407
61 75433
61 75456
61 75467
61 75507
61 75525
61 75548
61 75580
61 75593
61 75594
61 75598
61 75602
61 75603
61 75657
61 75664
61 75667
61 75669
61 75672
61 75723
61 75726
61 75745
61 75752
61 75759
61 75761
61 75762
61 75764
61 75793
61 75811
61 75829
61 75842
61 75844
61 75851
61 75863
61 75870
61 75893
61 75912
61 75913
61 75915
61 75924
61 75931
61 75947
61 75979
61 75995
61 76025
61 76037
61 76050
61 76067
61 76071
61 76082
61 76088
61 76102
61 76109
61 76113
61 76151
61 76214
61 76215
61 76229
61 76251
61 76256
61 76264
61 76346
61 76371
61 76393
61 76414
61 76432
61 76440
61 76441
61 76467
61 76472
61 76492
61 76505
61 76510
61 76513
61 76521
61 76544
61 76558
61 76680
61 76683
61 76780
61 76802
61 76879
61 76889
61 76913
61 76926
61 76955
61 77015
61 77024
61 77056
61 77064
61 77131
61 77151
61 77193
61 77202
61 77226
61 77230
61 77238
61 77263
61 77389
61 77392
61 77433
61 77464
61 77485
61 77543
61 77574
61 77610
61 77630
61 77660
61 77662
61 77685
61 77727
61 77735
61 77740
61 77773
61 77777
61 77802
61 77807
61 77850
61 77863
61 77880
61 77900
61 77933
61 77937
61 77942
61 77954
61 77982
61 78002
61 78021
61 78025
61 78048
61 78110
61 78142
61 78149
61 78158
61 78183
61 78204
61 78251
61 78259
61 78300
61 78330
61 78332
61 78365
61 78373
61 78379
61 78385
61 78425
61 78449
61 78463
61 78491
61 78558
61 78606
61 78651
61 78672
61 78707
61 78710
61 78749
61 78768
61 78792
61 78857
61 78874
61 78882
61 78889
61 78944
61 78959
61 78975
61 79027
61 79028
61 79090
61 79144
61 79179
61 79184
61 79194
61 79200
61 79205
61 79231
61 79283
61 79293
61 79297
61 79312
61 79316
61 79335
61 79363
61 79423
61 79460
61 79463
61 79491
61 79508
61 79513
61 79537
61 79568
61 79587
61 79620
61 79621
61 79625
61 79648
61 79652
61 79710
61 79722
61 79734
61 79755
61 79765
61 79791
61 79836
61 79839
61 79857
61 79863
61 79870
61 79892
61 79940
61 80005
61 80016
61 80035
61 80048
61 80053
61 80070
61 80075
61 80086
61 80100
61 80142
61 80156
61 80176
61 80178
61 80182
61 80193
61 80221
61 80223
61 80262
61 80265
61 80281
61 80338
61 80364
61 80414
61 80452
61 80454
61 80455
61 80460
61 80465
61 80525
61 80555
61 80566
61 80587
61 80604
61 80647
61 80701
61 80713
61 80719
61 80732
61 80806
61 80818
61 80848
61 80852
61 80873
61 80889
61 80893
61 80921
61 80932
61 80964
61 80970
61 81001
61 81029
61 81036
61 81038
61 81060
61 81075
61 81166
61 81169
61 81190
61 81216
61 81249
61 81271
61 81305
61 81306
61 81317
61 81324
61 81344
61 81391
61 81405
61 81429
61 81437
61 81469
61 81474
61 81504
61 81516
61 81522
61 81527
61 81529
61 81542
61 81545
61 81551
61 81568
61 81574
61 81656
61 81663
61 81665
61 81693
61 81711
61 81739
61 81747
61 81789
61 81833
61 81881
61 81887
61 81951
61 81977
61 81982
61 81987
61 81991
61 81995
61 82058
61 82063
61 82073
61 82110
61 82135
61 82144
61 82162
61 82174
61 82178
61 82202
61 82204
61 82228
61 82237
61 82240
61 82246
61 82280
61 82292
61 82307
61 82359
61 82380
61 82393
61 82428
61 82434
61 82513
61 82549
61 82560
61 82700
61 82703
61 82709
61 82712
61 82731
61 82756
61 82759
61 82767
61 82773
61 82816
61 82824
61 82845
61 82851
61 82859
61 82878
61 82908
61 82932
61 82956
61 82968
61 82969
61 82971
61 82974
61 83003
61 83023
61 83067
61 83105
61 83154
61 83188
61 83211
61 83254
61 83292
61 83295
61 83307
61 83315
61 83331
61 83343
61 83365
61 83374
61 83388
61 83401
61 83412
61 83417
61 83462
61 83474
61 83477
61 83501
61 83545
61 83568
61 83570
61 83576
61 83610
61 83651
61 83681
61 83709
61 83717
61 83723
61 83805
61 83902
61 83935
61 83984
61 83996
61 84032
61 84033
61 84044
61 84070
61 84071
61 84105
61 84158
61 84161
61 84243
61 84255
61 84295
61 84308
61 84309
61 84326
61 84347
61 84348
61 84396
61 84494
61 84501
61 84534
61 84538
61 84542
61 84624
61 84643
61 84659
61 84680
61 84683
61 84688
61 84709
61 84724
61 84730
61 84736
61 84741
61 84749
61 84750
61 84763
61 84764
61 84775
61 84781
61 84841
61 84848
61 84896
61 85021
61 85054
61 85057
61 85062
61 85066
61 85072
61 85078
61 85079
61 85084
61 85091
61 85101
61 85131
61 85134
61 85172
61 85187
61 85201
61 85242
61 85250
61 85282
61 85355
61 85367
61 85410
61 85432
61 85479
61 85592
61 85631
61 85636
61 85709
61 85728
61 85784
61 85825
61 85839
61 85840
61 85870
61 85877
61 85888
61 85904
61 85920
61 85978
61 85998
61 86004
61 86012
61 86036
61 86042
61 86045
61 86079
61 86095
61 86101
61 86130
61 86137
61 86139
61 86140
61 86200
61 86210
61 86220
61 86224
61 86248
61 86278
61 86280
61 86317
61 86319
61 86320
61 86339
61 86342
61 86366
61 86375
61 86376
61 86420
61 86445
61 86464
61 86466
61 86511
61 86565
61 86576
61 86602
61 86651
61 86794
61 86852
61 86867
61 86923
61 86928
61 86949
61 86973
61 86996
61 87007
61 87031
61 87035
61 87054
61 87056
61 87084
61 87129
61 87135
61 87180
61 87204
61 87210
61 87224
61 87231
61 87280
61 87367
61 87375
61 87384
61 87392
61 87405
61 87421
61 87427
61 87440
61 87464
61 87506
61 87636
61 87657
61 87662
61 87698
61 87715
61 87738
61 87773
61 87775
61 87809
61 87814
61 87849
61 87875
61 87905
61 88025
61 88042
61 88056
61 88060
61 88067
61 88082
61 88147
61 88167
61 88241
61 88251
61 88256
61 88287
61 88308
61 88317
61 88328
61 88330
61 88333
61 88345
61 88347
61 88351
61 88397
61 88402
61 88436
61 88440
61 88442
61 88444
61 88477
61 88500
61 88501
61 88502
61 88538
61 88542
61 88560
61 88573
61 88587
61 88597
61 88598
61 88602
61 88609
61 88665
61 88668
61 88680
61 88688
61 88719
61 88757
61 88758
61 88769
61 88789
61 88841
61 88850
61 88864
61 88883
61 88934
61 88939
61 88948
61 88950
61 88972
61 88987
61 89018
61 89040
61 89078
61 89083
61 89137
61 89191
61 89193
61 89217
61 89251
61 89264
61 89323
61 89326
61 89333
61 89341
61 89388
61 89397
61 89403
61 89450
61 89519
61 89527
61 89599
61 89634
61 89655
61 89676
61 89709
61 89712
61 89737
61 89743
61 89814
61 89819
61 89823
61 89828
61 89837
61 89851
61 89862
61 89873
61 89905
61 89919
61 89936
61 89964
61 89965
61 90010
61 90012
61 90021
61 90042
61 90043
61 90053
61 90054
61 90069
61 90079
61 90144
61 90185
61 90199
61 90234
61 90267
61 90302
61 90305
61 90307
61 90309
61 90323
61 90329
61 90366
61 90370
61 90373
61 90375
61 90386
61 90400
61 90449
61 90462
61 90473
61 90480
61 90506
61 90509
61 90535
61 90543
61 90547
61 90569
61 90571
61 90595
61 90613
61 90652
61 90655
61 90720
61 90730
61 90738
61 90742
61 90752
61 90763
61 90842
61 90852
61 90880
61 90906
61 90918
61 90930
61 90961
61 90967
61 90977
61 90997
61 91004
61 91017
61 91025
61 91031
61 91040
61 91061
61 91070
61 91079
61 91109
61 91120
61 91157
61 91162
61 91188
61 91214
61 91242
61 91257
61 91319
61 91384
61 91386
61 91408
61 91412
61 91446
61 91449
61 91461
61 91483
61 91545
61 91567
61 91568
61 91579
61 91581
61 91592
61 91597
61 91619
61 91625
61 91628
61 91636
61 91660
61 91785
61 91800
61 91805
61 91832
61 91876
61 91878
61 91912
61 91955
61 91991
61 92001
61 92064
61 92066
61 92086
61 92097
61 92098
61 92142
61 92158
61 92176
61 92185
61 92226
61 92252
61 92275
61 92280
61 92361
61 92362
61 92377
61 92384
61 92386
61 92407
61 92441
61 92453
61 92472
61 92473
61 92487
61 92498
61 92553
61 92570
61 92571
61 92607
61 92646
61 92660
61 92674
61 92686
61 92691
61 92795
61 92801
61 92813
61 92837
61 92866
61 92869
61 92910
61 92941
61 92953
61 92961
61 92962
61 92969
61 92971
61 92993
61 92995
61 93009
61 93025
61 93041
61 93060
61 93066
61 93069
61 93072
61 93109
61 93129
61 93147
61 93157
61 93258
61 93300
61 93301
61 93302
61 93316
61 93321
61 93347
61 93373
61 93374
61 93387
61 93391
61 93395
61 93398
61 93400
61 93466
61 93472
61 93474
61 93479
61 93500
61 93504
61 93514
61 93522
61 93532
61 93550
61 93593
61 93602
61 93609
61 93628
61 93632
61 93651
61 93683
61 93698
61 93741
61 93785
61 93810
61 93827
61 93852
61 93871
61 93951
61 93973
61 93981
61 93990
61 94010
61 94054
61 94059
61 94094
61 94118
61 94136
61 94177
61 94237
61 94254
61 94255
61 94264
61 94315
61 94396
61 94418
61 94476
61 94488
61 94490
61 94509
61 94519
61 94550
61 94566
61 94570
61 94599
61 94615
61 94684
61 94687
61 94708
61 94711
61 94719
61 94744
61 94759
61 94777
61 94785
61 94786
61 94816
61 94817
61 94842
61 94924
61 94951
61 94992
61 94997
61 95032
61 95034
61 95064
61 95067
61 95077
61 95094
61 95123
61 95136
61 95143
61 95165
61 95167
61 95236
61 95249
61 95261
61 95292
61 95306
61 95321
61 95325
61 95326
61 95372
61 95393
61 95460
61 95522
61 95529
61 95543
61 95554
61 95563
61 95566
61 95634
61 95670
61 95688
61 95691
61 95775
61 95792
61 95808
61 95826
61 95859
61 95875
61 95907
61 95921
61 95948
61 95960
61 95982
61 95984
61 96011
61 96020
61 96024
61 96045
61 96069
61 96070
61 96096
61 96120
61 96212
61 96216
61 96225
61 96238
61 96246
61 96272
61 96312
61 96318
61 96321
61 96359
61 96363
61 96372
61 96377
61 96383
61 96435
61 96488
61 96498
61 96502
61 96522
61 96537
61 96567
61 96620
61 96632
61 96671
61 96700
61 96744
61 96750
61 96786
61 96789
61 96792
61 96808
61 96812
61 96840
61 96858
61 96862
61 96872
61 96964
61 96966
61 96977
61 97005
61 97044
61 97069
61 97071
61 97079
61 97185
61 97256
61 97261
61 97265
61 97358
61 97394
61 97397
61 97402
61 97424
61 97426
61 97455
61 97473
61 97474
61 97509
61 97534
61 97568
61 97576
61 97583
61 97602
61 97604
61 97615
61 97633
61 97662
61 97720
61 97735
61 97748
61 97761
61 97778
61 97805
61 97885
61 97887
61 97892
61 97901
61 97921
61 97935
61 97946
61 97953
61 98048
61 98088
61 98105
61 98130
61 98190
61 98208
61 98209
61 98248
61 98254
61 98279
61 98292
61 98298
61 98348
61 98360
61 98394
61 98423
61 98442
61 98444
61 98456
61 98546
61 98588
61 98626
61 98666
61 98737
61 98757
61 98787
61 98794
61 98815
61 98818
61 98828
61 98850
61 98855
61 98858
61 98882
61 98883
61 98910
61 98926
61 98942
61 98997
61 99001
61 99004
61 99005
61 99064
61 99089
61 99099
61 99102
61 99110
61 99167
61 99179
61 99232
61 99265
61 99269
61 99288
61 99289
61 99319
61 99346
61 99350
61 99376
61 99392
61 99420
61 99423
61 99451
61 99453
61 99461
61 99483
61 99486
61 99506
61 99521
61 99545
61 99565
61 99578
61 99609
61 99628
61 99649
61 99653
61 99689
61 99708
61 99722
61 99850
61 99852
61 99853
61 99891
61 99901
61 99931
61 99946
61 99998
61 100005
61 100015
61 100042
61 100059
61 100061
61 100077
61 100079
61 100093
61 100096
61 100100
61 100105
61 100116
61 100126
61 100140
61 100155
61 100159
61 100213
61 100256
61 100264
61 100271
61 100365
61 100405
61 100494
61 100496
61 100505
61 100510
61 100543
61 100583
61 100594
61 100610
61 100621
61 100630
61 100640
61 100642
61 100643
61 100662
61 100672
61 100679
61 100700
61 100753
61 100778
61 100790
61 100798
61 100806
61 100830
61 100848
61 100920
61 100974
61 100985
61 100995
61 101005
61 101024
61 101157
61 101195
61 101199
61 101200
61 101202
61 101225
61 101237
61 101263
61 101335
61 101344
61 101397
61 101457
61 101495
61 101499
61 101530
61 101562
61 101564
61 101597
61 101601
61 101604
61 101642
61 101710
61 101765
61 101874
61 101912
61 101917
61 101932
61 101997
61 102055
61 102060
61 102092
61 102101
61 102117
61 102179
61 102202
61 102220
61 102235
61 102254
61 102264
61 102272
61 102287
61 102296
61 102307
61 102336
61 102342
61 102363
61 102365
61 102366
61 102381
61 102402
61 102424
61 102530
61 102546
61 102566
61 102573
61 102601
61 102607
61 102650
61 102654
61 102663
61 102702
61 102715
61 102748
61 102764
61 102765
61 102782
61 102810
61 102852
61 102964
61 102983
61 103028
61 103030
61 103042
61 103051
61 103072
61 103082
61 103091
61 103099
61 103105
61 103125
61 103136
61 103182
61 103187
61 103192
61 103259
61 103298
61 103312
61 103321
61 103356
61 103364
61 103367
61 103388
61 103412
61 103419
61 103454
61 103472
61 103478
61 103543
61 103562
61 103573
61 103575
61 103589
61 103594
61 103599
61 103685
61 103797
61 103811
61 103846
61 103869
61 103897
61 103900
61 103933
61 103952
61 104008
61 104022
61 104025
61 104054
61 104079
61 104118
61 104153
61 104205
61 104219
61 104224
61 104275
61 104283
61 104385
61 104402
61 104474
61 104479
61 104542
61 104568
61 104588
61 104590
61 104599
61 104615
61 104667
61 104702
61 104703
61 104737
61 104766
61 104798
61 104804
61 104860
61 104870
61 104895
61 104902
61 104934
61 104938
61 105004
61 105020
61 105077
61 105138
61 105180
61 105239
61 105241
61 105267
61 105284
61 105372
61 105391
61 105410
61 105412
61 105413
61 105420
61 105484
61 105491
61 105501
61 105513
61 105517
61 105544
61 105546
61 105571
61 105581
61 105589
61 105606
61 105630
61 105657
61 105659
61 105680
61 105745
61 105760
61 105772
61 105777
61 105791
61 105855
61 105882
61 105903
61 105915
61 105970
61 105975
61 106003
61 106014
61 106018
61 106040
61 106060
61 106078
61 106126
61 106134
61 106158
61 106174
61 106191
61 106229
61 106233
61 106259
61 106267
61 106270
61 106282
61 106304
61 106338
61 106367
61 106423
61 106489
61 106501
61 106527
61 106544
61 106554
61 106564
61 106572
61 106574
61 106597
61 106600
61 106640
61 106661
61 106705
61 106707
61 106780
61 106782
61 106783
61 106801
61 106805
61 106906
61 106921
61 106935
61 106955
61 106957
61 106968
61 106989
61 107000
61 107006
61 107019
61 107022
61 107036
61 107062
61 107082
61 107090
61 107102
61 107106
61 107109
61 107138
61 107142
61 107204
61 107219
61 107224
61 107235
61 107246
61 107271
61 107309
61 107322
61 107338
61 107350
61 107356
61 107361
61 107372
61 107403
61 107415
61 107435
61 107440
61 107465
61 107480
61 107485
61 107553
61 107567
61 107601
61 107629
61 107631
61 107637
61 107651
61 107673
61 107741
61 107813
61 107840
61 107859
61 107884
61 107907
61 107919
61 107951
61 108133
61 108141
61 108143
61 108144
61 108170
61 108189
61 108208
61 108211
61 108261
61 108272
61 108294
61 108297
61 108328
61 108333
61 108340
61 108350
61 108359
61 108365
61 108417
61 108461
61 108468
61 108477
61 108499
61 108502
61 108514
61 108549
61 108560
61 108562
61 108631
61 108657
61 108674
61 108710
61 108715
61 108718
61 108734
61 108785
61 108795
61 108800
61 108803
61 108805
61 108811
61 108819
61 108853
61 108871
61 108872
61 108887
61 108891
61 108909
61 108928
61 108936
61 108967
61 108969
61 108987
61 109003
61 109020
61 109032
61 109052
61 109101
61 109190
61 109203
61 109250
61 109267
61 109273
61 109279
61 109307
61 109333
61 109360
61 109427
61 109431
61 109476
61 109504
61 109525
61 109528
61 109531
61 109559
61 109575
61 109598
61 109599
61 109610
61 109613
61 109633
61 109656
61 109662
61 109697
61 109709
61 109764
61 109791
61 109794
61 109830
61 109850
61 109857
61 109896
61 109916
61 109924
61 109942
61 109962
61 109983
61 109995
61 110006
61 110016
61 110043
61 110079
61 110097
61 110144
61 110148
61 110176
61 110225
61 110237
61 110268
61 110273
61 110300
61 110304
61 110311
61 110330
61 110350
61 110399
61 110542
61 110547
61 110561
61 110565
61 110632
61 110643
61 110647
61 110656
61 110727
61 110735
61 110755
61 110841
61 110846
61 110857
61 110932
61 110974
61 110975
61 110977
61 110991
61 111014
61 111015
61 111030
61 111082
61 111086
61 111109
61 111114
61 111142
61 111151
61 111167
61 111175
61 111176
61 111206
61 111218
61 111242
61 111267
61 111311
61 111330
61 111342
61 111347
61 111391
61 111408
61 111469
61 111480
61 111586
61 111610
61 111649
61 111696
61 111697
61 111727
61 111736
61 111758
61 111777
61 111782
61 111808
61 111827
61 111836
61 111838
61 111842
61 111844
61 111917
61 111943
61 111952
61 111970
61 111995
61 112001
61 112019
61 112053
61 112076
61 112082
61 112107
61 112115
61 112138
61 112156
61 112189
61 112196
61 112206
61 112239
61 112255
61 112272
61 112298
61 112303
61 112307
61 112312
61 112316
61 112323
61 112324
61 112353
61 112391
61 112401
61 112416
61 112428
61 112441
61 112443
61 112449
61 112466
61 112470
61 112502
61 112513
61 112529
61 112532
61 112533
61 112618
61 112647
61 112709
61 112715
61 112731
61 112759
61 112766
61 112779
61 112784
61 112787
61 112801
61 112809
61 112831
61 112861
61 112932
61 112952
61 112995
61 113025
61 113040
61 113058
61 113064
61 113088
61 113093
61 113141
61 113143
61 113193
61 113250
61 113252
61 113269
61 113276
61 113282
61 113294
61 113297
61 113299
61 113301
61 113401
61 113416
61 113433
61 113462
61 113474
61 113527
61 113563
61 113564
61 113569
61 113570
61 113574
61 113585
61 113610
61 113628
61 113648
61 113669
61 113719
61 113726
61 113728
61 113757
61 113792
61 113820
61 113834
61 113835
61 113844
61 113864
61 113876
61 113885
61 113903
61 113906
61 113930
61 113935
61 113956
61 113957
61 113958
61 113976
61 113984
61 113988
61 113999
61 114014
61 114022
61 114075
61 114080
61 114094
61 114106
61 114142
61 114164
61 114192
61 114214
61 114221
61 114231
61 114275
61 114280
61 114318
61 114352
61 114381
61 114420
61 114468
61 114520
61 114550
61 114552
61 114597
61 114617
61 114628
61 114672
61 114687
61 114701
61 114716
61 114730
61 114760
61 114792
61 114853
61 114869
61 114871
61 114889
61 114914
61 114928
61 114997
61 115022
61 115030
61 115036
61 115127
61 115141
61 115168
61 115224
61 115233
61 115235
61 115236
61 115267
61 115307
61 115340
61 115345
61 115379
61 115397
61 115485
61 115550
61 115555
61 115564
61 115569
61 115584
61 115599
61 115612
61 115621
61 115622
61 115623
61 115665
61 115667
61 115688
61 115707
61 115714
61 115716
61 115763
61 115783
61 115794
61 115798
61 115814
61 115829
61 115847
61 115866
61 115895
61 115940
61 115976
61 116006
61 116011
61 116012
61 116018
61 116024
61 116071
61 116072
61 116076
61 116093
61 116115
61 116132
61 116166
61 116255
61 116269
61 116270
61 116278
61 116329
61 116352
61 116360
61 116367
61 116374
61 116387
61 116401
61 116427
61 116472
61 116493
61 116497
61 116508
61 116510
61 116530
61 116532
61 116534
61 116545
61 116551
61 116556
61 116583
61 116609
61 116621
61 116635
61 116694
61 116721
61 116753
61 116822
61 116824
61 116837
61 116855
61 116889
61 116920
61 116922
61 116993
61 116997
61 117029
61 117074
61 117112
61 117132
61 117147
61 117201
61 117208
61 117252
61 117270
61 117296
61 117318
61 117360
61 117396
61 117414
61 117471
61 117529
61 117546
61 117588
61 117623
61 117627
61 117629
61 117653
61 117663
61 117677
61 117722
61 117728
61 117731
61 117747
61 117748
61 117793
61 117799
61 117813
61 117823
61 117831
61 117840
61 117849
61 117851
61 117874
61 117880
61 117887
61 117938
61 117939
61 117952
61 117959
61 117994
61 118011
61 118053
61 118069
61 118089
61 118122
61 118181
61 118270
61 118279
61 118297
61 118319
61 118353
61 118401
61 118507
61 118511
61 118512
61 118555
61 118566
61 118567
61 118575
61 118581
61 118588
61 118625
61 118650
61 118674
61 118679
61 118696
61 118722
61 118723
61 118724
61 118777
61 118789
61 118870
61 118890
61 118903
61 118908
61 118914
61 118928
61 118937
61 118957
61 118967
61 118973
61 119003
61 119055
61 119095
61 119098
61 119128
61 119139
61 119143
61 119157
61 119199
61 119206
61 119216
61 119218
61 119232
61 119246
61 119263
61 119372
61 119388
61 119436
61 119442
61 119452
61 119516
61 119518
61 119551
61 119558
61 119560
61 119593
61 119606
61 119620
61 119621
61 119629
61 119637
61 119665
61 119688
61 119709
61 119714
61 119739
61 119749
61 119755
61 119766
61 119774
61 119776
61 119779
61 119785
61 119799
61 119824
61 119855
61 119873
61 119900
61 119916
61 119954
61 119956
61 120017
61 120021
61 120045
61 120047
61 120070
61 120083
61 120090
61 120099
61 120121
61 120123
61 120151
61 120183
61 120204
61 120207
61 120215
61 120273
61 120369
61 120382
61 120388
61 120398
61 120410
61 120421
61 120429
61 120450
61 120453
61 120489
61 120496
61 120508
61 120561
61 120616
61 120709
61 120718
61 120734
61 120773
61 120790
61 120793
61 120808
61 120809
61 120832
61 120841
61 120847
61 120853
61 120862
61 120866
61 120871
61 120890
61 120892
61 120904
61 120986
61 120996
61 121047
61 121132
61 121149
61 121156
61 121161
61 121167
61 121188
61 121228
61 121244
61 121276
61 121292
61 121317
61 121321
61 121366
61 121368
61 121383
61 121411
61 121416
61 121439
61 121477
61 121536
61 121572
61 121641
61 121650
61 121679
61 121680
61 121722
61 121726
61 121816
61 121880
61 121896
61 121930
61 121960
61 122007
61 122074
61 122091
61 122104
61 122140
61 122145
61 122167
61 122199
61 122213
61 122286
61 122311
61 122321
61 122326
61 122364
61 122369
61 122395
61 122444
61 122451
61 122461
61 122476
61 122516
61 122541
61 122553
61 122561
61 122575
61 122625
61 122636
61 122652
61 122716
61 122717
61 122745
61 122750
61 122759
61 122769
61 122773
61 122795
61 122822
61 122833
61 122853
61 122901
61 122917
61 122946
61 122964
61 122976
61 122977
61 122996
61 123016
61 123065
61 123146
61 123226
61 123230
61 123266
61 123276
61 123286
61 123302
61 123304
61 123309
61 123322
61 123327
61 123330
61 123345
61 123348
61 123359
61 123380
61 123401
61 123402
61 123430
61 123473
61 123533
61 123551
61 123554
61 123559
61 123581
61 123582
61 123612
61 123617
61 123635
61 123645
61 123693
61 123752
61 123773
61 123785
61 123786
61 123825
61 123907
61 123909
61 123921
61 123932
61 123937
61 123954
61 123966
61 123971
61 124022
61 124026
61 124047
61 124052
61 124057
61 124089
61 124096
61 124097
61 124124
61 124169
61 124194
61 124199
61 124207
61 124255
61 124276
61 124339
61 124381
61 124454
61 124497
61 124514
61 124562
61 124618
61 124627
61 124634
61 124667
61 124694
61 124726
61 124744
61 124767
61 124809
61 124810
61 124823
61 124834
61 124843
61 124919
61 124925
61 124987
61 124993
61 125042
61 125050
61 125081
61 125086
61 125108
61 125128
61 125147
61 125165
61 125204
61 125210
61 125211
61 125258
61 125264
61 125268
61 125361
61 125365
61 125377
61 125392
61 125466
61 125522
61 125550
61 125560
61 125607
61 125621
61 125626
61 125629
61 125643
61 125696
61 125756
61 125758
61 125762
61 125779
61 125781
61 125804
61 125819
61 125827
61 125848
61 125871
61 125924
61 125966
61 125973
61 126011
61 126015
61 126024
61 126053
61 126058
61 126066
61 126093
61 126122
61 126129
61 126150
61 126161
61 126204
61 126210
61 126214
61 126216
61 126222
61 126236
61 126237
61 126239
61 126249
61 126277
61 126321
61 126330
61 126336
61 126356
61 126362
61 126368
61 126374
61 126375
61 126421
61 126463
61 126468
61 126483
61 126493
61 126504
61 126527
61 126547
61 126553
61 126566
61 126585
61 126650
61 126682
61 126714
61 126723
61 126755
61 126770
61 126826
61 126828
61 126844
61 126864
61 126921
61 126924
61 126968
61 126988
61 127038
61 127057
61 127073
61 127075
61 127087
61 127129
61 127136
61 127137
61 127141
61 127155
61 127213
61 127216
61 127222
61 127230
61 127248
61 127322
61 127351
61 127359
61 127360
61 127363
61 127365
61 127376
61 127381
61 127479
61 127528
61 127538
61 127551
61 127620
61 127669
61 127682
61 127692
61 127709
61 127732
61 127751
61 127813
61 127831
61 127842
61 127863
61 127933
61 127938
61 127956
61 127963
61 127976
61 127980
61 127987
61 127990
61 128182
61 128189
61 128238
61 128356
61 128431
61 128464
61 128477
61 128478
61 128485
61 128491
61 128528
61 128552
61 128559
61 128562
61 128576
61 128584
61 128599
61 128630
61 128657
61 128709
61 128723
61 128757
61 128778
61 128782
61 128869
61 128903
61 128915
61 128946
61 128992
61 129000
61 129080
61 129177
61 129207
61 129212
61 129224
61 129250
61 129286
61 129292
61 129300
61 129319
61 129422
61 129426
61 129487
61 129496
61 129502
61 129526
61 129549
61 129597
61 129600
61 129659
61 129682
61 129695
61 129711
61 129714
61 129749
61 129768
61 129787
61 129792
61 129804
61 129815
61 129834
61 129835
61 129842
61 129844
61 129845
61 129850
61 129867
61 129912
61 129953
61 129958
61 129995
61 129999
61 130032
61 130072
61 130082
61 130096
61 130149
61 130155
61 130168
61 130247
61 130276
61 130277
61 130291
61 130337
61 130348
61 130352
61 130356
61 130380
61 130451
61 130474
61 130477
61 130491
61 130508
61 130589
61 130598
61 130616
61 130623
61 130635
61 130638
61 130648
61 130650
61 130651
61 130751
61 130784
61 130820
61 130824
61 130832
61 130841
61 130850
61 130870
61 130878
61 130883
61 130925
61 130951
61 130966
61 131010
61 131057
61 131074
61 131075
61 131088
61 131113
61 131117
61 131180
61 131190
61 131199
61 131248
61 131293
61 131318
61 131319
61 131340
61 131357
61 131387
61 131394
61 131419
61 131432
61 131453
61 131462
61 131509
61 131538
61 131540
61 131562
61 131574
61 131578
61 131585
61 131588
61 131590
61 131591
61 131600
61 131607
61 131630
61 131639
61 131676
61 131739
61 131754
61 131767
61 131773
61 131776
61 131785
61 131790
61 131815
61 131818
61 131839
61 131847
61 131924
61 131979
61 131983
61 132012
61 132052
61 132060
61 132072
61 132084
61 132099
61 132109
61 132140
61 132166
61 132168
61 132180
61 132207
61 132245
61 132246
61 132260
61 132267
61 132304
61 132339
61 132340
61 132354
61 132358
61 132408
61 132412
61 132422
61 132423
61 132463
61 132470
61 132473
61 132492
61 132498
61 132523
61 132551
61 132561
61 132565
61 132576
61 132580
61 132599
61 132608
61 132615
61 132630
61 132639
61 132665
61 132671
61 132676
61 132693
61 132728
61 132745
61 132752
61 132807
61 132810
61 132815
61 132826
61 132846
61 132849
61 132865
61 132881
61 132910
61 132935
61 132962
61 132973
61 132986
61 132987
61 132990
61 133000
61 133021
61 133041
61 133048
61 133052
61 133053
61 133067
61 133080
61 133091
61 133120
61 133137
61 133163
61 133187
61 133190
61 133191
61 133192
61 133203
61 133205
61 133209
61 133245
61 133266
61 133325
61 133343
61 133351
61 133361
61 133364
61 133366
61 133403
61 133423
61 133425
61 133430
61 133441
61 133483
61 133500
61 133528
61 133532
61 133549
61 133563
61 133623
61 133631
61 133639
61 133642
61 133665
61 133687
61 133689
61 133717
61 133739
61 133752
61 133776
61 133817
61 133819
61 133838
61 133862
61 133893
61 133907
61 133912
61 133923
61 133931
61 133977
61 133984
61 134019
61 134032
61 134060
61 134096
61 134110
61 134138
61 134168
61 134229
61 134233
61 134312
61 134317
61 134318
61 134327
61 134363
61 134385
61 134393
61 134433
61 134434
61 134482
61 134493
61 134500
61 134506
61 134556
61 134566
61 134579
61 134582
61 134583
61 134590
61 134637
61 134662
61 134663
61 134731
61 134763
61 134784
61 134790
61 134809
61 134810
61 134822
61 134842
61 134868
61 134873
61 134904
61 134915
61 134947
61 134957
61 134989
61 135009
61 135017
61 135018
61 135026
61 135037
61 135099
61 135100
61 135124
61 135152
61 135158
61 135166
61 135173
61 135176
61 135204
61 135209
61 135236
61 135243
61 135258
61 135310
61 135342
61 135354
61 135357
61 135400
61 135411
61 135455
61 135465
61 135504
61 135534
61 135537
61 135545
61 135548
61 135553
61 135571
61 135574
61 135603
61 135611
61 135617
61 135629
61 135641
61 135642
61 135645
61 135690
61 135697
61 135728
61 135743
61 135753
61 135789
61 135793
61 135807
61 135875
61 135920
61 135959
61 135972
61 135997
61 136002
61 136004
61 136067
61 136076
61 136077
61 136083
61 136121
61 136125
61 136146
61 136164
61 136171
61 136178
61 136180
61 136193
61 136205
61 136208
61 136214
61 136219
61 136223
61 136227
61 136284
61 136285
61 136307
61 136319
61 136330
61 136341
61 136375
61 136377
61 136384
61 136396
61 136402
61 136424
61 136430
61 136445
61 136466
61 136476
61 136545
61 136562
61 136572
61 136580
61 136598
61 136602
61 136612
61 136644
61 136645
61 136679
61 136695
61 136702
61 136713
61 136730
61 136737
61 136788
61 136807
61 136817
61 136899
61 136906
61 136907
61 136911
61 136922
61 136945
61 136977
61 136980
61 136993
61 137012
61 137084
61 137144
61 137172
61 137188
61 137224
61 137261
61 137263
61 137269
61 137273
61 137278
61 137295
61 137322
61 137326
61 137353
61 137409
61 137414
61 137423
61 137441
61 137462
61 137547
61 137556
61 137558
61 137577
61 137579
61 137590
61 137602
61 137641
61 137657
61 137692
61 137701
61 137721
61 137741
61 137760
61 137778
61 137787
61 137789
61 137826
61 137876
61 137905
61 137907
61 137945
61 137951
61 137953
61 137968
61 137992
61 138000
61 138013
61 138028
61 138033
61 138049
61 138050
61 138051
61 138067
61 138083
61 138151
61 138154
61 138211
61 138230
61 138259
61 138280
61 138290
61 138307
61 138311
61 138336
61 138341
61 138346
61 138357
61 138400
61 138444
61 138461
61 138462
61 138488
61 138550
61 138551
61 138559
61 138564
61 138633
61 138650
61 138665
61 138669
61 138678
61 138680
61 138755
61 138757
61 138791
61 138811
61 138835
61 138860
61 138862
61 138874
61 138882
61 138917
61 138927
61 138932
61 138941
61 138964
61 139001
61 139005
61 139024
61 139072
61 139090
61 139102
61 139108
61 139139
61 139141
61 139180
61 139182
61 139253
61 139256
61 139307
61 139321
61 139330
61 139342
61 139368
61 139393
61 139427
61 139459
61 139477
61 139496
61 139502
61 139521
61 139531
61 139544
61 139577
61 139588
61 139615
61 139656
61 139669
61 139674
61 139684
61 139702
61 139725
61 139734
61 139749
61 139837
61 139848
61 139854
61 139866
61 139912
61 139956
61 139969
61 140017
61 140033
61 140095
61 140141
61 140156
61 140183
61 140216
61 140223
61 140276
61 140321
61 140335
61 140336
61 140338
61 140345
61 140365
61 140374
61 140400
61 140424
61 140454
61 140472
61 140563
61 140566
61 140570
61 140608
61 140616
61 140620
61 140646
61 140655
61 140682
61 140687
61 140739
61 140752
61 140760
61 140772
61 140790
61 140800
61 140805
61 140816
61 140823
61 140838
61 140851
61 140905
61 140915
61 140923
61 140924
61 140928
61 140941
61 140957
61 140970
61 140980
61 140984
61 140996
61 141026
61 141037
61 141063
61 141155
61 141203
61 141240
61 141263
61 141278
61 141287
61 141297
61 141298
61 141309
61 141339
61 141419
61 141475
61 141481
61 141490
61 141498
61 141503
61 141537
61 141538
61 141546
61 141573
61 141581
61 141587
61 141601
61 141637
61 141693
61 141731
61 141734
61 141742
61 141799
61 141801
61 141858
61 141859
61 141860
61 141862
61 141880
61 141885
61 141927
61 141943
61 141946
61 141947
61 141954
61 141962
61 142035
61 142070
61 142073
61 142089
61 142095
61 142156
61 142212
61 142220
61 142245
61 142277
61 142278
61 142298
61 142333
61 142362
61 142390
61 142400
61 142406
61 142417
61 142464
61 142482
61 142522
61 142587
61 142598
61 142641
61 142658
61 142692
61 142707
61 142711
61 142725
61 142745
61 142794
61 142797
61 142814
61 142837
61 142849
61 142933
61 142935
61 142958
61 142960
61 142961
61 142969
61 142970
61 143010
61 143059
61 143078
61 143085
61 143095
61 143117
61 143124
61 143126
61 143150
61 143154
61 143160
61 143164
61 143224
61 143225
61 143233
61 143245
61 143293
61 143305
61 143326
61 143371
61 143379
61 143380
61 143393
61 143406
61 143435
61 143449
61 143523
61 143528
61 143555
61 143579
61 143593
61 143597
61 143602
61 143611
61 143655
61 143669
61 143680
61 143682
61 143720
61 143721
61 143723
61 143729
61 143732
61 143736
61 143764
61 143769
61 143787
61 143838
61 143850
61 143864
61 143869
61 143885
61 143887
61 143890
61 143907
61 143909
61 143926
61 143934
61 143941
61 143946
61 143963
61 143964
61 143967
61 143969
61 143979
61 143995
61 144011
61 144021
61 144025
61 144028
61 144043
61 144067
61 144072
61 144159
61 144189
61 144195
61 144209
61 144240
61 144376
61 144390
61 144393
61 144407
61 144446
61 144448
61 144458
61 144463
61 144466
61 144509
61 144513
61 144544
61 144587
61 144643
61 144652
61 144683
61 144696
61 144705
61 144716
61 144726
61 144741
61 144785
61 144806
61 144850
61 144870
61 144888
61 144905
61 144907
61 144908
61 144917
61 144931
61 144986
61 145094
61 145099
61 145125
61 145140
61 145181
61 145218
61 145263
61 145296
61 145378
61 145412
61 145416
61 145433
61 145447
61 145465
61 145539
61 145556
61 145585
61 145593
61 145606
61 145613
61 145627
61 145640
61 145668
61 145687
61 145728
61 145736
61 145745
61 145783
61 145812
61 145852
61 145861
61 145883
61 145885
61 145900
61 145915
61 145958
61 145997
61 146054
61 146104
61 146112
61 146126
61 146145
61 146187
61 146192
61 146217
61 146218
61 146247
61 146268
61 146311
61 146343
61 146353
61 146367
61 146386
61 146418
61 146463
61 146470
61 146476
61 146486
61 146495
61 146499
61 146507
61 146524
61 146556
61 146565
61 146567
61 146569
61 146572
61 146597
61 146600
61 146609
61 146673
61 146684
61 146690
61 146704
61 146716
61 146774
61 146794
61 146808
61 146812
61 146814
61 146821
61 146886
61 146902
61 146910
61 146912
61 146921
61 146928
61 146942
61 147021
61 147026
61 147033
61 147071
61 147092
61 147105
61 147108
61 147143
61 147161
61 147162
61 147165
61 147172
61 147174
61 147179
61 147230
61 147247
61 147257
61 147263
61 147314
61 147335
61 147353
61 147374
61 147395
61 147422
61 147430
61 147431
61 147448
61 147459
61 147466
61 147468
61 147477
61 147478
61 147518
61 147523
61 147526
61 147548
61 147567
61 147595
61 147712
61 147715
61 147745
61 147793
61 147799
61 147835
61 147854
61 147871
61 147873
61 147881
61 147911
61 147916
61 147955
61 147961
61 147983
61 147991
61 148012
61 148092
61 148124
61 148150
61 148153
61 148162
61 148174
61 148183
61 148189
61 148209
61 148212
61 148215
61 148238
61 148261
61 148289
61 148294
61 148315
61 148342
61 148348
61 148357
61 148365
61 148377
61 148401
61 148418
61 148459
61 148491
61 148511
61 148541
61 148547
61 148551
61 148553
61 148586
61 148609
61 148689
61 148708
61 148715
61 148756
61 148772
61 148799
61 148803
61 148827
61 148892
61 148898
61 148914
61 148936
61 148943
61 148944
61 148957
61 148981
61 148982
61 149003
61 149014
61 149022
61 149034
61 149050
61 149062
61 149076
61 149142
61 149209
61 149211
61 149215
61 149220
61 149230
61 149241
61 149265
61 149301
61 149309
61 149327
61 149340
61 149522
61 149529
61 149533
61 149538
61 149556
61 149578
61 149581
61 149608
61 149637
61 149639
61 149655
61 149680
61 149694
61 149731
61 149741
61 149766
61 149774
61 149776
61 149824
61 149886
61 149939
61 149943
61 149947
61 149952
61 149954
61 149957
61 149980
61 149997
61 150008
61 150019
61 150021
61 150024
61 150057
61 150070
61 150071
61 150087
61 150093
61 150096
61 150107
61 150122
61 150133
61 150168
61 150178
61 150189
61 150190
61 150199
61 150205
61 150212
61 150231
61 150242
61 150265
61 150268
61 150277
61 150288
61 150315
61 150321
61 150327
61 150340
61 150364
61 150378
61 150426
61 150429
61 150440
61 150446
61 150458
61 150484
61 150489
61 150496
61 150521
61 150528
61 150532
61 150538
61 150560
61 150567
61 150572
61 150578
61 150596
61 150607
61 150623
61 150631
61 150638
61 150677
61 150679
61 150722
61 150727
61 150746
61 150752
61 150770
61 150787
61 150794
61 150838
61 150844
61 150914
61 150920
61 150938
61 150947
61 150963
61 151023
61 151077
61 151093
61 151096
61 151110
61 151142
61 151155
61 151218
61 151239
61 151261
61 151266
61 151300
61 151320
61 151339
61 151340
61 151352
61 151358
61 151381
61 151417
61 151455
61 151464
61 151468
61 151482
61 151486
61 151548
61 151588
61 151613
61 151640
61 151666
61 151675
61 151677
61 151694
61 151707
61 151725
61 151738
61 151769
61 151770
61 151775
61 151833
61 151843
61 151869
61 151874
61 151890
61 151898
61 151903
61 151932
61 151946
61 152015
61 152039
61 152080
61 152115
61 152131
61 152132
61 152143
61 152147
61 152195
61 152196
61 152197
61 152223
61 152248
61 152307
61 152321
61 152325
61 152376
61 152383
61 152385
61 152410
61 152412
61 152413
61 152421
61 152431
61 152448
61 152456
61 152480
61 152503
61 152519
61 152529
61 152540
61 152561
61 152581
61 152647
61 152659
61 152663
61 152677
61 152730
61 152733
61 152770
61 152798
61 152841
61 152851
61 152856
61 152865
61 152870
61 152918
61 152920
61 152932
61 152933
61 152943
61 152973
61 152994
61 153076
61 153083
61 153088
61 153099
61 153159
61 153229
61 153273
61 153299
61 153307
61 153317
61 153358
61 153387
61 153394
61 153406
61 153494
61 153496
61 153527
61 153536
61 153574
61 153600
61 153630
61 153644
61 153650
61 153664
61 153705
61 153710
61 153711
61 153726
61 153735
61 153798
61 153805
61 153837
61 153838
61 153852
61 153862
61 153914
61 153947
61 153958
61 153972
61 154024
61 154029
61 154043
61 154049
61 154052
61 154067
61 154079
61 154156
61 154181
61 154209
61 154214
61 154223
61 154247
61 154279
61 154296
61 154327
61 154331
61 154338
61 154345
61 154351
61 154368
61 154376
61 154394
61 154412
61 154447
61 154508
61 154522
61 154537
61 154539
61 154551
61 154565
61 154583
61 154639
61 154650
61 154651
61 154652
61 154666
61 154729
61 154751
61 154753
61 154769
61 154793
61 154832
61 154935
61 154995
61 155012
61 155037
61 155048
61 155054
61 155076
61 155137
61 155154
61 155158
61 155161
61 155172
61 155185
61 155186
61 155196
61 155212
61 155222
61 155237
61 155239
61 155275
61 155288
61 155307
61 155331
61 155370
61 155387
61 155389
61 155417
61 155435
61 155461
61 155470
61 155471
61 155474
61 155477
61 155489
61 155566
61 155588
61 155595
61 155603
61 155692
61 155720
61 155728
61 155780
61 155798
61 155853
61 155861
61 155866
61 155867
61 155902
61 155964
61 156054
61 156118
61 156162
61 156180
61 156187
61 156194
61 156210
61 156228
61 156257
61 156273
61 156331
61 156385
61 156402
61 156407
61 156438
61 156545
61 156565
61 156586
61 156595
61 156622
61 156669
61 156693
61 156722
61 156736
61 156757
61 156758
61 156769
61 156775
61 156790
61 156820
61 156841
61 156850
61 156890
61 156904
61 156913
61 156962
61 156969
61 157038
61 157043
61 157085
61 157088
61 157130
61 157179
61 157184
61 157213
61 157268
61 157316
61 157323
61 157354
61 157379
61 157399
61 157419
61 157424
61 157517
61 157531
61 157538
61 157543
61 157547
61 157582
61 157595
61 157611
61 157621
61 157652
61 157713
61 157757
61 157790
61 157795
61 157801
61 157805
61 157856
61 157863
61 157867
61 157879
61 157883
61 157904
61 157909
61 157927
61 157941
61 157986
61 158007
61 158013
61 158058
61 158060
61 158086
61 158107
61 158115
61 158148
61 158168
61 158172
61 158179
61 158184
61 158213
61 158230
61 158234
61 158238
61 158272
61 158290
61 158370
61 158387
61 158397
61 158412
61 158414
61 158427
61 158439
61 158449
61 158468
61 158497
61 158581
61 158617
61 158632
61 158665
61 158678
61 158730
61 158732
61 158746
61 158847
61 158875
61 158924
61 158935
61 158971
61 158994
61 159000
61 159019
61 159087
61 159107
61 159173
61 159211
61 159219
61 159264
61 159270
61 159289
61 159295
61 159344
61 159385
61 159469
61 159485
61 159516
61 159549
61 159554
61 159593
61 159629
61 159650
61 159664
61 159675
61 159708
61 159721
61 159756
61 159784
61 159800
61 159813
61 159901
61 159918
61 159951
61 159971
61 159975
61 160006
61 160007
61 160021
61 160049
61 160108
61 160165
61 160176
61 160207
61 160223
61 160233
61 160245
61 160264
61 160285
61 160294
61 160298
61 160299
61 160308
61 160315
61 160349
61 160358
61 160364
61 160365
61 160398
61 160442
61 160493
61 160509
61 160540
61 160542
61 160544
61 160548
61 160558
61 160572
61 160574
61 160613
61 160631
61 160657
61 160688
61 160729
61 160741
61 160752
61 160753
61 160835
61 160851
61 160877
61 160891
61 160934
61 160965
61 160974
61 160998
61 161016
61 161025
61 161043
61 161090
61 161101
61 161132
61 161145
61 161224
61 161299
61 161309
61 161311
61 161318
61 161326
61 161360
61 161364
61 161369
61 161380
61 161404
61 161451
61 161537
61 161574
61 161578
61 161604
61 161641
61 161723
61 161741
61 161757
61 161760
61 161807
61 161812
61 161813
61 161817
61 161822
61 161833
61 161892
61 161893
61 161903
61 161910
61 161911
61 161914
61 161934
61 161965
61 162000
61 162009
61 162024
61 162030
61 162087
61 162118
61 162159
61 162199
61 162240
61 162253
61 162289
61 162295
61 162317
61 162376
61 162413
61 162466
61 162493
61 162504
61 162509
61 162526
61 162537
61 162542
61 162579
61 162587
61 162603
61 162660
61 162661
61 162694
61 162744
61 162756
61 162777
61 162792
61 162864
61 162866
61 162887
61 162890
61 162910
61 162916
61 162949
61 162992
61 163030
61 163035
61 163072
61 163078
61 163106
61 163123
61 163206
61 163265
61 163277
61 163294
61 163325
61 163384
61 163414
51 12
51 15
51 50
51 70
51 96
51 144
51 155
51 165
51 185
51 205
51 215
51 228
51 229
51 230
51 325
51 352
51 365
51 371
51 378
51 401
51 431
51 459
51 481
51 492
51 498
51 589
51 602
51 747
51 748
51 770
51 784
51 806
51 928
51 935
51 940
51 942
51 946
51 998
51 1015
51 1026
51 1113
51 1146
51 1204
51 1208
51 1254
51 1293
51 1295
51 1363
51 1370
51 1425
51 1453
51 1531
51 1552
51 1553
51 1560
51 1567
51 1569
51 1577
51 1619
51 1642
51 1646
51 1706
51 1721
51 1750
51 1850
51 1876
51 1880
51 1906
51 1909
51 1920
51 1924
51 1926
51 1940
51 1962
51 1987
51 1988
51 1993
51 1994
51 2015
51 2054
51 2070
51 2172
51 2173
51 2182
51 2186
51 2207
51 2225
51 2253
51 2285
51 2305
51 2325
51 2330
51 2347
51 2368
51 2381
51 2430
51 2436
51 2468
51 2469
51 2480
51 2481
51 2524
51 2529
51 2535
51 2547
51 2570
51 2577
51 2608
51 2689
51 2711
51 2714
51 2790
51 2808
51 2814
51 2863
51 2909
51 2915
51 2949
51 2990
51 3092
51 3124
51 3126
51 3139
51 3154
51 3163
51 3194
51 3199
51 3217
51 3234
51 3285
51 3378
51 3397
51 3417
51 3419
51 3423
51 3436
51 3448
51 3515
51 3526
51 3529
51 3534
51 3576
51 3581
51 3593
51 3634
51 3636
51 3642
51 3651
51 3664
51 3676
51 3693
51 3711
51 3719
51 3736
51 3794
51 3797
51 3877
51 3882
51 3900
51 3954
51 3975
51 3976
51 4030
51 4031
51 4066
51 4072
51 4083
51 4101
51 4142
51 4163
51 4172
51 4173
51 4210
51 4216
51 4217
51 4235
51 4297
51 4332
51 4344
51 4392
51 4412
51 4421
51 4429
51 4436
51 4446
51 4451
51 4455
51 4503
51 4527
51 4538
51 4560
51 4598
51 4628
51 4653
51 4681
51 4736
51 4749
51 4758
51 4791
51 4831
51 4849
51 4860
51 4958
51 4972
51 5011
51 5016
51 5023
51 5089
51 5095
51 5098
51 5102
51 5144
51 5148
51 5149
51 5154
51 5155
51 5218
51 5238
51 5273
51 5296
51 5313
51 5345
51 5378
51 5387
51 5424
51 5443
51 5449
51 5454
51 5498
51 5511
51 5525
51 5582
51 5602
51 5613
51 5620
51 5636
51 5637
51 5641
51 5660
51 5685
51 5711
51 5725
51 5755
51 5757
51 5764
51 5777
51 5819
51 5838
51 5933
51 5976
51 5991
51 6010
51 6018
51 6047
51 6119
51 6146
51 6149
51 6161
51 6182
51 6206
51 6224
51 6235
51 6243
51 6287
51 6296
51 6308
51 6370
51 6382
51 6437
51 6453
51 6479
51 6484
51 6532
51 6535
51 6566
51 6601
51 6609
51 6614
51 6670
51 6680
51 6711
51 6725
51 6794
51 6811
51 6815
51 6868
51 6882
51 6900
51 6914
51 6966
51 6989
51 6991
51 7011
51 7065
51 7091
51 7131
51 7142
51 7160
51 7165
51 7170
51 7283
51 7295
51 7313
51 7380
51 7384
51 7395
51 7422
51 7425
51 7491
51 7513
51 7557
51 7567
51 7572
51 7579
51 7606
51 7645
51 7669
51 7699
51 7709
51 7712
51 7753
51 7762
51 7863
51 7908
51 7918
51 7938
51 7948
51 7959
51 7968
51 7976
51 7978
51 7982
51 7986
51 8024
51 8030
51 8074
51 8119
51 8147
51 8241
51 8328
51 8422
51 8448
51 8457
51 8499
51 8505
51 8536
51 8554
51 8592
51 8604
51 8605
51 8612
51 8616
51 8617
51 8649
51 8663
51 8693
51 8706
51 8714
51 8778
51 8804
51 8821
51 8867
51 8934
51 9005
51 9020
51 9057
51 9080
51 9133
51 9263
51 9285
51 9482
51 9497
51 9509
51 9549
51 9566
51 9608
51 9612
51 9624
51 9631
51 9683
51 9724
51 9745
51 9798
51 9807
51 9817
51 9819
51 9827
51 9893
51 9942
51 9956
51 9979
51 9991
51 10035
51 10039
51 10047
51 10090
51 10102
51 10106
51 10145
51 10152
51 10165
51 10181
51 10227
51 10234
51 10285
51 10304
51 10394
51 10415
51 10445
51 10472
51 10485
51 10507
51 10533
51 10537
51 10543
51 10553
51 10601
51 10629
51 10680
51 10682
51 10736
51 10740
51 10748
51 10775
51 10847
51 10848
51 10959
51 10969
51 11057
51 11083
51 11091
51 11200
51 11202
51 11233
51 11235
51 11246
51 11255
51 11277
51 11287
51 11293
51 11334
51 11337
51 11353
51 11360
51 11363
51 11364
51 11366
51 11396
51 11443
51 11445
51 11475
51 11497
51 11499
51 11525
51 11567
51 11589
51 11605
51 11609
51 11619
51 11658
51 11673
51 11676
51 11681
51 11687
51 11693
51 11704
51 11746
51 11762
51 11764
51 11777
51 11800
51 11803
51 12012
51 12019
51 12023
51 12099
51 12120
51 12190
51 12217
51 12243
51 12257
51 12259
51 12287
51 12308
51 12322
51 12324
51 12420
51 12448
51 12455
51 12492
51 12533
51 12554
51 12556
51 12572
51 12580
51 12581
51 12583
51 12599
51 12607
51 12608
51 12794
51 12802
51 12805
51 12816
51 12837
51 12839
51 12852
51 12872
51 12888
51 12919
51 12928
51 12988
51 13001
51 13015
51 13016
51 13037
51 13051
51 13058
51 13075
51 13105
51 13175
51 13191
51 13204
51 13229
51 13243
51 13248
51 13258
51 13279
51 13288
51 13333
51 13345
51 13366
51 13373
51 13375
51 13390
51 13392
51 13418
51 13429
51 13437
51 13444
51 13473
51 13479
51 13484
51 13503
51 13510
51 13514
51 13524
51 13587
51 13642
51 13669
51 13672
51 13685
51 13718
51 13720
51 13731
51 13735
51 13782
51 13820
51 13833
51 13838
51 13843
51 13864
51 13868
51 13901
51 13902
51 13908
51 13937
51 13955
51 13970
51 13981
51 14015
51 14016
51 14061
51 14124
51 14147
51 14200
51 14201
51 14271
51 14273
51 14286
51 14305
51 14308
51 14310
51 14313
51 14316
51 14395
51 14397
51 14399
51 14442
51 14454
51 14455
51 14462
51 14467
51 14505
51 14508
51 14509
51 14537
51 14542
51 14544
51 14583
51 14588
51 14608
51 14629
51 14643
51 14657
51 14664
51 14679
51 14691
51 14693
51 14715
51 14753
51 14761
51 14776
51 14785
51 14790
51 14814
51 14868
51 14876
51 14883
51 14898
51 14903
51 14926
51 14939
51 14964
51 14986
51 15000
51 15002
51 15049
51 15058
51 15085
51 15154
51 15209
51 15258
51 15280
51 15306
51 15344
51 15349
51 15383
51 15407
51 15412
51 15415
51 15426
51 15465
51 15491
51 15525
51 15595
51 15651
51 15652
51 15690
51 15712
51 15774
51 15775
51 15802
51 15823
51 15849
51 15853
51 15866
51 15874
51 15908
51 15920
51 15942
51 15974
51 15996
51 15998
51 16013
51 16046
51 16052
51 16055
51 16078
51 16102
51 16113
51 16119
51 16140
51 16146
51 16151
51 16166
51 16179
51 16191
51 16216
51 16235
51 16256
51 16268
51 16310
51 16327
51 16334
51 16338
51 16353
51 16390
51 16421
51 16446
51 16452
51 16454
51 16494
51 16504
51 16515
51 16520
51 16521
51 16536
51 16557
51 16558
51 16562
51 16609
51 16788
51 16894
51 16903
51 16910
51 16922
51 16927
51 16945
51 16974
51 16976
51 16985
51 17006
51 17068
51 17096
51 17119
51 17131
51 17132
51 17183
51 17274
51 17276
51 17336
51 17359
51 17393
51 17442
51 17444
51 17460
51 17479
51 17499
51 17523
51 17536
51 17543
51 17572
51 17602
51 17636
51 17688
51 17773
51 17786
51 17800
51 17827
51 17828
51 17833
51 17834
51 17846
51 17866
51 17886
51 17897
51 17915
51 17932
51 17969
51 18000
51 18007
51 18009
51 18036
51 18068
51 18094
51 18147
51 18237
51 18255
51 18267
51 18315
51 18357
51 18371
51 18428
51 18445
51 18457
51 18461
51 18498
51 18503
51 18523
51 18530
51 18545
51 18584
51 18615
51 18633
51 18650
51 18656
51 18707
51 18710
51 18724
51 18735
51 18764
51 18781
51 18787
51 18852
51 18872
51 18918
51 18925
51 18931
51 18938
51 18982
51 18991
51 19038
51 19059
51 19082
51 19083
51 19122
51 19160
51 19191
51 19199
51 19258
51 19262
51 19268
51 19292
51 19311
51 19315
51 19316
51 19318
51 19350
51 19393
51 19423
51 19436
51 19468
51 19474
51 19475
51 19478
51 19491
51 19527
51 19533
51 19547
51 19549
51 19562
51 19564
51 19568
51 19579
51 19591
51 19593
51 19597
51 19606
51 19612
51 19616
51 19689
51 19692
51 19695
51 19696
51 19704
51 19730
51 19758
51 19762
51 19791
51 19805
51 19806
51 19821
51 19849
51 19855
51 19862
51 19875
51 19876
51 19923
51 19960
51 19971
51 19993
51 20028
51 20046
51 20063
51 20093
51 20099
51 20135
51 20198
51 20203
51 20219
51 20259
51 20267
51 20279
51 20302
51 20308
51 20313
51 20326
51 20329
51 20351
51 20396
51 20421
51 20442
51 20446
51 20455
51 20457
51 20478
51 20486
51 20487
51 20506
51 20513
51 20514
51 20594
51 20620
51 20633
51 20648
51 20655
51 20672
51 20674
51 20678
51 20721
51 20731
51 20759
51 20852
51 20874
51 20886
51 20888
51 20912
51 20952
51 21002
51 21010
51 21020
51 21021
51 21030
51 21105
51 21114
51 21118
51 21125
51 21150
51 21172
51 21205
51 21228
51 21229
51 21241
51 21259
51 21287
51 21325
51 21346
51 21392
51 21417
51 21432
51 21448
51 21472
51 21473
51 21513
51 21532
51 21544
51 21568
51 21573
51 21589
51 21621
51 21629
51 21666
51 21675
51 21702
51 21726
51 21728
51 21745
51 21753
51 21772
51 21784
51 21810
51 21859
51 21888
51 21916
51 21946
51 21947
51 21951
51 21968
51 21969
51 21984
51 22000
51 22005
51 22022
51 22028
51 22029
51 22034
51 22083
51 22118
51 22147
51 22148
51 22171
51 22178
51 22197
51 22234
51 22261
51 22272
51 22280
51 22285
51 22323
51 22455
51 22460
51 22490
51 22517
51 22530
51 22546
51 22590
51 22611
51 22645
51 22649
51 22659
51 22700
51 22744
51 22753
51 22781
51 22782
51 22788
51 22795
51 22816
51 22856
51 22869
51 22949
51 22960
51 22976
51 22980
51 23004
51 23025
51 23040
51 23062
51 23064
51 23118
51 23124
51 23137
51 23229
51 23262
51 23266
51 23318
51 23319
51 23346
51 23369
51 23381
51 23387
51 23403
51 23419
51 23444
51 23452
51 23454
51 23459
51 23477
51 23489
51 23512
51 23596
51 23602
51 23683
51 23696
51 23721
51 23732
51 23747
51 23764
51 23790
51 23799
51 23818
51 23844
51 23851
51 23861
51 23875
51 23885
51 23891
51 23899
51 23918
51 23932
51 23960
51 23978
51 23979
51 24029
51 24058
51 24077
51 24101
51 24117
51 24135
51 24161
51 24179
51 24193
51 24201
51 24234
51 24252
51 24272
51 24280
51 24298
51 24315
51 24337
51 24343
51 24426
51 24541
51 24559
51 24562
51 24569
51 24644
51 24653
51 24705
51 24739
51 24743
51 24757
51 24758
51 24787
51 24800
51 24812
51 24817
51 24857
51 24892
51 24902
51 24980
51 24999
51 25044
51 25045
51 25048
51 25137
51 25210
51 25230
51 25280
51 25296
51 25305
51 25325
51 25334
51 25342
51 25344
51 25364
51 25385
51 25387
51 25421
51 25454
51 25458
51 25461
51 25469
51 25482
51 25492
51 25513
51 25522
51 25532
51 25548
51 25549
51 25558
51 25567
51 25568
51 25589
51 25599
51 25602
51 25626
51 25637
51 25651
51 25664
51 25705
51 25744
51 25747
51 25749
51 25777
51 25805
51 25809
51 25851
51 25852
51 25874
51 25885
51 25957
51 25975
51 25996
51 26009
51 26010
51 26019
51 26042
51 26093
51 26099
51 26104
51 26132
51 26151
51 26156
51 26213
51 26227
51 26261
51 26330
51 26334
51 26362
51 26363
51 26390
51 26407
51 26431
51 26445
51 26461
51 26466
51 26481
51 26490
51 26498
51 26500
51 26504
51 26531
51 26579
51 26597
51 26633
51 26655
51 26676
51 26746
51 26765
51 26821
51 26861
51 26870
51 26891
51 26921
51 26929
51 27022
51 27065
51 27084
51 27095
51 27109
51 27155
51 27156
51 27180
51 27190
51 27209
51 27220
51 27262
51 27278
51 27309
51 27322
51 27369
51 27416
51 27423
51 27442
51 27443
51 27452
51 27456
51 27548
51 27551
51 27552
51 27611
51 27617
51 27622
51 27643
51 27679
51 27681
51 27705
51 27734
51 27738
51 27773
51 27788
51 27821
51 27830
51 27831
51 27856
51 27863
51 27872
51 27878
51 27887
51 27892
51 27924
51 27934
51 27938
51 27943
51 27960
51 28002
51 28015
51 28027
51 28061
51 28073
51 28082
51 28106
51 28133
51 28148
51 28165
51 28167
51 28172
51 28188
51 28217
51 28231
51 28239
51 28268
51 28347
51 28357
51 28378
51 28387
51 28420
51 28422
51 28425
51 28428
51 28484
51 28493
51 28510
51 28512
51 28521
51 28526
51 28532
51 28539
51 28542
51 28566
51 28582
51 28603
51 28605
51 28632
51 28677
51 28685
51 28717
51 28757
51 28764
51 28777
51 28834
51 28861
51 28865
51 28893
51 28937
51 28943
51 28963
51 28978
51 28990
51 28992
51 28994
51 28999
51 29039
51 29044
51 29074
51 29076
51 29078
51 29084
51 29102
51 29141
51 29156
51 29210
51 29223
51 29241
51 29247
51 29268
51 29291
51 29299
51 29325
51 29410
51 29466
51 29502
51 29514
51 29525
51 29530
51 29555
51 29579
51 29603
51 29628
51 29658
51 29672
51 29696
51 29720
51 29725
51 29730
51 29743
51 29752
51 29760
51 29769
51 29789
51 29795
51 29799
51 29818
51 29849
51 29858
51 29884
51 29900
51 29948
51 30021
51 30056
51 30077
51 30082
51 30104
51 30134
51 30158
51 30169
51 30175
51 30287
51 30290
51 30313
51 30376
51 30377
51 30383
51 30395
51 30405
51 30412
51 30445
51 30456
51 30474
51 30507
51 30523
51 30524
51 30552
51 30575
51 30600
51 30611
51 30618
51 30644
51 30647
51 30653
51 30705
51 30710
51 30712
51 30717
51 30751
51 30793
51 30807
51 30814
51 30847
51 30855
51 30865
51 30881
51 30929
51 30951
51 30969
51 31076
51 31087
51 31094
51 31133
51 31145
51 31160
51 31180
51 31186
51 31203
51 31208
51 31232
51 31293
51 31299
51 31310
51 31348
51 31370
51 31372
51 31377
51 31426
51 31450
51 31483
51 31510
51 31522
51 31532
51 31571
51 31611
51 31618
51 31626
51 31652
51 31657
51 31665
51 31684
51 31690
51 31712
51 31728
51 31734
51 31775
51 31816
51 31817
51 31831
51 31843
51 31887
51 31892
51 31899
51 31922
51 31924
51 31950
51 31971
51 31977
51 32005
51 32007
51 32011
51 32074
51 32125
51 32131
51 32134
51 32145
51 32152
51 32153
51 32156
51 32164
51 32207
51 32255
51 32270
51 32291
51 32327
51 32330
51 32357
51 32366
51 32367
51 32390
51 32397
51 32398
51 32414
51 32434
51 32450
51 32493
51 32524
51 32581
51 32612
51 32622
51 32651
51 32652
51 32684
51 32706
51 32733
51 32767
51 32772
51 32773
51 32778
51 32824
51 32829
51 32855
51 32857
51 32868
51 32881
51 32888
51 32899
51 32906
51 32961
51 32982
51 32992
51 33011
51 33021
51 33023
51 33063
51 33075
51 33080
51 33087
51 33107
51 33113
51 33150
51 33153
51 33183
51 33209
51 33213
51 33227
51 33244
51 33252
51 33254
51 33265
51 33269
51 33278
51 33328
51 33369
51 33401
51 33433
51 33443
51 33451
51 33488
51 33553
51 33585
51 33596
51 33606
51 33612
51 33691
51 33698
51 33717
51 33720
51 33760
51 33831
51 33860
51 33896
51 33902
51 33905
51 33910
51 33936
51 33939
51 33946
51 33953
51 33973
51 33995
51 34025
51 34040
51 34077
51 34082
51 34093
51 34097
51 34153
51 34232
51 34237
51 34252
51 34253
51 34274
51 34280
51 34312
51 34319
51 34328
51 34340
51 34362
51 34366
51 34392
51 34405
51 34412
51 34419
51 34429
51 34430
51 34431
51 34453
51 34461
51 34488
51 34495
51 34503
51 34511
51 34559
51 34588
51 34593
51 34598
51 34615
51 34624
51 34631
51 34635
51 34636
51 34643
51 34648
51 34659
51 34694
51 34700
51 34706
51 34731
51 34745
51 34757
51 34761
51 34800
51 34843
51 34859
51 34874
51 34880
51 34909
51 34935
51 34963
51 34966
51 35025
51 35060
51 35061
51 35086
51 35121
51 35122
51 35131
51 35147
51 35156
51 35203
51 35219
51 35253
51 35273
51 35278
51 35333
51 35334
51 35344
51 35374
51 35387
51 35389
51 35438
51 35462
51 35513
51 35532
51 35547
51 35557
51 35567
51 35579
51 35580
51 35664
51 35687
51 35690
51 35704
51 35720
51 35728
51 35743
51 35749
51 35779
51 35801
51 35816
51 35825
51 35869
51 35920
51 35922
51 36005
51 36057
51 36058
51 36063
51 36099
51 36136
51 36146
51 36215
51 36254
51 36300
51 36320
51 36344
51 36370
51 36412
51 36430
51 36471
51 36499
51 36538
51 36541
51 36548
51 36576
51 36589
51 36592
51 36606
51 36623
51 36646
51 36649
51 36651
51 36683
51 36689
51 36702
51 36739
51 36779
51 36784
51 36788
51 36790
51 36793
51 36838
51 36842
51 36847
51 36890
51 36922
51 36945
51 36984
51 36993
51 37031
51 37039
51 37057
51 37062
51 37074
51 37096
51 37122
51 37127
51 37132
51 37137
51 37171
51 37204
51 37221
51 37253
51 37286
51 37350
51 37354
51 37388
51 37395
51 37407
51 37411
51 37416
51 37420
51 37434
51 37442
51 37492
51 37514
51 37519
51 37527
51 37531
51 37538
51 37539
51 37542
51 37552
51 37602
51 37625
51 37656
51 37661
51 37676
51 37709
51 37733
51 37735
51 37747
51 37760
51 37773
51 37780
51 37809
51 37817
51 37819
51 37834
51 37864
51 37889
51 37892
51 37925
51 37931
51 37944
51 38000
51 38041
51 38054
51 38061
51 38070
51 38080
51 38117
51 38119
51 38120
51 38152
51 38159
51 38219
51 38220
51 38235
51 38308
51 38362
51 38371
51 38400
51 38437
51 38534
51 38547
51 38570
51 38580
51 38597
51 38627
51 38651
51 38653
51 38657
51 38686
51 38723
51 38730
51 38741
51 38794
51 38802
51 38836
51 38878
51 38889
51 38891
51 38949
51 38971
51 38982
51 38984
51 38987
51 38996
51 39027
51 39031
51 39090
51 39143
51 39146
51 39150
51 39162
51 39167
51 39187
51 39197
51 39198
51 39236
51 39294
51 39307
51 39401
51 39407
51 39412
51 39414
51 39424
51 39455
51 39456
51 39478
51 39486
51 39489
51 39511
51 39539
51 39566
51 39589
51 39614
51 39641
51 39709
51 39735
51 39762
51 39784
51 39798
51 39810
51 39840
51 39859
51 39870
51 39908
51 39972
51 39982
51 40005
51 40028
51 40051
51 40103
51 40119
51 40145
51 40146
51 40163
51 40186
51 40210
51 40212
51 40213
51 40245
51 40258
51 40310
51 40315
51 40335
51 40342
51 40355
51 40408
51 40440
51 40446
51 40458
51 40480
51 40491
51 40492
51 40531
51 40619
51 40638
51 40651
51 40652
51 40742
51 40822
51 40831
51 40840
51 40868
51 40876
51 40882
51 40891
51 40894
51 40928
51 40941
51 40960
51 40995
51 41037
51 41042
51 41053
51 41062
51 41078
51 41099
51 41104
51 41123
51 41127
51 41181
51 41198
51 41228
51 41245
51 41251
51 41256
51 41308
51 41349
51 41357
51 41389
51 41454
51 41500
51 41511
51 41517
51 41525
51 41567
51 41582
51 41603
51 41607
51 41612
51 41614
51 41622
51 41634
51 41644
51 41645
51 41683
51 41696
51 41712
51 41715
51 41717
51 41727
51 41773
51 41797
51 41812
51 41815
51 41827
51 41830
51 41921
51 41972
51 41985
51 42061
51 42096
51 42104
51 42142
51 42195
51 42204
51 42221
51 42233
51 42239
51 42260
51 42280
51 42300
51 42355
51 42371
51 42389
51 42396
51 42419
51 42439
51 42491
51 42496
51 42500
51 42520
51 42542
51 42590
51 42617
51 42643
51 42662
51 42664
51 42683
51 42684
51 42705
51 42718
51 42771
51 42775
51 42799
51 42824
51 42833
51 42843
51 42845
51 42936
51 42977
51 42994
51 43005
51 43033
51 43060
51 43103
51 43122
51 43133
51 43139
51 43147
51 43196
51 43207
51 43242
51 43260
51 43282
51 43311
51 43345
51 43394
51 43439
51 43440
51 43447
51 43470
51 43524
51 43547
51 43555
51 43574
51 43586
51 43594
51 43603
51 43616
51 43621
51 43639
51 43643
51 43688
51 43692
51 43698
51 43735
51 43754
51 43759
51 43788
51 43803
51 43809
51 43814
51 43844
51 43918
51 43954
51 43965
51 43998
51 44035
51 44071
51 44074
51 44084
51 44101
51 44114
51 44125
51 44153
51 44159
51 44186
51 44203
51 44237
51 44245
51 44254
51 44263
51 44276
51 44287
51 44303
51 44308
51 44333
51 44334
51 44342
51 44352
51 44371
51 44389
51 44394
51 44414
51 44516
51 44563
51 44576
51 44582
51 44605
51 44629
51 44636
51 44736
51 44758
51 44772
51 44797
51 44810
51 44823
51 44830
51 44834
51 44841
51 44881
51 44882
51 44887
51 44920
51 44992
51 45019
51 45027
51 45032
51 45045
51 45072
51 45100
51 45103
51 45137
51 45174
51 45184
51 45190
51 45192
51 45195
51 45196
51 45208
51 45222
51 45231
51 45239
51 45258
51 45262
51 45280
51 45308
51 45331
51 45342
51 45394
51 45405
51 45408
51 45412
51 45438
51 45441
51 45553
51 45562
51 45576
51 45581
51 45582
51 45583
51 45621
51 45630
51 45715
51 45747
51 45780
51 45808
51 45879
51 45891
51 45907
51 45934
51 45942
51 45961
51 45988
51 46010
51 46055
51 46064
51 46067
51 46073
51 46112
51 46118
51 46126
51 46136
51 46142
51 46216
51 46227
51 46228
51 46245
51 46248
51 46253
51 46287
51 46299
51 46316
51 46326
51 46393
51 46411
51 46419
51 46435
51 46457
51 46500
51 46529
51 46549
51 46569
51 46735
51 46769
51 46791
51 46830
51 46835
51 46852
51 46884
51 46894
51 46910
51 46942
51 46975
51 46980
51 46986
51 46988
51 46999
51 47056
51 47080
51 47090
51 47093
51 47204
51 47240
51 47292
51 47310
51 47337
51 47342
51 47387
51 47392
51 47415
51 47456
51 47457
51 47503
51 47507
51 47546
51 47553
51 47568
51 47601
51 47657
51 47666
51 47691
51 47729
51 47787
51 47803
51 47804
51 47812
51 47851
51 47854
51 47934
51 47952
51 47993
51 48020
51 48022
51 48090
51 48092
51 48101
51 48117
51 48162
51 48176
51 48187
51 48207
51 48217
51 48278
51 48288
51 48290
51 48304
51 48324
51 48333
51 48334
51 48342
51 48354
51 48364
51 48373
51 48385
51 48403
51 48415
51 48434
51 48468
51 48491
51 48505
51 48570
51 48607
51 48612
51 48614
51 48624
51 48638
51 48698
51 48702
51 48729
51 48736
51 48738
51 48739
51 48806
51 48816
51 48846
51 48851
51 48968
51 48972
51 49055
51 49072
51 49080
51 49090
51 49102
51 49107
51 49109
51 49112
51 49180
51 49250
51 49266
51 49273
51 49309
51 49314
51 49315
51 49371
51 49387
51 49398
51 49404
51 49435
51 49555
51 49561
51 49598
51 49636
51 49642
51 49659
51 49673
51 49676
51 49687
51 49688
51 49715
51 49744
51 49753
51 49826
51 49904
51 49910
51 49948
51 49969
51 49993
51 50002
51 50024
51 50040
51 50049
51 50052
51 50062
51 50070
51 50073
51 50075
51 50108
51 50129
51 50151
51 50182
51 50236
51 50270
51 50300
51 50391
51 50422
51 50459
51 50482
51 50487
51 50491
51 50514
51 50576
51 50587
51 50609
51 50655
51 50670
51 50683
51 50686
51 50687
51 50712
51 50754
51 50772
51 50793
51 50794
51 50801
51 50806
51 50832
51 50861
51 50866
51 50888
51 50935
51 50947
51 50969
51 51040
51 51052
51 51155
51 51190
51 51198
51 51255
51 51273
51 51313
51 51345
51 51360
51 51378
51 51402
51 51487
51 51497
51 51568
51 51609
51 51661
51 51664
51 51669
51 51693
51 51743
51 51745
51 51781
51 51844
51 51867
51 51896
51 51928
51 51930
51 51950
51 51951
51 51991
51 51993
51 51996
51 52005
51 52042
51 52111
51 52128
51 52180
51 52198
51 52201
51 52250
51 52253
51 52256
51 52309
51 52316
51 52334
51 52349
51 52372
51 52375
51 52394
51 52400
51 52402
51 52439
51 52454
51 52480
51 52503
51 52509
51 52514
51 52515
51 52529
51 52536
51 52537
51 52546
51 52555
51 52574
51 52576
51 52583
51 52584
51 52591
51 52631
51 52633
51 52685
51 52693
51 52703
51 52715
51 52722
51 52737
51 52748
51 52755
51 52766
51 52794
51 52804
51 52820
51 52839
51 52840
51 52853
51 52893
51 52923
51 52965
51 52977
51 53037
51 53067
51 53079
51 53084
51 53092
51 53114
51 53116
51 53127
51 53142
51 53188
51 53213
51 53232
51 53238
51 53251
51 53255
51 53257
51 53266
51 53271
51 53286
51 53298
51 53327
51 53344
51 53367
51 53401
51 53445
51 53499
51 53517
51 53531
51 53567
51 53580
51 53613
51 53639
51 53682
51 53727
51 53743
51 53749
51 53757
51 53765
51 53780
51 53828
51 53830
51 53842
51 53885
51 53905
51 53943
51 53978
51 53980
51 54011
51 54035
51 54083
51 54093
51 54094
51 54114
51 54125
51 54128
51 54184
51 54238
51 54309
51 54312
51 54318
51 54329
51 54371
51 54376
51 54392
51 54409
51 54414
51 54424
51 54429
51 54436
51 54440
51 54442
51 54447
51 54466
51 54473
51 54496
51 54517
51 54617
51 54618
51 54670
51 54677
51 54775
51 54794
51 54829
51 54859
51 54863
51 54869
51 54873
51 54969
51 54983
51 54997
51 55083
51 55134
51 55171
51 55204
51 55252
51 55255
51 55265
51 55286
51 55404
51 55420
51 55421
51 55424
51 55455
51 55471
51 55474
51 55504
51 55532
51 55564
51 55577
51 55598
51 55608
51 55633
51 55641
51 55684
51 55686
51 55691
51 55749
51 55751
51 55787
51 55906
51 55916
51 55948
51 55967
51 55978
51 55987
51 55989
51 56001
51 56058
51 56065
51 56086
51 56164
51 56180
51 56221
51 56245
51 56256
51 56338
51 56369
51 56389
51 56434
51 56445
51 56449
51 56480
51 56481
51 56548
51 56550
51 56592
51 56654
51 56678
51 56701
51 56706
51 56713
51 56729
51 56761
51 56820
51 56826
51 56834
51 56881
51 56957
51 57022
51 57033
51 57034
51 57058
51 57074
51 57082
51 57103
51 57105
51 57177
51 57183
51 57262
51 57265
51 57295
51 57312
51 57321
51 57356
51 57366
51 57377
51 57388
51 57490
51 57492
51 57545
51 57606
51 57627
51 57631
51 57671
51 57694
51 57707
51 57737
51 57758
51 57773
51 57783
51 57804
51 57821
51 57903
51 57904
51 57907
51 57921
51 57926
51 57942
51 57963
51 57990
51 57992
51 58006
51 58015
51 58016
51 58045
51 58061
51 58066
51 58078
51 58103
51 58143
51 58209
51 58220
51 58232
51 58236
51 58252
51 58261
51 58262
51 58279
51 58299
51 58301
51 58316
51 58335
51 58344
51 58353
51 58362
51 58366
51 58389
51 58436
51 58444
51 58458
51 58474
51 58518
51 58559
51 58561
51 58592
51 58604
51 58637
51 58647
51 58664
51 58681
51 58687
51 58739
51 58782
51 58798
51 58860
51 58869
51 58909
51 58914
51 58923
51 58955
51 58959
51 58979
51 59000
51 59013
51 59030
51 59057
51 59066
51 59114
51 59132
51 59133
51 59183
51 59207
51 59229
51 59315
51 59330
51 59377
51 59412
51 59431
51 59460
51 59461
51 59476
51 59477
51 59504
51 59512
51 59533
51 59581
51 59584
51 59588
51 59590
51 59646
51 59674
51 59719
51 59725
51 59760
51 59800
51 59833
51 59838
51 59841
51 59858
51 59886
51 59907
51 59918
51 59942
51 59949
51 59961
51 59976
51 60023
51 60025
51 60026
51 60033
51 60051
51 60054
51 60087
51 60091
51 60093
51 60100
51 60111
51 60168
51 60203
51 60219
51 60239
51 60250
51 60252
51 60263
51 60272
51 60275
51 60286
51 60312
51 60334
51 60347
51 60350
51 60369
51 60370
51 60412
51 60432
51 60447
51 60470
51 60471
51 60505
51 60520
51 60529
51 60542
51 60572
51 60573
51 60597
51 60610
51 60629
51 60658
51 60662
51 60696
51 60791
51 60807
51 60816
51 60824
51 60882
51 60911
51 60915
51 60942
51 60946
51 60947
51 60956
51 60960
51 60976
51 61030
51 61068
51 61082
51 61085
51 61088
51 61119
51 61130
51 61148
51 61150
51 61152
51 61162
51 61203
51 61204
51 61234
51 61243
51 61260
51 61267
51 61319
51 61334
51 61383
51 61413
51 61418
51 61434
51 61441
51 61445
51 61450
51 61470
51 61501
51 61506
51 61579
51 61584
51 61587
51 61602
51 61611
51 61618
51 61631
51 61646
51 61659
51 61692
51 61697
51 61744
51 61746
51 61787
51 61806
51 61891
51 61913
51 61926
51 61955
51 61960
51 61961
51 61972
51 61984
51 61995
51 62007
51 62084
51 62105
51 62106
51 62119
51 62120
51 62144
51 62181
51 62187
51 62208
51 62210
51 62215
51 62241
51 62242
51 62303
51 62324
51 62331
51 62352
51 62366
51 62393
51 62411
51 62427
51 62446
51 62452
51 62462
51 62464
51 62485
51 62488
51 62511
51 62579
51 62628
51 62648
51 62661
51 62677
51 62684
51 62687
51 62699
51 62702
51 62793
51 62796
51 62797
51 62806
51 62827
51 62830
51 62841
51 62861
51 62909
51 62924
51 62943
51 62974
51 62999
51 63010
51 63018
51 63021
51 63027
51 63041
51 63106
51 63151
51 63180
51 63203
51 63219
51 63227
51 63246
51 63275
51 63326
51 63344
51 63353
51 63370
51 63383
51 63399
51 63454
51 63476
51 63487
51 63494
51 63514
51 63515
51 63521
51 63526
51 63530
51 63533
51 63539
51 63545
51 63554
51 63576
51 63609
51 63612
51 63628
51 63638
51 63645
51 63669
51 63711
51 63716
51 63718
51 63729
51 63733
51 63756
51 63780
51 63794
51 63798
51 63829
51 63882
51 63913
51 63924
51 63967
51 64015
51 64072
51 64119
51 64157
51 64196
51 64211
51 64225
51 64239
51 64264
51 64305
51 64328
51 64349
51 64355
51 64365
51 64395
51 64416
51 64423
51 64430
51 64436
51 64463
51 64467
51 64479
51 64496
51 64530
51 64564
51 64597
51 64608
51 64630
51 64649
51 64650
51 64653
51 64676
51 64685
51 64718
51 64721
51 64740
51 64742
51 64786
51 64810
51 64817
51 64863
51 64867
51 64894
51 64901
51 64920
51 64924
51 64990
51 64992
51 65069
51 65074
51 65077
51 65087
51 65088
51 65094
51 65096
51 65117
51 65129
51 65152
51 65177
51 65179
51 65194
51 65213
51 65222
51 65244
51 65251
51 65273
51 65275
51 65284
51 65301
51 65358
51 65360
51 65361
51 65419
51 65424
51 65509
51 65516
51 65522
51 65553
51 65576
51 65627
51 65628
51 65630
51 65644
51 65646
51 65664
51 65668
51 65690
51 65736
51 65778
51 65789
51 65791
51 65804
51 65809
51 65811
51 65835
51 65845
51 65848
51 65875
51 65912
51 65914
51 65918
51 65928
51 65952
51 65954
51 65966
51 65969
51 65978
51 66032
51 66048
51 66070
51 66131
51 66163
51 66175
51 66180
51 66181
51 66193
51 66201
51 66219
51 66226
51 66235
51 66247
51 66256
51 66272
51 66376
51 66432
51 66437
51 66537
51 66579
51 66581
51 66623
51 66692
51 66747
51 66763
51 66768
51 66774
51 66795
51 66841
51 66844
51 66857
51 66858
51 66867
51 66871
51 66876
51 66882
51 66896
51 66909
51 66940
51 66994
51 67047
51 67050
51 67070
51 67081
51 67118
51 67170
51 67199
51 67209
51 67218
51 67224
51 67259
51 67280
51 67293
51 67304
51 67313
51 67335
51 67364
51 67468
51 67510
51 67527
51 67530
51 67551
51 67560
51 67595
51 67605
51 67608
51 67628
51 67632
51 67646
51 67649
51 67672
51 67682
51 67693
51 67718
51 67734
51 67854
51 67855
51 67889
51 67897
51 67899
51 67908
51 67992
51 68023
51 68066
51 68069
51 68070
51 68094
51 68103
51 68106
51 68107
51 68108
51 68123
51 68144
51 68157
51 68176
51 68198
51 68253
51 68265
51 68284
51 68294
51 68295
51 68296
51 68313
51 68347
51 68356
51 68366
51 68397
51 68405
51 68497
51 68502
51 68537
51 68543
51 68569
51 68579
51 68591
51 68603
51 68605
51 68630
51 68660
51 68672
51 68692
51 68704
51 68724
51 68727
51 68729
51 68742
51 68780
51 68785
51 68835
51 68909
51 68966
51 68971
51 69022
51 69061
51 69067
51 69091
51 69107
51 69108
51 69130
51 69151
51 69157
51 69167
51 69184
51 69197
51 69223
51 69231
51 69269
51 69282
51 69346
51 69363
51 69377
51 69378
51 69381
51 69390
51 69435
51 69450
51 69470
51 69472
51 69478
51 69554
51 69557
51 69616
51 69654
51 69673
51 69674
51 69686
51 69706
51 69710
51 69723
51 69735
51 69738
51 69752
51 69763
51 69783
51 69792
51 69800
51 69837
51 69861
51 69905
51 69922
51 69950
51 69960
51 70024
51 70048
51 70049
51 70057
51 70076
51 70094
51 70119
51 70127
51 70142
51 70165
51 70210
51 70231
51 70238
51 70239
51 70247
51 70255
51 70256
51 70278
51 70282
51 70283
51 70307
51 70323
51 70350
51 70382
51 70394
51 70399
51 70402
51 70434
51 70437
51 70440
51 70451
51 70452
51 70475
51 70483
51 70506
51 70519
51 70530
51 70531
51 70538
51 70597
51 70615
51 70619
51 70621
51 70626
51 70627
51 70631
51 70661
51 70709
51 70715
51 70742
51 70753
51 70755
51 70765
51 70780
51 70782
51 70798
51 70819
51 70834
51 70835
51 70845
51 70876
51 70888
51 70889
51 70923
51 70954
51 70959
51 70987
51 71004
51 71012
51 71047
51 71089
51 71112
51 71113
51 71130
51 71158
51 71170
51 71224
51 71259
51 71293
51 71312
51 71322
51 71327
51 71328
51 71336
51 71338
51 71358
51 71393
51 71416
51 71419
51 71467
51 71470
51 71496
51 71519
51 71539
51 71574
51 71586
51 71599
51 71601
51 71649
51 71669
51 71670
51 71697
51 71727
51 71731
51 71740
51 71743
51 71744
51 71752
51 71758
51 71833
51 71845
51 71876
51 71907
51 71951
51 71958
51 71973
51 72008
51 72017
51 72037
51 72043
51 72078
51 72084
51 72121
51 72153
51 72177
51 72182
51 72183
51 72228
51 72234
51 72243
51 72267
51 72334
51 72353
51 72371
51 72372
51 72384
51 72389
51 72405
51 72418
51 72431
51 72445
51 72528
51 72529
51 72534
51 72610
51 72623
51 72634
51 72678
51 72695
51 72743
51 72750
51 72757
51 72777
51 72791
51 72834
51 72850
51 72899
51 72921
51 72957
51 72966
51 72969
51 72977
51 72989
51 72997
51 72998
51 73007
51 73036
51 73043
51 73049
51 73063
51 73138
51 73156
51 73162
51 73168
51 73179
51 73190
51 73193
51 73203
51 73205
51 73279
51 73313
51 73338
51 73397
51 73467
51 73478
51 73485
51 73524
51 73546
51 73565
51 73579
51 73617
51 73659
51 73672
51 73693
51 73698
51 73709
51 73711
51 73720
51 73723
51 73818
51 73821
51 73830
51 73866
51 73883
51 73940
51 74005
51 74009
51 74010
51 74063
51 74086
51 74101
51 74185
51 74187
51 74222
51 74223
51 74239
51 74240
51 74246
51 74275
51 74304
51 74340
51 74345
51 74355
51 74357
51 74363
51 74377
51 74379
51 74381
51 74393
51 74441
51 74505
51 74510
51 74528
51 74534
51 74535
51 74540
51 74546
51 74548
51 74556
51 74594
51 74598
51 74602
51 74605
51 74634
51 74653
51 74699
51 74711
51 74717
51 74777
51 74799
51 74806
51 74827
51 74863
51 74886
51 74907
51 74920
51 74928
51 74949
51 74962
51 75008
51 75012
51 75055
51 75059
51 75063
51 75065
51 75067
51 75091
51 75092
51 75114
51 75177
51 75190
51 75191
51 75192
51 75218
51 75240
51 75258
51 75262
51 75286
51 75319
51 75366
51 75375
51 75388
51 75410
51 75423
51 75428
51 75451
51 75485
51 75492
51 75520
51 75549
51 75645
51 75664
51 75739
51 75790
51 75811
51 75821
51 75849
51 75850
51 75852
51 75873
51 75898
51 75953
51 75958
51 75961
51 75983
51 76016
51 76070
51 76072
51 76079
51 76173
51 76233
51 76252
51 76254
51 76266
51 76283
51 76321
51 76402
51 76443
51 76458
51 76508
51 76530
51 76544
51 76551
51 76567
51 76603
51 76701
51 76724
51 76727
51 76775
51 76777
51 76818
51 76823
51 76828
51 76848
51 76882
51 76900
51 76917
51 76939
51 76953
51 76988
51 77000
51 77008
51 77046
51 77077
51 77111
51 77115
51 77180
51 77259
51 77270
51 77294
51 77316
51 77333
51 77342
51 77351
51 77377
51 77387
51 77388
51 77414
51 77438
51 77441
51 77522
51 77547
51 77561
51 77633
51 77681
51 77689
51 77754
51 77784
51 77787
51 77797
51 77798
51 77854
51 77872
51 77920
51 77927
51 77933
51 78009
51 78022
51 78027
51 78032
51 78036
51 78067
51 78092
51 78111
51 78126
51 78137
51 78139
51 78146
51 78149
51 78176
51 78207
51 78227
51 78254
51 78276
51 78282
51 78290
51 78365
51 78389
51 78394
51 78427
51 78443
51 78445
51 78483
51 78511
51 78512
51 78520
51 78539
51 78541
51 78542
51 78561
51 78564
51 78565
51 78591
51 78600
51 78611
51 78658
51 78703
51 78725
51 78762
51 78766
51 78817
51 78857
51 78868
51 78889
51 78899
51 78910
51 78953
51 78960
51 78961
51 78964
51 78967
51 78979
51 79005
51 79100
51 79104
51 79108
51 79124
51 79146
51 79172
51 79208
51 79223
51 79229
51 79246
51 79249
51 79264
51 79268
51 79279
51 79308
51 79371
51 79391
51 79411
51 79438
51 79472
51 79502
51 79510
51 79523
51 79632
51 79662
51 79673
51 79712
51 79714
51 79724
51 79732
51 79761
51 79770
51 79778
51 79829
51 79870
51 79872
51 80000
51 80011
51 80026
51 80077
51 80096
51 80145
51 80153
51 80162
51 80174
51 80216
51 80225
51 80227
51 80233
51 80266
51 80286
51 80302
51 80318
51 80329
51 80368
51 80417
51 80432
51 80437
51 80467
51 80481
51 80506
51 80555
51 80566
51 80568
51 80607
51 80611
51 80612
51 80640
51 80654
51 80692
51 80719
51 80736
51 80740
51 80775
51 80815
51 80865
51 80894
51 80977
51 80981
51 80982
51 80998
51 81019
51 81027
51 81039
51 81048
51 81051
51 81052
51 81053
51 81057
51 81071
51 81100
51 81130
51 81144
51 81178
51 81239
51 81255
51 81291
51 81294
51 81313
51 81365
51 81397
51 81427
51 81436
51 81444
51 81505
51 81543
51 81555
51 81563
51 81570
51 81593
51 81635
51 81662
51 81699
51 81710
51 81715
51 81721
51 81753
51 81762
51 81782
51 81792
51 81805
51 81809
51 81837
51 81849
51 81863
51 81866
51 81896
51 81905
51 81941
51 81973
51 82016
51 82157
51 82158
51 82168
51 82198
51 82210
51 82218
51 82233
51 82236
51 82246
51 82254
51 82301
51 82306
51 82308
51 82312
51 82325
51 82330
51 82352
51 82359
51 82384
51 82394
51 82504
51 82532
51 82536
51 82556
51 82579
51 82587
51 82603
51 82605
51 82652
51 82823
51 82834
51 82854
51 82869
51 82870
51 82879
51 82909
51 82920
51 82923
51 83026
51 83036
51 83093
51 83099
51 83128
51 83190
51 83229
51 83245
51 83289
51 83337
51 83388
51 83420
51 83431
51 83462
51 83486
51 83497
51 83503
51 83525
51 83591
51 83599
51 83607
51 83615
51 83627
51 83644
51 83646
51 83647
51 83667
51 83713
51 83715
51 83716
51 83769
51 83770
51 83782
51 83784
51 83787
51 83817
51 83875
51 83879
51 83881
51 83884
51 83899
51 83901
51 83932
51 83933
51 83947
51 83992
51 84006
51 84008
51 84053
51 84084
51 84123
51 84135
51 84146
51 84154
51 84165
51 84208
51 84211
51 84251
51 84268
51 84276
51 84293
51 84299
51 84307
51 84326
51 84340
51 84364
51 84466
51 84525
51 84545
51 84552
51 84558
51 84585
51 84597
51 84662
51 84678
51 84701
51 84718
51 84762
51 84784
51 84794
51 84840
51 84847
51 84884
51 84886
51 84896
51 84922
51 84929
51 84934
51 84955
51 84990
51 85026
51 85030
51 85037
51 85046
51 85052
51 85059
51 85192
51 85268
51 85273
51 85279
51 85359
51 85366
51 85369
51 85421
51 85423
51 85425
51 85501
51 85511
51 85545
51 85560
51 85588
51 85592
51 85617
51 85655
51 85662
51 85679
51 85691
51 85707
51 85717
51 85725
51 85732
51 85786
51 85791
51 85795
51 85809
51 85932
51 85942
51 85954
51 85989
51 85991
51 86007
51 86014
51 86048
51 86072
51 86137
51 86152
51 86173
51 86182
51 86233
51 86235
51 86261
51 86363
51 86393
51 86409
51 86429
51 86430
51 86488
51 86503
51 86528
51 86589
51 86600
51 86666
51 86667
51 86698
51 86717
51 86728
51 86790
51 86827
51 86846
51 86917
51 86932
51 86960
51 86966
51 86970
51 86985
51 87085
51 87094
51 87149
51 87160
51 87186
51 87221
51 87224
51 87228
51 87275
51 87295
51 87345
51 87359
51 87365
51 87391
51 87400
51 87449
51 87452
51 87453
51 87472
51 87482
51 87497
51 87551
51 87631
51 87635
51 87642
51 87649
51 87686
51 87691
51 87717
51 87729
51 87730
51 87799
51 87816
51 87837
51 87884
51 87890
51 87896
51 87925
51 87939
51 87978
51 87987
51 88001
51 88012
51 88030
51 88082
51 88085
51 88125
51 88130
51 88135
51 88157
51 88179
51 88182
51 88185
51 88203
51 88275
51 88302
51 88353
51 88355
51 88408
51 88442
51 88494
51 88541
51 88545
51 88547
51 88556
51 88593
51 88607
51 88611
51 88616
51 88618
51 88637
51 88706
51 88714
51 88785
51 88807
51 88832
51 88834
51 88876
51 88897
51 88937
51 89008
51 89012
51 89068
51 89269
51 89275
51 89289
51 89301
51 89487
51 89499
51 89516
51 89538
51 89554
51 89580
51 89603
51 89615
51 89628
51 89643
51 89683
51 89691
51 89729
51 89800
51 89840
51 89890
51 89892
51 89954
51 89960
51 89970
51 89971
51 90013
51 90069
51 90078
51 90117
51 90126
51 90132
51 90149
51 90153
51 90173
51 90184
51 90217
51 90229
51 90239
51 90255
51 90268
51 90308
51 90316
51 90326
51 90345
51 90361
51 90367
51 90380
51 90393
51 90412
51 90424
51 90434
51 90477
51 90478
51 90491
51 90500
51 90518
51 90538
51 90591
51 90610
51 90637
51 90682
51 90742
51 90758
51 90782
51 90834
51 90989
51 91004
51 91013
51 91042
51 91061
51 91063
51 91085
51 91111
51 91123
51 91147
51 91226
51 91289
51 91300
51 91306
51 91315
51 91356
51 91365
51 91368
51 91388
51 91472
51 91474
51 91502
51 91520
51 91541
51 91545
51 91563
51 91613
51 91636
51 91646
51 91666
51 91752
51 91779
51 91862
51 91868
51 91873
51 91901
51 91942
51 91976
51 91983
51 92004
51 92043
51 92044
51 92071
51 92080
51 92133
51 92168
51 92173
51 92194
51 92211
51 92275
51 92316
51 92337
51 92354
51 92363
51 92366
51 92376
51 92408
51 92410
51 92416
51 92433
51 92466
51 92504
51 92515
51 92521
51 92526
51 92531
51 92533
51 92539
51 92544
51 92574
51 92579
51 92642
51 92644
51 92664
51 92669
51 92676
51 92687
51 92763
51 92786
51 92800
51 92829
51 92949
51 93025
51 93030
51 93054
51 93062
51 93077
51 93079
51 93081
51 93092
51 93101
51 93117
51 93130
51 93219
51 93222
51 93239
51 93278
51 93282
51 93313
51 93344
51 93347
51 93358
51 93365
51 93414
51 93433
51 93455
51 93507
51 93530
51 93549
51 93564
51 93579
51 93690
51 93702
51 93706
51 93718
51 93726
51 93737
51 93744
51 93747
51 93757
51 93769
51 93782
51 93787
51 93789
51 93804
51 93809
51 93847
51 93976
51 93997
51 94094
51 94153
51 94173
51 94181
51 94214
51 94228
51 94246
51 94267
51 94306
51 94310
51 94324
51 94350
51 94367
51 94405
51 94409
51 94438
51 94458
51 94459
51 94469
51 94499
51 94527
51 94539
51 94589
51 94603
51 94634
51 94650
51 94667
51 94682
51 94683
51 94720
51 94724
51 94785
51 94799
51 94823
51 94917
51 94930
51 94957
51 94968
51 94982
51 94993
51 94997
51 95036
51 95051
51 95101
51 95160
51 95162
51 95216
51 95245
51 95257
51 95267
51 95276
51 95282
51 95289
51 95291
51 95294
51 95301
51 95335
51 95360
51 95381
51 95491
51 95502
51 95656
51 95671
51 95672
51 95687
51 95705
51 95732
51 95752
51 95759
51 95975
51 95976
51 96028
51 96029
51 96035
51 96039
51 96090
51 96100
51 96102
51 96109
51 96136
51 96150
51 96155
51 96156
51 96193
51 96207
51 96238
51 96255
51 96336
51 96338
51 96343
51 96347
51 96355
51 96356
51 96357
51 96450
51 96464
51 96465
51 96468
51 96471
51 96498
51 96538
51 96542
51 96554
51 96561
51 96562
51 96578
51 96591
51 96654
51 96662
51 96671
51 96687
51 96707
51 96710
51 96722
51 96779
51 96794
51 96818
51 96889
51 96900
51 96902
51 96922
51 96925
51 96941
51 96954
51 96958
51 96959
51 96961
51 96984
51 96994
51 97006
51 97012
51 97063
51 97101
51 97154
51 97157
51 97195
51 97232
51 97244
51 97258
51 97299
51 97345
51 97363
51 97364
51 97384
51 97392
51 97409
51 97424
51 97432
51 97503
51 97522
51 97530
51 97533
51 97562
51 97565
51 97607
51 97611
51 97643
51 97653
51 97685
51 97699
51 97701
51 97720
51 97749
51 97800
51 97809
51 97850
51 97878
51 97951
51 98090
51 98106
51 98108
51 98123
51 98134
51 98164
51 98247
51 98284
51 98301
51 98315
51 98323
51 98359
51 98376
51 98384
51 98418
51 98453
51 98490
51 98507
51 98512
51 98517
51 98534
51 98551
51 98582
51 98714
51 98750
51 98760
51 98764
51 98792
51 98798
51 98823
51 98826
51 98881
51 98889
51 98898
51 98899
51 98909
51 98928
51 98957
51 98965
51 98969
51 98983
51 98987
51 98993
51 98998
51 99000
51 99031
51 99068
51 99099
51 99109
51 99113
51 99119
51 99206
51 99227
51 99258
51 99268
51 99272
51 99311
51 99359
51 99389
51 99419
51 99446
51 99461
51 99483
51 99484
51 99493
51 99494
51 99496
51 99521
51 99536
51 99551
51 99555
51 99581
51 99645
51 99688
51 99720
51 99731
51 99775
51 99776
51 99809
51 99824
51 99899
51 99937
51 99941
51 99960
51 99987
51 100004
51 100005
51 100007
51 100009
51 100012
51 100019
51 100022
51 100035
51 100063
51 100103
51 100110
51 100119
51 100126
51 100127
51 100144
51 100145
51 100154
51 100161
51 100247
51 100270
51 100277
51 100285
51 100289
51 100305
51 100309
51 100378
51 100414
51 100491
51 100514
51 100534
51 100561
51 100584
51 100634
51 100638
51 100639
51 100651
51 100674
51 100702
51 100711
51 100712
51 100756
51 100803
51 100824
51 100827
51 100848
51 100892
51 100894
51 100897
51 100905
51 100929
51 100949
51 101001
51 101015
51 101018
51 101035
51 101074
51 101136
51 101176
51 101209
51 101222
51 101249
51 101260
51 101275
51 101291
51 101311
51 101327
51 101343
51 101369
51 101378
51 101386
51 101387
51 101414
51 101446
51 101480
51 101491
51 101494
51 101561
51 101665
51 101674
51 101702
51 101723
51 101766
51 101771
51 101812
51 101829
51 101840
51 101852
51 101853
51 101856
51 101902
51 101932
51 101975
51 101976
51 101984
51 101986
51 101989
51 101996
51 102007
51 102008
51 102018
51 102026
51 102046
51 102074
51 102103
51 102143
51 102182
51 102254
51 102255
51 102321
51 102331
51 102360
51 102421
51 102427
51 102448
51 102489
51 102491
51 102504
51 102530
51 102567
51 102569
51 102589
51 102602
51 102621
51 102622
51 102646
51 102653
51 102669
51 102721
51 102723
51 102737
51 102745
51 102771
51 102795
51 102801
51 102819
51 102863
51 102871
51 102894
51 102902
51 102953
51 102961
51 102993
51 103044
51 103045
51 103079
51 103109
51 103157
51 103175
51 103194
51 103239
51 103246
51 103256
51 103259
51 103279
51 103384
51 103387
51 103458
51 103461
51 103482
51 103493
51 103541
51 103563
51 103607
51 103618
51 103660
51 103670
51 103671
51 103699
51 103727
51 103768
51 103775
51 103780
51 103815
51 103884
51 103894
51 103900
51 103923
51 103957
51 103984
51 104038
51 104040
51 104111
51 104134
51 104149
51 104154
51 104170
51 104189
51 104198
51 104216
51 104220
51 104229
51 104230
51 104269
51 104295
51 104296
51 104322
51 104357
51 104361
51 104371
51 104386
51 104408
51 104410
51 104425
51 104434
51 104450
51 104456
51 104476
51 104492
51 104495
51 104501
51 104509
51 104515
51 104590
51 104596
51 104597
51 104605
51 104641
51 104656
51 104674
51 104684
51 104736
51 104738
51 104775
51 104855
51 104860
51 104909
51 104914
51 104928
51 104971
51 104976
51 105036
51 105061
51 105082
51 105116
51 105126
51 105163
51 105192
51 105210
51 105221
51 105263
51 105274
51 105318
51 105340
51 105385
51 105389
51 105419
51 105424
51 105497
51 105516
51 105546
51 105560
51 105568
51 105577
51 105614
51 105672
51 105697
51 105734
51 105754
51 105757
51 105763
51 105769
51 105803
51 105828
51 105940
51 105948
51 105958
51 105995
51 105997
51 105999
51 106002
51 106012
51 106050
51 106061
51 106063
51 106069
51 106082
51 106088
51 106106
51 106132
51 106166
51 106180
51 106207
51 106231
51 106269
51 106292
51 106318
51 106341
51 106342
51 106348
51 106376
51 106381
51 106405
51 106448
51 106451
51 106466
51 106467
51 106473
51 106510
51 106521
51 106538
51 106564
51 106579
51 106605
51 106612
51 106622
51 106646
51 106666
51 106667
51 106683
51 106691
51 106693
51 106703
51 106748
51 106760
51 106839
51 106852
51 106862
51 106896
51 106906
51 107024
51 107048
51 107051
51 107052
51 107083
51 107152
51 107153
51 107165
51 107196
51 107198
51 107210
51 107215
51 107220
51 107235
51 107257
51 107286
51 107293
51 107295
51 107310
51 107382
51 107429
51 107474
51 107491
51 107541
51 107600
51 107613
51 107618
51 107690
51 107731
51 107817
51 107930
51 107952
51 107961
51 108046
51 108071
51 108074
51 108083
51 108088
51 108119
51 108120
51 108126
51 108201
51 108214
51 108226
51 108250
51 108283
51 108294
51 108362
51 108423
51 108431
51 108435
51 108441
51 108488
51 108499
51 108500
51 108526
51 108563
51 108598
51 108626
51 108630
51 108697
51 108713
51 108755
51 108769
51 108770
51 108774
51 108798
51 108837
51 108849
51 108850
51 108858
51 108875
51 108895
51 108896
51 108915
51 108920
51 108978
51 109015
51 109017
51 109042
51 109045
51 109076
51 109103
51 109120
51 109159
51 109206
51 109211
51 109239
51 109252
51 109264
51 109299
51 109311
51 109313
51 109336
51 109373
51 109376
51 109383
51 109440
51 109441
51 109450
51 109497
51 109514
51 109528
51 109537
51 109538
51 109554
51 109603
51 109611
51 109626
51 109628
51 109643
51 109681
51 109699
51 109726
51 109743
51 109807
51 109809
51 109837
51 109843
51 109944
51 109947
51 109956
51 109967
51 109970
51 109982
51 110038
51 110047
51 110051
51 110060
51 110070
51 110075
51 110128
51 110130
51 110133
51 110147
51 110175
51 110176
51 110186
51 110200
51 110206
51 110232
51 110264
51 110280
51 110335
51 110364
51 110400
51 110408
51 110412
51 110417
51 110436
51 110437
51 110443
51 110449
51 110457
51 110490
51 110516
51 110518
51 110535
51 110576
51 110592
51 110603
51 110619
51 110693
51 110774
51 110792
51 110798
51 110833
51 110848
51 110871
51 110893
51 110906
51 110912
51 110924
51 110928
51 110942
51 110955
51 110962
51 110963
51 111006
51 111018
51 111025
51 111067
51 111072
51 111087
51 111088
51 111090
51 111155
51 111159
51 111176
51 111188
51 111202
51 111264
51 111272
51 111273
51 111292
51 111355
51 111365
51 111368
51 111377
51 111391
51 111408
51 111435
51 111450
51 111462
51 111468
51 111511
51 111527
51 111532
51 111538
51 111548
51 111569
51 111576
51 111606
51 111639
51 111710
51 111751
51 111773
51 111797
51 111801
51 111802
51 111817
51 111834
51 111853
51 111867
51 111896
51 111906
51 111929
51 111930
51 111953
51 111991
51 112005
51 112030
51 112078
51 112080
51 112102
51 112109
51 112113
51 112154
51 112174
51 112182
51 112205
51 112218
51 112228
51 112274
51 112283
51 112288
51 112319
51 112337
51 112357
51 112359
51 112406
51 112415
51 112445
51 112500
51 112535
51 112543
51 112596
51 112601
51 112621
51 112629
51 112654
51 112674
51 112704
51 112811
51 112822
51 112827
51 112890
51 112909
51 112926
51 112929
51 112947
51 112949
51 112954
51 112955
51 112971
51 112985
51 113024
51 113025
51 113034
51 113049
51 113053
51 113059
51 113063
51 113064
51 113088
51 113117
51 113121
51 113128
51 113148
51 113162
51 113170
51 113209
51 113215
51 113217
51 113230
51 113240
51 113250
51 113264
51 113278
51 113304
51 113327
51 113341
51 113346
51 113355
51 113360
51 113368
51 113424
51 113430
51 113443
51 113448
51 113485
51 113490
51 113506
51 113531
51 113543
51 113553
51 113562
51 113566
51 113573
51 113585
51 113586
51 113596
51 113650
51 113674
51 113686
51 113696
51 113707
51 113735
51 113738
51 113740
51 113745
51 113802
51 113805
51 113821
51 113859
51 113866
51 113874
51 113913
51 113917
51 113970
51 114017
51 114032
51 114089
51 114101
51 114131
51 114149
51 114200
51 114206
51 114215
51 114225
51 114236
51 114264
51 114278
51 114288
51 114292
51 114370
51 114393
51 114428
51 114446
51 114495
51 114545
51 114557
51 114580
51 114591
51 114619
51 114641
51 114669
51 114674
51 114693
51 114729
51 114741
51 114742
51 114750
51 114803
51 114804
51 114835
51 114895
51 114897
51 114913
51 114923
51 114942
51 114954
51 114967
51 114999
51 115005
51 115027
51 115031
51 115037
51 115055
51 115056
51 115057
51 115079
51 115088
51 115103
51 115118
51 115122
51 115133
51 115148
51 115150
51 115176
51 115186
51 115211
51 115218
51 115235
51 115243
51 115298
51 115310
51 115313
51 115325
51 115364
51 115412
51 115457
51 115494
51 115507
51 115547
51 115585
51 115588
51 115607
51 115662
51 115663
51 115679
51 115693
51 115698
51 115707
51 115754
51 115756
51 115789
51 115797
51 115802
51 115804
51 115811
51 115902
51 115910
51 115961
51 116014
51 116048
51 116129
51 116149
51 116167
51 116168
51 116172
51 116177
51 116180
51 116182
51 116193
51 116197
51 116199
51 116201
51 116204
51 116208
51 116223
51 116237
51 116274
51 116368
51 116382
51 116389
51 116410
51 116438
51 116443
51 116453
51 116475
51 116506
51 116515
51 116538
51 116545
51 116571
51 116583
51 116619
51 116621
51 116643
51 116670
51 116683
51 116740
51 116752
51 116757
51 116761
51 116769
51 116785
51 116790
51 116811
51 116827
51 116837
51 116839
51 116914
51 116946
51 116962
51 116966
51 116993
51 117007
51 117032
51 117043
51 117090
51 117094
51 117133
51 117142
51 117149
51 117150
51 117154
51 117196
51 117209
51 117256
51 117260
51 117266
51 117324
51 117329
51 117391
51 117401
51 117406
51 117429
51 117446
51 117463
51 117464
51 117467
51 117473
51 117504
51 117523
51 117535
51 117577
51 117591
51 117604
51 117669
51 117705
51 117706
51 117720
51 117723
51 117741
51 117841
51 117857
51 117895
51 117911
51 117919
51 117977
51 117986
51 118022
51 118034
51 118050
51 118094
51 118096
51 118107
51 118112
51 118115
51 118116
51 118145
51 118165
51 118214
51 118219
51 118222
51 118309
51 118316
51 118360
51 118390
51 118398
51 118400
51 118437
51 118454
51 118516
51 118528
51 118544
51 118565
51 118610
51 118611
51 118623
51 118639
51 118672
51 118674
51 118685
51 118724
51 118728
51 118731
51 118749
51 118756
51 118766
51 118779
51 118799
51 118822
51 118868
51 118896
51 118925
51 118980
51 118993
51 119017
51 119082
51 119095
51 119102
51 119123
51 119136
51 119140
51 119156
51 119163
51 119169
51 119173
51 119180
51 119185
51 119214
51 119222
51 119227
51 119247
51 119266
51 119267
51 119320
51 119363
51 119402
51 119405
51 119413
51 119425
51 119438
51 119459
51 119473
51 119478
51 119483
51 119493
51 119563
51 119564
51 119568
51 119580
51 119595
51 119609
51 119636
51 119639
51 119665
51 119677
51 119692
51 119724
51 119748
51 119789
51 119790
51 119810
51 119825
51 119836
51 119853
51 119886
51 119971
51 119980
51 120011
51 120025
51 120109
51 120146
51 120190
51 120209
51 120254
51 120257
51 120278
51 120328
51 120350
51 120381
51 120454
51 120455
51 120460
51 120535
51 120551
51 120556
51 120596
51 120646
51 120731
51 120733
51 120743
51 120759
51 120778
51 120783
51 120807
51 120818
51 120828
51 120846
51 120858
51 120913
51 120921
51 120926
51 120927
51 120955
51 120967
51 121006
51 121009
51 121017
51 121034
51 121040
51 121084
51 121112
51 121129
51 121132
51 121146
51 121179
51 121201
51 121207
51 121229
51 121240
51 121255
51 121265
51 121279
51 121284
51 121342
51 121365
51 121375
51 121383
51 121413
51 121459
51 121475
51 121500
51 121511
51 121626
51 121629
51 121640
51 121642
51 121688
51 121715
51 121739
51 121750
51 121757
51 121792
51 121813
51 121815
51 121829
51 121844
51 121845
51 121858
51 121910
51 121915
51 121919
51 121930
51 121945
51 121947
51 121961
51 121975
51 121978
51 121989
51 122004
51 122027
51 122067
51 122071
51 122164
51 122237
51 122244
51 122273
51 122279
51 122283
51 122306
51 122325
51 122326
51 122341
51 122353
51 122374
51 122382
51 122405
51 122473
51 122499
51 122629
51 122631
51 122638
51 122668
51 122670
51 122674
51 122682
51 122697
51 122704
51 122736
51 122747
51 122766
51 122818
51 122837
51 122840
51 122850
51 122893
51 122899
51 122925
51 122932
51 123026
51 123035
51 123056
51 123077
51 123110
51 123137
51 123164
51 123244
51 123245
51 123265
51 123279
51 123312
51 123316
51 123355
51 123378
51 123419
51 123428
51 123439
51 123463
51 123536
51 123546
51 123548
51 123562
51 123578
51 123584
51 123603
51 123620
51 123631
51 123639
51 123679
51 123739
51 123756
51 123795
51 123828
51 123872
51 123874
51 123875
51 123958
51 124018
51 124030
51 124093
51 124115
51 124168
51 124180
51 124197
51 124200
51 124251
51 124262
51 124268
51 124286
51 124296
51 124315
51 124335
51 124388
51 124435
51 124462
51 124475
51 124479
51 124489
51 124515
51 124533
51 124544
51 124600
51 124677
51 124689
51 124717
51 124718
51 124725
51 124733
51 124742
51 124769
51 124819
51 124877
51 124888
51 124921
51 124933
51 124990
51 124992
51 125024
51 125026
51 125028
51 125032
51 125066
51 125069
51 125107
51 125154
51 125160
51 125165
51 125171
51 125173
51 125225
51 125227
51 125262
51 125277
51 125303
51 125369
51 125379
51 125404
51 125449
51 125485
51 125520
51 125523
51 125541
51 125542
51 125547
51 125605
51 125616
51 125644
51 125700
51 125714
51 125722
51 125728
51 125752
51 125786
51 125800
51 125860
51 125870
51 125906
51 125943
51 125976
51 125984
51 126021
51 126034
51 126037
51 126055
51 126084
51 126100
51 126108
51 126117
51 126120
51 126140
51 126173
51 126187
51 126201
51 126245
51 126258
51 126268
51 126269
51 126304
51 126318
51 126323
51 126343
51 126351
51 126366
51 126388
51 126392
51 126416
51 126431
51 126459
51 126534
51 126537
51 126551
51 126568
51 126594
51 126609
51 126616
51 126632
51 126687
51 126733
51 126748
51 126806
51 126812
51 126815
51 126855
51 126888
51 126928
51 126934
51 126935
51 126948
51 126959
51 126991
51 126995
51 127036
51 127078
51 127081
51 127091
51 127101
51 127125
51 127135
51 127143
51 127144
51 127146
51 127164
51 127173
51 127250
51 127263
51 127278
51 127287
51 127350
51 127391
51 127397
51 127403
51 127409
51 127420
51 127422
51 127433
51 127465
51 127475
51 127525
51 127533
51 127551
51 127553
51 127570
51 127589
51 127599
51 127610
51 127630
51 127635
51 127664
51 127680
51 127692
51 127700
51 127709
51 127710
51 127802
51 127858
51 127885
51 127902
51 127911
51 127920
51 127973
51 128008
51 128028
51 128040
51 128042
51 128076
51 128113
51 128131
51 128132
51 128138
51 128165
51 128177
51 128179
51 128184
51 128230
51 128231
51 128232
51 128258
51 128272
51 128273
51 128285
51 128372
51 128400
51 128438
51 128447
51 128508
51 128511
51 128537
51 128539
51 128568
51 128597
51 128598
51 128645
51 128657
51 128687
51 128713
51 128749
51 128820
51 128879
51 128927
51 128953
51 128964
51 129009
51 129031
51 129056
51 129077
51 129088
51 129163
51 129236
51 129257
51 129275
51 129291
51 129313
51 129372
51 129373
51 129392
51 129463
51 129520
51 129525
51 129537
51 129566
51 129579
51 129606
51 129653
51 129689
51 129691
51 129712
51 129781
51 129800
51 129801
51 129860
51 129872
51 129894
51 129939
51 129963
51 129997
51 130002
51 130040
51 130043
51 130049
51 130054
51 130151
51 130202
51 130216
51 130250
51 130264
51 130273
51 130311
51 130366
51 130396
51 130415
51 130429
51 130432
51 130435
51 130436
51 130447
51 130449
51 130502
51 130506
51 130545
51 130634
51 130639
51 130656
51 130667
51 130699
51 130778
51 130785
51 130862
51 130868
51 130906
51 130955
51 130958
51 131080
51 131096
51 131104
51 131111
51 131114
51 131126
51 131162
51 131218
51 131382
51 131389
51 131420
51 131444
51 131482
51 131532
51 131534
51 131546
51 131547
51 131573
51 131574
51 131575
51 131711
51 131712
51 131713
51 131737
51 131764
51 131778
51 131825
51 131826
51 131840
51 131863
51 131898
51 131968
51 131981
51 131984
51 131993
51 132007
51 132053
51 132068
51 132109
51 132129
51 132143
51 132158
51 132160
51 132165
51 132171
51 132173
51 132177
51 132207
51 132242
51 132244
51 132255
51 132266
51 132292
51 132311
51 132324
51 132366
51 132368
51 132385
51 132435
51 132437
51 132454
51 132467
51 132490
51 132521
51 132587
51 132599
51 132637
51 132654
51 132686
51 132713
51 132721
51 132735
51 132751
51 132798
51 132832
51 132874
51 132875
51 132889
51 132899
51 132900
51 132911
51 132918
51 132935
51 132990
51 132999
51 133004
51 133027
51 133042
51 133066
51 133110
51 133122
51 133177
51 133199
51 133243
51 133258
51 133264
51 133295
51 133313
51 133317
51 133337
51 133376
51 133379
51 133401
51 133433
51 133465
51 133473
51 133524
51 133571
51 133583
51 133630
51 133725
51 133739
51 133746
51 133775
51 133779
51 133800
51 133802
51 133828
51 133890
51 133903
51 133949
51 133966
51 133968
51 134019
51 134041
51 134067
51 134082
51 134108
51 134110
51 134121
51 134127
51 134132
51 134135
51 134177
51 134186
51 134220
51 134230
51 134237
51 134244
51 134258
51 134307
51 134322
51 134332
51 134366
51 134376
51 134377
51 134438
51 134495
51 134527
51 134530
51 134534
51 134554
51 134605
51 134623
51 134646
51 134684
51 134685
51 134691
51 134718
51 134744
51 134755
51 134803
51 134821
51 134826
51 134828
51 134848
51 134862
51 134893
51 134925
51 134935
51 134961
51 134973
51 135036
51 135044
51 135132
51 135149
51 135150
51 135160
51 135170
51 135178
51 135209
51 135254
51 135274
51 135277
51 135308
51 135325
51 135334
51 135335
51 135336
51 135342
51 135397
51 135596
51 135621
51 135622
51 135645
51 135674
51 135677
51 135681
51 135690
51 135694
51 135733
51 135769
51 135770
51 135781
51 135815
51 135832
51 135869
51 135878
51 135908
51 135911
51 135914
51 135943
51 135985
51 136003
51 136025
51 136061
51 136062
51 136110
51 136143
51 136179
51 136180
51 136194
51 136234
51 136241
51 136271
51 136280
51 136286
51 136319
51 136333
51 136342
51 136365
51 136369
51 136373
51 136387
51 136402
51 136429
51 136482
51 136488
51 136502
51 136547
51 136583
51 136589
51 136593
51 136601
51 136619
51 136638
51 136698
51 136713
51 136740
51 136772
51 136786
51 136800
51 136830
51 136855
51 136871
51 136872
51 136905
51 136906
51 136914
51 136915
51 136920
51 136937
51 136971
51 136982
51 136993
51 136994
51 136997
51 137002
51 137012
51 137013
51 137024
51 137100
51 137108
51 137115
51 137118
51 137152
51 137171
51 137177
51 137180
51 137263
51 137272
51 137287
51 137294
51 137422
51 137508
51 137525
51 137539
51 137556
51 137568
51 137594
51 137608
51 137653
51 137664
51 137696
51 137729
51 137770
51 137799
51 137839
51 137841
51 137873
51 137889
51 137952
51 137969
51 138003
51 138008
51 138017
51 138036
51 138040
51 138089
51 138125
51 138144
51 138161
51 138180
51 138240
51 138311
51 138350
51 138371
51 138420
51 138430
51 138452
51 138455
51 138458
51 138497
51 138524
51 138650
51 138708
51 138716
51 138770
51 138787
51 138818
51 138846
51 138856
51 138866
51 138903
51 138913
51 138944
51 138976
51 138996
51 138998
51 139025
51 139027
51 139075
51 139091
51 139100
51 139113
51 139116
51 139137
51 139175
51 139182
51 139257
51 139308
51 139355
51 139374
51 139398
51 139402
51 139406
51 139437
51 139487
51 139511
51 139525
51 139547
51 139601
51 139606
51 139619
51 139668
51 139687
51 139717
51 139719
51 139756
51 139765
51 139780
51 139802
51 139836
51 139858
51 139868
51 139869
51 139914
51 139939
51 139951
51 139959
51 139968
51 139977
51 139981
51 139983
51 139986
51 140000
51 140004
51 140039
51 140044
51 140052
51 140061
51 140085
51 140101
51 140142
51 140171
51 140187
51 140217
51 140303
51 140317
51 140325
51 140328
51 140362
51 140388
51 140393
51 140415
51 140418
51 140424
51 140446
51 140493
51 140516
51 140599
51 140603
51 140609
51 140634
51 140637
51 140706
51 140727
51 140813
51 140838
51 140896
51 140996
51 141039
51 141054
51 141069
51 141105
51 141133
51 141156
51 141169
51 141228
51 141236
51 141245
51 141263
51 141277
51 141280
51 141329
51 141361
51 141488
51 141515
51 141586
51 141594
51 141595
51 141599
51 141700
51 141708
51 141724
51 141747
51 141758
51 141765
51 141796
51 141841
51 141848
51 141849
51 141889
51 141900
51 141901
51 141909
51 141950
51 141956
51 141978
51 141990
51 142109
51 142145
51 142154
51 142165
51 142175
51 142220
51 142241
51 142254
51 142274
51 142285
51 142298
51 142352
51 142358
51 142370
51 142381
51 142398
51 142416
51 142428
51 142432
51 142434
51 142438
51 142445
51 142465
51 142478
51 142507
51 142513
51 142547
51 142549
51 142558
51 142585
51 142652
51 142697
51 142717
51 142721
51 142762
51 142786
51 142790
51 142800
51 142819
51 142822
51 142845
51 142868
51 142887
51 142892
51 142908
51 142912
51 142914
51 142978
51 142998
51 143012
51 143030
51 143042
51 143045
51 143076
51 143077
51 143092
51 143094
51 143100
51 143113
51 143122
51 143149
51 143231
51 143264
51 143325
51 143334
51 143337
51 143349
51 143388
51 143392
51 143416
51 143421
51 143433
51 143472
51 143486
51 143504
51 143529
51 143567
51 143578
51 143601
51 143631
51 143650
51 143681
51 143766
51 143779
51 143789
51 143794
51 143801
51 143833
51 143899
51 143908
51 143909
51 143917
51 143935
51 143957
51 144033
51 144078
51 144088
51 144138
51 144157
51 144219
51 144228
51 144244
51 144284
51 144291
51 144309
51 144317
51 144322
51 144367
51 144379
51 144437
51 144440
51 144475
51 144486
51 144489
51 144498
51 144548
51 144579
51 144585
51 144628
51 144633
51 144684
51 144713
51 144722
51 144736
51 144757
51 144769
51 144776
51 144788
51 144791
51 144806
51 144836
51 144838
51 144841
51 144849
51 144976
51 144984
51 145012
51 145047
51 145095
51 145100
51 145145
51 145169
51 145170
51 145222
51 145229
51 145240
51 145264
51 145280
51 145290
51 145297
51 145330
51 145371
51 145376
51 145409
51 145430
51 145435
51 145444
51 145447
51 145466
51 145506
51 145513
51 145525
51 145530
51 145544
51 145565
51 145567
51 145574
51 145613
51 145618
51 145685
51 145690
51 145754
51 145767
51 145774
51 145789
51 145814
51 145827
51 145829
51 145830
51 145844
51 145852
51 145866
51 145877
51 145924
51 145930
51 145958
51 145960
51 145963
51 145982
51 146001
51 146053
51 146080
51 146085
51 146104
51 146121
51 146146
51 146163
51 146236
51 146244
51 146275
51 146288
51 146289
51 146297
51 146315
51 146334
51 146342
51 146373
51 146382
51 146398
51 146428
51 146448
51 146495
51 146500
51 146521
51 146548
51 146559
51 146602
51 146656
51 146668
51 146676
51 146697
51 146729
51 146731
51 146760
51 146791
51 146794
51 146833
51 146873
51 146882
51 146904
51 146912
51 146967
51 147015
51 147031
51 147110
51 147124
51 147128
51 147166
51 147221
51 147261
51 147268
51 147269
51 147325
51 147333
51 147377
51 147382
51 147384
51 147410
51 147435
51 147438
51 147447
51 147449
51 147483
51 147514
51 147529
51 147537
51 147544
51 147571
51 147646
51 147697
51 147699
51 147708
51 147725
51 147735
51 147756
51 147833
51 147844
51 147853
51 147883
51 147908
51 147918
51 147985
51 148030
51 148049
51 148050
51 148087
51 148124
51 148127
51 148130
51 148142
51 148149
51 148196
51 148214
51 148268
51 148282
51 148331
51 148344
51 148368
51 148404
51 148410
51 148414
51 148420
51 148443
51 148464
51 148511
51 148525
51 148546
51 148561
51 148576
51 148619
51 148648
51 148649
51 148679
51 148685
51 148695
51 148711
51 148716
51 148725
51 148753
51 148776
51 148814
51 148816
51 148821
51 148840
51 148875
51 148878
51 148904
51 148922
51 148934
51 148989
51 148990
51 148997
51 149003
51 149010
51 149064
51 149074
51 149084
51 149095
51 149112
51 149115
51 149119
51 149124
51 149126
51 149149
51 149153
51 149156
51 149163
51 149168
51 149189
51 149221
51 149224
51 149293
51 149313
51 149327
51 149328
51 149352
51 149365
51 149386
51 149433
51 149526
51 149610
51 149621
51 149628
51 149629
51 149642
51 149687
51 149688
51 149702
51 149722
51 149757
51 149760
51 149766
51 149788
51 149805
51 149830
51 149842
51 149857
51 149865
51 149870
51 149909
51 149922
51 149942
51 149963
51 149964
51 149966
51 149972
51 149998
51 150012
51 150034
51 150039
51 150118
51 150128
51 150130
51 150145
51 150291
51 150298
51 150307
51 150319
51 150333
51 150337
51 150348
51 150365
51 150404
51 150415
51 150430
51 150432
51 150437
51 150506
51 150517
51 150543
51 150555
51 150586
51 150589
51 150601
51 150609
51 150625
51 150633
51 150638
51 150678
51 150680
51 150690
51 150713
51 150742
51 150779
51 150784
51 150785
51 150811
51 150815
51 150821
51 150825
51 150831
51 150859
51 150911
51 150916
51 150921
51 150935
51 150977
51 150982
51 150993
51 151005
51 151011
51 151022
51 151036
51 151037
51 151103
51 151138
51 151144
51 151150
51 151153
51 151190
51 151200
51 151212
51 151248
51 151285
51 151332
51 151357
51 151364
51 151373
51 151386
51 151391
51 151413
51 151433
51 151434
51 151520
51 151521
51 151545
51 151555
51 151603
51 151620
51 151685
51 151702
51 151710
51 151726
51 151789
51 151795
51 151796
51 151801
51 151802
51 151827
51 151838
51 151852
51 151855
51 151859
51 151881
51 151888
51 151899
51 151920
51 151927
51 151946
51 151950
51 151969
51 152008
51 152019
51 152109
51 152110
51 152143
51 152157
51 152197
51 152219
51 152245
51 152274
51 152317
51 152345
51 152359
51 152405
51 152465
51 152491
51 152543
51 152553
51 152562
51 152568
51 152593
51 152596
51 152605
51 152610
51 152624
51 152659
51 152679
51 152687
51 152694
51 152709
51 152725
51 152751
51 152771
51 152803
51 152805
51 152828
51 152921
51 152945
51 152956
51 152985
51 153057
51 153073
51 153111
51 153152
51 153210
51 153219
51 153221
51 153290
51 153314
51 153346
51 153374
51 153383
51 153413
51 153429
51 153455
51 153463
51 153484
51 153514
51 153534
51 153600
51 153615
51 153639
51 153684
51 153690
51 153723
51 153757
51 153763
51 153809
51 153913
51 153919
51 153954
51 153974
51 153990
51 154040
51 154154
51 154178
51 154192
51 154243
51 154269
51 154270
51 154276
51 154284
51 154293
51 154308
51 154311
51 154350
51 154380
51 154413
51 154433
51 154463
51 154468
51 154541
51 154545
51 154558
51 154573
51 154576
51 154579
51 154627
51 154702
51 154722
51 154740
51 154777
51 154788
51 154805
51 154841
51 154850
51 154860
51 154873
51 154881
51 154911
51 154916
51 154937
51 154940
51 155001
51 155036
51 155038
51 155059
51 155072
51 155095
51 155110
51 155119
51 155136
51 155157
51 155171
51 155219
51 155228
51 155237
51 155240
51 155244
51 155263
51 155285
51 155297
51 155347
51 155366
51 155370
51 155447
51 155458
51 155478
51 155522
51 155579
51 155596
51 155609
51 155636
51 155640
51 155647
51 155692
51 155731
51 155733
51 155737
51 155743
51 155747
51 155768
51 155780
51 155805
51 155815
51 155823
51 155888
51 155896
51 155925
51 155948
51 155951
51 155981
51 155984
51 156001
51 156003
51 156035
51 156041
51 156094
51 156096
51 156101
51 156115
51 156132
51 156139
51 156168
51 156169
51 156176
51 156201
51 156221
51 156244
51 156262
51 156314
51 156330
51 156384
51 156400
51 156413
51 156426
51 156431
51 156461
51 156486
51 156508
51 156585
51 156617
51 156645
51 156669
51 156785
51 156789
51 156792
51 156854
51 156891
51 156899
51 156944
51 156954
51 156971
51 156989
51 157072
51 157074
51 157122
51 157124
51 157170
51 157193
51 157196
51 157202
51 157213
51 157246
51 157263
51 157273
51 157279
51 157358
51 157406
51 157460
51 157478
51 157481
51 157519
51 157527
51 157573
51 157587
51 157605
51 157609
51 157644
51 157645
51 157663
51 157668
51 157729
51 157753
51 157812
51 157834
51 157836
51 157871
51 157900
51 157901
51 157904
51 158025
51 158036
51 158070
51 158079
51 158096
51 158113
51 158131
51 158136
51 158151
51 158165
51 158194
51 158196
51 158223
51 158238
51 158251
51 158252
51 158281
51 158341
51 158358
51 158367
51 158400
51 158433
51 158448
51 158552
51 158567
51 158588
51 158613
51 158679
51 158696
51 158698
51 158704
51 158721
51 158726
51 158749
51 158752
51 158757
51 158779
51 158815
51 158829
51 158888
51 158910
51 158944
51 158965
51 158994
51 159011
51 159029
51 159030
51 159087
51 159105
51 159207
51 159225
51 159227
51 159236
51 159250
51 159257
51 159278
51 159325
51 159339
51 159401
51 159416
51 159419
51 159445
51 159448
51 159456
51 159482
51 159486
51 159570
51 159571
51 159573
51 159575
51 159623
51 159631
51 159639
51 159667
51 159672
51 159718
51 159728
51 159750
51 159755
51 159857
51 159876
51 159902
51 159928
51 159946
51 159947
51 159967
51 159974
51 160016
51 160032
51 160069
51 160120
51 160131
51 160147
51 160153
51 160157
51 160170
51 160241
51 160292
51 160350
51 160356
51 160450
51 160477
51 160488
51 160489
51 160496
51 160526
51 160541
51 160544
51 160612
51 160624
51 160637
51 160639
51 160721
51 160821
51 160828
51 160829
51 160932
51 160953
51 160965
51 160966
51 161015
51 161018
51 161058
51 161079
51 161095
51 161165
51 161183
51 161207
51 161210
51 161218
51 161220
51 161249
51 161251
51 161254
51 161266
51 161309
51 161319
51 161321
51 161330
51 161336
51 161348
51 161374
51 161378
51 161380
51 161435
51 161450
51 161481
51 161589
51 161590
51 161594
51 161595
51 161638
51 161651
51 161656
51 161658
51 161666
51 161694
51 161698
51 161726
51 161735
51 161746
51 161759
51 161775
51 161784
51 161790
51 161791
51 161806
51 161808
51 161824
51 161859
51 161866
51 161874
51 161876
51 161886
51 161936
51 161970
51 162003
51 162013
51 162050
51 162058
51 162086
51 162107
51 162115
51 162118
51 162121
51 162131
51 162134
51 162158
51 162161
51 162167
51 162175
51 162181
51 162194
51 162196
51 162238
51 162255
51 162264
51 162269
51 162275
51 162277
51 162303
51 162319
51 162323
51 162365
51 162370
51 162380
51 162402
51 162448
51 162507
51 162522
51 162535
51 162539
51 162542
51 162545
51 162572
51 162580
51 162612
51 162615
51 162619
51 162621
51 162623
51 162630
51 162647
51 162685
51 162713
51 162759
51 162769
51 162773
51 162839
51 162860
51 162883
51 162888
51 162898
51 162900
51 162902
51 162930
51 163004
51 163035
51 163063
51 163079
51 163119
51 163143
51 163146
51 163149
51 163150
51 163177
51 163190
51 163250
51 163286
51 163310
51 163311
51 163328
51 163331
51 163336
51 163365
51 163406
51 163407
51 163432
51 163434
51 163443
51 163449
51 163451
51 163478
51 163479
51 163517
51 163520
51 163524
51 163542
51 163555
51 163558
51 163640
51 163669
51 163679
51 163710
51 163753
51 163800
51 163846
51 163852
51 163857
51 163885
51 163917
51 163921
51 163951
51 163971
51 163972
51 163973
51 163975
51 164015
51 164036
51 164054
51 164079
51 164093
51 164104
51 164110
51 164118
51 164136
51 164168
51 164188
51 164210
51 164219
51 164229
51 164238
51 164240
51 164245
51 164246
51 164257
51 164264
51 164286
51 164312
51 164325
51 164348
51 164387
51 164392
51 164419
51 164432
51 164466
51 164484
51 164520
51 164540
51 164562
51 164571
51 164572
51 164610
51 164614
51 164661
51 164706
51 164724
51 164735
51 164794
51 164802
51 164820
51 164821
51 164829
51 164830
51 164843
51 164859
51 164866
51 164868
51 164891
51 164927
51 164933
51 164944
51 164980
51 165023
51 165034
51 165106
51 165159
51 165161
51 165179
51 165216
51 165221
51 165272
51 165276
51 165322
51 165333
51 165351
51 165381
51 165389
51 165404
51 165458
51 165532
51 165560
51 165588
51 165593
51 165629
51 165676
51 165704
51 165740
51 165743
51 165760
51 165785
51 165809
51 165846
51 165872
51 165876
51 165887
51 165922
51 165926
51 165930
51 165947
51 165956
51 166002
51 166005
51 166009
51 166023
51 166025
51 166026
51 166039
51 166111
51 166119
51 166175
51 166181
51 166183
51 166184
51 166188
51 166189
51 166217
51 166223
51 166226
51 166233
51 166245
51 166257
51 166272
51 166289
51 166316
51 166346
51 166447
51 166458
51 166465
51 166480
51 166497
51 166537
51 166570
64 58
64 79
64 81
64 82
64 96
64 107
64 108
64 113
64 130
64 136
64 164
64 202
64 204
64 217
64 221
64 228
64 242
64 305
64 310
64 319
64 350
64 358
64 364
64 375
64 419
64 443
64 452
64 472
64 497
64 512
64 514
64 552
64 554
64 608
64 628
64 665
64 681
64 713
64 716
64 718
64 724
64 744
64 749
64 780
64 796
64 800
64 823
64 842
64 852
64 856
64 869
64 877
64 898
64 936
64 950
64 980
64 991
64 997
64 1011
64 1014
64 1026
64 1096
64 1098
64 1112
64 1133
64 1182
64 1193
64 1195
64 1218
64 1232
64 1239
64 1259
64 1266
64 1269
64 1272
64 1294
64 1296
64 1303
64 1315
64 1336
64 1351
64 1360
64 1370
64 1379
64 1393
64 1420
64 1436
64 1454
64 1457
64 1459
64 1480
64 1496
64 1503
64 1533
64 1535
64 1635
64 1683
64 1685
64 1686
64 1711
64 1718
64 1726
64 1744
64 1745
64 1769
64 1780
64 1793
64 1806
64 1815
64 1817
64 1832
64 1881
64 1918
64 1948
64 1982
64 2061
64 2066
64 2088
64 2089
64 2110
64 2141
64 2146
64 2170
64 2172
64 2178
64 2189
64 2202
64 2214
64 2226
64 2238
64 2269
64 2273
64 2288
64 2308
64 2316
64 2332
64 2355
64 2381
64 2390
64 2397
64 2403
64 2404
64 2421
64 2437
64 2473
64 2488
64 2493
64 2516
64 2538
64 2542
64 2554
64 2556
64 2586
64 2605
64 2609
64 2610
64 2615
64 2656
64 2665
64 2684
64 2696
64 2700
64 2711
64 2778
64 2794
64 2806
64 2811
64 2836
64 2842
64 2857
64 2872
64 2955
64 2979
64 3025
64 3033
64 3076
64 3102
64 3118
64 3123
64 3134
64 3164
64 3180
64 3183
64 3201
64 3215
64 3244
64 3248
64 3251
64 3257
64 3278
64 3296
64 3301
64 3316
64 3332
64 3346
64 3357
64 3371
64 3378
64 3390
64 3394
64 3410
64 3425
64 3442
64 3472
64 3486
64 3489
64 3505
64 3577
64 3581
64 3602
64 3610
64 3636
64 3640
64 3649
64 3740
64 3764
64 3766
64 3783
64 3792
64 3875
64 3881
64 3898
64 3905
64 3921
64 3928
64 3929
64 3936
64 3955
64 3958
64 3974
64 4004
64 4007
64 4051
64 4092
64 4099
64 4104
64 4107
64 4134
64 4145
64 4160
64 4167
64 4201
64 4218
64 4230
64 4272
64 4277
64 4292
64 4293
64 4326
64 4336
64 4396
64 4406
64 4409
64 4418
64 4424
64 4425
64 4448
64 4463
64 4468
64 4479
64 4489
64 4491
64 4497
64 4506
64 4511
64 4566
64 4594
64 4598
64 4608
64 4620
64 4639
64 4646
64 4649
64 4674
64 4701
64 4715
64 4732
64 4764
64 4771
64 4791
64 4841
64 4844
64 4845
64 4850
64 4878
64 4880
64 4882
64 4891
64 4896
64 4908
64 4935
64 4936
64 4944
64 4961
64 4976
64 4978
64 4995
64 5036
64 5046
64 5078
64 5096
64 5121
64 5127
64 5134
64 5142
64 5151
64 5199
64 5203
64 5225
64 5260
64 5267
64 5287
64 5316
64 5331
64 5335
64 5367
64 5368
64 5383
64 5386
64 5387
64 5407
64 5428
64 5464
64 5479
64 5489
64 5505
64 5530
64 5592
64 5598
64 5610
64 5653
64 5690
64 5710
64 5719
64 5773
64 5828
64 5864
64 5868
64 5872
64 5873
64 5886
64 5892
64 5916
64 5923
64 5933
64 5962
64 5984
64 5988
64 6004
64 6026
64 6029
64 6084
64 6087
64 6161
64 6172
64 6180
64 6198
64 6201
64 6203
64 6207
64 6220
64 6232
64 6319
64 6343
64 6365
64 6369
64 6379
64 6397
64 6398
64 6401
64 6412
64 6455
64 6483
64 6488
64 6554
64 6567
64 6569
64 6588
64 6606
64 6620
64 6621
64 6626
64 6648
64 6656
64 6659
64 6691
64 6719
64 6721
64 6726
64 6745
64 6749
64 6774
64 6779
64 6790
64 6793
64 6848
64 6865
64 6910
64 6914
64 6925
64 6930
64 6943
64 6950
64 6961
64 6988
64 6990
64 6996
64 7028
64 7036
64 7044
64 7060
64 7069
64 7076
64 7106
64 7137
64 7148
64 7152
64 7171
64 7209
64 7218
64 7221
64 7227
64 7242
64 7275
64 7278
64 7282
64 7284
64 7292
64 7305
64 7334
64 7353
64 7361
64 7362
64 7402
64 7416
64 7453
64 7456
64 7466
64 7473
64 7481
64 7488
64 7493
64 7527
64 7530
64 7543
64 7544
64 7563
64 7570
64 7582
64 7593
64 7618
64 7642
64 7655
64 7657
64 7675
64 7685
64 7688
64 7690
64 7695
64 7706
64 7757
64 7758
64 7778
64 7790
64 7815
64 7820
64 7823
64 7848
64 7858
64 7859
64 7865
64 7903
64 7913
64 7917
64 7933
64 7946
64 7974
64 7975
64 8010
64 8022
64 8058
64 8108
64 8118
64 8125
64 8128
64 8141
64 8180
64 8193
64 8229
64 8234
64 8242
64 8248
64 8275
64 8288
64 8302
64 8304
64 8352
64 8368
64 8375
64 8403
64 8410
64 8425
64 8444
64 8446
64 8447
64 8448
64 8456
64 8471
64 8479
64 8485
64 8489
64 8505
64 8514
64 8526
64 8528
64 8530
64 8610
64 8618
64 8642
64 8708
64 8724
64 8749
64 8753
64 8760
64 8763
64 8768
64 8784
64 8789
64 8793
64 8801
64 8807
64 8841
64 8915
64 8917
64 8929
64 8976
64 8993
64 9025
64 9063
64 9119
64 9149
64 9171
64 9174
64 9176
64 9203
64 9214
64 9244
64 9260
64 9266
64 9279
64 9284
64 9293
64 9295
64 9320
64 9363
64 9385
64 9418
64 9431
64 9451
64 9460
64 9470
64 9490
64 9503
64 9509
64 9526
64 9536
64 9541
64 9547
64 9567
64 9574
64 9580
64 9622
64 9629
64 9636
64 9681
64 9689
64 9701
64 9702
64 9720
64 9742
64 9755
64 9757
64 9758
64 9761
64 9773
64 9786
64 9798
64 9815
64 9821
64 9824
64 9834
64 9839
64 9846
64 9849
64 9860
64 9889
64 9897
64 9904
64 9908
64 9911
64 9953
64 9961
64 9990
64 10012
64 10025
64 10041
64 10078
64 10110
64 10116
64 10121
64 10140
64 10165
64 10166
64 10185
64 10216
64 10281
64 10289
64 10309
64 10328
64 10338
64 10347
64 10365
64 10371
64 10380
64 10389
64 10413
64 10417
64 10429
64 10433
64 10450
64 10479
64 10495
64 10579
64 10584
64 10588
64 10595
64 10623
64 10635
64 10684
64 10710
64 10732
64 10743
64 10797
64 10832
64 10847
64 10882
64 10884
64 10896
64 10904
64 10907
64 10913
64 10919
64 10943
64 10964
64 10977
64 10995
64 11044
64 11054
64 11055
64 11077
64 11080
64 11101
64 11105
64 11111
64 11128
64 11189
64 11199
64 11205
64 11231
64 11247
64 11270
64 11275
64 11301
64 11305
64 11329
64 11392
64 11424
64 11430
64 11479
64 11565
64 11586
64 11590
64 11599
64 11614
64 11633
64 11657
64 11659
64 11676
64 11680
64 11712
64 11739
64 11754
64 11761
64 11763
64 11769
64 11820
64 11828
64 11845
64 11848
64 11865
64 11931
64 11942
64 11951
64 11963
64 11972
64 11984
64 11990
64 11992
64 12008
64 12014
64 12018
64 12024
64 12036
64 12050
64 12090
64 12154
64 12170
64 12179
64 12230
64 12266
64 12302
64 12312
64 12322
64 12327
64 12328
64 12348
64 12372
64 12385
64 12406
64 12432
64 12436
64 12459
64 12466
64 12497
64 12526
64 12531
64 12561
64 12563
64 12601
64 12617
64 12645
64 12693
64 12698
64 12704
64 12710
64 12751
64 12757
64 12760
64 12780
64 12797
64 12800
64 12835
64 12852
64 12857
64 12862
64 12889
64 12954
64 12976
64 12984
64 12991
64 13010
64 13017
64 13056
64 13079
64 13135
64 13145
64 13147
64 13167
64 13169
64 13242
64 13247
64 13258
64 13268
64 13280
64 13331
64 13334
64 13349
64 13361
64 13367
64 13395
64 13423
64 13424
64 13449
64 13470
64 13501
64 13516
64 13520
64 13526
64 13540
64 13566
64 13582
64 13588
64 13603
64 13618
64 13632
64 13644
64 13651
64 13672
64 13674
64 13679
64 13687
64 13690
64 13748
64 13763
64 13771
64 13797
64 13809
64 13816
64 13832
64 13845
64 13855
64 13869
64 13871
64 13873
64 13944
64 13977
64 13990
64 13997
64 14001
64 14018
64 14021
64 14034
64 14042
64 14092
64 14117
64 14128
64 14141
64 14170
64 14178
64 14189
64 14232
64 14244
64 14265
64 14273
64 14301
64 14325
64 14334
64 14361
64 14391
64 14398
64 14431
64 14450
64 14452
64 14458
64 14472
64 14480
64 14484
64 14487
64 14507
64 14553
64 14563
64 14572
64 14579
64 14616
64 14639
64 14657
64 14665
64 14681
64 14738
64 14810
64 14823
64 14838
64 14847
64 14851
64 14859
64 14872
64 14889
64 14934
64 14941
64 14961
64 14978
64 14982
64 14987
64 15009
64 15045
64 15087
64 15088
64 15090
64 15134
64 15142
64 15198
64 15208
64 15284
64 15330
64 15353
64 15365
64 15411
64 15474
64 15487
64 15564
64 15583
64 15590
64 15591
64 15604
64 15631
64 15637
64 15641
64 15688
64 15708
64 15743
64 15747
64 15791
64 15802
64 15808
64 15820
64 15836
64 15847
64 15857
64 15876
64 15882
64 15889
64 15890
64 15892
64 15901
64 15908
64 15939
64 15947
64 16002
64 16126
64 16132
64 16135
64 16139
64 16155
64 16160
64 16174
64 16193
64 16200
64 16206
64 16213
64 16230
64 16231
64 16247
64 16301
64 16312
64 16356
64 16380
64 16387
64 16389
64 16400
64 16410
64 16416
64 16419
64 16450
64 16452
64 16509
64 16512
64 16535
64 16545
64 16555
64 16556
64 16583
64 16604
64 16610
64 16625
64 16746
64 16830
64 16834
64 16906
64 16907
64 16908
64 16913
64 16916
64 16929
64 16932
64 16948
64 16967
64 16972
64 17034
64 17041
64 17048
64 17052
64 17074
64 17098
64 17111
64 17125
64 17176
64 17178
64 17196
64 17200
64 17203
64 17212
64 17216
64 17242
64 17248
64 17293
64 17312
64 17331
64 17339
64 17348
64 17355
64 17356
64 17357
64 17365
64 17368
64 17376
64 17377
64 17405
64 17406
64 17418
64 17467
64 17472
64 17483
64 17492
64 17517
64 17580
64 17588
64 17612
64 17677
64 17686
64 17691
64 17726
64 17744
64 17745
64 17756
64 17766
64 17769
64 17782
64 17815
64 17819
64 17829
64 17833
64 17862
64 17914
64 17920
64 17924
64 17940
64 17948
64 17960
64 17973
64 17979
64 18012
64 18022
64 18025
64 18036
64 18045
64 18070
64 18071
64 18088
64 18101
64 18111
64 18131
64 18146
64 18148
64 18159
64 18202
64 18206
64 18222
64 18224
64 18225
64 18231
64 18236
64 18244
64 18252
64 18257
64 18263
64 18268
64 18287
64 18291
64 18292
64 18300
64 18322
64 18329
64 18340
64 18342
64 18354
64 18355
64 18365
64 18371
64 18380
64 18385
64 18398
64 18399
64 18420
64 18442
64 18453
64 18476
64 18494
64 18515
64 18534
64 18537
64 18541
64 18551
64 18564
64 18573
64 18582
64 18609
64 18616
64 18623
64 18637
64 18643
64 18647
64 18657
64 18710
64 18743
64 18754
64 18782
64 18803
64 18813
64 18841
64 18891
64 18911
64 18924
64 18931
64 18932
64 18937
64 18961
64 18984
64 19021
64 19029
64 19057
64 19120
64 19126
64 19153
64 19156
64 19201
64 19214
64 19222
64 19238
64 19258
64 19272
64 19281
64 19294
64 19305
64 19324
64 19341
64 19342
64 19364
64 19389
64 19414
64 19416
64 19430
64 19435
64 19463
64 19467
64 19486
64 19526
64 19534
64 19541
64 19545
64 19562
64 19585
64 19693
64 19707
64 19713
64 19715
64 19759
64 19775
64 19790
64 19813
64 19842
64 19856
64 19858
64 19889
64 19894
64 19913
64 20003
64 20025
64 20026
64 20028
64 20038
64 20043
64 20044
64 20086
64 20100
64 20134
64 20151
64 20192
64 20196
64 20215
64 20227
64 20232
64 20240
64 20254
64 20256
64 20271
64 20286
64 20334
64 20340
64 20360
64 20391
64 20398
64 20413
64 20492
64 20493
64 20561
64 20569
64 20574
64 20579
64 20588
64 20594
64 20609
64 20643
64 20645
64 20666
64 20668
64 20669
64 20694
64 20748
64 20774
64 20784
64 20794
64 20857
64 20860
64 20878
64 20891
64 20910
64 20935
64 20946
64 20953
64 20958
64 20963
64 20974
64 20983
64 21008
64 21018
64 21028
64 21031
64 21036
64 21052
64 21060
64 21079
64 21087
64 21126
64 21127
64 21133
64 21134
64 21160
64 21163
64 21191
64 21194
64 21202
64 21216
64 21242
64 21255
64 21276
64 21295
64 21310
64 21325
64 21326
64 21370
64 21437
64 21459
64 21481
64 21510
64 21518
64 21522
64 21549
64 21558
64 21581
64 21600
64 21629
64 21630
64 21640
64 21660
64 21683
64 21701
64 21710
64 21749
64 21775
64 21850
64 21860
64 21876
64 21909
64 21926
64 21943
64 21959
64 21961
64 21972
64 21986
64 22017
64 22020
64 22021
64 22047
64 22056
64 22057
64 22069
64 22091
64 22110
64 22156
64 22181
64 22195
64 22208
64 22219
64 22252
64 22262
64 22285
64 22295
64 22298
64 22310
64 22313
64 22314
64 22324
64 22330
64 22342
64 22382
64 22408
64 22423
64 22432
64 22435
64 22454
64 22474
64 22486
64 22514
64 22523
64 22563
64 22565
64 22576
64 22582
64 22586
64 22605
64 22683
64 22684
64 22690
64 22701
64 22758
64 22764
64 22778
64 22790
64 22808
64 22814
64 22820
64 22826
64 22835
64 22841
64 22852
64 22874
64 22902
64 22927
64 22936
64 22967
64 22993
64 23034
64 23041
64 23046
64 23066
64 23067
64 23068
64 23081
64 23120
64 23123
64 23131
64 23149
64 23212
64 23218
64 23310
64 23315
64 23333
64 23347
64 23355
64 23358
64 23371
64 23376
64 23380
64 23439
64 23442
64 23482
64 23496
64 23502
64 23527
64 23583
64 23584
64 23592
64 23596
64 23611
64 23619
64 23652
64 23656
64 23669
64 23679
64 23695
64 23707
64 23709
64 23759
64 23762
64 23774
64 23776
64 23779
64 23789
64 23793
64 23803
64 23807
64 23831
64 23837
64 23842
64 23848
64 23874
64 23877
64 23886
64 23923
64 23957
64 24001
64 24030
64 24031
64 24049
64 24052
64 24087
64 24105
64 24118
64 24129
64 24144
64 24172
64 24177
64 24196
64 24227
64 24241
64 24285
64 24287
64 24314
64 24317
64 24326
64 24329
64 24331
64 24337
64 24355
64 24358
64 24383
64 24399
64 24412
64 24420
64 24438
64 24452
64 24467
64 24483
64 24496
64 24499
64 24523
64 24548
64 24570
64 24590
64 24601
64 24635
64 24643
64 24645
64 24654
64 24694
64 24726
64 24759
64 24786
64 24820
64 24862
64 24886
64 24928
64 24933
64 24982
64 24999
64 25006
64 25028
64 25032
64 25037
64 25076
64 25080
64 25103
64 25109
64 25123
64 25138
64 25141
64 25148
64 25155
64 25171
64 25183
64 25190
64 25215
64 25222
64 25247
64 25305
64 25318
64 25327
64 25346
64 25356
64 25370
64 25412
64 25414
64 25422
64 25451
64 25458
64 25471
64 25503
64 25526
64 25559
64 25578
64 25614
64 25630
64 25651
64 25653
64 25732
64 25754
64 25777
64 25783
64 25797
64 25815
64 25842
64 25854
64 25855
64 25890
64 25892
64 25897
64 25901
64 25909
64 25913
64 25922
64 25944
64 25951
64 25955
64 25961
64 25996
64 25999
64 26003
64 26019
64 26023
64 26027
64 26031
64 26036
64 26055
64 26067
64 26084
64 26090
64 26101
64 26102
64 26124
64 26158
64 26165
64 26172
64 26183
64 26186
64 26188
64 26196
64 26198
64 26234
64 26246
64 26248
64 26259
64 26279
64 26300
64 26313
64 26318
64 26325
64 26329
64 26334
64 26388
64 26389
64 26390
64 26401
64 26404
64 26405
64 26415
64 26421
64 26437
64 26472
64 26490
64 26510
64 26520
64 26527
64 26537
64 26558
64 26619
64 26626
64 26635
64 26668
64 26715
64 26759
64 26765
64 26769
64 26794
64 26806
64 26813
64 26832
64 26841
64 26864
64 26875
64 26904
64 26915
64 26971
64 26999
64 27008
64 27038
64 27039
64 27043
64 27060
64 27107
64 27137
64 27176
64 27182
64 27187
64 27193
64 27215
64 27241
64 27251
64 27277
64 27280
64 27296
64 27330
64 27364
64 27389
64 27410
64 27417
64 27442
64 27449
64 27461
64 27475
64 27485
64 27505
64 27543
64 27567
64 27579
64 27598
64 27602
64 27607
64 27615
64 27640
64 27643
64 27662
64 27665
64 27673
64 27677
64 27682
64 27702
64 27717
64 27719
64 27726
64 27763
64 27782
64 27790
64 27801
64 27805
64 27823
64 27827
64 27831
64 27848
64 27858
64 27900
64 27905
64 27940
64 27964
64 28005
64 28015
64 28058
64 28067
64 28082
64 28139
64 28140
64 28157
64 28197
64 28205
64 28219
64 28226
64 28241
64 28299
64 28312
64 28327
64 28340
64 28353
64 28373
64 28403
64 28454
64 28461
64 28468
64 28482
64 28541
64 28559
64 28560
64 28568
64 28579
64 28603
64 28654
64 28673
64 28705
64 28706
64 28736
64 28867
64 28887
64 28888
64 28900
64 28921
64 28927
64 28945
64 28993
64 29005
64 29008
64 29014
64 29025
64 29039
64 29047
64 29061
64 29074
64 29078
64 29079
64 29084
64 29114
64 29119
64 29144
64 29177
64 29194
64 29219
64 29225
64 29234
64 29259
64 29279
64 29285
64 29292
64 29296
64 29298
64 29314
64 29324
64 29331
64 29344
64 29360
64 29364
64 29372
64 29379
64 29393
64 29408
64 29438
64 29439
64 29447
64 29449
64 29458
64 29503
64 29535
64 29570
64 29579
64 29682
64 29694
64 29721
64 29723
64 29728
64 29744
64 29750
64 29769
64 29846
64 29859
64 29864
64 29913
64 29915
64 29940
64 29943
64 29955
64 29957
64 29962
64 29974
64 30023
64 30040
64 30055
64 30057
64 30058
64 30060
64 30071
64 30079
64 30080
64 30081
64 30095
64 30144
64 30153
64 30166
64 30172
64 30175
64 30191
64 30194
64 30198
64 30210
64 30265
64 30296
64 30322
64 30343
64 30355
64 30370
64 30374
64 30420
64 30423
64 30441
64 30443
64 30497
64 30520
64 30568
64 30593
64 30644
64 30677
64 30689
64 30699
64 30712
64 30741
64 30760
64 30783
64 30787
64 30800
64 30818
64 30834
64 30847
64 30877
64 30889
64 30967
64 30972
64 30973
64 30978
64 31001
64 31072
64 31073
64 31074
64 31120
64 31147
64 31149
64 31161
64 31163
64 31199
64 31209
64 31233
64 31249
64 31265
64 31268
64 31275
64 31289
64 31342
64 31344
64 31347
64 31377
64 31406
64 31417
64 31450
64 31471
64 31480
64 31518
64 31537
64 31559
64 31589
64 31613
64 31618
64 31619
64 31625
64 31630
64 31633
64 31645
64 31649
64 31650
64 31652
64 31693
64 31716
64 31722
64 31756
64 31830
64 31852
64 31883
64 31884
64 31886
64 31887
64 31902
64 31905
64 31987
64 31997
64 32005
64 32015
64 32029
64 32034
64 32035
64 32059
64 32078
64 32122
64 32136
64 32140
64 32180
64 32186
64 32215
64 32232
64 32247
64 32251
64 32270
64 32306
64 32324
64 32331
64 32333
64 32339
64 32341
64 32342
64 32346
64 32371
64 32376
64 32382
64 32395
64 32409
64 32425
64 32476
64 32479
64 32495
64 32500
64 32502
64 32520
64 32522
64 32555
64 32565
64 32591
64 32614
64 32655
64 32659
64 32674
64 32677
64 32720
64 32732
64 32741
64 32749
64 32755
64 32805
64 32816
64 32821
64 32825
64 32833
64 32836
64 32847
64 32863
64 32875
64 32894
64 32906
64 32927
64 32933
64 32940
64 32944
64 32964
64 32967
64 33009
64 33021
64 33027
64 33038
64 33103
64 33104
64 33127
64 33147
64 33169
64 33178
64 33183
64 33189
64 33242
64 33268
64 33278
64 33298
64 33335
64 33360
64 33369
64 33376
64 33377
64 33383
64 33394
64 33402
64 33404
64 33462
64 33473
64 33476
64 33477
64 33485
64 33508
64 33573
64 33598
64 33600
64 33610
64 33611
64 33686
64 33687
64 33730
64 33746
64 33762
64 33777
64 33794
64 33802
64 33805
64 33819
64 33839
64 33845
64 33862
64 33876
64 33890
64 33910
64 33942
64 33977
64 33993
64 34046
64 34063
64 34082
64 34123
64 34179
64 34186
64 34188
64 34201
64 34204
64 34216
64 34250
64 34257
64 34264
64 34266
64 34306
64 34332
64 34334
64 34349
64 34358
64 34381
64 34398
64 34400
64 34411
64 34433
64 34437
64 34439
64 34442
64 34444
64 34453
64 34460
64 34463
64 34473
64 34483
64 34486
64 34513
64 34518
64 34527
64 34528
64 34539
64 34580
64 34585
64 34600
64 34612
64 34613
64 34620
64 34624
64 34686
64 34701
64 34735
64 34737
64 34769
64 34771
64 34795
64 34816
64 34840
64 34885
64 34887
64 34895
64 34900
64 34940
64 34950
64 34994
64 35003
64 35026
64 35045
64 35064
64 35079
64 35080
64 35158
64 35165
64 35173
64 35185
64 35189
64 35204
64 35214
64 35235
64 35251
64 35259
64 35279
64 35289
64 35293
64 35301
64 35302
64 35309
64 35331
64 35355
64 35360
64 35391
64 35444
64 35447
64 35450
64 35466
64 35502
64 35504
64 35560
64 35574
64 35617
64 35641
64 35644
64 35653
64 35654
64 35726
64 35755
64 35777
64 35817
64 35844
64 35858
64 35865
64 35868
64 35879
64 35890
64 35898
64 35924
64 35944
64 35945
64 35956
64 35957
64 35963
64 36002
64 36039
64 36065
64 36067
64 36085
64 36093
64 36104
64 36116
64 36127
64 36132
64 36143
64 36152
64 36154
64 36172
64 36177
64 36207
64 36224
64 36240
64 36243
64 36249
64 36263
64 36276
64 36308
64 36331
64 36340
64 36367
64 36397
64 36411
64 36437
64 36441
64 36466
64 36489
64 36491
64 36544
64 36577
64 36579
64 36610
64 36615
64 36624
64 36643
64 36678
64 36683
64 36716
64 36728
64 36729
64 36736
64 36763
64 36764
64 36765
64 36774
64 36795
64 36806
64 36836
64 36839
64 36876
64 36925
64 36932
64 36955
64 36976
64 36979
64 37000
64 37013
64 37023
64 37024
64 37039
64 37058
64 37064
64 37088
64 37100
64 37112
64 37149
64 37155
64 37173
64 37180
64 37189
64 37205
64 37208
64 37209
64 37223
64 37228
64 37258
64 37292
64 37325
64 37326
64 37331
64 37334
64 37337
64 37348
64 37355
64 37365
64 37372
64 37398
64 37405
64 37433
64 37450
64 37459
64 37467
64 37477
64 37496
64 37502
64 37525
64 37536
64 37538
64 37540
64 37577
64 37582
64 37616
64 37623
64 37679
64 37684
64 37725
64 37726
64 37757
64 37771
64 37775
64 37815
64 37817
64 37821
64 37824
64 37835
64 37868
64 37878
64 37880
64 37884
64 37904
64 37915
64 37962
64 37988
64 37994
64 38011
64 38032
64 38038
64 38039
64 38045
64 38050
64 38086
64 38098
64 38110
64 38128
64 38134
64 38135
64 38140
64 38150
64 38178
64 38197
64 38200
64 38228
64 38233
64 38250
64 38273
64 38290
64 38292
64 38319
64 38367
64 38384
64 38445
64 38453
64 38456
64 38458
64 38460
64 38492
64 38514
64 38571
64 38578
64 38580
64 38603
64 38612
64 38630
64 38651
64 38656
64 38671
64 38672
64 38676
64 38692
64 38723
64 38774
64 38792
64 38800
64 38818
64 38839
64 38851
64 38899
64 38960
64 38976
64 38985
64 38996
64 39020
64 39025
64 39026
64 39041
64 39048
64 39071
64 39098
64 39102
64 39117
64 39139
64 39147
64 39150
64 39162
64 39211
64 39231
64 39283
64 39291
64 39301
64 39307
64 39364
64 39375
64 39401
64 39427
64 39430
64 39449
64 39462
64 39545
64 39548
64 39555
64 39579
64 39584
64 39585
64 39613
64 39629
64 39638
64 39652
64 39661
64 39666
64 39677
64 39705
64 39716
64 39760
64 39769
64 39789
64 39796
64 39797
64 39804
64 39813
64 39852
64 39891
64 39897
64 39930
64 39952
64 40015
64 40046
64 40072
64 40080
64 40102
64 40152
64 40160
64 40209
64 40216
64 40225
64 40252
64 40260
64 40263
64 40271
64 40280
64 40310
64 40336
64 40366
64 40424
64 40468
64 40469
64 40507
64 40524
64 40525
64 40560
64 40561
64 40565
64 40584
64 40585
64 40588
64 40589
64 40598
64 40631
64 40647
64 40648
64 40657
64 40661
64 40669
64 40671
64 40692
64 40698
64 40720
64 40737
64 40740
64 40750
64 40763
64 40772
64 40787
64 40826
64 40827
64 40870
64 40907
64 40959
64 40969
64 40974
64 41041
64 41062
64 41081
64 41090
64 41107
64 41120
64 41136
64 41141
64 41142
64 41148
64 41151
64 41178
64 41212
64 41226
64 41249
64 41267
64 41289
64 41295
64 41318
64 41331
64 41347
64 41367
64 41379
64 41412
64 41422
64 41424
64 41477
64 41478
64 41480
64 41493
64 41513
64 41518
64 41519
64 41522
64 41543
64 41556
64 41561
64 41567
64 41574
64 41613
64 41626
64 41629
64 41636
64 41682
64 41686
64 41692
64 41702
64 41703
64 41704
64 41707
64 41759
64 41803
64 41816
64 41829
64 41834
64 41873
64 41898
64 41899
64 41917
64 41927
64 41941
64 41958
64 41979
64 42041
64 42043
64 42050
64 42072
64 42099
64 42158
64 42196
64 42216
64 42240
64 42259
64 42297
64 42308
64 42330
64 42341
64 42352
64 42353
64 42362
64 42370
64 42403
64 42438
64 42453
64 42477
64 42484
64 42498
64 42519
64 42538
64 42552
64 42602
64 42608
64 42633
64 42681
64 42713
64 42727
64 42733
64 42735
64 42740
64 42741
64 42745
64 42746
64 42753
64 42775
64 42784
64 42806
64 42826
64 42849
64 42868
64 42883
64 42887
64 42891
64 42910
64 42912
64 42949
64 42996
64 43000
64 43022
64 43033
64 43046
64 43047
64 43080
64 43098
64 43102
64 43146
64 43148
64 43159
64 43175
64 43203
64 43219
64 43232
64 43238
64 43247
64 43269
64 43270
64 43301
64 43314
64 43326
64 43338
64 43341
64 43349
64 43358
64 43375
64 43383
64 43410
64 43422
64 43435
64 43442
64 43468
64 43469
64 43476
64 43498
64 43503
64 43510
64 43512
64 43523
64 43568
64 43585
64 43611
64 43622
64 43631
64 43633
64 43641
64 43669
64 43681
64 43708
64 43723
64 43809
64 43826
64 43838
64 43871
64 43904
64 43905
64 43938
64 43941
64 43974
64 43990
64 44004
64 44043
64 44055
64 44088
64 44124
64 44141
64 44162
64 44170
64 44175
64 44179
64 44191
64 44223
64 44236
64 44265
64 44273
64 44283
64 44284
64 44302
64 44316
64 44318
64 44321
64 44333
64 44347
64 44419
64 44425
64 44436
64 44440
64 44450
64 44457
64 44493
64 44524
64 44527
64 44539
64 44558
64 44594
64 44629
64 44647
64 44682
64 44750
64 44754
64 44771
64 44783
64 44835
64 44883
64 44923
64 44937
64 44961
64 44985
64 45030
64 45075
64 45085
64 45090
64 45095
64 45118
64 45120
64 45125
64 45156
64 45166
64 45172
64 45183
64 45185
64 45187
64 45194
64 45220
64 45232
64 45259
64 45265
64 45300
64 45337
64 45338
64 45341
64 45342
64 45359
64 45364
64 45372
64 45374
64 45393
64 45399
64 45414
64 45448
64 45462
64 45489
64 45543
64 45556
64 45558
64 45572
64 45580
64 45605
64 45611
64 45668
64 45678
64 45690
64 45695
64 45707
64 45739
64 45742
64 45748
64 45755
64 45775
64 45799
64 45810
64 45841
64 45851
64 45861
64 45868
64 45877
64 45886
64 45907
64 45908
64 45938
64 45969
64 45978
64 46015
64 46044
64 46063
64 46068
64 46074
64 46097
64 46102
64 46121
64 46127
64 46174
64 46212
64 46232
64 46247
64 46259
64 46271
64 46282
64 46293
64 46307
64 46344
64 46353
64 46360
64 46372
64 46375
64 46379
64 46381
64 46385
64 46389
64 46407
64 46411
64 46440
64 46499
64 46522
64 46536
64 46565
64 46571
64 46601
64 46630
64 46646
64 46655
64 46661
64 46666
64 46682
64 46691
64 46700
64 46713
64 46722
64 46759
64 46779
64 46783
64 46786
64 46788
64 46817
64 46833
64 46844
64 46845
64 46846
64 46854
64 46857
64 46864
64 46878
64 46904
64 46922
64 46933
64 46974
64 46976
64 47000
64 47016
64 47052
64 47071
64 47078
64 47083
64 47094
64 47146
64 47148
64 47149
64 47160
64 47164
64 47170
64 47198
64 47202
64 47222
64 47238
64 47239
64 47248
64 47254
64 47290
64 47296
64 47301
64 47314
64 47319
64 47324
64 47341
64 47347
64 47356
64 47371
64 47372
64 47377
64 47382
64 47387
64 47414
64 47419
64 47510
64 47511
64 47520
64 47540
64 47606
64 47629
64 47651
64 47655
64 47703
64 47738
64 47766
64 47781
64 47841
64 47854
64 47859
64 47862
64 47870
64 47871
64 47873
64 47888
64 47904
64 47909
64 47925
64 47940
64 47944
64 47950
64 47957
64 47995
64 48017
64 48037
64 48062
64 48063
64 48080
64 48086
64 48088
64 48104
64 48116
64 48123
64 48147
64 48166
64 48176
64 48189
64 48198
64 48199
64 48224
64 48230
64 48253
64 48263
64 48272
64 48299
64 48337
64 48351
64 48372
64 48375
64 48422
64 48433
64 48459
64 48472
64 48496
64 48499
64 48511
64 48515
64 48530
64 48565
64 48577
64 48595
64 48609
64 48626
64 48708
64 48724
64 48733
64 48739
64 48794
64 48828
64 48852
64 48856
64 48857
64 48861
64 48897
64 48901
64 48911
64 48915
64 48997
64 48998
64 49001
64 49008
64 49024
64 49055
64 49069
64 49099
64 49148
64 49177
64 49190
64 49198
64 49232
64 49241
64 49247
64 49254
64 49292
64 49320
64 49331
64 49379
64 49399
64 49434
64 49461
64 49463
64 49475
64 49476
64 49582
64 49583
64 49584
64 49594
64 49613
64 49634
64 49639
64 49685
64 49751
64 49812
64 49818
64 49830
64 49851
64 49858
64 49874
64 49879
64 49898
64 49978
64 49985
64 49986
64 50031
64 50033
64 50041
64 50047
64 50051
64 50053
64 50071
64 50072
64 50073
64 50077
64 50095
64 50104
64 50115
64 50144
64 50150
64 50175
64 50186
64 50195
64 50218
64 50225
64 50226
64 50239
64 50246
64 50250
64 50280
64 50281
64 50295
64 50297
64 50301
64 50312
64 50332
64 50455
64 50459
64 50460
64 50470
64 50481
64 50528
64 50534
64 50538
64 50541
64 50562
64 50629
64 50631
64 50642
64 50658
64 50663
64 50665
64 50674
64 50701
64 50704
64 50707
64 50714
64 50716
64 50739
64 50750
64 50757
64 50760
64 50803
64 50839
64 50852
64 50864
64 50872
64 50880
64 50916
64 50922
64 50958
64 50972
64 50986
64 50998
64 51004
64 51026
64 51079
64 51089
64 51118
64 51185
64 51188
64 51198
64 51207
64 51235
64 51247
64 51259
64 51270
64 51291
64 51302
64 51316
64 51343
64 51369
64 51378
64 51395
64 51404
64 51412
64 51413
64 51440
64 51471
64 51476
64 51478
64 51485
64 51533
64 51537
64 51544
64 51574
64 51655
64 51658
64 51660
64 51668
64 51675
64 51680
64 51681
64 51682
64 51691
64 51692
64 51699
64 51746
64 51756
64 51778
64 51788
64 51815
64 51823
64 51858
64 51862
64 51878
64 51879
64 51932
64 51969
64 51983
64 51985
64 51998
64 52003
64 52009
64 52060
64 52086
64 52091
64 52101
64 52128
64 52137
64 52153
64 52175
64 52196
64 52202
64 52231
64 52272
64 52282
64 52292
64 52334
64 52374
64 52377
64 52385
64 52390
64 52443
64 52444
64 52482
64 52548
64 52551
64 52586
64 52619
64 52625
64 52640
64 52646
64 52651
64 52747
64 52779
64 52785
64 52797
64 52807
64 52811
64 52818
64 52825
64 52905
64 52909
64 52911
64 52916
64 52918
64 52919
64 52941
64 52942
64 52950
64 52952
64 53005
64 53035
64 53067
64 53101
64 53128
64 53133
64 53180
64 53192
64 53248
64 53265
64 53282
64 53310
64 53317
64 53332
64 53348
64 53353
64 53360
64 53368
64 53403
64 53436
64 53460
64 53468
64 53498
64 53509
64 53520
64 53556
64 53592
64 53643
64 53648
64 53679
64 53686
64 53687
64 53693
64 53726
64 53740
64 53764
64 53770
64 53774
64 53793
64 53799
64 53804
64 53807
64 53835
64 53854
64 53862
64 53863
64 53871
64 53887
64 53904
64 53928
64 54005
64 54030
64 54035
64 54041
64 54055
64 54079
64 54082
64 54093
64 54104
64 54110
64 54121
64 54127
64 54145
64 54151
64 54164
64 54196
64 54199
64 54221
64 54223
64 54249
64 54256
64 54260
64 54273
64 54312
64 54326
64 54342
64 54348
64 54356
64 54437
64 54455
64 54458
64 54470
64 54494
64 54543
64 54557
64 54560
64 54585
64 54586
64 54615
64 54627
64 54628
64 54660
64 54663
64 54686
64 54692
64 54699
64 54720
64 54727
64 54743
64 54764
64 54770
64 54844
64 54857
64 54869
64 54919
64 54926
64 54983
64 54990
64 54997
64 54999
64 55011
64 55059
64 55091
64 55112
64 55117
64 55123
64 55129
64 55152
64 55212
64 55231
64 55275
64 55276
64 55297
64 55311
64 55332
64 55334
64 55340
64 55344
64 55364
64 55366
64 55371
64 55380
64 55406
64 55428
64 55449
64 55458
64 55461
64 55468
64 55473
64 55494
64 55532
64 55553
64 55571
64 55589
64 55612
64 55614
64 55638
64 55656
64 55694
64 55710
64 55717
64 55722
64 55726
64 55733
64 55746
64 55798
64 55799
64 55816
64 55829
64 55849
64 55856
64 55881
64 55896
64 55899
64 55904
64 55908
64 55938
64 55983
64 55985
64 55987
64 55993
64 56002
64 56005
64 56018
64 56037
64 56053
64 56135
64 56136
64 56146
64 56168
64 56200
64 56227
64 56240
64 56246
64 56287
64 56328
64 56340
64 56366
64 56385
64 56410
64 56449
64 56496
64 56500
64 56506
64 56521
64 56530
64 56543
64 56544
64 56547
64 56567
64 56584
64 56588
64 56603
64 56619
64 56627
64 56666
64 56669
64 56693
64 56697
64 56701
64 56710
64 56716
64 56718
64 56723
64 56747
64 56759
64 56779
64 56847
64 56892
64 56909
64 56924
64 56929
64 56977
64 57023
64 57046
64 57060
64 57074
64 57079
64 57086
64 57110
64 57119
64 57120
64 57122
64 57157
64 57179
64 57185
64 57201
64 57206
64 57233
64 57264
64 57289
64 57291
64 57294
64 57309
64 57320
64 57325
64 57381
64 57382
64 57386
64 57395
64 57423
64 57424
64 57438
64 57455
64 57471
64 57510
64 57528
64 57533
64 57552
64 57558
64 57563
64 57605
64 57607
64 57619
64 57653
64 57669
64 57676
64 57681
64 57703
64 57724
64 57725
64 57729
64 57735
64 57763
64 57767
64 57792
64 57793
64 57800
64 57877
64 57906
64 57912
64 57937
64 57944
64 57978
64 57988
64 57989
64 58028
64 58073
64 58122
64 58158
64 58169
64 58194
64 58199
64 58201
64 58209
64 58211
64 58219
64 58228
64 58243
64 58247
64 58276
64 58303
64 58331
64 58346
64 58390
64 58413
64 58419
64 58462
64 58502
64 58503
64 58519
64 58521
64 58526
64 58566
64 58571
64 58616
64 58623
64 58693
64 58720
64 58735
64 58768
64 58807
64 58875
64 58876
64 58902
64 58918
64 58933
64 58934
64 58943
64 58970
64 59024
64 59034
64 59041
64 59051
64 59073
64 59097
64 59133
64 59138
64 59139
64 59172
64 59173
64 59174
64 59318
64 59334
64 59335
64 59349
64 59363
64 59379
64 59382
64 59395
64 59400
64 59406
64 59419
64 59432
64 59439
64 59512
64 59544
64 59561
64 59580
64 59582
64 59593
64 59611
64 59613
64 59615
64 59661
64 59706
64 59712
64 59739
64 59745
64 59789
64 59800
64 59811
64 59853
64 59864
64 59879
64 59880
64 59884
64 59896
64 59935
64 59954
64 59977
64 59989
64 60001
64 60017
64 60018
64 60023
64 60029
64 60030
64 60054
64 60099
64 60120
64 60138
64 60152
64 60184
64 60230
64 60252
64 60260
64 60261
64 60279
64 60296
64 60318
64 60364
64 60367
64 60373
64 60379
64 60408
64 60430
64 60434
64 60438
64 60458
64 60466
64 60467
64 60469
64 60472
64 60493
64 60500
64 60501
64 60547
64 60548
64 60578
64 60598
64 60630
64 60697
64 60706
64 60717
64 60745
64 60775
64 60805
64 60816
64 60831
64 60832
64 60836
64 60845
64 60850
64 60885
64 60890
64 60908
64 60914
64 60919
64 60952
64 60961
64 60981
64 61011
64 61032
64 61042
64 61056
64 61066
64 61075
64 61091
64 61146
64 61151
64 61160
64 61265
64 61284
64 61300
64 61317
64 61318
64 61337
64 61344
64 61360
64 61367
64 61377
64 61400
64 61450
64 61468
64 61470
64 61537
64 61554
64 61565
64 61585
64 61587
64 61608
64 61617
64 61642
64 61665
64 61674
64 61676
64 61680
64 61687
64 61691
64 61693
64 61710
64 61712
64 61751
64 61755
64 61758
64 61787
64 61788
64 61820
64 61830
64 61834
64 61835
64 61854
64 61867
64 61897
64 61926
64 61936
64 61968
64 61993
64 62039
64 62062
64 62079
64 62091
64 62092
64 62124
64 62140
64 62174
64 62182
64 62193
64 62211
64 62222
64 62245
64 62248
64 62249
64 62252
64 62262
64 62278
64 62279
64 62283
64 62294
64 62296
64 62297
64 62308
64 62335
64 62377
64 62391
64 62444
64 62480
64 62486
64 62487
64 62490
64 62503
64 62520
64 62586
64 62595
64 62655
64 62656
64 62660
64 62687
64 62701
64 62730
64 62735
64 62740
64 62746
64 62898
64 62901
64 62917
64 62923
64 62929
64 62934
64 62956
64 62963
64 62966
64 62972
64 62985
64 63005
64 63016
64 63017
64 63028
64 63030
64 63032
64 63038
64 63040
64 63041
64 63073
64 63079
64 63126
64 63140
64 63147
64 63167
64 63185
64 63202
64 63229
64 63269
64 63306
64 63318
64 63346
64 63358
64 63369
64 63395
64 63420
64 63445
64 63466
64 63479
64 63499
64 63502
64 63517
64 63554
64 63566
64 63578
64 63610
64 63674
64 63689
64 63711
64 63714
64 63719
64 63726
64 63761
64 63778
64 63796
64 63862
64 64047
64 64068
64 64081
64 64085
64 64115
64 64146
64 64148
64 64169
64 64170
64 64194
64 64210
64 64212
64 64222
64 64224
64 64230
64 64243
64 64248
64 64259
64 64305
64 64319
64 64336
64 64337
64 64344
64 64362
64 64367
64 64382
64 64384
64 64391
64 64401
64 64420
64 64424
64 64426
64 64434
64 64442
64 64445
64 64450
64 64452
64 64467
64 64474
64 64494
64 64503
64 64506
64 64508
64 64526
64 64536
64 64575
64 64578
64 64591
64 64598
64 64651
64 64662
64 64664
64 64667
64 64668
64 64678
64 64686
64 64691
64 64698
64 64721
64 64730
64 64736
64 64756
64 64825
64 64898
64 64921
64 64939
64 64942
64 64951
64 64990
64 65014
64 65026
64 65053
64 65066
64 65091
64 65149
64 65193
64 65229
64 65236
64 65252
64 65288
64 65317
64 65331
64 65343
64 65388
64 65400
64 65429
64 65483
64 65485
64 65532
64 65546
64 65551
64 65579
64 65630
64 65727
64 65757
64 65764
64 65768
64 65773
64 65791
64 65792
64 65819
64 65897
64 65912
64 65915
64 65932
64 65967
64 66008
64 66011
64 66040
64 66049
64 66051
64 66076
64 66082
64 66093
64 66107
64 66131
64 66181
64 66202
64 66209
64 66216
64 66219
64 66229
64 66250
64 66279
64 66298
64 66312
64 66325
64 66378
64 66422
64 66425
64 66435
64 66443
64 66452
64 66480
64 66484
64 66493
64 66504
64 66521
64 66553
64 66554
64 66564
64 66607
64 66642
64 66653
64 66655
64 66657
64 66673
64 66677
64 66688
64 66694
64 66746
64 66757
64 66797
64 66801
64 66830
64 66841
64 66860
64 66861
64 66866
64 66877
64 66878
64 66900
64 66958
64 66975
64 66985
64 66987
64 67010
64 67020
64 67038
64 67051
64 67056
64 67085
64 67101
64 67112
64 67137
64 67146
64 67159
64 67173
64 67183
64 67196
64 67225
64 67236
64 67252
64 67277
64 67283
64 67332
64 67334
64 67359
64 67391
64 67398
64 67416
64 67418
64 67429
64 67439
64 67484
64 67488
64 67540
64 67562
64 67617
64 67632
64 67665
64 67674
64 67679
64 67686
64 67707
64 67720
64 67729
64 67731
64 67763
64 67809
64 67865
64 67879
64 67885
64 67898
64 67923
64 67937
64 67954
64 67960
64 67974
64 67986
64 67989
64 68003
64 68028
64 68030
64 68031
64 68119
64 68124
64 68130
64 68131
64 68136
64 68142
64 68152
64 68168
64 68223
64 68228
64 68229
64 68260
64 68267
64 68273
64 68280
64 68287
64 68334
64 68338
64 68347
64 68353
64 68366
64 68371
64 68398
64 68405
64 68406
64 68430
64 68456
64 68457
64 68481
64 68485
64 68582
64 68613
64 68628
64 68629
64 68665
64 68670
64 68671
64 68712
64 68736
64 68754
64 68761
64 68765
64 68783
64 68793
64 68806
64 68816
64 68850
64 68856
64 68861
64 68883
64 68894
64 68897
64 68916
64 68931
64 68933
64 68939
64 68957
64 68963
64 68972
64 68994
64 68998
64 68999
64 69009
64 69086
64 69099
64 69111
64 69119
64 69124
64 69147
64 69156
64 69166
64 69170
64 69172
64 69183
64 69188
64 69215
64 69254
64 69292
64 69302
64 69342
64 69377
64 69421
64 69431
64 69432
64 69434
64 69455
64 69503
64 69509
64 69522
64 69531
64 69551
64 69589
64 69620
64 69628
64 69638
64 69652
64 69655
64 69660
64 69663
64 69678
64 69711
64 69745
64 69750
64 69767
64 69812
64 69813
64 69829
64 69858
64 69866
64 69879
64 69889
64 69909
64 69914
64 69940
64 69950
64 69975
64 69991
64 69992
64 69993
64 70019
64 70050
64 70056
64 70058
64 70059
64 70085
64 70091
64 70110
64 70136
64 70139
64 70166
64 70181
64 70182
64 70214
64 70223
64 70255
64 70261
64 70265
64 70316
64 70331
64 70339
64 70370
64 70375
64 70382
64 70424
64 70429
64 70460
64 70463
64 70491
64 70496
64 70509
64 70511
64 70519
64 70524
64 70538
64 70559
64 70571
64 70594
64 70605
64 70611
64 70639
64 70652
64 70677
64 70680
64 70695
64 70708
64 70715
64 70720
64 70736
64 70745
64 70751
64 70765
64 70782
64 70798
64 70804
64 70805
64 70811
64 70825
64 70845
64 70859
64 70865
64 70871
64 70875
64 70889
64 70890
64 70929
64 70955
64 70956
64 70974
64 70975
64 70993
64 71002
64 71010
64 71031
64 71035
64 71038
64 71041
64 71061
64 71074
64 71126
64 71131
64 71171
64 71175
64 71188
64 71217
64 71234
64 71236
64 71248
64 71265
64 71275
64 71280
64 71282
64 71284
64 71289
64 71298
64 71322
64 71326
64 71327
64 71329
64 71360
64 71367
64 71400
64 71408
64 71412
64 71443
64 71463
64 71486
64 71512
64 71521
64 71526
64 71553
64 71558
64 71571
64 71578
64 71599
64 71609
64 71621
64 71644
64 71663
64 71676
64 71695
64 71773
64 71788
64 71794
64 71831
64 71837
64 71854
64 71856
64 71928
64 71941
64 71943
64 71952
64 71984
64 71986
64 72022
64 72028
64 72044
64 72055
64 72058
64 72064
64 72095
64 72130
64 72155
64 72168
64 72191
64 72194
64 72245
64 72248
64 72249
64 72250
64 72282
64 72299
64 72318
64 72319
64 72327
64 72329
64 72350
64 72404
64 72429
64 72451
64 72456
64 72470
64 72492
64 72546
64 72551
64 72577
64 72601
64 72606
64 72622
64 72623
64 72645
64 72646
64 72682
64 72735
64 72767
64 72776
64 72778
64 72781
64 72814
64 72833
64 72865
64 72925
64 72946
64 72978
64 72987
64 73014
64 73024
64 73036
64 73047
64 73055
64 73072
64 73093
64 73097
64 73106
64 73129
64 73136
64 73138
64 73159
64 73164
64 73174
64 73176
64 73177
64 73201
64 73235
64 73275
64 73318
64 73327
64 73401
64 73423
64 73487
64 73489
64 73493
64 73516
64 73535
64 73554
64 73576
64 73597
64 73601
64 73622
64 73657
64 73689
64 73690
64 73711
64 73714
64 73720
64 73734
64 73745
64 73753
64 73760
64 73778
64 73781
64 73792
64 73794
64 73795
64 73801
64 73820
64 73836
64 73852
64 73899
64 73920
64 73933
64 73949
64 73965
64 73982
64 73987
64 73997
64 74001
64 74003
64 74021
64 74034
64 74062
64 74063
64 74073
64 74123
64 74139
64 74158
64 74174
64 74188
64 74193
64 74288
64 74330
64 74331
64 74340
64 74353
64 74369
64 74425
64 74431
64 74454
64 74459
64 74474
64 74475
64 74486
64 74499
64 74503
64 74551
64 74557
64 74567
64 74588
64 74591
64 74604
64 74612
64 74616
64 74618
64 74627
64 74700
64 74723
64 74737
64 74740
64 74767
64 74772
64 74794
64 74802
64 74805
64 74826
64 74851
64 74852
64 74858
64 74870
64 74895
64 74921
64 74934
64 74959
64 74977
64 74985
64 74991
64 74996
64 74997
64 74999
64 75035
64 75055
64 75058
64 75069
64 75072
64 75081
64 75088
64 75091
64 75100
64 75141
64 75164
64 75168
64 75169
64 75204
64 75208
64 75224
64 75233
64 75290
64 75312
64 75327
64 75359
64 75393
64 75415
64 75419
64 75421
64 75428
64 75437
64 75446
64 75451
64 75484
64 75541
64 75558
64 75568
64 75574
64 75595
64 75690
64 75699
64 75719
64 75740
64 75750
64 75759
64 75783
64 75799
64 75810
64 75832
64 75852
64 75866
64 75869
64 75871
64 75895
64 75935
64 75947
64 75977
64 76021
64 76028
64 76046
64 76070
64 76073
64 76098
64 76110
64 76124
64 76128
64 76145
64 76146
64 76166
64 76169
64 76177
64 76185
64 76202
64 76211
64 76218
64 76232
64 76252
64 76256
64 76273
64 76280
64 76283
64 76286
64 76289
64 76299
64 76314
64 76316
64 76337
64 76363
64 76395
64 76415
64 76456
64 76464
64 76475
64 76517
64 76530
64 76537
64 76573
64 76577
64 76588
64 76598
64 76603
64 76619
64 76624
64 76658
64 76691
64 76728
64 76742
64 76747
64 76749
64 76764
64 76769
64 76783
64 76815
64 76817
64 76818
64 76831
64 76859
64 76868
64 76879
64 76882
64 76921
64 76952
64 76966
64 76970
64 76971
64 77025
64 77037
64 77048
64 77055
64 77067
64 77068
64 77084
64 77089
64 77090
64 77108
64 77116
64 77158
64 77184
64 77221
64 77226
64 77240
64 77249
64 77265
64 77289
64 77293
64 77297
64 77300
64 77307
64 77309
64 77313
64 77332
64 77363
64 77368
64 77376
64 77393
64 77418
64 77437
64 77443
64 77467
64 77491
64 77498
64 77505
64 77509
64 77512
64 77531
64 77570
64 77579
64 77603
64 77615
64 77625
64 77642
64 77648
64 77650
64 77700
64 77742
64 77744
64 77755
64 77787
64 77797
64 77840
64 77843
64 77870
64 77895
64 77906
64 77939
64 77970
64 77993
64 78014
64 78058
64 78076
64 78078
64 78103
64 78138
64 78170
64 78232
64 78243
64 78247
64 78262
64 78295
64 78310
64 78314
64 78333
64 78336
64 78339
64 78345
64 78348
64 78353
64 78362
64 78385
64 78398
64 78408
64 78417
64 78428
64 78435
64 78470
64 78492
64 78524
64 78542
64 78548
64 78582
64 78584
64 78591
64 78612
64 78616
64 78618
64 78619
64 78632
64 78682
64 78698
64 78703
64 78713
64 78729
64 78757
64 78774
64 78797
64 78817
64 78826
64 78830
64 78838
64 78849
64 78873
64 78874
64 78916
64 78928
64 78993
64 79005
64 79021
64 79037
64 79053
64 79054
64 79061
64 79064
64 79093
64 79098
64 79138
64 79157
64 79228
64 79232
64 79304
64 79311
64 79344
64 79363
64 79374
64 79377
64 79382
64 79404
64 79414
64 79514
64 79515
64 79517
64 79549
64 79552
64 79585
64 79644
64 79662
64 79694
64 79696
64 79699
64 79728
64 79745
64 79761
64 79780
64 79793
64 79816
64 79818
64 79821
64 79854
64 79858
64 79869
64 79875
64 79910
64 79911
64 79912
64 79937
64 80013
64 80022
64 80028
64 80048
64 80061
64 80065
64 80072
64 80086
64 80151
64 80180
64 80227
64 80255
64 80258
64 80304
64 80367
64 80399
64 80406
64 80416
64 80462
64 80485
64 80489
64 80490
64 80492
64 80500
64 80540
64 80544
64 80572
64 80577
64 80595
64 80607
64 80707
64 80730
64 80748
64 80758
64 80767
64 80814
64 80841
64 80918
64 80920
64 81018
64 81019
64 81042
64 81089
64 81117
64 81126
64 81130
64 81141
64 81150
64 81167
64 81200
64 81201
64 81206
64 81216
64 81220
64 81251
64 81275
64 81283
64 81304
64 81355
64 81398
64 81409
64 81530
64 81545
64 81566
64 81579
64 81592
64 81619
64 81636
64 81637
64 81638
64 81651
64 81666
64 81675
64 81683
64 81709
64 81717
64 81743
64 81797
64 81834
64 81869
64 81871
64 81894
64 81901
64 81915
64 81951
64 81997
64 82015
64 82017
64 82030
64 82056
64 82059
64 82106
64 82114
64 82143
64 82149
64 82162
64 82184
64 82185
64 82212
64 82233
64 82244
64 82268
64 82287
64 82308
64 82312
64 82329
64 82330
64 82342
64 82353
64 82354
64 82361
64 82370
64 82454
64 82457
64 82495
64 82509
64 82582
64 82590
64 82628
64 82629
64 82643
64 82673
64 82697
64 82704
64 82707
64 82738
64 82777
64 82783
64 82821
64 82823
64 82907
64 82940
64 82962
64 82973
64 82983
64 83002
64 83031
64 83038
64 83040
64 83052
64 83080
64 83118
64 83129
64 83130
64 83139
64 83175
64 83192
64 83200
64 83210
64 83240
64 83284
64 83305
64 83401
64 83413
64 83443
64 83451
64 83500
64 83503
64 83535
64 83541
64 83547
64 83563
64 83573
64 83600
64 83602
64 83622
64 83627
64 83636
64 83644
64 83647
64 83662
64 83691
64 83696
64 83728
64 83729
64 83749
64 83754
64 83773
64 83794
64 83814
64 83837
64 83844
64 83875
64 83876
64 83888
64 83918
64 83932
64 83944
64 83948
64 83959
64 83980
64 83984
64 84025
64 84070
64 84076
64 84083
64 84104
64 84123
64 84130
64 84146
64 84150
64 84226
64 84251
64 84261
64 84289
64 84302
64 84306
64 84315
64 84346
64 84352
64 84361
64 84383
64 84393
64 84405
64 84414
64 84476
64 84482
64 84489
64 84495
64 84511
64 84519
64 84521
64 84533
64 84544
64 84545
64 84551
64 84566
64 84578
64 84613
64 84633
64 84644
64 84696
64 84697
64 84702
64 84703
64 84738
64 84758
64 84771
64 84782
64 84801
64 84808
64 84842
64 84864
64 84865
64 84888
64 84913
64 84950
64 84966
64 84984
64 85014
64 85046
64 85048
64 85069
64 85118
64 85131
64 85145
64 85146
64 85182
64 85195
64 85210
64 85230
64 85232
64 85250
64 85328
64 85399
64 85414
64 85416
64 85435
64 85437
64 85440
64 85451
64 85455
64 85486
64 85517
64 85568
64 85574
64 85612
64 85634
64 85653
64 85692
64 85708
64 85713
64 85717
64 85727
64 85731
64 85808
64 85812
64 85816
64 85849
64 85850
64 85851
64 85861
64 85873
64 85874
64 85886
64 85929
64 85946
64 85951
64 85970
64 85991
64 86014
64 86042
64 86058
64 86076
64 86077
64 86082
64 86135
64 86160
64 86164
64 86187
64 86208
64 86216
64 86236
64 86242
64 86258
64 86266
64 86268
64 86322
64 86358
64 86374
64 86376
64 86396
64 86410
64 86436
64 86481
64 86485
64 86510
64 86517
64 86520
64 86521
64 86547
64 86566
64 86567
64 86570
64 86601
64 86602
64 86629
64 86674
64 86704
64 86716
64 86718
64 86723
64 86744
64 86749
64 86761
64 86790
64 86813
64 86816
64 86822
64 86829
64 86842
64 86848
64 86861
64 86867
64 86870
64 86887
64 86934
64 86948
64 86963
64 86967
64 86975
64 86982
64 87021
64 87043
64 87088
64 87113
64 87122
64 87126
64 87127
64 87133
64 87149
64 87175
64 87179
64 87213
64 87228
64 87264
64 87268
64 87276
64 87284
64 87312
64 87316
64 87319
64 87328
64 87333
64 87336
64 87337
64 87346
64 87362
64 87386
64 87389
64 87393
64 87396
64 87414
64 87417
64 87449
64 87468
64 87472
64 87473
64 87479
64 87489
64 87490
64 87548
64 87581
64 87588
64 87594
64 87623
64 87630
64 87645
64 87647
64 87651
64 87655
64 87709
64 87710
64 87723
64 87725
64 87737
64 87743
64 87766
64 87787
64 87791
64 87795
64 87825
64 87837
64 87839
64 87840
64 87884
64 87888
64 87895
64 87896
64 87904
64 87912
64 87920
64 87953
64 87972
64 87979
64 87980
64 87987
64 87994
64 88030
64 88063
64 88082
64 88123
64 88149
64 88164
64 88201
64 88220
64 88226
64 88234
64 88236
64 88240
64 88272
64 88336
64 88364
64 88375
64 88402
64 88403
64 88419
64 88427
64 88450
64 88489
64 88504
64 88519
64 88520
64 88560
64 88622
64 88624
64 88635
64 88642
64 88653
64 88664
64 88697
64 88769
64 88777
64 88786
64 88822
64 88832
64 88835
64 88856
64 88895
64 88921
64 88927
64 88964
64 88967
64 88978
64 88997
64 89009
64 89015
64 89055
64 89058
64 89085
64 89106
64 89114
64 89127
64 89171
64 89177
64 89206
64 89218
64 89241
64 89243
64 89298
64 89299
64 89303
64 89313
64 89316
64 89325
64 89332
64 89354
64 89373
64 89389
64 89444
64 89453
64 89479
64 89484
64 89487
64 89495
64 89547
64 89551
64 89569
64 89604
64 89615
64 89617
64 89668
64 89676
64 89727
64 89760
64 89761
64 89768
64 89782
64 89787
64 89804
64 89808
64 89829
64 89867
64 89882
64 89908
64 89938
64 89946
64 89974
64 89975
64 89976
64 89986
64 89990
64 90033
64 90037
64 90050
64 90052
64 90097
64 90099
64 90108
64 90173
64 90200
64 90207
64 90215
64 90231
64 90241
64 90247
64 90258
64 90264
64 90278
64 90308
64 90339
64 90351
64 90361
64 90376
64 90428
64 90434
64 90451
64 90465
64 90475
64 90498
64 90501
64 90548
64 90606
64 90627
64 90636
64 90659
64 90660
64 90676
64 90713
64 90749
64 90751
64 90761
64 90772
64 90805
64 90821
64 90844
64 90846
64 90851
64 90857
64 90889
64 90905
64 90927
64 90949
64 91009
64 91020
64 91061
64 91074
64 91081
64 91088
64 91098
64 91115
64 91152
64 91158
64 91176
64 91187
64 91193
64 91217
64 91232
64 91242
64 91266
64 91280
64 91309
64 91319
64 91323
64 91340
64 91341
64 91342
64 91352
64 91358
64 91390
64 91401
64 91409
64 91411
64 91414
64 91441
64 91455
64 91460
64 91468
64 91502
64 91513
64 91530
64 91552
64 91556
64 91559
64 91560
64 91586
64 91593
64 91604
64 91617
64 91629
64 91649
64 91667
64 91674
64 91690
64 91691
64 91745
64 91783
64 91798
64 91800
64 91807
64 91815
64 91816
64 91823
64 91833
64 91834
64 91835
64 91839
64 91861
64 91864
64 91873
64 91895
64 91939
64 91983
64 91995
64 92012
64 92023
64 92096
64 92119
64 92121
64 92129
64 92145
64 92163
64 92192
64 92228
64 92242
64 92268
64 92292
64 92295
64 92308
64 92312
64 92340
64 92348
64 92355
64 92361
64 92366
64 92376
64 92379
64 92386
64 92389
64 92405
64 92466
64 92483
64 92516
64 92594
64 92602
64 92611
64 92650
64 92651
64 92660
64 92679
64 92682
64 92711
64 92715
64 92717
64 92720
64 92736
64 92751
64 92771
64 92773
64 92780
64 92783
64 92807
64 92808
64 92813
64 92837
64 92858
64 92873
64 92887
64 92888
64 92901
64 92916
64 92970
64 92981
64 93010
64 93036
64 93042
64 93076
64 93100
64 93115
64 93122
64 93138
64 93186
64 93198
64 93264
64 93266
64 93278
64 93282
64 93312
64 93316
64 93371
64 93374
64 93383
64 93406
64 93536
64 93539
64 93540
64 93564
64 93565
64 93568
64 93597
64 93608
64 93623
64 93641
64 93646
64 93664
64 93691
64 93722
64 93745
64 93759
64 93764
64 93779
64 93794
64 93797
64 93815
64 93822
64 93861
64 93873
64 93886
64 93890
64 93942
64 93954
64 94024
64 94078
64 94079
64 94082
64 94114
64 94125
64 94129
64 94162
64 94192
64 94195
64 94212
64 94216
64 94250
64 94255
64 94257
64 94287
64 94303
64 94308
64 94309
64 94314
64 94339
64 94342
64 94383
64 94386
64 94397
64 94398
64 94400
64 94403
64 94418
64 94426
64 94456
64 94477
64 94478
64 94489
64 94490
64 94493
64 94523
64 94566
64 94568
64 94576
64 94577
64 94583
64 94629
64 94646
64 94679
64 94683
64 94690
64 94727
64 94731
64 94746
64 94753
64 94758
64 94777
64 94783
64 94787
64 94794
64 94819
64 94831
64 94833
64 94840
64 94891
64 94898
64 94908
64 94931
64 94938
64 94941
64 94943
64 94948
64 94958
64 94961
64 94991
64 95001
64 95029
64 95041
64 95072
64 95098
64 95099
64 95102
64 95154
64 95160
64 95202
64 95213
64 95221
64 95227
64 95229
64 95235
64 95244
64 95250
64 95253
64 95264
64 95281
64 95300
64 95301
64 95308
64 95339
64 95354
64 95356
64 95383
64 95394
64 95411
64 95485
64 95496
64 95504
64 95521
64 95525
64 95552
64 95553
64 95585
64 95589
64 95648
64 95663
64 95762
64 95768
64 95778
64 95781
64 95790
64 95798
64 95802
64 95821
64 95847
64 95853
64 95916
64 95924
64 95925
64 95936
64 95949
64 95983
64 95987
64 96020
64 96028
64 96042
64 96072
64 96146
64 96148
64 96159
64 96162
64 96192
64 96193
64 96209
64 96247
64 96259
64 96279
64 96282
64 96288
64 96296
64 96316
64 96356
64 96372
64 96384
64 96398
64 96399
64 96409
64 96449
64 96487
64 96492
64 96502
64 96507
64 96509
64 96548
64 96578
64 96604
64 96619
64 96623
64 96647
64 96660
64 96667
64 96693
64 96698
64 96708
64 96726
64 96729
64 96734
64 96749
64 96754
64 96791
64 96797
64 96798
64 96800
64 96803
64 96814
64 96823
64 96837
64 96841
64 96842
64 96879
64 96883
64 96903
64 96967
64 97009
64 97029
64 97049
64 97062
64 97072
64 97081
64 97100
64 97111
64 97145
64 97168
64 97172
64 97181
64 97187
64 97188
64 97200
64 97245
64 97254
64 97262
64 97267
64 97278
64 97288
64 97292
64 97297
64 97357
64 97373
64 97406
64 97441
64 97460
64 97484
64 97508
64 97554
64 97566
64 97576
64 97579
64 97603
64 97618
64 97622
64 97637
64 97641
64 97648
64 97668
64 97749
64 97756
64 97781
64 97834
64 97869
64 97872
64 97889
64 97893
64 97901
64 97905
64 97932
64 97952
64 97990
64 98003
64 98012
64 98013
64 98032
64 98041
64 98043
64 98061
64 98063
64 98080
64 98144
64 98149
64 98155
64 98157
64 98158
64 98170
64 98171
64 98247
64 98261
64 98313
64 98322
64 98330
64 98346
64 98348
64 98354
64 98361
64 98381
64 98387
64 98391
64 98411
64 98417
64 98425
64 98446
64 98449
64 98450
64 98472
64 98499
64 98526
64 98553
64 98567
64 98588
64 98589
64 98603
64 98623
64 98639
64 98665
64 98673
64 98675
64 98682
64 98696
64 98708
64 98772
64 98774
64 98801
64 98806
64 98808
64 98812
64 98813
64 98825
64 98854
64 98883
64 98905
64 98907
64 98918
64 98941
64 98949
64 98962
64 98968
64 98969
64 98975
64 98978
64 98980
64 98986
64 99005
64 99019
64 99051
64 99068
64 99087
64 99106
64 99112
64 99132
64 99133
64 99135
64 99141
64 99165
64 99177
64 99198
64 99204
64 99208
64 99212
64 99215
64 99217
64 99262
64 99310
64 99330
64 99358
64 99370
64 99394
64 99400
64 99436
64 99453
64 99474
64 99481
64 99505
64 99506
64 99541
64 99555
64 99562
64 99581
64 99600
64 99617
64 99638
64 99646
64 99664
64 99669
64 99675
64 99676
64 99691
64 99717
64 99721
64 99755
64 99764
64 99780
64 99781
64 99790
64 99884
64 99888
64 99957
64 99965
64 99977
64 99985
64 99990
64 99991
64 99995
64 100029
64 100042
64 100084
64 100121
64 100138
64 100141
64 100143
64 100197
64 100199
64 100230
64 100237
64 100262
64 100279
64 100303
64 100309
64 100315
64 100336
64 100356
64 100388
64 100391
64 100399
64 100401
64 100402
64 100412
64 100460
64 100468
64 100507
64 100511
64 100544
64 100566
64 100569
64 100607
64 100620
64 100644
64 100665
64 100668
64 100697
64 100702
64 100705
64 100719
64 100720
64 100746
64 100753
64 100767
64 100796
64 100813
64 100822
64 100864
64 100870
64 100873
64 100879
64 100881
64 100885
64 100904
64 100916
64 100917
64 100919
64 100962
64 100984
64 100995
64 101005
64 101008
64 101019
64 101032
64 101042
64 101047
64 101092
64 101103
64 101115
64 101153
64 101195
64 101198
64 101248
64 101253
64 101297
64 101310
64 101315
64 101327
64 101332
64 101360
64 101383
64 101392
64 101417
64 101441
64 101444
64 101457
64 101462
64 101464
64 101482
64 101497
64 101536
64 101548
64 101559
64 101570
64 101574
64 101579
64 101609
64 101611
64 101635
64 101660
64 101700
64 101705
64 101706
64 101714
64 101780
64 101869
64 101870
64 101885
64 101888
64 101889
64 101895
64 101923
64 101956
64 101964
64 101986
64 101992
64 102020
64 102034
64 102043
64 102052
64 102068
64 102078
64 102094
64 102106
64 102109
64 102128
64 102130
64 102165
64 102170
64 102208
64 102215
64 102216
64 102311
64 102318
64 102344
64 102349
64 102396
64 102431
64 102434
64 102500
64 102529
64 102546
64 102556
64 102560
64 102601
64 102605
64 102610
64 102639
64 102669
64 102676
64 102726
64 102731
64 102761
64 102777
64 102825
64 102838
64 102839
64 102840
64 102841
64 102900
64 102911
64 102933
64 102972
64 102983
64 102989
64 102998
64 103045
64 103053
64 103083
64 103103
64 103105
64 103110
64 103116
64 103200
64 103210
64 103234
64 103245
64 103326
64 103334
64 103340
64 103342
64 103358
64 103401
64 103456
64 103495
64 103524
64 103538
64 103542
64 103561
64 103567
64 103570
64 103597
64 103616
64 103630
64 103635
64 103645
64 103668
64 103673
64 103695
64 103705
64 103711
64 103723
64 103735
64 103746
64 103749
64 103761
64 103763
64 103790
64 103791
64 103810
64 103817
64 103853
64 103859
64 103883
64 103906
64 103927
64 103935
64 103950
64 103965
64 104009
64 104012
64 104027
64 104043
64 104081
64 104104
64 104134
64 104145
64 104146
64 104153
64 104185
64 104209
64 104243
64 104262
64 104268
64 104269
64 104318
64 104373
64 104374
64 104396
64 104416
64 104428
64 104443
64 104467
64 104491
64 104500
64 104526
64 104536
64 104550
64 104562
64 104569
64 104573
64 104578
64 104586
64 104617
64 104618
64 104629
64 104631
64 104689
64 104693
64 104695
64 104709
64 104733
64 104740
64 104753
64 104773
64 104798
64 104799
64 104803
64 104819
64 104856
64 104867
64 104883
64 104887
64 104891
64 104900
64 104954
64 104955
64 104969
64 104979
64 104986
64 105007
64 105081
64 105097
64 105108
64 105140
64 105142
64 105151
64 105165
64 105181
64 105193
64 105221
64 105228
64 105233
64 105236
64 105286
64 105295
64 105336
64 105351
64 105354
64 105402
64 105425
64 105465
64 105467
64 105486
64 105508
64 105510
64 105511
64 105517
64 105520
64 105543
64 105548
64 105578
64 105588
64 105615
64 105636
64 105652
64 105664
64 105670
64 105672
64 105673
64 105677
64 105683
64 105715
64 105732
64 105755
64 105757
64 105868
64 105880
64 105895
64 105897
64 105934
64 105948
64 105967
64 106005
64 106006
64 106018
64 106032
64 106033
64 106081
64 106089
64 106114
64 106130
64 106137
64 106141
64 106142
64 106164
64 106168
64 106185
64 106204
64 106223
64 106230
64 106233
64 106238
64 106254
64 106273
64 106282
64 106295
64 106326
64 106330
64 106341
64 106348
64 106358
64 106368
64 106371
64 106380
64 106413
64 106418
64 106428
64 106433
64 106442
64 106495
64 106509
64 106513
64 106537
64 106550
64 106562
64 106578
64 106584
64 106586
64 106612
64 106619
64 106632
64 106642
64 106643
64 106655
64 106659
64 106662
64 106670
64 106675
64 106686
64 106689
64 106690
64 106731
64 106809
64 106836
64 106858
64 106864
64 106866
64 106875
64 106879
64 106902
64 106909
64 106911
64 106916
64 106925
64 106951
64 106958
64 106980
64 106982
64 107030
64 107036
64 107054
64 107058
64 107078
64 107083
64 107093
64 107145
64 107158
64 107197
64 107201
64 107228
64 107236
64 107257
64 107270
64 107294
64 107308
64 107311
64 107316
64 107328
64 107336
64 107355
64 107356
64 107362
64 107366
64 107376
64 107404
64 107436
64 107447
64 107453
64 107467
64 107506
64 107516
64 107520
64 107536
64 107555
64 107558
64 107578
64 107581
64 107622
64 107647
64 107673
64 107676
64 107703
64 107712
64 107725
64 107734
64 107744
64 107825
64 107838
64 107840
64 107852
64 107856
64 107900
64 108022
64 108051
64 108054
64 108078
64 108085
64 108092
64 108108
64 108113
64 108155
64 108159
64 108163
64 108172
64 108175
64 108193
64 108195
64 108207
64 108224
64 108256
64 108296
64 108315
64 108316
64 108338
64 108342
64 108343
64 108357
64 108367
64 108381
64 108404
64 108432
64 108435
64 108479
64 108506
64 108519
64 108529
64 108556
64 108564
64 108570
64 108583
64 108587
64 108604
64 108624
64 108670
64 108688
64 108714
64 108753
64 108798
64 108805
64 108813
64 108822
64 108887
64 108901
64 108923
64 108933
64 108939
64 108950
64 108973
64 109004
64 109033
64 109057
64 109064
64 109079
64 109090
64 109114
64 109121
64 109135
64 109140
64 109175
64 109225
64 109227
64 109265
64 109276
64 109281
64 109293
64 109303
64 109355
64 109358
64 109363
64 109376
64 109380
64 109397
64 109408
64 109417
64 109419
64 109427
64 109452
64 109457
64 109460
64 109494
64 109523
64 109543
64 109554
64 109587
64 109602
64 109606
64 109613
64 109629
64 109649
64 109650
64 109660
64 109681
64 109682
64 109711
64 109723
64 109742
64 109817
64 109818
64 109823
64 109828
64 109842
64 109844
64 109846
64 109849
64 109901
64 109918
64 109928
64 109975
64 109998
64 110002
64 110013
64 110014
64 110017
64 110024
64 110044
64 110105
64 110109
64 110166
64 110204
64 110207
64 110209
64 110242
64 110324
64 110336
64 110340
64 110353
64 110355
64 110391
64 110395
64 110443
64 110446
64 110455
64 110478
64 110490
64 110542
64 110544
64 110545
64 110578
64 110582
64 110628
64 110633
64 110655
64 110672
64 110673
64 110680
64 110692
64 110699
64 110720
64 110751
64 110754
64 110768
64 110772
64 110776
64 110785
64 110797
64 110826
64 110831
64 110837
64 110843
64 110844
64 110849
64 110871
64 110873
64 110947
64 110964
64 110990
64 111011
64 111018
64 111048
64 111057
64 111060
64 111061
64 111067
64 111071
64 111114
64 111127
64 111146
64 111159
64 111160
64 111182
64 111234
64 111244
64 111254
64 111355
64 111363
64 111391
64 111409
64 111415
64 111449
64 111458
64 111472
64 111478
64 111499
64 111545
64 111549
64 111599
64 111605
64 111627
64 111639
64 111650
64 111654
64 111675
64 111703
64 111704
64 111706
64 111712
64 111716
64 111732
64 111737
64 111769
64 111793
64 111808
64 111835
64 111874
64 111877
64 111884
64 111905
64 111923
64 111926
64 111947
64 111988
64 111995
64 112014
64 112019
64 112049
64 112053
64 112094
64 112141
64 112155
64 112160
64 112171
64 112252
64 112253
64 112256
64 112267
64 112281
64 112314
64 112319
64 112334
64 112363
64 112366
64 112372
64 112388
64 112397
64 112448
64 112466
64 112496
64 112500
64 112550
64 112554
64 112558
64 112559
64 112573
64 112574
64 112579
64 112584
64 112608
64 112665
64 112672
64 112674
64 112703
64 112704
64 112709
64 112719
64 112724
64 112735
64 112758
64 112776
64 112784
64 112793
64 112814
64 112815
64 112830
64 112855
64 112860
64 112879
64 112886
64 112909
64 112922
64 112925
64 112943
64 112953
64 112965
64 112993
64 113001
64 113029
64 113042
64 113089
64 113099
64 113168
64 113188
64 113196
64 113247
64 113282
64 113303
64 113308
64 113324
64 113346
64 113386
64 113404
64 113462
64 113487
64 113596
64 113613
64 113648
64 113669
64 113676
64 113697
64 113698
64 113758
64 113761
64 113762
64 113798
64 113811
64 113821
64 113822
64 113832
64 113859
64 113877
64 113882
64 113888
64 113914
64 113932
64 113957
64 113994
64 114000
64 114003
64 114033
64 114034
64 114036
64 114096
64 114097
64 114106
64 114107
64 114110
64 114111
64 114122
64 114138
64 114151
64 114163
64 114169
64 114178
64 114184
64 114192
64 114220
64 114234
64 114253
64 114259
64 114265
64 114276
64 114290
64 114345
64 114376
64 114387
64 114391
64 114401
64 114448
64 114456
64 114457
64 114475
64 114492
64 114495
64 114507
64 114520
64 114525
64 114529
64 114543
64 114554
64 114566
64 114567
64 114578
64 114598
64 114637
64 114661
64 114670
64 114694
64 114703
64 114794
64 114828
64 114855
64 114924
64 114925
64 114963
64 114980
64 115004
64 115014
64 115026
64 115029
64 115106
64 115130
64 115151
64 115161
64 115217
64 115230
64 115250
64 115252
64 115263
64 115269
64 115270
64 115283
64 115291
64 115315
64 115323
64 115327
64 115350
64 115355
64 115400
64 115404
64 115419
64 115424
64 115431
64 115434
64 115462
64 115473
64 115513
64 115556
64 115564
64 115609
64 115612
64 115614
64 115662
64 115699
64 115700
64 115704
64 115785
64 115790
64 115794
64 115803
64 115808
64 115832
64 115849
64 115855
64 115891
64 115928
64 115940
64 115944
64 115948
64 115968
64 115980
64 116025
64 116026
64 116027
64 116032
64 116057
64 116079
64 116089
64 116103
64 116109
64 116124
64 116126
64 116170
64 116180
64 116190
64 116198
64 116211
64 116232
64 116257
64 116272
64 116295
64 116302
64 116307
64 116316
64 116323
64 116340
64 116349
64 116350
64 116363
64 116369
64 116408
64 116409
64 116413
64 116492
64 116577
64 116594
64 116667
64 116675
64 116681
64 116687
64 116690
64 116709
64 116715
64 116731
64 116757
64 116766
64 116774
64 116788
64 116794
64 116800
64 116828
64 116835
64 116846
64 116853
64 116896
64 116909
64 116940
64 116988
64 117048
64 117062
64 117087
64 117116
64 117118
64 117128
64 117181
64 117217
64 117237
64 117255
64 117263
64 117278
64 117279
64 117311
64 117321
64 117331
64 117335
64 117340
64 117342
64 117343
64 117351
64 117367
64 117433
64 117478
64 117482
64 117536
64 117548
64 117719
64 117730
64 117736
64 117749
64 117775
64 117793
64 117806
64 117819
64 117826
64 117845
64 117857
64 117879
64 117917
64 117999
64 118043
64 118064
64 118068
64 118104
64 118132
64 118161
64 118163
64 118190
64 118201
64 118204
64 118241
64 118255
64 118273
64 118285
64 118294
64 118316
64 118331
64 118351
64 118430
64 118468
64 118478
64 118486
64 118487
64 118492
64 118494
64 118561
64 118581
64 118600
64 118623
64 118644
64 118649
64 118677
64 118692
64 118708
64 118713
64 118729
64 118754
64 118780
64 118793
64 118807
64 118811
64 118821
64 118829
64 118864
64 118866
64 118886
64 118909
64 118938
64 118968
64 119007
64 119032
64 119069
64 119075
64 119077
64 119079
64 119094
64 119106
64 119109
64 119155
64 119159
64 119166
64 119188
64 119203
64 119210
64 119215
64 119219
64 119223
64 119227
64 119250
64 119283
64 119291
64 119308
64 119349
64 119356
64 119366
64 119367
64 119370
64 119385
64 119393
64 119405
64 119411
64 119435
64 119462
64 119463
64 119469
64 119484
64 119490
64 119494
64 119499
64 119542
64 119553
64 119556
64 119612
64 119618
64 119683
64 119698
64 119707
64 119726
64 119742
64 119763
64 119767
64 119806
64 119813
64 119824
64 119871
64 119884
64 119887
64 119924
64 119928
64 119953
64 119981
64 119999
64 120043
64 120058
64 120066
64 120100
64 120115
64 120133
64 120150
64 120164
64 120165
64 120175
64 120196
64 120199
64 120200
64 120209
64 120230
64 120232
64 120256
64 120291
64 120298
64 120300
64 120306
64 120354
64 120357
64 120380
64 120381
64 120399
64 120403
64 120412
64 120413
64 120445
64 120446
64 120475
64 120487
64 120496
64 120508
64 120510
64 120519
64 120564
64 120578
64 120634
64 120647
64 120651
64 120666
64 120669
64 120705
64 120764
64 120772
64 120796
64 120804
64 120834
64 120841
64 120844
64 120848
64 120868
64 120887
64 120931
64 120934
64 120957
64 120982
64 121002
64 121003
64 121006
64 121023
64 121045
64 121058
64 121085
64 121108
64 121144
64 121159
64 121173
64 121190
64 121197
64 121198
64 121234
64 121245
64 121250
64 121251
64 121355
64 121376
64 121409
64 121437
64 121450
64 121463
64 121474
64 121477
64 121505
64 121510
64 121521
64 121539
64 121545
64 121570
64 121586
64 121625
64 121627
64 121633
64 121650
64 121659
64 121660
64 121662
64 121665
64 121670
64 121685
64 121690
64 121694
64 121696
64 121727
64 121740
64 121774
64 121799
64 121842
64 121848
64 121849
64 121853
64 121861
64 121863
64 121867
64 121913
64 121923
64 121924
64 122003
64 122009
64 122015
64 122040
64 122050
64 122135
64 122154
64 122166
64 122174
64 122194
64 122226
64 122235
64 122246
64 122259
64 122270
64 122287
64 122308
64 122323
64 122334
64 122345
64 122358
64 122390
64 122393
64 122438
64 122443
64 122450
64 122462
64 122501
64 122532
64 122562
64 122572
64 122608
64 122681
64 122687
64 122688
64 122692
64 122709
64 122736
64 122741
64 122768
64 122774
64 122780
64 122803
64 122814
64 122819
64 122834
64 122864
64 122870
64 122871
64 122876
64 122880
64 122888
64 122921
64 122945
64 122969
64 122978
64 122984
64 122995
64 122999
64 123001
64 123080
64 123094
64 123112
64 123113
64 123126
64 123136
64 123155
64 123161
64 123186
64 123189
64 123200
64 123216
64 123226
64 123269
64 123279
64 123288
64 123358
64 123366
64 123411
64 123422
64 123423
64 123426
64 123469
64 123498
64 123521
64 123558
64 123571
64 123605
64 123632
64 123641
64 123645
64 123653
64 123658
64 123662
64 123679
64 123683
64 123702
64 123705
64 123758
64 123764
64 123766
64 123781
64 123814
64 123840
64 123848
64 123852
64 123855
64 123859
64 123877
64 123881
64 123887
64 123901
64 123923
64 123924
64 123946
64 123965
64 123972
64 123983
64 124006
64 124042
64 124051
64 124078
64 124097
64 124128
64 124170
64 124213
64 124220
64 124285
64 124343
64 124373
64 124449
64 124451
64 124475
64 124486
64 124578
64 124617
64 124635
64 124842
64 125150
64 125220
64 125265
64 125272
64 125299
64 125343
64 125351
64 125392
64 125585
64 125591
64 125637
64 125700
64 125718
64 125721
64 125749
64 125750
64 125787
64 125811
64 125815
64 125868
64 125896
64 125901
64 125977
64 126014
64 126036
64 126093
64 126099
64 126139
64 126155
64 126160
64 126163
64 126201
64 126208
64 126289
64 126326
64 126334
64 126347
64 126350
64 126366
64 126424
64 126465
64 126466
64 126470
64 126473
64 126494
64 126501
64 126506
64 126539
64 126566
64 126587
64 126589
64 126604
64 126615
64 126646
64 126647
64 126656
64 126668
64 126697
64 126719
64 126737
64 126791
64 126804
64 126820
64 126860
64 126874
64 126879
64 126883
64 126971
64 126972
64 126974
64 126990
64 127005
64 127022
64 127051
64 127082
64 127115
64 127124
64 127142
64 127145
64 127146
64 127147
64 127198
64 127202
64 127233
64 127242
64 127246
64 127268
64 127300
64 127301
64 127351
64 127455
64 127516
64 127547
64 127557
64 127564
64 127571
64 127578
64 127580
64 127593
64 127599
64 127614
64 127624
64 127638
64 127647
64 127684
64 127689
64 127713
64 127717
64 127720
64 127742
64 127746
64 127758
64 127759
64 127762
64 127776
64 127827
64 127849
64 127911
64 127935
64 127948
64 127952
64 127980
64 127982
64 127988
64 127993
64 128009
64 128013
64 128014
64 128026
64 128042
64 128047
64 128108
64 128111
64 128116
64 128119
64 128121
64 128127
64 128147
64 128149
64 128180
64 128282
64 128288
64 128297
64 128301
64 128332
64 128340
64 128354
64 128421
64 128436
64 128479
64 128509
64 128517
64 128531
64 128571
64 128578
64 128583
64 128584
64 128597
64 128605
64 128652
64 128653
64 128660
64 128671
64 128676
64 128678
64 128680
64 128693
64 128699
64 128710
64 128728
64 128772
64 128780
64 128792
64 128802
64 128832
64 128834
64 128849
64 128855
64 128885
64 128920
64 128939
64 128950
64 128969
64 128993
64 128995
64 129001
64 129037
64 129039
64 129041
64 129052
64 129083
64 129100
64 129133
64 129145
64 129148
64 129181
64 129201
64 129233
64 129286
64 129292
64 129293
64 129304
64 129310
64 129335
64 129381
64 129411
64 129416
64 129420
64 129431
64 129461
64 129463
64 129470
64 129478
64 129517
64 129538
64 129542
64 129556
64 129562
64 129567
64 129584
64 129592
64 129595
64 129706
64 129711
64 129744
64 129755
64 129763
64 129793
64 129810
64 129818
64 129850
64 129867
64 129889
64 129896
64 129905
64 129960
64 129968
64 129969
64 129974
64 129989
64 130048
64 130069
64 130070
64 130113
64 130124
64 130133
64 130184
64 130187
64 130191
64 130202
64 130206
64 130210
64 130214
64 130241
64 130242
64 130277
64 130336
64 130338
64 130348
64 130374
64 130380
64 130388
64 130462
64 130478
64 130491
64 130494
64 130532
64 130542
64 130551
64 130556
64 130558
64 130584
64 130586
64 130606
64 130640
64 130657
64 130666
64 130679
64 130686
64 130693
64 130745
64 130754
64 130781
64 130798
64 130809
64 130816
64 130840
64 130841
64 130852
64 130868
64 130871
64 130889
64 130891
64 130907
64 130915
64 130921
64 130938
64 130950
64 130961
64 130969
64 130980
64 131008
64 131018
64 131021
64 131023
64 131070
64 131071
64 131089
64 131100
64 131115
64 131166
64 131168
64 131193
64 131211
64 131230
64 131249
64 131260
64 131277
64 131290
64 131294
64 131301
64 131322
64 131383
64 131406
64 131409
64 131415
64 131442
64 131454
64 131458
64 131474
64 131486
64 131496
64 131517
64 131541
64 131552
64 131553
64 131569
64 131624
64 131654
64 131659
64 131668
64 131672
64 131686
64 131714
64 131716
64 131719
64 131733
64 131753
64 131766
64 131777
64 131795
64 131809
64 131816
64 131820
64 131832
64 131846
64 131868
64 131873
64 131879
64 131885
64 131896
64 131897
64 131923
64 131941
64 131948
64 131960
64 131974
64 131981
64 131990
64 132037
64 132085
64 132097
64 132100
64 132136
64 132164
64 132167
64 132175
64 132198
64 132226
64 132243
64 132251
64 132267
64 132283
64 132297
64 132307
64 132323
64 132332
64 132334
64 132366
64 132372
64 132397
64 132453
64 132458
64 132468
64 132528
64 132537
64 132546
64 132553
64 132569
64 132572
64 132606
64 132611
64 132645
64 132716
64 132719
64 132762
64 132767
64 132778
64 132804
64 132855
64 132864
64 132876
64 132914
64 132952
64 132967
64 132972
64 132973
64 132976
64 132978
64 132980
64 132984
64 133025
64 133029
64 133041
64 133059
64 133082
64 133143
64 133161
64 133198
64 133199
64 133200
64 133210
64 133239
64 133249
64 133254
64 133262
64 133266
64 133273
64 133276
64 133287
64 133321
64 133326
64 133357
64 133365
64 133371
64 133374
64 133377
64 133380
64 133410
64 133442
64 133464
64 133476
64 133513
64 133545
64 133585
64 133586
64 133603
64 133611
64 133620
64 133656
64 133709
64 133736
64 133740
64 133757
64 133792
64 133809
64 133820
64 133826
64 133830
64 133837
64 133850
64 133892
64 133899
64 133917
64 133937
64 133986
64 133991
64 134022
64 134034
64 134040
64 134042
64 134046
64 134068
64 134075
64 134096
64 134100
64 134101
64 134151
64 134165
64 134167
64 134195
64 134212
64 134218
64 134229
64 134241
64 134264
64 134275
64 134281
64 134330
64 134350
64 134376
64 134416
64 134454
64 134467
64 134472
64 134497
64 134516
64 134535
64 134539
64 134547
64 134568
64 134574
64 134602
64 134603
64 134617
64 134641
64 134671
64 134700
64 134708
64 134711
64 134718
64 134721
64 134736
64 134744
64 134746
64 134782
64 134810
64 134821
64 134840
64 134841
64 134849
64 134869
64 134870
64 134871
64 134915
64 134936
64 134940
64 134967
64 134980
64 134988
64 135008
64 135013
64 135048
64 135053
64 135083
64 135085
64 135161
64 135171
64 135204
64 135206
64 135218
64 135240
64 135292
64 135311
64 135364
64 135365
64 135392
64 135394
64 135409
64 135451
64 135462
64 135502
64 135505
64 135509
64 135527
64 135576
64 135632
64 135636
64 135643
64 135682
64 135687
64 135696
64 135699
64 135775
64 135811
64 135820
64 135824
64 135825
64 135889
64 135915
64 135920
64 135962
64 135970
64 135976
64 135993
64 135999
64 136000
64 136025
64 136032
64 136060
64 136061
64 136069
64 136081
64 136096
64 136117
64 136123
64 136125
64 136133
64 136135
64 136141
64 136168
64 136173
64 136214
64 136253
64 136282
64 136308
64 136323
64 136324
64 136366
64 136370
64 136413
64 136415
64 136419
64 136434
64 136437
64 136466
64 136480
64 136490
64 136499
64 136500
64 136555
64 136563
64 136567
64 136578
64 136581
64 136585
64 136606
64 136615
64 136624
64 136627
64 136648
64 136667
64 136685
64 136721
64 136746
64 136778
64 136795
64 136824
64 136850
64 136863
64 136874
64 136882
64 136890
64 136900
64 136909
64 137007
64 137008
64 137009
64 137035
64 137040
64 137090
64 137096
64 137097
64 137099
64 137105
64 137115
64 137120
64 137122
64 137194
64 137223
64 137224
64 137232
64 137235
64 137237
64 137263
64 137271
64 137279
64 137290
64 137312
64 137319
64 137321
64 137331
64 137344
64 137348
64 137355
64 137442
64 137455
64 137466
64 137468
64 137490
64 137492
64 137498
64 137509
64 137526
64 137548
64 137555
64 137579
64 137588
64 137592
64 137610
64 137623
64 137635
64 137643
64 137650
64 137662
64 137724
64 137739
64 137774
64 137784
64 137815
64 137816
64 137835
64 137847
64 137851
64 137913
64 137917
64 137932
64 137962
64 138010
64 138040
64 138051
64 138071
64 138080
64 138122
64 138130
64 138157
64 138174
64 138176
64 138185
64 138188
64 138237
64 138268
64 138279
64 138281
64 138291
64 138301
64 138307
64 138371
64 138381
64 138390
64 138421
64 138427
64 138456
64 138457
64 138487
64 138498
64 138519
64 138526
64 138532
64 138552
64 138570
64 138575
64 138628
64 138640
64 138690
64 138751
64 138753
64 138788
64 138792
64 138822
64 138838
64 138849
64 138871
64 138946
64 138953
64 138954
64 139026
64 139029
64 139030
64 139051
64 139053
64 139055
64 139058
64 139084
64 139088
64 139091
64 139101
64 139110
64 139115
64 139116
64 139125
64 139146
64 139148
64 139153
64 139155
64 139186
64 139188
64 139192
64 139207
64 139211
64 139213
64 139284
64 139285
64 139336
64 139340
64 139343
64 139359
64 139362
64 139367
64 139379
64 139400
64 139431
64 139438
64 139452
64 139454
64 139485
64 139494
64 139498
64 139500
64 139516
64 139523
64 139551
64 139553
64 139563
64 139568
64 139589
64 139603
64 139630
64 139651
64 139713
64 139714
64 139748
64 139752
64 139753
64 139771
64 139783
64 139798
64 139806
64 139853
64 139878
64 139896
64 139897
64 139913
64 139926
64 139949
64 139951
64 139979
64 140019
64 140027
64 140030
64 140053
64 140060
64 140070
64 140081
64 140089
64 140104
64 140133
64 140146
64 140152
64 140154
64 140170
64 140196
64 140249
64 140281
64 140299
64 140326
64 140328
64 140381
64 140387
64 140416
64 140419
64 140428
64 140447
64 140458
64 140469
64 140479
64 140506
64 140527
64 140535
64 140561
64 140566
64 140585
64 140618
64 140626
64 140639
64 140641
64 140661
64 140691
64 140742
64 140743
64 140748
64 140761
64 140794
64 140816
64 140858
64 140862
64 140907
64 140989
64 140998
64 141033
64 141034
64 141044
64 141064
64 141074
64 141110
64 141118
64 141139
64 141153
64 141154
64 141156
64 141212
64 141235
64 141236
64 141246
64 141249
64 141309
64 141314
64 141336
64 141342
64 141351
64 141405
64 141414
64 141429
64 141486
64 141494
64 141520
64 141531
64 141566
64 141592
64 141601
64 141633
64 141656
64 141658
64 141668
64 141687
64 141692
64 141694
64 141695
64 141714
64 141730
64 141731
64 141733
64 141748
64 141753
64 141763
64 141772
64 141776
64 141801
64 141807
64 141814
64 141840
64 141866
64 141878
64 141879
64 141881
64 141912
64 141947
64 141949
64 141980
64 142043
64 142045
64 142051
64 142069
64 142089
64 142101
64 142106
64 142141
64 142152
64 142155
64 142175
64 142244
64 142298
64 142299
64 142307
64 142308
64 142331
64 142349
64 142376
64 142380
64 142387
64 142389
64 142447
64 142452
64 142558
64 142562
64 142628
64 142649
64 142655
64 142659
64 142724
64 142736
64 142747
64 142749
64 142768
64 142789
64 142833
64 142857
64 142862
64 142878
64 142898
64 142907
64 142914
64 142925
64 142959
64 142970
64 143000
64 143002
64 143056
64 143117
64 143121
64 143127
64 143134
64 143212
64 143219
64 143235
64 143239
64 143241
64 143266
64 143285
64 143289
64 143306
64 143355
64 143386
64 143394
64 143396
64 143397
64 143400
64 143418
64 143422
64 143423
64 143426
64 143428
64 143438
64 143440
64 143512
64 143520
64 143536
64 143538
64 143544
64 143551
64 143553
64 143567
64 143600
64 143621
64 143647
64 143649
64 143704
64 143721
64 143728
64 143733
64 143737
64 143770
64 143825
64 143853
64 143881
64 143943
64 143946
64 143956
64 143990
64 143992
64 144002
64 144008
64 144050
64 144063
64 144075
64 144084
64 144093
64 144161
64 144178
64 144187
64 144207
64 144208
64 144210
64 144213
64 144219
64 144224
64 144230
64 144231
64 144262
64 144281
64 144288
64 144291
64 144318
64 144320
64 144328
64 144361
64 144362
64 144383
64 144387
64 144408
64 144431
64 144442
64 144463
64 144486
64 144512
64 144519
64 144526
64 144543
64 144548
64 144587
64 144600
64 144601
64 144611
64 144625
64 144628
64 144638
64 144639
64 144643
64 144688
64 144697
64 144711
64 144719
64 144749
64 144771
64 144789
64 144795
64 144832
64 144837
64 144852
64 144878
64 144884
64 144888
64 144893
64 144904
64 144934
64 144937
64 144974
64 144983
64 144997
64 145002
64 145019
64 145026
64 145033
64 145034
64 145050
64 145070
64 145074
64 145091
64 145097
64 145123
64 145144
64 145146
64 145150
64 145155
64 145165
64 145193
64 145240
64 145257
64 145261
64 145275
64 145301
64 145331
64 145336
64 145349
64 145385
64 145425
64 145426
64 145434
64 145471
64 145506
64 145516
64 145528
64 145546
64 145554
64 145583
64 145584
64 145703
64 145728
64 145780
64 145781
64 145788
64 145793
64 145842
64 145851
64 145859
64 145898
64 145904
64 145913
64 145926
64 145938
64 145940
64 145955
64 145979
64 145988
64 145993
64 146013
64 146018
64 146032
64 146043
64 146051
64 146061
64 146062
64 146071
64 146104
64 146135
64 146141
64 146144
64 146157
64 146169
64 146177
64 146187
64 146205
64 146211
64 146217
64 146224
64 146228
64 146235
64 146239
64 146240
64 146248
64 146250
64 146261
64 146268
64 146273
64 146314
64 146333
64 146398
64 146401
64 146402
64 146408
64 146427
64 146508
64 146527
64 146533
64 146607
64 146664
64 146667
64 146674
64 146685
64 146698
64 146713
64 146732
64 146754
64 146764
64 146768
64 146777
64 146780
64 146818
64 146819
64 146883
64 146899
64 146903
64 146975
64 146988
64 146990
64 147000
64 147016
64 147032
64 147062
64 147100
64 147104
64 147111
64 147118
64 147147
64 147149
64 147172
64 147177
64 147178
64 147193
64 147207
64 147233
64 147260
64 147261
64 147267
64 147273
64 147283
64 147302
64 147312
64 147327
64 147339
64 147353
64 147368
64 147444
64 147463
64 147471
64 147508
64 147514
64 147529
64 147564
64 147581
64 147582
64 147593
64 147614
64 147635
64 147650
64 147654
64 147664
64 147695
64 147702
64 147713
64 147736
64 147740
64 147761
64 147794
64 147795
64 147801
64 147823
64 147839
64 147844
64 147858
64 147885
64 147901
64 147944
64 147948
64 147965
64 147981
64 147985
64 148010
64 148063
64 148066
64 148076
64 148086
64 148091
64 148128
64 148143
64 148164
64 148190
64 148229
64 148260
64 148261
64 148271
64 148274
64 148275
64 148292
64 148337
64 148356
64 148376
64 148405
64 148473
64 148476
64 148486
64 148507
64 148510
64 148524
64 148528
64 148531
64 148541
64 148574
64 148580
64 148594
64 148610
64 148617
64 148668
64 148673
64 148681
64 148700
64 148702
64 148719
64 148744
64 148750
64 148779
64 148796
64 148800
64 148825
64 148840
64 148856
64 148864
64 148877
64 148904
64 148916
64 148925
64 148935
64 148940
64 148948
64 148986
64 148993
64 148994
64 149012
64 149014
64 149041
64 149051
64 149103
64 149104
64 149106
64 149122
64 149146
64 149174
64 149180
64 149181
64 149218
64 149220
64 149224
64 149226
64 149244
64 149249
64 149270
64 149275
64 149287
64 149308
64 149315
64 149341
64 149342
64 149344
64 149354
64 149358
64 149376
64 149386
64 149427
64 149429
64 149445
64 149508
64 149514
64 149519
64 149541
64 149572
64 149578
64 149585
64 149629
64 149661
64 149662
64 149698
64 149727
64 149795
64 149798
64 149801
64 149806
64 149810
64 149852
64 149876
64 149894
64 149913
64 149940
64 149945
64 149956
64 149957
64 149994
64 150002
64 150011
64 150037
64 150047
64 150058
64 150076
64 150125
64 150157
64 150169
64 150178
64 150180
64 150184
64 150194
64 150207
64 150212
64 150215
64 150241
64 150273
64 150284
64 150312
64 150328
64 150330
64 150363
64 150364
64 150397
64 150408
64 150420
64 150435
64 150439
64 150449
64 150459
64 150467
64 150506
64 150572
64 150581
64 150595
64 150653
64 150660
64 150723
64 150750
64 150753
64 150760
64 150761
64 150782
64 150813
64 150814
64 150860
64 150873
64 150880
64 150930
64 150931
64 150946
64 150981
64 150997
64 151006
64 151022
64 151027
64 151029
64 151041
64 151044
64 151077
64 151079
64 151133
64 151143
64 151175
64 151180
64 151190
64 151193
64 151201
64 151226
64 151239
64 151273
64 151300
64 151317
64 151328
64 151336
64 151339
64 151436
64 151438
64 151474
64 151486
64 151502
64 151511
64 151512
64 151565
64 151574
64 151594
64 151609
64 151647
64 151666
64 151673
64 151676
64 151686
64 151694
64 151703
64 151724
64 151744
64 151749
64 151778
64 151797
64 151802
64 151805
64 151835
64 151840
64 151869
64 151880
64 151882
64 151917
64 151921
64 151923
64 151928
64 151943
64 151968
64 151969
64 151973
64 152013
64 152034
64 152046
64 152057
64 152059
64 152069
64 152091
64 152104
64 152121
64 152124
64 152135
64 152160
64 152184
64 152221
64 152222
64 152231
64 152242
64 152305
64 152326
64 152331
64 152335
64 152336
64 152347
64 152353
64 152354
64 152379
64 152398
64 152399
64 152420
64 152426
64 152436
64 152451
64 152457
64 152476
64 152536
64 152553
64 152601
64 152633
64 152715
64 152741
64 152749
64 152771
64 152778
64 152796
64 152814
64 152839
64 152871
64 152879
64 152902
64 152907
64 152908
64 152923
64 152967
64 152991
64 152996
64 153002
64 153026
64 153032
64 153054
64 153067
64 153116
64 153119
64 153132
64 153154
64 153162
64 153164
64 153178
64 153188
64 153201
64 153204
64 153212
64 153312
64 153317
64 153327
64 153334
64 153378
64 153381
64 153407
64 153408
64 153422
64 153430
64 153445
64 153458
64 153470
64 153512
64 153513
64 153547
64 153584
64 153587
64 153618
64 153624
64 153650
64 153661
64 153664
64 153680
64 153687
64 153722
64 153727
64 153763
64 153812
64 153813
64 153825
64 153835
64 153883
64 153968
64 153999
64 154005
64 154019
64 154020
64 154037
64 154090
64 154094
64 154099
64 154102
64 154104
64 154147
64 154164
64 154190
64 154253
64 154257
64 154278
64 154290
64 154319
64 154332
64 154340
64 154346
64 154377
64 154397
64 154422
64 154436
64 154437
64 154449
64 154450
64 154454
64 154487
64 154528
64 154538
64 154551
64 154560
64 154580
64 154585
64 154593
64 154602
64 154610
64 154662
64 154664
64 154777
64 154783
64 154792
64 154902
64 154912
64 154946
64 154947
64 154954
64 154970
64 155043
64 155067
64 155091
64 155096
64 155111
64 155130
64 155131
64 155163
64 155165
64 155175
64 155192
64 155207
64 155253
64 155270
64 155291
64 155293
64 155306
64 155325
64 155327
64 155349
64 155399
64 155422
64 155431
64 155471
64 155481
64 155482
64 155495
64 155506
64 155508
64 155515
64 155525
64 155537
64 155544
64 155547
64 155595
64 155625
64 155641
64 155668
64 155679
64 155714
64 155740
64 155749
64 155751
64 155754
64 155757
64 155789
64 155806
64 155809
64 155811
64 155851
64 155886
64 155887
64 155911
64 155925
64 155931
64 155949
64 155950
64 156016
64 156028
64 156036
64 156037
64 156044
64 156053
64 156094
64 156120
64 156141
64 156143
64 156187
64 156201
64 156220
64 156237
64 156259
64 156314
64 156356
64 156371
64 156380
64 156392
64 156491
64 156524
64 156557
64 156593
64 156603
64 156615
64 156623
64 156656
64 156662
64 156685
64 156733
64 156742
64 156820
64 156839
64 156870
64 156883
64 156905
64 156923
64 156935
64 156982
64 156991
64 157000
64 157005
64 157007
64 157014
64 157042
64 157045
64 157059
64 157087
64 157112
64 157132
64 157146
64 157154
64 157175
64 157176
64 157209
64 157214
64 157219
64 157225
64 157232
64 157235
64 157241
64 157252
64 157254
64 157257
64 157281
64 157299
64 157303
64 157304
64 157306
64 157312
64 157321
64 157338
64 157340
64 157382
64 157461
64 157465
64 157534
64 157541
64 157545
64 157561
64 157565
64 157568
64 157582
64 157595
64 157623
64 157650
64 157656
64 157698
64 157706
64 157724
64 157747
64 157753
64 157796
64 157822
64 157827
64 157836
64 157853
64 157857
64 157861
64 157939
64 157953
64 157965
64 158006
64 158058
64 158059
64 158086
64 158100
64 158132
64 158135
64 158140
64 158143
64 158158
64 158168
64 158174
64 158201
64 158219
64 158240
64 158277
64 158283
64 158301
64 158313
64 158314
64 158349
64 158363
64 158375
64 158380
64 158382
64 158393
64 158410
64 158441
64 158444
64 158449
64 158457
64 158461
64 158468
64 158510
64 158559
64 158596
64 158605
64 158654
64 158659
64 158686
64 158736
64 158744
64 158765
64 158766
64 158768
64 158787
64 158788
64 158797
64 158847
64 158883
64 158944
64 158952
64 158978
64 158990
64 159006
64 159019
64 159035
64 159042
64 159074
64 159096
64 159101
64 159105
64 159113
64 159168
64 159174
64 159192
64 159212
64 159217
64 159225
64 159247
64 159249
64 159257
64 159262
64 159279
64 159310
64 159342
64 159382
64 159401
64 159419
64 159458
64 159487
64 159506
64 159558
64 159581
64 159594
64 159602
64 159645
64 159656
64 159659
64 159690
64 159696
64 159700
64 159706
64 159725
64 159735
64 159741
64 159742
64 159747
64 159764
64 159771
64 159783
64 159787
64 159797
64 159807
64 159854
64 159864
64 159892
64 159896
64 159898
64 159914
64 159916
64 159917
64 159927
64 159960
64 159978
64 159989
64 159996
64 160064
64 160070
64 160102
64 160110
64 160117
64 160132
64 160135
64 160140
64 160154
64 160177
64 160214
64 160216
64 160218
64 160222
64 160232
64 160242
64 160262
64 160279
64 160319
64 160327
64 160356
64 160375
64 160388
64 160390
64 160419
64 160423
64 160428
64 160433
64 160436
64 160442
64 160451
64 160454
64 160494
64 160513
64 160537
64 160551
64 160552
64 160556
64 160589
64 160623
64 160627
64 160628
64 160643
64 160648
64 160673
64 160688
64 160744
64 160780
64 160786
64 160820
64 160822
64 160856
64 160858
64 160863
64 160880
64 160901
64 160909
64 160915
64 160980
64 160989
64 161002
64 161056
64 161058
64 161070
64 161100
64 161117
64 161130
64 161150
64 161153
64 161158
64 161162
64 161202
64 161207
64 161250
64 161253
64 161289
64 161310
64 161343
64 161347
64 161352
64 161360
64 161366
64 161388
64 161415
64 161416
64 161417
64 161421
64 161443
64 161452
64 161472
64 161476
64 161479
64 161493
64 161494
64 161512
64 161541
64 161563
64 161595
64 161643
64 161646
64 161657
64 161699
64 161713
64 161734
64 161735
64 161736
64 161760
64 161766
64 161784
64 161807
64 161829
64 161831
64 161832
64 161833
64 161871
64 161877
64 161886
64 161889
64 161907
64 161917
64 161928
64 161935
64 161945
64 161954
64 161970
64 161987
64 161988
64 162000
64 162003
64 162028
64 162044
64 162126
64 162140
64 162146
64 162193
64 162195
64 162213
64 162217
64 162231
64 162246
64 162289
64 162290
64 162293
64 162297
64 162299
64 162339
64 162369
64 162400
64 162402
64 162410
64 162451
64 162480
64 162481
64 162489
64 162502
64 162526
64 162546
64 162556
64 162559
64 162585
64 162593
64 162596
64 162600
64 162604
64 162618
64 162626
64 162674
64 162691
64 162717
64 162722
64 162735
64 162763
64 162794
64 162796
64 162806
64 162815
64 162828
64 162841
64 162846
64 162849
64 162854
64 162878
64 162879
64 162880
64 162890
64 162899
64 162927
64 162939
64 162998
64 163043
64 163044
64 163046
64 163047
64 163048
64 163055
64 163065
64 163077
64 163079
64 163103
64 163106
64 163109
64 163125
64 163126
64 163179
64 163183
64 163207
64 163217
64 163227
64 163245
64 163247
64 163250
64 163279
64 163288
64 163316
64 163322
64 163325
64 163334
64 163342
64 163345
64 163385
64 163411
64 163414
64 163453
64 163454
64 163468
64 163498
64 163499
64 163506
64 163510
64 163523
64 163532
64 163533
64 163543
64 163555
64 163570
64 163574
64 163585
64 163586
64 163610
64 163618
64 163634
64 163642
64 163644
64 163659
64 163666
64 163690
64 163726
64 163732
64 163738
64 163739
64 163745
64 163815
64 163843
64 163907
64 163931
64 163956
64 163976
64 163979
64 163992
64 164002
64 164019
64 164026
64 164032
64 164070
64 164089
64 164095
64 164098
64 164101
64 164120
64 164164
64 164187
64 164191
64 164195
64 164206
64 164251
64 164265
64 164278
64 164289
64 164306
64 164338
64 164375
64 164384
64 164396
64 164403
64 164405
64 164428
64 164456
64 164474
64 164475
64 164482
64 164490
64 164517
64 164519
64 164581
64 164612
64 164646
64 164662
64 164697
64 164701
64 164704
64 164751
64 164755
64 164827
64 164829
64 164843
64 164857
64 164887
64 164914
64 164937
64 164975
64 165003
64 165007
64 165032
64 165051
64 165052
64 165063
64 165080
64 165133
64 165134
64 165145
64 165159
64 165175
64 165179
64 165201
64 165202
64 165207
64 165208
64 165217
64 165232
64 165236
64 165239
64 165253
64 165260
64 165294
64 165310
64 165312
64 165325
64 165334
64 165338
64 165345
64 165358
64 165370
64 165373
64 165381
64 165397
64 165469
64 165480
64 165481
64 165514
64 165532
64 165569
64 165574
64 165580
64 165583
64 165615
64 165623
64 165645
64 165648
64 165668
64 165691
64 165716
64 165723
64 165729
64 165735
64 165762
64 165770
64 165778
64 165796
64 165802
64 165819
64 165825
64 165841
64 165861
64 165866
64 165868
64 165869
64 165872
64 165927
64 165958
64 165977
64 166030
64 166033
64 166053
64 166065
64 166076
64 166086
64 166100
64 166115
64 166124
64 166145
64 166146
64 166158
64 166207
64 166227
64 166243
64 166250
64 166262
64 166275
64 166278
64 166297
64 166324
64 166326
64 166329
64 166336
64 166338
64 166342
64 166347
64 166372
64 166379
64 166385
64 166409
64 166462
64 166477
64 166522
64 166531
64 166533
64 166555
64 166560
64 166565
64 166578
64 166583
64 166587
64 166590
64 166609
64 166617
64 166625
64 166629
64 166640
64 166672
64 166727
64 166739
64 166750
64 166802
64 166822
64 166825
64 166847
64 166849
64 166880
64 166886
64 166893
64 166898
64 166914
64 166921
64 166932
64 166993
64 167003
64 167014
64 167017
64 167022
64 167025
64 167028
64 167029
64 167043
64 167047
64 167051
64 167063
64 167064
64 167065
64 167070
64 167097
64 167116
64 167159
64 167161
64 167169
64 167176
64 167178
64 167182
64 167191
64 167217
64 167220
64 167225
64 167230
64 167237
64 167238
64 167240
64 167252
64 167253
64 167276
64 167281
64 167298
64 167311
64 167382
64 167410
64 167419
64 167422
64 167459
64 167468
64 167488
64 167516
64 167522
64 167556
64 167562
64 167568
64 167605
64 167609
64 167622
64 167655
64 167669
64 167681
64 167705
64 167764
64 167771
64 167791
64 167806
64 167824
64 167847
64 167865
64 167872
64 167873
64 167894
64 167913
64 167923
64 167929
64 167963
64 167970
64 167985
64 167999
64 168010
64 168026
64 168049
64 168059
64 168068
64 168086
64 168124
64 168138
64 168142
64 168153
64 168165
64 168227
64 168260
64 168294
64 168300
64 168316
64 168350
64 168382
64 168407
64 168441
64 168449
64 168501
64 168509
64 168512
64 168516
64 168520
64 168538
64 168548
64 168577
64 168584
64 168600
64 168610
64 168626
64 168628
64 168654
64 168660
64 168674
64 168677
64 168693
64 168706
64 168729
64 168750
64 168779
64 168802
64 168861
64 168863
64 168868
64 168871
64 168880
64 168903
64 168907
64 168923
64 168924
64 168959
64 168969
64 168972
64 168988
64 168997
64 169010
64 169011
64 169013
64 169014
64 169020
64 169030
64 169038
64 169111
64 169123
64 169162
64 169184
64 169193
64 169205
64 169228
64 169275
64 169293
64 169303
64 169305
64 169314
64 169330
64 169338
64 169348
64 169359
64 169369
64 169377
64 169488
64 169496
64 169504
64 169531
64 169560
64 169561
64 169584
64 169602
64 169622
64 169623
64 169686
64 169706
64 169722
64 169723
64 169735
64 169736
64 169746
64 169760
64 169771
64 169819
64 169838
64 169852
64 169863
64 169922
64 169938
64 169981
64 169983
64 169984
64 169985
64 170048
64 170052
64 170055
64 170058
64 170079
64 170082
64 170140
64 170150
64 170188
64 170195
64 170224
64 170240
64 170246
64 170261
64 170265
64 170275
64 170293
64 170352
64 170386
64 170434
64 170437
64 170443
64 170477
64 170482
64 170494
64 170497
64 170516
64 170530
64 170556
64 170562
64 170566
64 170585
64 170597
64 170603
64 170616
64 170620
64 170640
64 170675
64 170691
64 170711
64 170720
64 170750
64 170756
64 170758
64 170781
64 170783
64 170799
64 170823
64 170845
64 170857
64 170873
64 170887
64 170888
64 170890
64 170895
64 170909
64 170920
64 170922
64 170948
64 170969
64 171016
64 171018
64 171063
64 171078
64 171080
64 171099
64 171106
64 171161
64 171166
64 171170
64 171172
64 171176
64 171186
64 171204
64 171245
64 171254
64 171295
64 171314
64 171321
64 171322
64 171324
64 171327
64 171336
64 171338
64 171354
64 171401
64 171407
64 171418
64 171423
64 171440
64 171451
64 171456
64 171552
64 171587
64 171595
64 171639
64 171658
64 171717
64 171732
64 171755
64 171776
64 171800
64 171803
64 171810
64 171823
64 171827
64 171833
64 171836
64 171862
64 171868
64 171870
64 171892
64 171900
64 171909
64 171927
64 171954
64 171965
64 171977
64 171980
64 171982
64 172007
64 172009
64 172026
64 172057
64 172059
64 172072
64 172093
64 172118
64 172152
64 172176
64 172194
64 172210
64 172223
64 172250
64 172275
64 172322
64 172334
64 172365
64 172391
64 172395
64 172401
64 172407
64 172410
64 172419
64 172421
64 172438
64 172459
64 172497
64 172516
64 172521
64 172550
64 172558
64 172639
64 172661
64 172700
64 172714
64 172715
64 172716
64 172725
64 172744
64 172756
64 172783
64 172866
64 172886
64 172924
64 172977
64 173013
64 173032
64 173038
64 173044
64 173100
64 173103
64 173127
64 173164
64 173166
64 173170
64 173181
64 173186
64 173197
64 173217
64 173238
64 173242
64 173250
64 173267
64 173275
64 173292
64 173300
64 173323
64 173328
64 173352
64 173363
64 173388
64 173398
64 173413
64 173473
64 173499
64 173509
64 173519
64 173568
64 173580
64 173594
64 173598
64 173639
64 173679
64 173689
64 173691
64 173693
64 173703
64 173712
64 173716
64 173717
64 173723
64 173748
64 173752
64 173756
64 173760
64 173780
64 173804
64 173828
64 173833
64 173856
64 173891
64 173900
64 173914
64 173921
64 173924
64 173926
64 173938
64 173957
64 173971
64 173978
64 173996
64 174017
64 174052
64 174059
64 174075
64 174106
64 174116
64 174139
64 174143
64 174161
64 174169
64 174175
64 174181
64 174196
64 174198
64 174269
64 174291
64 174318
64 174331
64 174378
64 174389
64 174403
64 174411
64 174423
64 174424
64 174431
64 174455
64 174465
64 174468
64 174470
64 174523
64 174546
64 174566
64 174568
64 174586
64 174613
64 174615
64 174645
64 174686
64 174694
64 174712
64 174730
64 174735
64 174763
64 174777
64 174785
64 174809
64 174812
64 174814
64 174818
64 174852
64 174883
64 174894
64 174906
64 174932
64 174939
64 174975
64 175012
64 175035
64 175063
64 175064
64 175078
64 175079
64 175092
64 175106
64 175136
64 175155
64 175187
64 175199
64 175201
64 175212
64 175222
64 175281
64 175317
64 175338
64 175362
64 175387
64 175442
64 175454
64 175455
64 175494
64 175495
64 175536
64 175554
64 175566
64 175595
64 175602
64 175614
64 175642
64 175653
64 175716
64 175744
64 175746
64 175771
64 175781
64 175815
64 175824
64 175859
64 175882
64 175887
64 175895
64 175907
64 175909
64 175915
64 175940
64 175947
64 175965
64 175987
64 176003
64 176012
64 176020
64 176084
64 176088
64 176112
64 176115
64 176117
64 176147
64 176155
64 176163
64 176167
64 176184
64 176185
64 176203
64 176219
64 176226
64 176259
64 176273
64 176288
64 176387
64 176391
64 176395
64 176426
64 176435
64 176439
64 176466
64 176478
64 176488
64 176492
64 176497
64 176547
64 176563
64 176584
64 176607
64 176611
64 176657
64 176705
64 176724
64 176737
64 176763
64 176769
64 176778
64 176783
64 176815
64 176827
64 176833
64 176837
64 176843
64 176857
64 176859
64 176861
64 176883
64 176885
64 176888
64 176904
64 176909
64 176923
64 176926
64 176936
64 176992
64 177021
64 177052
64 177099
64 177119
64 177120
64 177136
64 177176
64 177181
64 177189
64 177220
64 177373
64 177411
64 177420
64 177422
64 177450
64 177463
64 177466
64 177478
64 177511
64 177522
64 177531
64 177532
64 177549
64 177553
64 177560
64 177578
64 177579
64 177580
64 177590
64 177609
64 177651
64 177664
64 177670
64 177695
64 177704
64 177722
64 177727
64 177728
64 177746
64 177748
64 177765
64 177803
64 177827
64 177848
64 177853
64 177855
64 177859
64 177882
64 177890
64 177899
64 177906
64 177919
64 177920
64 177942
64 177953
64 177962
64 177984
64 177985
64 177995
64 177999
64 178005
64 178055
64 178060
64 178103
64 178120
64 178138
64 178142
64 178216
64 178242
64 178252
64 178254
64 178269
64 178274
64 178304
64 178321
64 178339
64 178352
64 178357
64 178376
64 178415
64 178431
64 178437
64 178450
64 178451
64 178453
64 178477
64 178525
64 178539
64 178621
64 178647
64 178672
64 178698
64 178708
64 178712
64 178719
64 178761
64 178762
64 178777
64 178784
64 178790
64 178792
64 178808
64 178816
64 178845
64 178872
64 178907
64 178924
64 178929
64 178932
64 178968
64 178980
64 178991
64 179002
64 179003
64 179005
64 179012
64 179044
64 179089
64 179107
64 179112
64 179129
64 179155
64 179178
64 179220
64 179249
64 179262
64 179282
64 179283
64 179297
64 179320
64 179335
64 179337
64 179367
64 179374
64 179378
64 179411
64 179430
64 179432
64 179450
64 179452
64 179480
64 179486
64 179496
64 179540
64 179586
64 179595
64 179625
64 179640
64 179653
64 179661
64 179688
64 179700
64 179713
64 179731
64 179742
64 179765
64 179777
64 179780
64 179803
64 179809
64 179816
64 179826
64 179854
64 179857
64 179868
64 179878
64 179895
64 179897
64 179914
64 179931
64 179957
64 179988
64 179990
64 180017
64 180039
64 180042
64 180046
64 180052
64 180069
64 180079
64 180090
64 180093
64 180094
64 180099
64 180104
64 180106
64 180120
64 180155
64 180156
64 180177
64 180193
64 180209
64 180211
64 180265
64 180271
64 180306
64 180351
64 180377
64 180434
64 180490
64 180512
64 180514
64 180521
64 180546
64 180559
64 180561
64 180567
64 180598
64 180599
64 180609
64 180621
64 180644
64 180647
64 180649
64 180676
64 180700
64 180703
64 180722
64 180753
64 180754
64 180780
64 180786
64 180805
64 180843
64 180854
64 180909
64 180951
64 180953
64 180968
64 180974
64 181006
64 181034
64 181071
64 181077
64 181099
64 181123
64 181149
64 181151
64 181193
64 181203
64 181204
64 181207
64 181233
64 181289
64 181308
64 181317
64 181320
64 181336
64 181345
64 181355
64 181381
64 181424
64 181445
64 181451
64 181469
64 181471
64 181485
64 181503
64 181550
64 181562
64 181565
64 181578
64 181599
64 181600
64 181605
64 181611
64 181619
64 181644
64 181677
64 181721
64 181722
64 181723
64 181752
64 181753
64 181774
64 181782
64 181830
64 181847
64 181867
64 181872
64 181943
64 181947
64 182000
64 182001
64 182009
64 182022
64 182056
64 182061
64 182063
64 182091
64 182097
64 182102
64 182116
64 182128
64 182154
64 182159
64 182168
64 182170
64 182183
64 182216
64 182223
64 182226
64 182246
64 182252
64 182287
64 182307
64 182308
64 182387
64 182400
64 182408
64 182436
64 182465
64 182468
64 182510
64 182523
64 182526
64 182548
64 182553
64 182565
64 182618
64 182627
64 182643
64 182659
64 182672
64 182674
64 182677
64 182681
64 182710
64 182716
64 182754
64 182760
64 182762
64 182766
64 182787
64 182789
64 182809
64 182848
64 182870
64 182898
64 182918
64 182947
64 182955
64 182963
64 182988
64 182995
64 183011
64 183068
64 183084
64 183090
64 183095
64 183103
64 183104
64 183114
64 183128
64 183129
64 183135
64 183156
64 183164
64 183169
64 183176
64 183201
64 183222
64 183224
64 183282
64 183305
64 183328
64 183348
64 183352
64 183378
64 183381
64 183384
64 183411
64 183428
64 183457
64 183460
64 183482
64 183492
64 183503
64 183513
64 183530
64 183563
64 183564
64 183565
64 183583
64 183593
64 183595
64 183615
64 183616
64 183619
64 183698
64 183699
64 183719
64 183736
64 183774
64 183781
64 183798
64 183813
64 183826
64 183848
64 183860
64 183904
64 183926
64 183951
64 183964
64 183980
64 184023
64 184070
64 184076
64 184080
64 184115
64 184144
64 184156
64 184169
64 184194
64 184206
64 184216
64 184318
64 184326
64 184359
64 184379
64 184413
64 184421
64 184430
64 184449
64 184465
64 184473
64 184476
64 184547
64 184561
64 184589
64 184608
64 184641
64 184643
64 184649
64 184650
64 184658
64 184671
64 184678
64 184684
64 184707
64 184712
64 184716
64 184740
64 184752
64 184803
64 184807
64 184820
64 184858
64 184863
64 184868
64 184879
64 184887
64 184893
64 184913
64 184931
64 184933
64 184990
64 185039
64 185043
64 185061
64 185182
64 185211
64 185252
64 185272
64 185291
64 185300
64 185301
64 185302
64 185307
64 185316
64 185384
64 185392
64 185401
64 185478
64 185482
64 185501
64 185532
64 185535
64 185542
64 185547
64 185552
64 185579
64 185583
64 185592
64 185601
64 185604
64 185620
64 185636
64 185647
64 185679
64 185683
64 185711
64 185723
64 185728
64 185730
64 185741
64 185747
64 185771
64 185778
64 185836
64 185859
64 185877
64 185879
64 185918
64 185927
64 185957
64 185995
64 186037
64 186043
64 186082
64 186129
64 186139
64 186163
64 186166
64 186168
64 186219
64 186241
64 186250
64 186274
64 186276
64 186300
64 186304
64 186307
64 186310
64 186322
64 186332
64 186334
64 186378
64 186380
64 186409
64 186457
64 186493
64 186505
64 186527
64 186535
64 186541
64 186591
64 186608
64 186611
64 186634
64 186680
64 186687
64 186705
64 186715
64 186740
64 186753
64 186759
64 186763
64 186794
64 186805
64 186862
64 186884
64 186889
64 186908
64 186909
64 186910
64 186924
64 186930
64 187034
64 187052
64 187071
64 187075
64 187085
64 187087
64 187109
64 187173
64 187266
64 187313
64 187327
64 187329
64 187337
64 187353
64 187366
64 187455
64 187465
64 187467
64 187470
64 187475
64 187500
64 187533
64 187543
64 187560
64 187578
64 187592
64 187614
64 187619
64 187622
64 187629
64 187632
64 187640
64 187642
64 187666
64 187671
64 187689
64 187693
64 187703
64 187721
64 187722
64 187747
64 187774
64 187776
64 187811
64 187840
64 187843
64 187858
64 187867
64 187870
64 187875
64 187901
64 187908
64 187923
64 187958
64 188005
64 188008
64 188016
64 188033
64 188053
64 188064
64 188158
64 188161
64 188229
64 188243
64 188264
64 188273
64 188282
64 188291
64 188387
64 188431
64 188440
64 188462
64 188500
64 188506
64 188507
64 188527
64 188528
64 188545
64 188557
64 188575
64 188578
64 188582
64 188584
64 188593
64 188621
64 188642
64 188659
64 188661
64 188691
64 188718
64 188720
64 188721
64 188728
64 188744
64 188760
64 188778
64 188789
64 188806
64 188815
64 188835
64 188845
64 188866
64 188936
64 188997
64 189005
64 189022
64 189030
64 189043
64 189045
64 189053
64 189058
64 189078
64 189118
64 189120
64 189122
64 189183
64 189192
64 189196
64 189306
64 189328
64 189339
64 189342
64 189360
64 189379
64 189394
64 189403
64 189416
64 189431
64 189445
64 189454
64 189473
64 189475
64 189476
64 189495
64 189504
64 189506
64 189593
64 189596
64 189604
64 189606
64 189608
64 189622
64 189626
64 189631
64 189634
64 189655
64 189664
64 189671
64 189685
64 189686
64 189719
64 189725
64 189731
64 189754
64 189756
64 189778
64 189780
64 189825
64 189839
64 189841
64 189904
64 189908
64 189932
64 189950
64 189980
64 190029
64 190050
64 190054
64 190060
64 190097
64 190112
64 190144
64 190145
64 190147
64 190166
64 190194
64 190195
64 190220
64 190280
64 190300
64 190308
64 190309
64 190316
64 190341
64 190349
64 190372
64 190392
64 190418
64 190429
64 190435
64 190495
64 190534
64 190538
64 190550
64 190551
64 190634
64 190642
64 190653
64 190661
64 190674
64 190679
64 190703
64 190721
64 190761
64 190800
64 190812
64 190816
64 190825
64 190849
64 190853
64 190854
64 190863
64 190878
64 190895
64 190897
64 190901
64 190908
64 190925
64 190945
64 190949
64 190963
64 190964
64 190976
64 190993
64 191011
64 191014
64 191020
64 191032
64 191037
64 191049
64 191062
64 191078
64 191110
64 191116
64 191173
64 191209
64 191217
64 191251
64 191283
64 191312
64 191317
64 191336
64 191361
64 191377
64 191380
64 191390
64 191405
64 191408
64 191410
64 191437
64 191455
64 191489
64 191496
64 191548
64 191568
64 191587
64 191602
64 191618
64 191630
64 191647
64 191657
64 191685
64 191704
64 191720
64 191723
64 191727
64 191756
64 191797
64 191823
64 191827
64 191841
64 191850
64 191893
64 191916
64 191925
64 191956
64 191961
64 191964
64 191987
64 192012
64 192013
64 192110
64 192112
64 192127
64 192153
64 192156
64 192205
64 192210
64 192252
64 192321
64 192337
64 192339
64 192355
64 192412
64 192418
64 192444
64 192453
64 192494
64 192506
64 192527
64 192586
64 192594
64 192596
64 192623
64 192626
64 192628
64 192676
64 192711
64 192720
64 192760
64 192763
64 192773
64 192778
64 192782
64 192787
64 192848
64 192889
64 192927
64 192944
64 192957
64 192973
64 192979
64 193031
64 193045
64 193061
64 193144
64 193154
64 193183
64 193185
64 193228
64 193231
64 193235
64 193247
64 193257
64 193290
64 193292
64 193356
64 193377
64 193382
64 193394
64 193408
64 193439
64 193469
64 193476
64 193502
64 193508
64 193524
64 193526
64 193545
64 193551
64 193560
64 193570
64 193611
64 193617
64 193622
64 193661
64 193664
64 193686
64 193700
64 193726
64 193730
64 193738
64 193746
64 193747
64 193756
64 193765
64 193777
64 193791
64 193822
64 193845
64 193859
64 193888
64 193904
64 193908
64 193912
64 193979
64 193984
64 194021
64 194046
64 194057
64 194058
64 194069
64 194116
64 194121
64 194129
64 194138
64 194174
64 194199
64 194213
64 194223
64 194231
64 194241
64 194261
64 194270
64 194332
64 194349
64 194369
64 194442
64 194457
64 194460
64 194465
64 194475
64 194486
64 194523
64 194538
64 194557
64 194577
64 194582
64 194591
64 194597
64 194610
64 194640
64 194655
64 194661
64 194673
64 194678
64 194731
64 194776
64 194789
64 194797
64 194799
64 194803
64 194836
64 194894
64 194931
64 194935
64 194945
64 194948
64 194960
64 194975
64 195034
64 195039
64 195054
64 195078
64 195097
64 195104
64 195114
64 195138
64 195141
64 195163
64 195165
64 195169
64 195178
64 195189
64 195192
64 195204
64 195216
64 195222
64 195238
64 195241
64 195249
64 195253
64 195259
64 195276
64 195311
64 195312
64 195317
64 195368
64 195372
64 195389
64 195406
64 195458
64 195459
64 195463
64 195467
64 195474
64 195481
64 195536
64 195552
64 195565
64 195588
64 195589
64 195595
64 195621
64 195622
64 195626
64 195655
64 195663
64 195685
64 195698
64 195732
64 195765
64 195773
64 195803
64 195822
64 195825
64 195833
64 195844
64 195857
64 195866
64 195868
64 195894
64 195923
64 195931
64 195941
64 195948
64 195949
64 195950
64 195959
64 195992
64 196033
64 196040
64 196046
64 196089
64 196101
64 196126
64 196149
64 196181
64 196195
64 196216
64 196218
64 196243
64 196275
64 196292
64 196335
64 196343
64 196351
64 196366
64 196371
64 196396
64 196404
64 196407
64 196412
64 196416
64 196418
64 196467
64 196473
64 196507
64 196520
64 196524
64 196528
64 196557
64 196590
64 196608
64 196619
64 196633
64 196639
64 196669
64 196677
64 196679
64 196682
64 196733
64 196762
64 196770
64 196774
64 196812
64 196818
64 196863
64 196871
64 196879
64 196882
64 196914
64 196926
64 196928
64 196952
64 196971
64 197011
64 197019
64 197042
64 197047
64 197090
64 197116
64 197132
64 197134
64 197137
64 197161
64 197172
64 197188
64 197213
64 197215
64 197242
64 197263
64 197264
64 197284
64 197296
64 197306
64 197317
64 197321
64 197339
64 197342
64 197366
64 197375
64 197435
64 197441
64 197446
64 197456
64 197467
64 197488
64 197547
64 197593
64 197602
64 197632
64 197664
64 197668
64 197674
64 197679
64 197688
64 197714
64 197718
64 197737
64 197752
64 197764
64 197768
64 197777
64 197779
64 197787
64 197822
64 197830
64 197840
64 197847
64 197881
64 197889
64 197913
64 197950
64 197953
64 197959
64 198012
64 198039
64 198062
64 198088
64 198105
64 198134
64 198205
64 198220
64 198243
64 198267
64 198283
64 198325
64 198326
64 198338
64 198354
64 198356
64 198398
64 198404
64 198427
64 198447
64 198455
64 198464
64 198494
64 198511
64 198515
64 198600
64 198611
64 198624
64 198664
64 198667
64 198678
64 198698
64 198699
64 198709
64 198732
64 198735
64 198749
64 198757
64 198776
64 198805
64 198830
64 198844
64 198847
64 198872
64 198885
64 198891
64 198901
64 198913
64 198930
64 198941
64 198946
64 198962
64 198965
64 198989
64 199010
64 199013
64 199081
64 199110
64 199111
64 199113
64 199144
64 199155
64 199156
64 199159
64 199196
64 199216
64 199220
64 199235
64 199327
64 199330
64 199334
64 199344
64 199358
64 199399
64 199402
64 199512
64 199515
64 199531
64 199559
64 199568
64 199583
64 199605
64 199632
64 199636
64 199668
64 199679
64 199681
64 199699
64 199701
64 199764
64 199798
64 199800
64 199827
64 199856
64 199869
64 199875
64 199889
64 199891
64 199903
64 199916
64 199937
64 199938
64 199942
64 199957
64 199985
64 199992
64 199994
64 200011
64 200030
64 200048
64 200050
64 200063
64 200080
64 200085
64 200090
64 200114
64 200123
64 200155
64 200160
64 200167
64 200175
64 200178
64 200211
64 200214
64 200242
64 200243
64 200261
64 200264
64 200285
64 200301
64 200306
64 200307
64 200313
64 200317
64 200324
64 200336
64 200338
64 200342
64 200385
64 200402
64 200413
64 200417
64 200422
64 200443
64 200453
64 200462
64 200467
64 200486
64 200491
64 200508
64 200514
64 200526
64 200531
64 200533
64 200535
64 200544
64 200547
64 200548
64 200561
64 200573
64 200575
64 200578
64 200594
64 200634
64 200668
64 200710
64 200712
64 200720
64 200727
64 200734
64 200761
64 200769
64 200786
64 200796
64 200832
64 200861
64 200870
64 200874
64 200879
64 200930
64 200938
64 200955
64 201012
64 201021
64 201026
64 201030
64 201050
64 201084
64 201117
64 201125
64 201134
64 201156
64 201189
64 201196
64 201230
64 201262
64 201263
64 201269
64 201277
64 201330
64 201333
64 201346
64 201367
64 201374
64 201445
64 201457
64 201467
64 201470
64 201476
64 201483
64 201499
64 201506
64 201511
64 201520
64 201530
64 201540
64 201563
64 201565
64 201582
64 201585
64 201621
64 201635
64 201652
64 201665
64 201681
64 201714
64 201722
64 201744
64 201760
64 201780
64 201857
64 201863
64 201873
64 201883
64 201909
64 201936
64 201945
64 201967
64 201982
64 201989
64 202023
64 202051
64 202052
64 202062
64 202117
64 202121
64 202129
64 202138
64 202183
64 202190
64 202213
64 202221
64 202244
64 202262
64 202287
64 202328
64 202336
64 202341
64 202342
64 202347
64 202348
64 202418
64 202423
64 202439
64 202446
64 202459
64 202487
64 202518
64 202534
64 202538
64 202542
64 202545
64 202594
64 202613
64 202635
64 202638
64 202679
64 202683
64 202685
64 202692
64 202746
64 202798
64 202826
64 202851
64 202871
64 202909
64 202915
64 202922
64 202928
64 202952
64 203015
64 203016
64 203057
64 203066
64 203068
64 203088
64 203096
64 203104
64 203116
64 203122
64 203125
64 203147
64 203148
64 203179
64 203202
64 203218
64 203224
64 203229
64 203234
64 203240
64 203266
64 203283
64 203294
64 203306
64 203325
64 203357
64 203366
64 203378
64 203397
64 203400
64 203462
64 203472
64 203487
64 203489
64 203523
64 203531
64 203540
64 203552
64 203595
64 203628
64 203639
64 203640
64 203655
64 203657
64 203672
64 203686
64 203699
64 203746
64 203775
64 203778
64 203782
64 203814
64 203821
64 203869
64 203874
64 203905
64 203911
64 203917
64 203921
64 203927
64 203930
64 203968
64 203981
64 203994
64 204007
64 204019
64 204071
64 204098
64 204102
64 204122
64 204126
64 204132
64 204142
64 204146
64 204160
64 204193
64 204214
64 204258
64 204279
64 204294
64 204295
64 204308
64 204317
64 204321
64 204359
64 204364
64 204365
64 204421
64 204444
64 204478
64 204490
64 204501
64 204527
64 204552
64 204583
64 204600
64 204613
64 204635
64 204638
64 204669
64 204711
64 204777
64 204778
64 204779
64 204786
64 204841
64 204847
64 204877
64 204887
64 204902
64 204952
64 204955
64 204966
64 204997
64 204998
64 205002
64 205043
64 205101
64 205113
64 205127
64 205194
64 205228
64 205235
64 205288
64 205299
64 205322
64 205324
64 205327
64 205337
64 205360
64 205371
64 205400
64 205406
64 205500
64 205503
64 205512
64 205546
64 205570
64 205575
64 205577
64 205596
64 205602
64 205664
64 205675
64 205720
64 205737
64 205755
64 205776
64 205818
64 205826
64 205842
64 205879
64 205885
64 205896
64 205924
64 205960
64 205982
64 206009
64 206010
64 206023
64 206030
64 206040
64 206046
64 206048
64 206076
64 206093
64 206095
64 206113
64 206120
64 206148
64 206150
64 206194
64 206201
64 206204
64 206206
64 206219
64 206220
64 206232
64 206253
64 206258
64 206262
64 206304
64 206323
64 206324
64 206341
64 206349
64 206367
64 206382
64 206402
64 206405
64 206432
64 206438
64 206450
64 206462
64 206479
64 206509
64 206539
64 206576
64 206583
64 206620
64 206635
64 206638
64 206640
64 206677
64 206684
64 206685
64 206693
64 206721
64 206778
64 206785
64 206803
64 206819
64 206839
64 206842
64 206843
64 206882
64 206892
64 206931
64 206983
64 207000
64 207037
64 207042
64 207064
64 207085
64 207088
64 207160
64 207192
64 207194
64 207195
64 207204
64 207299
64 207324
64 207328
64 207352
64 207372
64 207379
64 207408
64 207412
64 207420
64 207423
64 207430
64 207457
64 207460
64 207479
64 207481
64 207485
64 207499
64 207528
64 207564
64 207644
64 207645
64 207684
64 207686
64 207693
64 207697
64 207698
64 207729
64 207745
64 207746
64 207832
64 207867
64 207868
64 207883
64 207894
64 207923
64 207944
64 207958
64 207986
64 208035
64 208066
64 208067
64 208074
64 208090
64 208130
64 208159
64 208168
64 208170
64 208179
64 208183
64 208195
64 208210
64 208212
64 208220
64 208229
64 208243
64 208276
64 208294
64 208315
64 208326
64 208358
64 208376
64 208400
64 208426
64 208437
64 208450
64 208455
64 208498
64 208530
64 208533
64 208538
64 208551
64 208557
64 208565
64 208572
64 208573
64 208575
64 208596
64 208609
64 208645
64 208660
64 208665
64 208674
64 208704
64 208727
64 208748
64 208766
64 208819
64 208829
64 208855
64 208856
64 208868
64 208873
64 208875
64 208908
64 208910
64 208912
64 208913
64 208922
64 208935
64 208942
64 209044
64 209068
64 209081
64 209097
64 209100
64 209119
64 209121
64 209147
64 209181
64 209201
64 209202
64 209213
64 209219
64 209228
64 209270
64 209271
64 209300
64 209301
64 209310
64 209342
64 209366
64 209384
64 209403
64 209412
64 209438
64 209450
64 209453
64 209466
64 209560
64 209580
64 209587
64 209597
64 209607
64 209621
64 209626
64 209627
64 209643
64 209657
64 209671
64 209683
64 209704
64 209708
64 209712
64 209735
64 209743
64 209750
64 209765
64 209767
64 209768
64 209780
64 209800
64 209813
64 209833
64 209835
64 209840
64 209845
64 209891
64 209908
64 209945
64 209952
64 209978
64 209981
64 210013
64 210044
64 210052
64 210070
64 210073
64 210148
64 210156
64 210167
64 210204
64 210237
64 210251
64 210256
64 210258
64 210271
64 210276
64 210277
64 210285
64 210289
64 210300
64 210306
64 210355
64 210385
64 210394
64 210437
64 210463
64 210475
64 210484
64 210515
64 210529
64 210575
64 210579
64 210581
64 210588
64 210666
64 210679
64 210720
64 210723
64 210725
64 210742
64 210747
64 210762
64 210769
64 210805
64 210829
64 210837
64 210858
64 210893
64 210919
64 210921
64 210985
64 210986
64 211025
64 211040
64 211059
64 211080
64 211106
64 211121
64 211159
64 211170
64 211190
64 211250
64 211272
64 211295
64 211321
64 211331
64 211392
64 211405
64 211414
64 211415
64 211467
64 211473
64 211504
64 211530
64 211554
64 211576
64 211590
64 211618
64 211650
64 211660
64 211667
64 211670
64 211679
64 211682
64 211708
64 211720
64 211732
64 211733
64 211747
64 211763
64 211773
64 211796
64 211816
64 211842
64 211849
64 211876
64 211891
64 211894
64 211929
64 211966
64 211975
64 211977
64 211980
64 212033
64 212087
64 212149
64 212160
64 212162
64 212175
64 212199
64 212210
64 212222
64 212230
64 212245
64 212297
64 212299
64 212307
64 212369
64 212370
64 212403
64 212404
64 212409
64 212414
64 212471
64 212472
64 212525
64 212529
64 212538
64 212577
64 212581
64 212651
64 212658
64 212677
64 212692
64 212707
64 212752
64 212757
64 212769
64 212772
64 212788
64 212831
64 212842
64 212876
64 212916
64 212978
64 212980
64 213024
64 213035
64 213065
64 213067
64 213069
64 213152
64 213199
64 213209
64 213213
64 213235
64 213244
64 213252
64 213300
64 213306
64 213311
64 213312
64 213346
64 213347
64 213359
64 213391
64 213393
64 213410
64 213427
64 213445
64 213462
64 213478
64 213498
64 213500
64 213521
64 213548
64 213564
64 213569
64 213619
64 213659
64 213665
64 213671
64 213688
64 213697
64 213705
64 213707
64 213763
64 213771
64 213797
64 213806
64 213835
64 213838
64 213854
64 213875
64 213877
64 213896
64 213901
64 213911
64 213917
64 213918
64 213922
64 213931
64 213952
64 213957
64 213978
64 214036
64 214038
64 214047
64 214117
64 214135
64 214138
64 214152
64 214181
64 214186
64 214191
64 214205
64 214207
64 214212
64 214282
64 214326
64 214329
64 214352
64 214364
64 214385
64 214395
64 214433
64 214480
64 214481
64 214482
64 214515
64 214516
64 214546
64 214550
64 214615
64 214641
64 214644
64 214655
64 214676
64 214677
64 214685
64 214701
64 214702
64 214720
64 214740
64 214785
64 214797
64 214844
64 214876
64 214885
64 214915
64 214930
64 214942
64 214955
64 214961
64 214978
64 214990
64 215006
64 215018
64 215023
64 215072
64 215110
64 215149
64 215163
64 215212
64 215225
64 215229
64 215234
64 215249
64 215285
64 215286
64 215304
64 215307
64 215356
64 215391
64 215431
64 215441
64 215454
64 215457
64 215475
64 215485
64 215501
64 215521
64 215524
64 215571
64 215595
64 215604
64 215657
64 215701
64 215709
64 215714
64 215746
64 215780
64 215782
64 215783
64 215784
64 215808
64 215818
64 215839
64 215868
64 215895
64 215897
64 215911
64 215923
64 215950
64 215951
64 215987
64 215994
64 215995
64 216008
64 216009
64 216011
64 216029
64 216031
64 216049
64 216097
64 216104
64 216130
64 216132
64 216154
64 216173
64 216237
64 216240
64 216333
64 216357
64 216362
64 216381
64 216401
64 216412
64 216449
64 216453
64 216468
64 216489
64 216517
64 216529
64 216530
64 216541
64 216551
64 216562
64 216568
64 216579
64 216580
64 216582
64 216584
64 216587
64 216593
64 216611
64 216651
64 216688
64 216692
64 216709
64 216712
64 216718
64 216723
64 216738
64 216751
64 216757
64 216766
64 216769
64 216789
64 216800
64 216811
64 216846
64 216854
64 216911
64 216919
64 216955
64 216978
64 217003
64 217022
64 217023
64 217062
64 217107
64 217115
64 217197
64 217200
64 217234
64 217241
64 217258
64 217263
64 217268
64 217274
64 217320
64 217356
64 217359
64 217370
64 217371
64 217414
64 217427
64 217428
64 217430
64 217453
64 217496
64 217516
64 217574
64 217600
64 217603
64 217608
64 217624
64 217637
64 217677
64 217680
64 217686
64 217707
64 217720
64 217722
64 217729
64 217748
64 217757
64 217810
64 217828
64 217857
64 217864
64 217885
64 217913
64 217924
64 217955
64 217972
64 217995
64 218056
64 218072
64 218216
64 218221
64 218245
64 218248
64 218259
64 218266
64 218274
64 218277
64 218290
64 218299
64 218306
64 218307
64 218333
64 218355
64 218437
64 218449
64 218452
64 218455
64 218482
64 218538
64 218581
64 218589
64 218603
64 218640
64 218645
64 218664
64 218702
64 218719
64 218739
64 218760
64 218762
64 218766
64 218776
64 218779
64 218790
64 218816
64 218827
64 218841
64 218842
64 218947
64 218948
64 218975
64 218980
64 218982
64 218987
64 219001
64 219014
64 219015
64 219017
64 219020
64 219038
64 219070
64 219084
64 219200
64 219250
64 219274
64 219279
64 219301
64 219313
64 219323
64 219337
64 219340
64 219366
64 219379
64 219401
64 219413
64 219431
64 219439
64 219473
64 219508
64 219534
64 219535
64 219550
64 219557
64 219586
64 219618
64 219619
64 219624
64 219650
64 219657
64 219684
64 219692
64 219743
64 219813
64 219822
64 219849
64 219851
64 219852
64 219857
64 219870
64 219893
64 219913
64 219914
64 219918
64 219949
64 219955
64 219980
64 220018
64 220069
64 220071
64 220073
64 220117
64 220153
64 220155
64 220162
64 220164
64 220177
64 220200
64 220210
64 220229
64 220280
64 220313
64 220326
64 220348
64 220353
64 220365
64 220367
64 220390
64 220428
64 220441
64 220478
64 220496
64 220519
64 220542
64 220549
64 220559
64 220581
64 220602
64 220624
64 220627
64 220667
64 220707
64 220744
64 220755
64 220768
64 220815
64 220840
64 220862
64 220869
64 220878
64 220884
64 220896
64 220908
64 220921
64 220927
64 220932
64 220943
64 220945
64 220950
64 220973
64 220987
64 221002
64 221023
64 221092
64 221093
64 221105
64 221131
64 221162
64 221163
64 221181
64 221188
64 221190
64 221215
64 221228
64 221242
64 221249
64 221274
64 221298
64 221311
64 221417
64 221460
64 221465
64 221479
64 221521
64 221545
64 221548
64 221589
64 221592
64 221602
64 221609
64 221638
64 221651
64 221733
64 221736
64 221748
64 221763
64 221777
64 221795
64 221799
64 221801
64 221843
64 221859
64 221868
64 221886
64 221895
64 221896
64 221909
64 221910
64 221935
64 221968
64 221982
64 221992
64 221998
64 222021
64 222033
64 222090
64 222093
64 222119
64 222147
64 222172
64 222191
64 222251
64 222253
64 222254
64 222263
64 222271
64 222281
64 222286
64 222290
64 222337
64 222375
64 222414
64 222420
64 222432
64 222451
64 222477
64 222486
64 222535
64 222564
64 222566
64 222573
64 222574
64 222576
64 222590
64 222600
64 222606
64 222631
64 222642
64 222645
64 222656
64 222669
64 222680
64 222698
64 222751
64 222762
64 222781
64 222784
64 222821
64 222833
64 222851
64 222857
64 222896
64 222898
64 222907
64 222909
64 222919
64 222921
64 222947
64 222962
64 222971
64 222991
64 222993
64 223003
64 223013
64 223014
64 223017
64 223053
64 223055
64 223058
64 223092
64 223106
64 223136
64 223153
64 223174
64 223182
64 223196
64 223227
64 223258
64 223259
64 223289
64 223306
64 223324
64 223366
64 223374
64 223376
64 223384
64 223419
64 223423
64 223433
64 223436
64 223437
64 223451
64 223497
64 223509
64 223550
64 223558
64 223564
64 223584
64 223592
64 223612
64 223616
64 223659
64 223677
64 223704
64 223713
64 223731
64 223743
64 223751
64 223772
64 223822
64 223856
64 223875
64 223898
64 223911
64 223920
64 223936
64 223942
64 223961
64 223965
64 223966
64 223973
64 224002
64 224021
64 224034
64 224076
64 224103
64 224119
64 224120
64 224126
64 224131
64 224164
64 224179
64 224180
64 224189
64 224196
64 224206
64 224211
64 224238
64 224282
64 224285
64 224293
64 224346
64 224355
64 224388
64 224399
64 224412
64 224424
64 224433
64 224436
64 224464
64 224496
64 224527
64 224540
64 224544
64 224560
64 224582
64 224588
64 224594
64 224600
64 224603
64 224637
64 224670
64 224675
64 224720
64 224724
64 224727
64 224753
64 224758
64 224800
64 224804
64 224816
64 224835
64 224886
64 224915
64 224939
64 224952
64 224955
64 224964
64 224998
64 225002
64 225008
64 225029
64 225036
64 225083
64 225085
64 225102
64 225117
64 225128
64 225129
64 225143
64 225147
64 225175
64 225244
64 225264
64 225304
64 225349
64 225361
64 225438
64 225467
64 225468
64 225489
64 225501
64 225502
64 225505
64 225509
64 225532
64 225545
64 225548
64 225564
64 225592
64 225654
64 225669
64 225697
64 225702
64 225708
64 225712
64 225716
64 225728
64 225750
64 225766
64 225820
64 225838
64 225854
64 225856
64 225887
64 225893
64 225948
64 225968
64 225976
64 225995
64 225996
64 225999
64 226003
64 226008
64 226025
64 226034
64 226104
64 226137
64 226166
64 226168
64 226213
64 226219
64 226222
64 226230
64 226249
64 226267
64 226276
64 226278
64 226283
64 226355
64 226390
64 226398
64 226403
64 226406
64 226412
64 226413
64 226445
64 226451
64 226458
64 226459
64 226476
64 226510
64 226535
64 226542
64 226596
64 226639
64 226648
64 226650
64 226653
64 226659
64 226663
64 226665
64 226691
64 226700
64 226726
64 226748
64 226773
64 226788
64 226836
64 226856
64 226891
64 226904
64 226907
64 226920
64 226925
64 226926
64 226941
64 226982
64 227004
64 227016
64 227034
64 227037
64 227128
64 227205
64 227284
64 227312
64 227327
64 227330
64 227351
64 227361
64 227383
64 227416
64 227430
64 227439
64 227468
64 227476
64 227498
64 227518
64 227551
64 227564
64 227566
64 227571
64 227577
64 227619
64 227626
64 227637
64 227638
64 227649
64 227674
64 227710
64 227731
64 227736
64 227748
64 227783
64 227804
64 227809
64 227813
64 227814
64 227843
64 227844
64 227854
64 227858
64 227865
64 227868
64 227873
64 227880
64 227930
64 227936
64 227939
64 227945
64 227993
64 227997
64 227998
64 228012
64 228075
64 228076
64 228080
64 228142
64 228157
64 228174
64 228182
64 228202
64 228231
64 228276
64 228304
64 228308
64 228317
64 228331
64 228342
64 228348
64 228367
64 228384
64 228387
64 228388
64 228395
64 228422
64 228453
64 228465
64 228469
64 228476
64 228533
64 228545
64 228582
64 228584
64 228633
64 228652
64 228660
64 228703
64 228705
64 228722
64 228734
64 228737
64 228768
64 228771
64 228774
64 228779
64 228780
64 228791
64 228869
64 228870
64 228879
64 228881
64 228908
64 228957
64 228960
64 228970
64 228972
64 228982
64 228996
64 228997
64 229009
64 229018
64 229029
64 229059
64 229104
64 229136
64 229143
64 229153
64 229154
64 229161
64 229171
64 229181
64 229182
64 229183
64 229272
64 229295
64 229303
64 229311
64 229326
64 229334
64 229343
64 229357
64 229441
64 229443
64 229446
64 229451
64 229460
64 229481
64 229490
64 229536
64 229548
64 229572
64 229586
64 229594
64 229607
64 229614
64 229647
64 229655
64 229673
64 229714
64 229721
64 229743
64 229745
64 229778
64 229781
64 229783
64 229797
64 229840
64 229842
64 229913
64 229925
64 229936
64 229958
64 229959
64 229969
64 230008
64 230012
64 230032
64 230070
64 230093
64 230116
64 230148
64 230158
64 230163
64 230200
64 230209
64 230227
64 230235
64 230244
64 230252
64 230258
64 230264
64 230293
64 230337
64 230383
64 230415
64 230439
64 230510
64 230521
64 230536
64 230539
64 230555
64 230575
64 230595
64 230599
64 230620
64 230633
64 230637
64 230640
64 230645
64 230655
64 230664
64 230670
64 230687
64 230693
64 230696
64 230727
64 230731
64 230737
64 230741
64 230824
64 230878
64 230884
64 230907
64 230928
64 230954
64 230980
64 231040
64 231047
64 231070
64 231088
64 231100
64 231162
64 231175
64 231201
64 231224
64 231251
64 231265
64 231284
64 231294
64 231307
64 231317
64 231336
64 231339
64 231365
64 231376
64 231408
64 231458
64 231495
64 231526
64 231539
64 231540
64 231566
64 231572
64 231577
64 231607
64 231610
64 231658
64 231685
64 231686
64 231703
64 231714
64 231717
64 231755
64 231787
64 231796
64 231801
64 231835
64 231837
64 231848
64 231863
64 231902
64 231912
64 231920
64 231927
64 231933
64 231942
64 231960
64 231979
64 231992
64 232002
64 232003
64 232007
64 232010
64 232047
64 232109
64 232117
64 232120
64 232143
64 232158
64 232165
64 232198
64 232229
64 232252
64 232300
64 232301
64 232306
64 232320
64 232325
64 232349
64 232395
64 232399
64 232442
64 232446
64 232459
64 232473
64 232486
64 232511
64 232513
64 232538
64 232554
64 232563
64 232592
64 232594
64 232610
64 232611
64 232655
64 232706
64 232710
64 232754
64 232768
64 232782
64 232798
64 232839
64 232840
64 232843
64 232860
64 232861
64 232873
64 232880
64 232894
64 232911
64 232919
64 232922
64 232927
64 232932
64 232941
64 232949
64 232990
64 233003
64 233080
64 233089
64 233138
64 233155
64 233157
64 233160
64 233167
64 233173
64 233195
64 233200
64 233215
64 233261
64 233275
64 233318
64 233321
64 233330
64 233353
64 233374
64 233404
64 233408
64 233427
64 233444
64 233454
64 233484
64 233486
64 233496
64 233504
64 233507
64 233513
64 233514
64 233531
64 233540
64 233541
64 233553
64 233570
64 233601
64 233616
64 233625
64 233646
64 233647
64 233668
64 233714
64 233746
64 233788
64 233798
64 233820
64 233867
64 233879
64 233880
64 233891
64 233897
64 233904
64 233916
64 233918
64 233964
64 233989
64 233991
64 233997
64 234035
64 234050
64 234054
64 234073
64 234116
64 234119
64 234128
64 234129
64 234146
64 234157
64 234188
64 234211
64 234263
64 234299
64 234302
64 234314
64 234320
64 234326
64 234361
64 234368
64 234370
64 234373
64 234375
64 234376
64 234395
64 234399
64 234430
64 234472
64 234478
64 234499
64 234512
64 234528
64 234531
64 234543
64 234557
64 234562
64 234569
64 234592
64 234597
64 234598
64 234607
64 234692
64 234696
64 234699
64 234715
64 234734
64 234784
64 234786
64 234820
64 234835
64 234922
64 234924
64 234929
64 234935
64 234937
64 234942
64 234943
64 234951
64 234958
64 234962
64 234985
64 234999
64 235004
64 235005
64 235039
64 235068
64 235103
64 235151
64 235242
64 235258
64 235262
64 235266
64 235272
64 235282
64 235290
64 235291
64 235295
64 235323
64 235328
64 235398
64 235406
64 235410
64 235412
64 235419
64 235422
64 235446
64 235450
64 235478
64 235516
64 235524
64 235527
64 235534
64 235539
64 235555
64 235565
64 235571
64 235612
64 235614
64 235638
64 235656
64 235684
64 235686
64 235696
64 235711
64 235714
64 235736
64 235750
64 235753
64 235761
64 235766
64 235790
64 235800
64 235806
64 235829
64 235845
64 235850
64 235854
64 235884
64 235888
64 235903
64 235918
64 235921
64 235952
64 235970
64 235973
64 235976
64 236025
64 236028
64 236046
64 236064
64 236079
64 236089
64 236094
64 236098
64 236099
64 236119
64 236121
64 236124
64 236157
64 236180
64 236189
64 236190
64 236219
64 236226
64 236245
64 236247
64 236290
64 236327
64 236340
64 236356
64 236365
64 236372
64 236394
64 236405
64 236418
64 236421
64 236438
64 236439
64 236455
64 236460
64 236467
64 236482
64 236485
64 236493
64 236505
64 236529
64 236553
64 236558
64 236562
64 236570
64 236575
64 236597
64 236599
64 236611
64 236618
64 236627
64 236629
64 236645
64 236654
64 236666
64 236669
64 236678
64 236684
64 236703
64 236705
64 236742
64 236762
64 236774
64 236800
64 236806
64 236823
64 236863
64 236871
64 236925
64 236927
64 236946
64 236960
64 236970
64 236976
64 236989
64 236998
64 237031
64 237032
64 237066
64 237076
64 237145
64 237163
64 237177
64 237196
64 237201
64 237242
64 237244
64 237250
64 237270
64 237312
64 237316
64 237334
64 237343
64 237350
64 237371
64 237381
64 237384
64 237386
64 237390
64 237391
64 237397
64 237434
64 237451
64 237470
64 237515
64 237530
64 237570
64 237586
64 237595
64 237598
64 237600
64 237613
64 237653
64 237664
64 237673
64 237686
64 237691
64 237700
64 237719
64 237734
64 237737
64 237752
64 237764
64 237775
64 237790
64 237819
64 237843
64 237925
64 237926
64 237946
64 237970
64 238001
64 238033
64 238108
64 238109
64 238137
64 238180
64 238183
64 238188
64 238207
64 238208
64 238239
64 238280
64 238285
64 238287
64 238332
64 238341
64 238453
64 238468
64 238470
64 238475
64 238480
64 238485
64 238493
64 238509
64 238511
64 238526
64 238540
64 238579
64 238599
64 238613
64 238624
64 238637
64 238639
64 238651
64 238656
64 238657
64 238665
64 238674
64 238692
64 238715
64 238728
64 238746
64 238770
64 238788
64 238796
64 238801
64 238863
64 238868
64 238876
64 238908
64 238926
64 238937
64 238939
64 238949
64 238965
64 238973
64 238980
64 239000
64 239030
64 239032
64 239044
64 239063
64 239067
64 239071
64 239074
64 239091
64 239102
64 239112
64 239117
64 239139
64 239141
64 239145
64 239188
64 239205
64 239209
64 239229
64 239254
64 239303
64 239359
64 239371
64 239393
64 239424
64 239425
64 239449
64 239505
64 239517
64 239520
64 239561
64 239611
64 239635
64 239665
64 239675
64 239681
64 239746
64 239772
64 239789
64 239828
64 239869
64 239879
64 239889
64 239924
64 239932
64 239942
64 239970
64 239978
64 240042
64 240121
64 240123
64 240147
64 240150
64 240154
64 240169
64 240173
64 240191
64 240200
64 240218
64 240220
64 240225
64 240267
64 240346
64 240357
64 240382
64 240385
64 240398
64 240420
64 240438
64 240466
64 240472
64 240486
64 240500
64 240565
64 240572
64 240577
64 240578
64 240601
64 240614
64 240629
64 240635
64 240662
64 240693
64 240708
64 240747
64 240753
64 240758
64 240764
64 240783
64 240793
64 240794
64 240800
64 240857
64 240872
64 240874
64 240885
64 240886
64 240891
64 240899
64 240913
64 240926
64 240951
64 240966
64 240986
64 240991
64 240994
64 240998
64 241003
64 241021
64 241024
64 241097
64 241125
64 241177
64 241181
64 241202
64 241204
64 241248
64 241251
64 241298
64 241327
64 241349
64 241350
64 241366
64 241371
64 241381
64 241393
64 241460
64 241480
64 241500
64 241527
64 241537
64 241547
64 241558
64 241563
64 241579
64 241587
64 241593
64 241600
64 241619
64 241621
64 241637
64 241660
64 241664
64 241665
64 241684
64 241718
64 241774
64 241827
64 241840
64 241842
64 241853
64 241866
64 241874
64 241878
64 241898
64 241931
64 241935
64 241936
64 241943
64 241944
64 241953
64 241956
64 241962
64 241973
64 241983
64 242016
64 242037
64 242063
64 242083
64 242105
64 242107
64 242120
64 242128
64 242131
64 242138
64 242146
64 242152
64 242171
64 242172
64 242244
64 242278
64 242287
64 242297
64 242326
64 242377
64 242383
64 242466
64 242474
64 242483
64 242489
64 242502
64 242508
64 242511
64 242586
64 242600
64 242659
64 242662
64 242665
64 242683
64 242776
64 242791
64 242800
64 242829
64 242854
64 242855
64 242872
64 242875
64 242880
64 242888
64 242904
64 242906
64 242926
64 242962
64 242968
64 242980
64 243005
64 243063
64 243101
64 243129
64 243136
64 243152
64 243159
64 243162
64 243173
64 243220
64 243222
64 243244
64 243274
64 243286
64 243289
64 243295
64 243306
64 243341
64 243393
64 243430
64 243448
64 243451
64 243483
64 243513
64 243519
64 243522
64 243564
64 243597
64 243629
64 243632
64 243654
64 243658
64 243660
64 243667
64 243670
64 243699
64 243725
64 243727
64 243809
64 243814
64 243817
64 243819
64 243824
64 243862
64 243957
64 244009
64 244010
64 244022
64 244028
64 244047
64 244064
64 244068
64 244092
64 244101
64 244156
64 244179
64 244181
64 244185
64 244232
64 244234
64 244252
64 244261
64 244265
64 244291
64 244312
64 244354
64 244363
64 244375
64 244397
64 244398
64 244410
64 244412
64 244415
64 244418
64 244422
64 244446
64 244456
64 244462
64 244468
64 244514
64 244521
64 244544
64 244552
64 244553
64 244571
64 244598
64 244601
64 244610
64 244626
64 244643
64 244665
64 244698
64 244707
64 244716
64 244724
64 244758
64 244759
64 244779
64 244828
64 244831
64 244848
64 244927
64 244929
64 244963
64 244986
64 245002
64 245011
64 245029
64 245085
64 245088
64 245158
64 245221
64 245232
64 245284
64 245296
64 245299
64 245305
64 245308
64 245310
64 245315
64 245378
64 245386
64 245396
64 245435
64 245444
64 245449
64 245453
64 245458
64 245471
64 245477
64 245487
64 245501
64 245509
64 245511
64 245512
64 245522
64 245579
64 245591
64 245592
64 245636
64 245668
64 245682
64 245692
64 245714
64 245726
64 245737
64 245760
64 245761
64 245762
64 245765
64 245802
64 245808
64 245812
64 245837
64 245846
64 245849
64 245854
64 245903
64 245943
64 245962
64 245964
64 246022
64 246024
64 246025
64 246068
64 246075
64 246086
64 246114
64 246151
64 246160
64 246167
64 246175
64 246190
64 246212
64 246213
64 246259
64 246303
64 246304
64 246378
64 246390
64 246393
64 246399
64 246408
64 246420
64 246425
64 246435
64 246458
64 246482
64 246524
64 246528
64 246558
64 246591
64 246626
64 246631
64 246644
64 246652
64 246656
64 246662
64 246692
64 246702
64 246709
64 246741
64 246746
64 246758
64 246770
64 246786
64 246790
64 246796
64 246798
64 246801
64 246810
64 246815
64 246830
64 246832
64 246841
64 246850
64 246854
64 246857
64 246878
64 246883
64 246910
64 246939
64 246940
64 246975
64 246992
64 246995
64 247017
64 247070
64 247088
64 247112
64 247121
64 247136
64 247153
64 247154
64 247175
64 247176
64 247177
64 247182
64 247190
64 247193
64 247207
64 247237
64 247246
64 247251
64 247277
64 247285
64 247289
64 247314
64 247354
64 247379
64 247440
64 247459
64 247471
64 247497
64 247517
64 247531
64 247546
64 247563
64 247580
64 247591
64 247608
64 247633
64 247653
64 247666
64 247705
64 247707
64 247710
64 247713
64 247754
64 247764
64 247790
64 247831
64 247832
64 247837
64 247854
64 247871
64 247884
64 247890
64 247896
64 247975
64 247988
64 247992
64 248017
64 248039
64 248044
64 248049
64 248071
64 248096
64 248116
64 248138
64 248145
64 248146
64 248163
64 248186
64 248196
64 248214
64 248240
64 248241
64 248253
64 248257
64 248297
64 248300
64 248304
64 248311
64 248327
64 248348
64 248349
64 248368
64 248369
64 248403
64 248462
64 248468
64 248470
64 248478
64 248487
64 248520
64 248527
64 248542
64 248548
64 248559
64 248573
64 248583
64 248590
64 248593
64 248614
64 248628
64 248647
64 248666
64 248683
64 248694
64 248710
64 248758
64 248761
64 248789
64 248793
64 248797
64 248801
64 248821
64 248837
64 248894
64 248908
64 248917
64 248939
64 248978
64 248980
64 249004
64 249023
64 249030
64 249082
64 249119
64 249194
64 249225
64 249254
64 249287
64 249310
64 249315
64 249334
64 249351
64 249354
64 249407
64 249410
64 249440
64 249495
64 249529
64 249549
64 249570
64 249603
64 249611
64 249628
64 249651
64 249655
64 249660
64 249666
64 249672
64 249682
64 249690
64 249698
64 249739
64 249762
64 249772
64 249779
64 249799
64 249814
64 249848
64 249856
64 249897
64 249900
64 249904
64 249922
64 249932
64 249961
64 249963
64 249991
64 249997
64 250024
64 250029
64 250037
64 250072
64 250074
64 250113
64 250130
64 250138
64 250139
64 250153
64 250169
64 250193
64 250216
64 250228
64 250250
64 250264
64 250306
64 250316
64 250335
64 250336
64 250363
64 250375
64 250406
64 250426
64 250446
64 250447
64 250456
64 250466
64 250476
64 250496
64 250512
64 250514
64 250520
64 250543
64 250557
64 250560
64 250570
64 250579
64 250639
64 250674
64 250679
64 250690
64 250694
64 250696
64 250701
64 250717
64 250725
64 250756
64 250763
64 250774
64 250800
64 250852
64 250873
64 250884
64 250909
64 250926
64 250930
64 250941
64 250945
64 250974
64 251008
64 251034
64 251053
64 251130
64 251142
64 251165
64 251166
64 251178
64 251184
64 251191
64 251209
64 251222
64 251248
64 251261
64 251294
64 251333
64 251341
64 251362
64 251365
64 251381
64 251386
64 251416
64 251470
64 251526
64 251542
64 251545
64 251546
64 251576
64 251631
64 251656
64 251674
64 251697
64 251710
64 251718
64 251725
64 251730
64 251750
64 251772
64 251774
64 251796
64 251874
64 251894
64 251917
64 251942
64 251997
64 251999
64 252041
64 252056
64 252065
64 252088
64 252115
64 252123
64 252147
64 252233
64 252258
64 252273
64 252296
64 252302
64 252313
64 252338
64 252360
64 252391
64 252395
64 252407
64 252419
64 252427
64 252434
64 252465
64 252484
64 252498
64 252501
64 252506
64 252507
64 252514
64 252520
64 252522
64 252554
64 252611
64 252626
64 252651
64 252659
64 252667
64 252707
64 252737
64 252763
64 252785
64 252808
64 252820
64 252843
64 252856
64 252900
64 252910
64 252912
64 252913
64 252917
64 252923
64 252926
64 252937
64 252957
64 253007
64 253018
64 253059
