1.27926	-0.730811
0.887519	2.78947
0.927135	1.01293
0.948293	0.869605
1.23944	-5.50972
0.989347	-0.482398
1.03447	-0.754844
1.15463	-3.43441
1.07077	-1.79482
1.29191	-6.08124
1.22515	-5.23399
1.29714	-6.38009
0.922534	1.28641
0.952255	0.740053
1.20265	-4.6394
1.07166	-2.61049
1.0943	-0.601693
0.91237	3.2581
0.954983	1.90927
1.01307	0.119839
1.19444	-3.02973
1.0719	-0.993107
0.891566	2.95499
0.879953	3.60994
0.898546	3.87324
0.957024	2.21272
1.01187	1.03522
0.699836	7.28281
0.919038	3.25022
0.825487	4.59082
1.26958	-3.5927
0.998518	1.27002
1.08436	1.3098
1.31187	-6.83426
0.924325	0.994518
1.04408	-1.70692
1.06538	-2.11741
1.40582	-8.93133
1.20385	-4.5454
0.953821	0.553243
0.829157	4.15202
1.13046	-3.02559
1.05076	-1.57564
0.998786	-0.747539
1.30548	-6.61409
1.18575	-3.61489
1.1207	-3.1345
1.0382	-1.20055
1.13753	-2.28589
0.964848	1.88592
1.06233	-0.852066
1.10796	-1.13429
0.972372	0.967072
1.03311	-0.0243238
0.895193	2.78171
1.05531	-0.330357
1.01646	0.648697
1.24077	-3.32176
0.904934	2.81099
0.994105	0.528559
1.06384	-1.19441
0.705335	7.08957
0.687595	7.04372
0.951697	1.65357
0.723181	8.73318
0.692713	6.76553
1.00277	0.28312
0.92625	2.30661
1.02063	0.243746
0.825313	4.17335
1.15572	-3.16889
1.10986	-1.6206
0.843463	4.79182
1.05502	-0.188738
1.08944	-0.686822
1.0283	-0.537403
0.828488	4.57892
1.1892	-3.2143
1.04232	0.231449
1.06251	-0.87281
1.0933	-2.27222
1.18081	-3.99751
1.01299	-0.73874
1.09375	-2.04562
1.0196	-0.876161
0.977092	0.303033
1.1218	-3.242
1.15031	-3.6581
0.725258	6.93312
0.934292	0.605885
0.77801	5.2533
0.853784	2.77202
1.07402	-2.03385
0.739792	5.07097
1.01901	-1.09411
1.14812	-2.64171
0.95373	3.87043
1.14509	-2.05434
1.41558	-6.78032
1.0798	-0.108979
1.2054	-2.98717
1.24231	-4.2609
1.30221	-4.5412
0.947933	2.11841
0.860125	4.40844
1.09515	-1.21181
1.17794	-2.65692
1.16136	-2.02783
1.41372	-6.66635
1.17137	-2.60566
1.16355	-1.39509
1.26365	-3.40926
1.32961	-5.88895
1.03843	-0.902116
1.16542	-3.68683
1.47627	-10.0345
1.12823	-3.13822
1.28161	-5.97263
1.15864	-4.01139
1.28018	-6.34872
1.21055	-3.495
1.00863	0.0742002
1.37011	-7.3822
1.47029	-9.88778
1.40204	-8.03697
1.19375	-3.83653
1.24559	-5.47365
1.45757	-7.74284
1.09732	-2.10224
0.890754	1.62105
0.957237	-0.0972751
0.956012	-0.262525
1.05613	-2.05655
1.09707	-2.91117
0.842703	3.03081
0.935712	1.12915
1.08088	-2.40175
0.76123	4.00374
0.863112	2.01812
1.04497	-1.97294
0.934023	0.364037
0.886834	1.53335
0.953017	-0.248054
1.02191	-1.25923
0.926839	2.22504
0.801181	4.23536
0.941464	1.02793
0.889933	2.52068
0.82359	4.33016
0.751737	5.96044
0.834581	4.05366
0.987263	1.24646
0.748554	6.01728
0.777613	5.36263
0.714505	6.55775
0.769308	5.17918
0.905818	2.88078
1.02976	-0.145544
1.01024	0.354914
0.670928	8.19985
0.971436	0.115286
0.923464	0.179487
1.05292	-1.8779
0.96833	-0.334261
0.7731	4.22793
0.725662	5.83984
0.947996	0.124219
0.907402	2.03696
0.77892	3.93914
0.945902	0.374756
0.745791	4.86292
0.978479	-0.486837
1.00198	-0.843988
0.983305	-0.535765
0.889671	1.68154
0.969531	0.055381
0.873742	2.49197
0.780034	4.22159
0.868948	2.60944
1.15588	-2.67147
0.479688	12.0503
0.93885	1.62428
0.865988	3.07403
0.834088	4.00465
1.05455	-1.00738
0.949379	1.00341
0.882226	3.57715
0.944106	1.84538
0.805974	4.54478
0.816421	4.64618
0.744364	5.17399
0.717865	7.48456
0.755019	5.28306
0.934652	1.96072
0.823515	3.78286
0.964514	0.93036
0.854398	3.01262
0.656675	7.97286
0.828262	3.36929
0.640697	8.81731
0.82921	4.18546
0.780483	5.03579
0.724857	6.11468
0.837627	3.12052
0.70881	6.46806
0.781803	4.94259
0.904818	1.3877
0.984208	0.274686
0.907882	0.967078
0.848435	2.24405
0.903889	1.42686
0.958682	-0.506123
0.587815	8.32991
0.899269	1.4951
0.833323	2.44322
0.767622	4.73482
0.5658	9.16753
0.723248	5.36214
0.893426	1.51738
0.779076	3.7845
0.86436	1.76911
0.95957	-0.174852
1.0191	-1.57358
0.795151	7.29649
1.23092	-3.14577
0.920016	2.0772
1.01342	-0.173673
1.03807	0.0745222
1.01843	0.426818
1.19566	-3.5791
1.17792	-2.0285
0.847976	4.93117
0.99042	0.478302
0.885302	2.90675
0.951548	1.55845
1.13786	-2.34044
0.909855	2.04544
1.07227	-0.344016
0.899116	4.4465
0.92044	3.69371
0.986162	-0.159644
0.888243	1.54501
1.16905	-4.94651
1.33916	-7.73119
1.09394	-2.64996
1.00536	-1.06346
1.06935	-1.1203
1.22397	-4.75806
0.866248	2.43939
1.20296	-4.98107
1.2024	-4.77041
1.04557	-1.86431
1.16755	-3.64597
1.09411	-3.00665
0.97135	0.352952
1.263	0.318092
1.13212	0.852944
0.963882	-0.176561
1.1129	-3.352
1.05112	-1.76043
1.18188	-4.64057
1.04741	-2.33774
0.976002	-0.553069
1.04058	-1.97476
1.04791	-1.63524
1.16107	-3.97445
1.02165	-1.46557
1.00852	-1.77783
0.859155	1.28696
0.877385	1.37122
0.968586	-0.894056
1.12153	-3.92347
1.14902	-2.77174
0.834948	2.84131
0.784571	3.92304
0.744524	5.28001
0.809306	3.68509
1.01969	-0.648128
0.88946	1.73132
0.629551	8.54668
0.863951	2.71343
1.00583	-0.453053
0.775286	4.55747
0.872689	2.59316
0.808361	3.38125
0.594031	8.85439
1.13392	-2.74453
0.993295	-0.191992
0.860498	4.12992
1.11237	-3.4557
0.901263	0.718845
0.696362	5.41578
0.848803	2.23773
0.992167	-1.23645
1.06493	-2.47814
1.06999	-2.85126
0.946303	0.38812
0.954904	-0.180527
0.693814	5.24042
0.76932	4.049
1.02768	-1.9799
0.799036	2.27447
1.06091	-2.70405
1.26173	-6.07366
0.83962	2.88376
1.10208	-2.8125
0.895013	1.35888
1.11892	-3.50699
0.952928	0.217654
0.972401	-0.250031
0.83473	2.71201
0.916219	1.59471
0.858316	2.82867
0.693693	5.91827
0.872989	2.40054
0.881448	2.37306
0.960887	0.217601
0.694046	5.99626
0.969186	0.0436626
0.543657	9.68049
0.512085	14.0644
0.461709	12.8906
0.585989	9.92884
0.664431	8.81838
0.723957	6.34531
0.537759	11.1261
0.674849	7.80868
0.660926	8.3995
0.411279	14.978
0.841438	4.75527
0.737864	6.70596
0.756786	6.88081
0.69124	6.73868
0.697745	7.42056
0.562846	10.4942
0.836303	4.71371
0.472163	11.8576
0.849897	3.32104
0.582565	9.56705
0.683222	7.0305
0.711562	6.80191
0.645127	8.07102
0.715114	6.27844
0.638554	7.88264
0.676424	7.91628
0.585223	9.4071
0.575201	10.0531
0.838696	4.06085
0.618735	8.84185
0.970151	1.09614
0.860601	3.30734
0.566671	10.4453
0.484275	13.6134
0.679283	7.55344
0.725768	6.97322
0.567663	10.2065
0.829891	4.65161
0.6115	9.69159
0.692539	7.64613
0.897547	3.39245
0.597221	10.8073
0.666917	8.54135
0.782921	5.83406
0.848426	3.90712
0.720469	7.21451
0.723721	7.13501
0.83443	4.59727
0.893602	2.93775
0.782048	5.29281
0.906605	2.25339
0.889703	2.39459
0.616005	8.32646
0.831475	3.80689
0.869528	2.9627
0.842802	2.95637
0.710515	6.56524
0.600482	9.92261
0.564557	9.47809
1.01391	-0.452851
0.858412	2.98302
0.956581	1.21789
0.920455	2.23756
0.834691	4.02845
0.757659	6.50792
1.0086	-0.401874
1.03179	-1.16144
1.01708	-0.965854
0.833993	2.54117
0.954703	0.181042
0.945726	0.602319
1.02092	-1.47458
1.04415	-1.90211
0.817091	3.0295
1.01583	-0.969212
1.12839	-3.6791
0.847698	2.59884
0.964821	0.16031
1.28223	-6.64504
0.937945	0.0611158
1.23851	-4.72358
0.94253	0.893787
0.895233	1.73382
0.850555	2.95719
0.913107	1.44518
0.940754	0.761391
0.932222	1.62698
1.06912	-1.26846
0.658866	7.646
1.00326	-0.368363
0.922416	1.82905
0.962427	0.851936
0.914106	2.23204
0.908875	2.20835
1.0194	-0.196931
0.838214	3.07314
0.55871	10.134
0.997566	-0.875364
1.05327	-2.13372
0.748904	4.03472
1.20173	-5.7469
1.12446	-3.78853
0.798972	2.98743
1.04884	-2.78911
0.795207	4.13486
0.749526	4.39577
0.911855	0.546568
0.95452	-1.31468
0.881715	1.24996
1.08583	-2.34356
1.0435	-2.15032
0.955949	-0.483379
1.16556	-4.57571
0.903272	1.26729
0.888481	1.7292
1.06035	-1.49344
0.921698	0.899712
0.895873	1.67824
0.904343	1.66456
0.831987	3.30652
0.866308	3.15989
0.783281	3.99154
1.09253	-2.27325
0.810817	3.95845
0.837015	2.7368
0.814084	3.83894
0.794053	4.3301
0.983946	0.0812726
0.660614	7.43201
0.548653	11.4645
0.715968	6.88331
0.629473	9.22141
0.722558	7.0287
0.642994	9.47421
0.460586	13.2509
0.51153	11.777
0.464497	13.5028
0.650232	8.68647
0.882613	4.05707
0.787595	6.12424
0.829033	4.24934
0.561095	10.6916
0.80299	5.43861
0.495465	11.9426
0.802245	5.74393
0.575982	9.97765
0.649216	8.24661
0.620611	8.67367
0.700894	7.10225
0.530252	10.9405
0.547902	10.1123
0.564062	10.137
0.581933	10.4608
0.601415	9.68535
0.73103	6.00157
0.738003	5.95564
0.754778	5.76506
0.742887	6.59555
0.557248	9.98336
0.703456	7.03998
0.603148	12.4987
0.714244	7.61872
0.727622	6.30622
0.684836	8.17157
0.684618	8.09906
0.685472	8.69075
0.652992	8.70596
0.813887	5.92438
0.658282	9.46201
0.780982	6.05206
0.769303	5.8926
0.531175	11.2751
0.740716	6.94478
0.861078	4.01249
0.784901	5.54986
0.818434	5.61125
1.01689	0.926951
0.791969	4.64995
0.780194	5.14248
0.705015	7.08399
0.717132	6.23301
0.744052	5.93988
0.60418	8.85556
0.712729	6.50106
0.596476	9.80149
0.552809	10.2188
0.690849	6.92033
0.720259	6.24698
0.874395	3.13676
0.857476	3.27584
0.750564	5.52572
0.898599	2.76433
0.793139	9.61214
1.24966	-0.822403
1.07694	-0.794448
1.18926	-3.46487
0.892371	2.8908
0.906188	2.36563
1.12654	-1.98995
0.946478	1.26515
0.87539	3.16584
0.853574	4.13062
1.05692	-0.740404
1.1816	-3.47605
0.954876	0.911581
1.24161	-5.14176
0.857054	2.9736
0.990613	0.279928
1.12151	-1.70145
1.32898	-4.88216
0.726134	6.57765
0.923457	2.38112
1.02065	0.58357
0.983638	1.59282
0.99684	1.17192
0.824395	5.02287
0.917835	2.98258
1.10315	-0.0387039
0.822853	5.20059
1.01209	1.6877
0.953888	3.19555
1.10752	-0.312508
0.998549	1.92168
0.95275	2.12417
1.00856	1.31741
1.0791	2.29041
0.981526	1.56137
1.08039	-1.09128
1.02869	-0.0493502
1.02749	0.279065
0.920846	3.03454
1.05545	-0.198076
0.925281	2.03064
1.03376	0.060291
1.12541	-2.22874
0.994281	0.260397
1.08039	-1.23478
0.844268	3.09301
0.864475	2.93381
1.05152	-1.09039
0.957104	1.13274
0.945592	1.45563
1.04197	0.273779
0.989561	1.24349
0.776105	5.4979
0.818886	4.78924
0.687175	7.79686
0.879017	3.83012
0.828296	5.08193
0.837598	4.95484
0.78939	6.00736
0.711468	7.52296
0.969203	2.06557
0.798329	5.65679
0.650011	9.02099
0.877675	4.01634
0.843106	4.82109
0.813701	4.9617
0.83542	3.78486
0.96283	1.39309
0.70446	6.68715
0.979115	1.05888
0.713636	6.24803
0.708932	6.39691
0.785494	5.63059
0.562538	10.1499
0.783447	5.10925
0.866882	2.73476
0.899907	2.41201
0.915753	2.34831
0.691529	6.7463
0.976997	1.34281
0.804036	4.1046
0.745362	4.82044
0.879555	1.67446
0.829354	2.76252
0.931742	1.05734
0.856907	2.22424
1.06465	-1.81068
0.863059	2.14883
0.732834	4.84846
0.785494	4.29964
0.816267	3.76433
0.966398	-0.156927
0.83602	3.07947
0.740623	4.90508
0.781785	3.7926
0.878494	1.81579
0.954424	0.479493
0.65457	8.26248
0.817139	3.73719
0.743644	5.71185
0.523997	10.6153
0.988658	0.421534
0.954677	1.61832
0.911575	1.60219
1.00954	-0.0606203
0.793643	4.91045
0.620788	8.41199
0.909167	1.89591
0.939823	1.53332
0.664816	7.26281
0.800117	3.65412
0.93734	1.52565
0.940532	1.57248
0.773063	4.84111
0.968298	0.548807
0.588599	7.82561
1.1234	-3.0129
0.637506	7.39345
0.886321	1.77634
0.816641	3.08964
0.836771	3.15075
0.692701	6.19145
0.672771	6.02542
0.727658	5.48388
0.631186	7.01963
0.785386	3.50456
0.707702	4.98571
0.871012	1.89231
1.03786	-0.463706
1.26964	-4.70125
0.951951	1.20852
0.967882	0.678759
1.04707	-0.983246
1.26198	-5.68773
0.653327	7.71526
1.0145	-0.658856
0.960754	1.06555
0.875419	2.45993
1.16064	-3.18625
1.27131	-5.35995
0.982874	0.130112
0.868059	2.90433
1.13432	-2.96851
0.900469	1.90134
1.52022	-9.58565
1.25445	-3.54991
1.19264	-2.96237
0.89219	2.90445
0.915596	2.25198
1.07327	-0.152594
0.942055	2.58274
1.14216	-1.49253
0.937129	2.75879
0.87064	4.05716
1.12284	-1.9119
1.23974	-2.88022
0.842456	4.40785
1.15614	-2.30292
1.05604	0.0522958
0.992425	1.46263
1.01068	2.10657
1.04707	-0.436142
1.29025	-5.29017
1.06987	-1.09276
1.21197	-3.90888
0.946096	2.05947
0.662069	8.01023
0.834095	3.86812
1.06734	-0.612993
0.954574	1.82118
0.942634	1.82857
1.1923	-3.65467
1.03587	-1.09518
0.947805	1.20059
0.948426	1.44551
1.04725	-0.832191
0.808016	4.48126
0.947482	1.74156
0.97546	1.70793
1.02658	0.168018
0.814925	5.12826
0.762287	5.92543
0.918768	2.99354
1.0587	0.583721
0.906119	3.68677
0.888469	3.89888
1.18714	-2.24477
0.912227	3.0065
0.972666	1.67475
0.937505	2.27923
1.13312	-1.84638
1.33166	-4.443
0.953016	3.52133
0.59851	9.23538
0.690917	7.17885
1.01842	-0.147831
0.747184	6.02207
0.716912	6.80993
0.757236	5.79127
0.615335	8.68232
0.908812	2.49214
0.828731	4.62354
0.844045	3.47457
0.478948	11.8468
0.604867	8.7082
0.866149	2.87012
0.888611	2.63296
0.629932	8.3847
0.709295	6.10146
0.984203	-0.340501
0.813729	3.16839
0.715494	5.18552
0.624767	8.17735
0.876639	1.64072
0.745257	5.08628
0.771751	4.44106
0.619492	8.53468
0.851205	2.78216
0.640262	7.68797
0.647716	7.72858
0.628502	8.07515
0.652601	7.68235
0.856864	3.04944
0.72162	5.26363
0.770393	6.49799
1.00023	0.701785
0.813934	3.91389
0.607254	8.28863
0.758595	5.14037
0.97807	0.889516
0.692983	6.65211
0.79574	4.12569
0.853396	3.49108
0.84326	3.48129
0.572357	9.39088
0.653725	7.72044
0.881357	2.53306
0.989416	0.500122
0.802018	4.66557
0.872491	3.15557
0.69088	6.76935
0.812189	3.57669
0.820891	3.04287
0.840271	3.04521
0.820307	2.79472
0.913486	1.04731
0.840981	2.3849
0.737799	5.06729
0.745466	4.78387
0.992188	-0.897808
1.06291	-2.08083
0.841868	2.55652
0.918011	0.860846
0.842566	2.53651
0.910955	1.22338
0.842435	2.60519
0.7962	6.60314
1.20662	1.22713
1.10854	-1.78794
0.883807	2.36246
0.942509	1.40781
1.02171	-0.2529
0.952971	1.50428
1.30964	-6.2709
1.15633	-3.17288
1.10832	-1.76816
1.13769	-3.17557
1.06343	-1.71232
1.08686	-1.82986
0.837705	3.48903
0.911445	1.44136
0.893512	1.82498
1.29275	-6.00698
1.1408	-1.75114
1.10511	-0.951855
0.751893	5.82069
1.2611	-4.778
1.1478	-1.98622
0.906503	3.16225
1.16693	-2.36162
0.976089	1.38757
1.06766	0.264852
1.07957	-0.455409
0.936361	3.1333
1.10777	-1.39926
1.20734	-2.61506
1.08495	-0.116994
0.860607	3.38398
0.735315	6.34203
1.27259	-1.78628
1.11056	-2.25322
1.09134	-1.84715
1.30576	-5.78523
1.17073	-3.67331
1.00191	-0.32063
0.736639	5.6353
0.958932	0.667163
1.02465	-0.337124
0.773185	4.80398
0.694247	6.53309
1.09361	-2.34629
1.11071	-3.06994
0.830465	3.06347
1.14588	-3.58625
1.11772	-3.15132
0.809796	4.30992
0.992881	0.473382
1.02574	0.439219
1.17911	-3.03555
0.979314	0.876804
1.11754	-1.32916
0.976181	1.34686
0.908318	2.63126
1.02112	0.492275
0.816441	5.05887
1.10343	-1.27459
0.666782	8.6468
0.758329	5.97863
0.884729	3.51192
1.15503	-2.23297
1.01738	0.934885
0.854266	4.62196
0.816239	4.29176
0.782446	4.7887
0.920538	1.89111
0.731438	6.3117
0.70749	6.80256
0.741614	5.88879
0.737456	6.35822
0.779213	5.93042
1.03313	-0.312282
0.781802	5.03683
0.946874	1.39762
0.8495	3.28427
1.03156	0.0280277
0.867086	2.99134
0.934734	1.4505
1.09915	-2.73752
0.839054	2.84224
0.70139	5.72388
0.705517	5.75651
0.853755	2.6968
0.900989	1.59467
0.899406	1.247
1.01304	-0.982639
0.832022	3.56582
0.844221	2.53235
0.891673	1.73988
0.850967	2.19654
0.97484	-0.0501509
0.839359	3.16654
0.914769	1.07888
0.990505	-0.229132
0.781838	5.60013
0.708894	6.32157
0.781501	4.78101
0.866509	3.04452
0.816588	3.86935
0.865318	3.1299
0.826842	3.73736
0.708566	6.63395
0.684136	7.2805
0.715246	6.47953
0.924583	1.88367
0.959342	1.30239
0.865775	3.34374
0.250241	18.1133
0.0613677	21.5517
0.54326	12.7457
1.14675	-3.73801
1.13615	-3.33587
0.871501	3.63401
0.939664	0.116673
0.966367	0.00187171
0.827639	3.08345
0.337725	13.2946
0.876869	1.58143
0.789978	4.12425
0.982043	-0.351486
0.733389	5.46709
0.944235	0.161249
0.907077	0.888448
1.99536	-7.71274
1.0248	-0.741955
0.901291	2.5458
1.05206	-0.412071
1.13958	-2.45894
0.9018	2.7128
1.06454	-1.11516
1.23407	-4.79813
1.22853	-4.84476
1.00702	-0.202433
1.29337	-5.40437
0.948647	0.908285
1.0431	-0.851835
1.11926	-2.75189
1.12345	-2.57501
0.819035	3.56044
0.857224	3.28122
0.964595	0.430759
1.35792	-7.4521
0.931849	1.69408
0.801221	4.72123
1.07638	-0.744844
0.974106	1.08503
0.913099	2.63986
1.04089	0.051908
1.023	0.837734
0.634671	9.80904
1.05344	0.533082
0.887253	3.74255
0.877096	3.4836
0.915973	2.85989
1.03812	0.39698
0.999903	1.10524
0.910114	3.01212
0.817345	5.59306
0.999241	0.196129
1.34982	-7.78087
1.2113	-4.37402
1.03486	-0.853168
1.1335	-3.26021
0.952729	0.661759
1.01602	-0.465878
0.905321	1.91778
1.13426	-2.94518
0.954136	0.445427
0.78516	4.53117
0.854626	2.76487
1.07619	-2.24807
0.829088	3.15248
1.32291	-7.04846
1.31271	-6.50068
1.15687	-2.58262
0.685448	7.26486
0.92839	1.77111
1.04789	-0.680516
0.921392	1.91906
0.903535	2.62942
0.832348	4.36352
0.889017	3.33978
1.01608	0.80277
1.14208	-2.01633
1.02938	0.276977
0.974033	1.53644
1.01045	0.511815
1.01285	0.192976
0.895609	3.42058
1.03716	1.08527
1.03073	0.487915
0.54418	10.0009
0.799293	4.72448
0.981759	0.822243
0.902403	2.54324
0.813158	4.68926
0.78681	5.48152
0.910399	2.68629
0.759422	6.19783
0.839573	3.70992
0.590843	9.54099
0.791318	4.63644
0.718505	5.80493
0.815787	4.38704
0.751135	5.80656
0.772262	5.44634
0.533366	10.0966
0.569307	8.57597
1.01392	-0.970319
0.867005	2.51441
1.10499	-2.84572
0.879127	1.93638
0.715068	5.94586
0.698907	6.20461
1.18914	-4.54099
1.16606	-3.70604
0.900934	1.62499
0.847381	3.1596
0.86696	2.81488
0.867069	1.92575
1.13683	-3.15941
0.891028	4.59917
0.916675	1.98855
0.79308	4.80637
0.529401	10.4757
0.915355	1.93673
0.742628	5.29648
0.765522	5.45856
0.615955	8.87924
0.680218	7.73004
0.870772	3.18037
0.927129	1.80841
0.849141	3.23906
0.746573	5.35905
0.651514	7.73688
0.908741	2.17782
0.869675	3.23657
0.610952	8.57676
1.10842	-2.72341
0.829293	2.75411
1.0088	-0.876506
0.792548	3.8373
0.830311	3.08256
0.784205	3.91556
0.953031	0.669031
0.763292	5.11588
0.629062	8.52964
0.681728	7.01062
0.870429	2.54358
0.780833	3.68359
0.983026	0.22419
0.933336	0.949328
0.912602	1.69774
1.01623	3.43878
0.985421	2.08013
0.889576	0.452208
0.948188	-0.119315
0.829073	2.49895
0.835232	2.23635
0.757287	3.87373
0.747186	4.09835
0.723078	4.25665
0.794211	3.61743
1.09275	-3.61764
2.93545	-24.5006
0.96154	-0.829858
0.914745	-0.279181
0.879767	0.643196
0.993904	-1.35232
0.905743	-0.316191
0.828875	3.06617
0.761135	4.29674
0.747911	4.44881
0.859889	1.91977
0.912001	0.739521
1.14676	-3.08549
0.986377	-0.777866
0.863392	1.96174
0.70292	6.07308
0.834589	3.09623
1.00062	-0.726571
0.909853	1.1555
1.05944	-1.71737
0.930448	0.843811
0.895817	1.76687
0.752848	4.56533
1.20642	-1.74085
1.06858	-2.5474
0.934652	0.281819
0.8376	2.72525
1.06259	-2.45797
1.22833	-5.13637
0.916935	0.976059
1.04563	-1.9878
0.939603	0.40435
1.13176	-3.84697
0.814171	3.14765
0.914576	0.96835
0.986022	-0.940861
1.02664	-2.17815
1.08148	-2.3761
0.999132	-1.39409
0.866798	2.8396
0.728726	5.28166
0.94599	1.21672
1.07628	-1.71328
0.917629	1.80823
0.879759	2.15945
0.899989	2.38287
1.00765	-0.265132
0.634322	8.07199
0.777591	4.66312
0.972325	1.44044
0.871228	2.92148
0.652499	7.79588
0.924241	2.22649
1.00816	0.201523
0.773895	4.93321
1.19635	-2.19691
1.29404	-4.62567
1.12446	-1.68025
1.00409	0.446279
1.08888	-1.19109
0.869371	3.10001
1.16457	-2.50895
1.18431	-3.05432
1.05949	0.113373
1.04807	0.016525
0.984501	0.552585
1.14779	-2.97862
1.12665	-2.184
1.31142	-6.006
1.33114	-5.76782
1.11425	-1.66325
1.27275	-6.22863
1.2326	-5.59265
1.40473	-8.89423
1.23648	-5.7221
1.19977	-4.58362
1.28256	-6.04195
1.30563	-6.69859
1.28483	-5.93633
1.12917	-3.20677
0.9462	0.801239
1.29797	-6.6685
1.26488	-6.30568
1.32058	-6.24288
1.10406	-2.62198
1.10033	-2.50429
1.39543	-8.35046
0.977395	0.918083
1.0561	-0.665871
1.07966	-1.1002
1.1022	-1.12982
0.884253	2.63594
0.777	4.59993
1.0232	0.0575411
0.78524	5.3366
1.05349	0.433837
1.03279	0.0792589
1.00807	-0.40906
1.0803	-1.21293
0.970891	0.385873
1.03092	-0.321142
1.12607	-1.82065
0.895724	1.74355
1.15285	-3.58651
1.02383	-1.32315
0.984757	-1.0986
1.17369	-4.38513
1.12819	-3.54203
1.03417	-1.6867
1.00996	-1.17407
1.11441	-3.20735
0.771217	4.57084
0.935347	0.0872979
1.07614	-2.76314
1.2081	-4.50612
1.21891	-5.4949
1.17296	-4.56333
1.10149	-2.93839
1.09523	-2.34791
1.27285	-6.24829
0.970296	-0.730095
0.961923	-0.958841
1.04236	-2.56138
0.908021	0.318309
0.946904	-1.00105
0.945648	-0.556807
0.900604	0.304665
0.88718	0.15329
0.845223	1.20777
1.13437	-4.61593
1.0921	-3.80849
0.777466	2.50334
1.04538	-2.82446
0.791586	2.50568
1.03996	-2.69508
0.816497	3.14625
0.929743	0.899345
0.898175	1.27495
0.743534	4.35899
1.09379	-2.5934
0.927951	0.821177
0.890961	1.88378
0.880155	2.51609
0.943474	0.466137
0.963083	0.316381
0.947276	0.601788
0.954734	0.109725
0.786308	3.76519
0.85376	2.04564
1.02409	-1.51016
0.724325	5.74014
1.01834	-1.33772
0.712246	5.15882
1.20878	-5.67788
0.961189	-0.359003
0.852869	2.40536
0.926453	0.214563
1.08295	-2.63139
0.869426	2.1933
0.778584	3.65692
0.801723	3.00423
0.862888	1.69553
0.994707	-0.869058
1.16375	-4.46354
1.08524	-2.74189
1.12259	-3.76463
1.01251	-1.91463
0.784292	4.42834
0.612402	7.67349
0.785244	3.73283
1.02292	-0.456461
0.979633	0.801875
0.811639	4.1747
0.560502	9.77154
0.784021	4.55921
0.743558	5.15765
0.820751	3.73936
0.855394	3.01917
0.784266	4.4576
0.816166	3.92427
0.97322	0.933492
0.852469	3.10452
0.744339	6.29132
1.2161	-3.37805
1.08495	-1.22363
1.12639	-2.0245
1.22148	-3.09562
0.894774	2.82497
0.753027	6.21795
1.16752	-2.45097
1.0406	0.188357
0.862903	3.04918
1.18729	-2.7786
1.21016	-3.99046
1.0976	-1.66947
1.14843	-2.43099
1.25545	-4.26736
1.01891	-0.4801
1.25478	-4.415
1.13301	-3.24571
1.32671	-7.43998
1.2561	-6.15252
1.05751	-2.22168
1.31942	-7.43943
1.38492	-8.35272
1.27338	-5.89094
1.09369	-1.97402
1.33838	-7.00221
1.06125	-1.84379
1.34229	-7.01545
1.28004	-6.18577
1.37754	-7.69002
1.20594	-4.75204
1.21101	-4.99786
1.26468	-2.37241
0.849684	2.82306
1.07531	-1.14561
1.06404	-0.900169
0.931403	1.721
0.860649	3.14356
0.940612	1.96282
1.07153	-1.07063
0.848527	4.0701
0.849952	3.75484
1.10046	-1.04781
1.0051	0.636788
0.873055	3.18294
0.959586	1.27394
0.979586	0.866097
0.964087	0.74665
1.04082	-0.842762
1.12211	-3.31155
0.944589	-0.112081
0.682756	6.05776
1.17035	-4.33808
1.00515	-1.06503
1.16378	-4.09249
1.14115	-3.85067
1.11148	-3.06585
1.08017	-2.23661
0.928259	0.723705
1.24418	-5.23034
1.29484	-6.56959
1.20162	-4.62314
1.14877	-3.85219
1.32794	-7.06398
1.36778	-2.07946
1.12771	0.231446
1.03344	-1.88727
1.10967	-3.62035
1.07718	-2.03859
1.09495	-3.15
0.854116	1.96368
0.866624	1.99812
1.14976	-3.98209
0.887711	1.41191
0.993343	-0.870019
0.969656	-0.643017
1.19093	-4.76043
0.898605	0.623133
0.959159	-1.12014
0.866064	1.59863
1.15883	-4.20315
0.973629	0.126047
0.927574	1.39359
0.758643	4.49456
0.931009	0.756072
0.889375	2.37751
1.27539	-4.67626
1.17253	-3.78603
0.905077	2.16312
1.04855	-0.816161
0.939949	1.34734
0.871943	2.65917
0.891962	2.08205
0.807939	3.80935
0.738436	5.43388
1.02795	-0.434541
0.995922	0.247605
1.06206	-0.00906013
0.884405	0.484239
1.0202	-2.25908
0.832856	1.51502
1.16641	-4.87987
1.10152	-3.71253
0.960065	-1.19627
0.915573	-0.39783
0.882247	0.924232
0.704629	4.63412
0.79017	2.8771
0.674074	5.19469
1.06339	-3.01505
0.954463	-1.21558
0.971308	-1.94181
0.789479	2.75677
0.814765	2.71587
0.884537	1.34793
0.777453	3.42338
0.824093	2.75315
0.987393	-0.813334
0.617961	7.43827
0.975698	-0.299117
0.929104	0.832424
0.974271	0.194077
0.767432	4.26945
0.909938	1.09135
0.9798	0.0240983
1.04209	-1.5827
0.755285	4.00929
0.849712	1.93741
0.942104	0.166661
0.925166	1.78898
0.833313	3.26388
0.71586	5.98831
0.807776	3.94055
1.00896	-0.204755
0.79819	4.1552
1.00203	0.102507
0.985989	-0.229587
1.18127	-3.38556
0.853835	3.10791
0.938096	0.857431
0.936709	1.12215
0.863737	2.72356
1.20191	-4.31038
0.871315	2.0768
1.05148	-1.30109
0.907434	0.811109
0.905513	0.677558
0.629007	6.73283
0.820256	2.76602
0.735443	4.25323
1.01464	-1.39235
0.844443	1.92595
1.03705	-2.01129
0.93994	0.422594
0.831523	2.49829
1.00086	-0.829844
1.05644	-2.80898
0.932628	0.25118
0.93879	-0.134567
1.0535	-2.24116
1.04764	-2.34483
1.05673	0.311445
1.01858	0.11379
1.03633	0.244696
1.28551	-4.83541
1.17636	-2.81779
1.10896	-2.08516
0.921051	2.11611
1.16365	-2.55101
0.909672	3.03936
1.01939	0.318944
0.886439	3.58028
0.902943	2.64798
0.91226	1.52695
1.2104	-3.73839
0.693442	6.74984
1.12991	-2.54992
1.26305	-6.10716
1.30259	-7.03573
1.33852	-7.33961
1.36162	-8.02505
1.22482	-5.42983
1.19398	-4.96327
1.28828	-6.31485
1.09601	-2.71131
1.21058	-4.91773
1.10278	-2.68673
1.16909	-4.14281
1.1167	-3.37009
1.27558	-6.42207
1.1526	-4.09273
1.45438	-9.51637
1.1773	-3.71261
1.23646	-5.59481
1.04471	-2.02012
1.13455	-3.75212
0.931793	-0.0876252
1.01462	-1.73573
0.498327	45.4905
0.989899	-0.692975
1.04583	-1.55965
1.2939	-7.26258
1.25014	-6.29693
1.01618	-1.62758
0.856334	1.48976
1.16065	-4.0357
1.0664	-2.52792
0.897923	0.620536
1.16707	-4.25835
1.04612	-1.2239
0.992654	-0.527376
0.912913	1.90067
0.954079	0.586192
0.721792	5.91465
1.21135	-3.85987
0.919808	1.68229
0.855286	3.25607
0.799804	4.31629
0.979967	0.512087
0.96115	1.36357
1.01186	-0.00118269
0.983504	0.623754
1.24658	-4.05875
0.926142	1.49021
0.982427	0.887953
0.930091	0.311822
1.17072	-4.78349
1.03552	-2.69085
1.03173	-2.68538
0.791326	2.76972
0.662657	5.8102
0.949054	-0.739254
0.268156	33.1411
0.361556	30.1608
0.818014	1.86157
0.884252	0.0265017
0.801909	1.96205
1.02576	-2.5236
0.75602	3.16272
0.687679	5.02777
0.769361	3.07199
0.984652	-0.603734
0.993542	-0.375733
0.904141	1.23496
1.02308	-1.36925
0.84504	2.1285
0.821647	3.25602
1.13699	-3.46546
1.01795	-1.2247
0.816054	3.12163
0.716397	5.3936
0.896902	1.45307
1.06014	-2.0529
0.977649	-0.0615735
0.638431	6.99356
1.11529	-2.52523
1.07216	-1.71246
0.703674	6.51916
0.838811	3.80249
0.817938	3.66906
0.883647	2.48968
0.829493	3.78783
0.837706	3.22056
0.841569	3.14092
0.99423	-0.329106
0.704033	6.51305
0.808586	3.85179
1.08653	-1.538
0.868572	1.86243
0.791492	4.01651
0.862556	2.68933
0.762556	4.91133
1.05567	-1.15892
1.0359	-1.85409
0.793606	2.86414
0.928261	0.389338
0.841518	2.90053
0.785942	3.74108
1.05445	-2.11411
0.852097	2.16974
0.564388	9.71173
0.795964	3.98882
0.726985	4.87335
0.839751	2.33779
0.955625	0.185415
1.00158	-0.877534
0.959131	-0.0825823
1.13641	-3.65563
0.912329	3.65991
1.06861	-0.274409
1.05943	-1.16724
0.901689	2.64784
1.24627	-4.42292
1.00128	0.537874
1.1555	-1.85615
1.06661	-0.726568
0.887633	3.44533
1.17514	-2.30109
1.00405	0.524594
1.04345	-0.198631
1.16035	-2.8592
1.25659	-5.16836
0.925771	1.66693
1.25047	-4.06936
1.11336	-2.20804
1.34182	-7.35027
1.42801	-8.56743
1.0393	-1.41884
0.98599	-0.2864
1.0518	-1.34017
0.926159	1.001
1.01664	-1.06468
1.01885	-0.472117
1.26771	-5.92737
0.921224	0.932582
1.06613	-2.40553
0.9931	-0.387825
1.45394	-9.57261
1.23583	-5.35112
1.30686	-6.53245
1.49081	-4.90193
1.39296	-1.81748
1.21391	-4.5219
1.0104	-0.464761
1.17264	-4.03836
1.10183	-2.32923
0.886114	2.16625
1.05797	-2.06869
1.11389	-2.34316
0.865318	2.41756
1.13644	-3.07315
1.24775	-4.97789
0.900276	1.26948
0.913111	1.32372
1.15841	-3.71394
1.01773	-1.19096
1.18827	-4.08366
1.04867	-0.981857
0.779416	4.67202
0.913291	1.77881
0.966773	0.921328
0.650418	8.022
1.23528	-3.95265
0.953033	1.49682
0.95287	1.52385
1.08722	-0.804649
0.783588	5.59901
1.14553	-2.16932
0.996701	0.617157
0.847466	3.88005
0.869846	2.71694
1.21854	-3.22341
0.8592	2.72657
1.14286	0.0519741
1.13805	-3.74334
1.09185	-2.62191
0.91041	0.941648
1.26188	-6.05833
1.03475	-1.52336
0.802439	3.61632
1.01344	-0.628415
1.16938	-4.00003
1.08097	-2.34261
1.12868	-3.06225
1.00709	-0.794468
1.11585	-3.47452
1.03829	-1.69147
1.27433	-6.26688
0.764573	24.6449
0.488719	31.1901
1.03183	-0.431322
1.01989	-0.30511
1.00877	-0.509784
1.08902	-2.3904
1.12909	-2.83325
1.24565	-4.55444
1.05286	-1.01615
1.00542	0.440881
1.07563	-0.610032
0.982542	0.807807
1.04774	-0.624077
0.978467	0.683
1.22355	-4.12435
0.939751	1.31681
1.30538	-5.61027
1.07063	0.726409
1.08393	-1.22294
1.0471	-0.907617
0.867212	2.74999
1.15232	-3.16029
1.02838	-0.170468
1.14842	-3.2347
0.990387	-0.437763
0.937688	1.76908
0.945737	0.806634
0.954079	1.11241
1.10692	-2.52417
1.33767	-7.01932
1.03269	-1.02115
0.953472	0.373075
1.22935	-5.02942
1.28001	-6.54918
1.32999	-7.47711
1.08578	-3.06261
1.05463	-2.73357
1.24441	-6.22661
1.05644	-2.20531
1.28942	-7.20529
1.01434	-1.16167
1.09922	-2.7268
1.3971	-9.40716
0.764716	4.58504
1.11532	-3.03279
1.12144	-3.48634
1.19043	-5.0028
1.14226	-3.93022
1.24591	-5.93949
0.931983	2.33462
0.972916	0.99063
0.974323	1.01781
1.08548	-1.73899
0.937628	1.2329
1.29152	-5.23012
0.938049	1.63936
0.993754	-0.105152
0.913379	1.97432
1.00636	-0.11833
1.0678	-1.43571
0.996477	-0.285549
0.990477	0.369416
1.05616	-1.8257
0.98697	0.0723529
0.987457	-0.247225
0.935483	0.368581
0.94036	0.219527
0.840916	2.19176
0.596644	7.73587
0.789628	3.20409
1.08011	-3.2778
0.946938	-0.0609493
0.982752	-0.401817
1.02753	-1.32285
0.911039	1.11873
0.99606	-0.869249
1.20916	-5.3979
1.1325	-3.4184
1.20165	-4.8245
1.21194	-5.28289
1.69847	-12.8191
1.52417	-9.96981
1.17164	-4.06775
1.42003	-8.52426
1.26311	-5.59694
0.966242	0.271107
1.02361	-0.928126
1.06959	-1.33906
0.953596	0.342431
1.05987	-1.74683
0.999313	0.121969
1.01893	-0.854588
1.12444	-3.06587
1.11515	-3.40344
1.12476	-3.50762
0.823492	3.99308
1.21667	-5.12234
1.26999	-5.15023
0.907792	1.77366
1.06875	-0.761773
0.967198	1.09877
0.924347	1.87267
1.20792	-3.00508
0.986584	0.948264
0.890085	3.10361
0.860695	3.4554
1.02334	0.253837
1.10374	-1.47383
0.922333	2.19883
0.934297	1.89249
0.938632	1.6369
1.22065	-3.63262
0.836555	4.1385
1.28384	-6.18209
1.35698	-7.96613
0.810379	3.35557
0.998151	-0.694487
1.05148	-1.74876
1.10616	-2.60159
1.17473	-4.78789
0.932187	1.58655
1.00301	-0.962443
1.17786	-4.23569
0.96718	0.135743
1.15039	-3.96625
1.06552	-2.31798
1.10808	-3.53786
1.10422	-2.73777
1.13367	-4.22392
1.01019	-0.765458
1.21198	-3.97225
0.906154	1.94109
0.942738	1.40736
1.11391	-2.34044
0.874631	3.03203
1.07898	-1.24374
1.07933	-1.19373
1.12777	-1.75509
1.00583	0.0552489
1.18194	-3.54382
0.867144	3.17394
1.14099	-2.30384
1.07355	-1.03352
0.950584	0.901537
1.06099	0.198643
1.45926	-8.41121
1.15415	-2.56646
1.25614	-5.44027
1.26293	-4.91196
1.39538	-7.91872
1.02337	-0.312511
0.928269	1.188
0.77939	4.65673
0.921494	1.89901
1.17401	-3.52854
1.06002	-1.486
1.05292	-1.27375
0.913549	1.44931
1.23034	-5.17477
1.03743	-1.62885
1.12856	-2.69684
1.3826	-8.57179
1.16135	-4.59385
1.25107	-5.94918
1.06294	-2.24554
1.10353	-2.88616
1.19848	-4.60463
0.914479	0.514822
1.02004	-0.874142
1.2062	-5.16247
1.15399	-4.21524
1.06204	-2.03297
1.15254	-4.52653
1.00482	-1.13486
1.0032	-1.37326
0.994148	-1.22458
0.851889	4.6309
0.79618	3.90826
1.04524	-0.61419
1.10441	-1.91343
0.912505	1.85666
0.708458	6.62028
1.13286	-2.91987
0.876123	2.96182
0.712088	6.46319
0.980702	0.703422
1.12858	-2.28684
1.05075	-0.882618
0.990741	-0.0313769
0.744827	5.01795
1.1329	-2.97589
0.990698	0.21666
0.918681	1.7552
0.635332	6.92423
0.946502	0.0833654
0.696203	5.49923
0.933753	0.346914
0.879351	1.56739
0.85618	2.05145
0.953761	-0.257987
0.901848	1.41951
0.960103	0.00521275
1.08446	-1.85244
1.13855	-3.78579
0.958478	0.534
1.02802	-1.66114
1.12089	-3.36257
0.977081	-0.847891
1.36024	-3.66505
1.08586	1.66738
1.01497	-1.50337
1.09585	-2.57832
0.84363	2.30494
1.03706	-1.85754
0.885221	1.59445
1.20856	-5.64816
0.938612	0.176504
1.04833	-2.06978
0.690714	6.28048
1.16797	-4.36084
0.725957	4.56054
0.949319	0.277918
0.906591	0.797386
0.762115	3.46613
0.908945	0.317029
1.09107	-1.57112
0.871552	2.59012
0.897975	1.69641
0.943216	0.909568
1.02043	-0.40512
0.796049	4.05379
0.764342	4.93071
1.09651	-1.66472
0.864426	2.5496
1.14241	-2.26721
0.943106	1.21619
1.00017	0.594318
0.715948	5.87664
1.01664	-0.330979
0.798455	3.76913
1.02161	-0.714498
0.999406	3.07669
1.33936	-7.14128
1.05854	-1.8354
1.33256	-7.65631
1.13163	-3.50554
0.965021	0.0627262
1.34689	-7.48013
1.30784	-6.93549
0.831061	3.2366
0.821082	3.12088
1.20999	-5.18878
1.01051	-1.3346
0.835344	2.68489
1.17511	-4.37211
1.05881	-2.24886
0.995486	-0.663749
1.00599	-0.34148
0.892676	2.14497
1.05345	-1.03679
0.884809	2.37533
0.868171	2.73589
1.04522	-0.685239
1.06487	-1.23292
1.00723	0.0380487
1.1519	-2.69662
1.23493	-3.74966
0.847944	2.83448
1.03595	-0.86415
0.977203	1.42217
1.05192	-0.527006
0.921409	1.83926
0.954972	1.04993
1.00925	1.81946
1.15636	-2.77272
1.24512	-5.07037
1.08945	-1.29857
0.860717	3.09984
0.902188	2.12341
1.16689	-2.81236
1.05201	-1.25034
0.70407	7.32375
1.2991	-5.79022
0.869005	2.48202
0.941025	1.22392
0.930797	1.02883
1.18712	-3.9714
0.988992	-0.235959
0.97498	0.418811
1.16585	-3.59279
1.04679	-1.99453
0.906576	1.085
1.09655	-3.5855
0.948843	0.137822
1.00174	-1.16099
1.06921	-2.52647
1.01781	-1.31033
0.938482	0.703301
1.12535	-3.63795
0.994995	-0.618119
0.914162	1.10053
1.22958	-5.60889
0.841742	2.51953
1.21909	-5.4548
0.997873	-0.231865
0.894113	3.73979
1.11946	-1.89258
0.857205	3.06399
1.20573	-3.3698
0.910415	2.49602
1.05861	-0.692121
0.906586	2.41543
1.08708	-1.03292
0.977572	1.14811
0.94745	1.49687
1.06004	-1.10601
1.06774	-1.36412
1.06909	-0.33893
1.13881	-2.3494
0.879556	2.70163
1.0565	-0.930391
1.11148	-2.97088
0.993257	-0.731353
1.03696	-1.23417
1.10907	-3.021
1.13812	-3.992
0.988732	-0.247409
1.17037	-3.98561
1.1288	-3.76509
0.927473	0.760913
1.29318	-6.4439
1.23607	-5.0464
0.974423	-0.182746
1.29469	-6.25772
1.15569	-3.92128
1.20766	-4.89205
1.27321	-5.10258
1.07437	-2.09067
0.937585	1.25712
1.13743	-3.42916
0.951854	0.315384
1.11364	-3.49535
1.05703	-2.1963
1.1084	-3.23357
0.876887	2.12247
1.02097	-1.77934
0.949993	-0.095691
1.08511	-3.11233
1.02327	-1.43477
0.732392	4.37461
0.961488	-0.446087
1.05463	-2.11501
0.76466	3.9815
0.696118	5.66388
0.855228	2.91642
0.926741	1.40058
0.98497	0.0147804
0.808559	3.19374
1.08638	-1.81766
1.15724	-3.32944
0.904673	2.13649
0.517315	10.3755
1.01785	-0.0264427
0.965671	0.695435
0.83111	3.11444
1.13519	-2.65942
1.00553	0.0197818
1.07913	-1.6387
1.00579	0.564966
1.30471	-6.36888
1.0539	-1.73193
1.15337	-3.70243
1.11769	-2.65829
1.24675	-5.3069
1.08013	-2.13309
1.1327	-3.8223
1.14892	-3.50788
0.907529	1.18311
1.42863	-8.56196
1.07616	-2.82037
1.23171	-5.75322
1.30666	-6.4966
0.995675	-1.09286
1.1074	-3.20113
1.16558	-3.81911
0.98188	-0.026502
1.16728	-3.16951
1.20892	-3.60637
0.986303	0.309965
1.01057	-0.0255902
0.774409	5.11639
0.971318	0.543871
1.07847	-1.41847
0.949159	0.895806
1.06152	-1.36196
1.15949	-2.57714
1.0797	-1.03131
1.14902	-2.74054
0.997181	1.17107
1.03531	-0.43833
0.873541	3.94822
0.978409	0.838074
0.713899	6.46559
0.907209	2.36126
0.950302	0.817928
1.17165	-3.22123
0.825892	4.16759
1.29393	-5.79491
0.977672	0.970978
0.812961	4.40244
1.06467	-1.30812
0.86897	2.87609
1.0811	-2.09049
0.933158	1.24866
1.02991	-0.369331
0.890665	2.24878
1.0815	-1.73376
1.27083	-6.40802
0.934063	0.0164339
1.25803	-6.40281
0.828437	2.71745
0.805748	3.5446
1.11561	-3.95587
0.968847	-0.0581687
0.864381	3.13421
1.2638	-6.7604
1.06766	-2.5651
1.17812	-4.72681
1.0624	-2.13007
1.01779	-1.08326
1.05133	-1.86056
0.958832	0.111103
1.09627	-0.101621
1.13906	-2.70445
0.873277	3.05573
1.02222	0.172217
1.0111	0.385093
1.00327	0.821811
0.947518	2.01254
0.940035	2.28141
0.971802	1.66393
1.2267	-3.07618
1.05907	0.0164944
0.812227	4.78164
0.909598	2.6229
1.06518	-0.921953
1.29142	-4.88832
0.955018	1.2741
0.813487	4.08103
1.22338	-5.01905
0.9097	1.05648
0.969716	0.0211343
0.824719	3.23846
0.962375	-0.195711
1.08833	-2.62076
0.849995	2.98237
1.04332	-0.5306
1.03999	-1.204
1.01947	-1.12103
1.25061	-5.59252
1.01354	-0.762542
1.2444	-5.19205
1.12868	-2.70501
1.13012	-2.91479
1.34385	-1.76612
0.724936	8.59926
0.877773	2.63907
0.833834	3.46229
0.905904	2.17401
0.530299	10.0664
0.922546	1.69902
0.705081	6.40551
0.65545	7.45319
0.71508	6.198
0.738964	5.60498
0.648448	7.71879
0.860277	3.06809
0.954583	1.25231
0.416174	12.5786
0.422199	12.1316
0.598153	8.65305
0.641252	7.70723
0.660552	7.25894
0.692324	6.40108
0.715953	6.16787
0.679596	6.62987
0.395559	13.8276
0.499497	11.1276
0.305944	16.2935
0.483976	11.7229
0.655346	7.37984
0.53756	10.5827
0.525169	10.8748
0.784793	4.2213
0.499138	10.754
0.506039	11.3562
0.398799	13.8036
0.578555	10.2652
0.612981	7.99872
0.435061	11.2397
0.456057	11.9528
0.702428	6.02355
0.475819	11.184
0.327289	15.2491
0.697243	5.94605
0.551893	9.66996
0.714015	5.86644
0.433481	12.1248
0.586511	8.26597
0.705618	6.05333
0.777329	4.37148
0.68177	6.13156
0.700561	6.17137
0.718937	5.94968
0.954455	0.676005
0.861748	2.52755
0.505541	10.4088
0.63797	7.52574
0.869305	2.56171
0.615109	8.26356
0.519007	9.97033
0.527404	10.1811
0.295746	16.3035
0.668223	6.51104
0.643371	7.51838
0.556603	9.22738
0.491587	11.0404
0.418584	12.7464
0.461106	11.7793
0.698533	7.0289
0.5313	9.80752
0.449689	11.3953
0.651471	6.74186
-0.0371968	26.5022
0.289266	15.8845
0.57522	8.84523
0.498718	10.7358
0.524771	10.3866
0.423494	12.4566
0.623319	7.32902
0.386491	13.0318
0.368766	13.5777
0.613104	7.75719
0.679522	6.31273
0.676771	6.20346
0.573129	8.43563
0.743912	4.79599
0.77849	3.60362
0.405619	12.3542
0.937354	0.483628
0.583495	8.19078
0.629402	7.32796
0.703473	5.60622
0.629042	7.73339
0.370763	13.3723
0.688216	6.00086
0.758434	4.36136
0.682701	5.93888
0.50005	10.2963
0.686496	5.79168
0.951995	0.200331
0.50474	10.7435
0.276894	15.8281
0.461527	10.9999
0.441747	11.5437
0.674928	6.31801
0.402456	12.7021
0.552317	9.00501
0.715522	5.4095
0.53147	10.1803
0.581853	8.5598
0.656733	6.37758
0.72282	5.22092
0.733974	4.84059
0.462404	10.8319
0.892538	1.02947
0.954027	0.2051
0.637536	6.71555
0.979584	-0.855527
0.541219	8.49609
0.789778	2.81759
0.585336	7.72653
0.874372	1.02831
0.766046	3.78699
0.579812	8.1127
0.824535	2.92105
0.988199	-0.984143
0.806328	3.23357
0.750743	3.98675
0.681279	5.63976
0.675329	5.95474
0.616368	7.27508
0.770216	4.61864
0.907615	2.56858
0.855441	3.0819
0.753989	4.79807
0.666547	7.33849
0.802663	4.25442
0.750739	5.56368
0.838483	3.00018
0.621538	8.24392
0.4515	11.6713
0.65428	7.10231
0.810486	3.96218
0.692637	6.57397
0.787646	4.14481
0.870258	2.46927
0.864928	2.73816
0.914391	1.9043
0.437792	12.206
0.591775	8.51416
0.387563	13.5047
0.450261	12.069
0.448971	12.1946
0.658334	7.32608
0.550755	9.75973
0.404517	14.2686
0.50817	10.6448
0.633513	7.87126
0.570442	9.30286
0.739063	5.86953
0.56929	9.04229
0.5065	10.6795
0.280085	15.759
0.49547	12.0271
0.651001	7.01682
0.724007	5.39664
0.579757	7.97565
0.868136	2.33433
0.776618	4.12735
0.699677	5.98091
0.84372	2.80844
0.626586	8.31709
0.804507	3.49052
0.584004	8.34557
0.801097	3.53944
0.679124	6.50627
0.809731	3.08284
0.796463	3.7922
0.653615	7.23542
0.89217	2.72954
0.635619	7.76073
0.903623	1.61243
0.907036	1.40945
0.583027	8.78151
0.101903	21.2935
0.851114	2.73368
0.598442	8.47978
0.528	11.0075
0.118339	20.8003
0.517818	10.2897
0.65979	6.72946
0.641904	7.26019
0.677368	6.32023
0.873708	1.96899
0.490503	10.8205
0.33261	15.5929
0.714461	5.9678
0.524216	9.95292
0.700412	5.88952
0.636412	7.79509
0.504389	10.3743
0.542713	9.7571
0.32337	15.2236
0.291203	16.0343
0.400782	13.1433
0.510298	10.3924
0.439673	12.2124
0.588383	8.42752
0.30824	14.7846
0.550385	9.23042
0.780824	3.92618
0.638887	7.12792
0.797979	3.70635
0.73898	4.89491
0.642198	6.76614
0.695519	5.53657
0.507088	9.92527
0.820584	2.82412
0.69458	5.72676
0.715425	5.28343
0.810056	3.09078
0.54293	9.3875
0.65532	6.58816
0.574369	8.45236
0.685534	6.00077
0.922856	1.06822
0.900172	1.2453
0.665748	7.70379
0.646151	7.14042
0.498793	10.5303
0.672469	6.34156
0.825033	2.63706
0.455117	11.8245
0.75529	4.57999
0.538384	9.58964
0.448569	12.4788
0.504024	10.5121
0.502636	10.5061
0.545647	9.05745
0.83731	2.62461
0.387098	13.2054
0.612889	7.98596
0.716023	5.33772
0.838133	3.50631
0.585837	7.61252
0.77028	3.42616
0.697483	5.50731
0.72202	4.50959
0.527999	9.39861
0.573315	7.99952
0.753146	4.44386
0.821306	2.96342
0.720665	4.87721
0.948431	-0.406926
0.623267	6.84591
0.998743	-1.10672
0.656017	6.40687
0.89334	0.736655
0.936375	0.955067
0.844213	4.79837
0.657192	8.8358
1.01928	-0.971912
0.845385	2.44446
0.724956	5.18741
0.673616	6.09367
0.755738	4.36216
0.476539	11.0027
0.755515	4.40896
0.749609	5.07462
0.819181	3.6161
0.630279	7.26527
0.474311	10.9961
0.757516	4.39459
0.871518	2.33834
0.516129	9.92906
0.767379	4.76315
0.693384	6.57797
0.549097	9.28842
0.628064	7.58852
0.422628	12.151
0.749636	5.12764
0.56893	9.3781
0.526763	10.1493
0.517302	10.4344
0.605739	8.38173
0.628174	7.96463
0.445046	12.0072
0.371828	13.2748
0.561445	9.20469
0.330046	14.5897
0.613166	8.00873
0.606166	8.4744
0.740414	7.19931
0.698874	6.20233
0.750207	4.87042
1.02595	-0.793497
0.646104	7.07076
1.06103	-1.81774
0.775517	4.43011
0.911954	1.26938
0.854975	3.16972
1.03022	-0.966305
0.710686	5.72523
0.73806	5.4273
0.800837	3.61228
0.664215	6.80323
0.851944	2.37715
0.826075	3.0488
1.0046	-0.232888
0.364095	13.8064
0.526229	9.70371
0.795715	4.15886
0.736153	5.02661
0.508098	10.6011
0.55422	9.44342
0.734728	5.23005
0.496948	10.6306
0.627655	7.49623
0.554441	9.25481
0.502484	10.5865
0.417096	12.5975
0.837199	3.08652
0.669717	6.77507
0.493582	11.0029
0.57208	10.3284
0.648045	7.37627
0.383421	12.7046
0.649946	7.03532
0.54647	9.22783
0.454325	11.4176
0.467691	11.0878
0.541672	9.1725
0.252615	17.0089
0.310683	15.0045
0.470324	10.8795
0.811474	3.38863
0.651593	6.76629
0.480495	11.0259
0.324033	14.5687
0.619332	7.46435
0.547478	9.17125
0.860315	1.36889
0.612011	7.21969
0.607335	7.3953
0.432174	11.4373
0.514654	9.77791
0.708973	4.51896
0.439694	11.3741
0.53493	9.513
0.452599	10.9027
0.490175	10.463
0.556875	8.82574
0.832042	2.44733
0.728448	4.74371
0.562357	8.47728
0.397572	12.4439
0.72154	6.42062
0.435557	11.7946
0.642547	6.63515
0.796079	3.90607
0.0774868	19.0576
0.704342	6.34253
0.550761	8.84416
0.587832	8.67322
0.3562	14.3486
0.631692	7.10021
0.759978	4.27106
0.696924	5.68945
0.787774	3.48185
0.796812	3.77072
0.562426	8.78219
0.610701	7.5977
0.846347	2.4724
0.644306	6.39426
0.750017	4.3242
0.739896	4.07002
0.580387	7.7943
0.836874	2.42588
0.611431	6.95662
0.741329	4.2442
0.397199	12.773
0.436106	11.0579
0.842411	2.09748
0.816404	2.83686
0.822514	2.79724
0.561118	8.54895
0.847701	2.29884
0.811178	3.87587
0.940538	1.61265
0.893804	2.30725
0.702882	5.75211
0.75016	4.65458
0.791987	3.44024
0.407016	12.4655
0.877383	2.18572
0.634699	7.57758
0.711693	5.45347
0.745968	4.94369
0.534598	9.57863
0.812308	3.22368
0.798042	3.26655
0.814432	3.11014
0.953838	-0.058606
0.764991	5.12152
0.651403	7.2337
0.636768	6.97563
0.49431	10.767
0.714253	5.78964
0.828495	3.72412
0.47349	11.3881
0.581489	8.82819
0.365992	13.9822
0.396796	13.3714
0.592834	8.77479
0.672224	6.82856
0.326536	14.8241
0.659547	7.18229
0.498737	10.1943
0.418852	12.3152
0.400092	13.3725
0.756934	5.18014
1.01511	-0.238218
0.513107	10.4841
0.772714	4.35324
0.700993	6.14903
0.837649	2.60879
0.767541	4.54241
0.654297	7.48331
0.681423	6.41018
0.784751	4.43706
1.10902	-3.01224
0.77048	4.77175
0.832796	2.73062
0.998369	-0.474337
0.943492	1.23009
0.779372	4.12648
1.11491	-2.38802
0.837183	3.26681
0.872531	1.98982
0.764917	4.21185
0.76742	4.29499
0.60863	8.2354
0.741521	5.17
0.402986	13.2436
0.501367	10.3419
0.487552	11.0065
0.564597	9.31244
0.655838	7.1573
0.657047	7.20144
0.480192	10.9601
0.784924	3.63636
0.665503	7.97858
0.507808	10.2633
0.465231	11.3481
0.566051	8.85472
0.52667	9.62457
0.436763	11.7676
0.625841	7.38113
0.499943	10.469
0.403173	13.0681
0.22552	17.3972
0.610305	7.7048
0.749109	4.8911
0.479879	10.4965
0.513938	9.69736
0.90144	1.30257
0.57586	8.42229
0.547143	9.4282
0.851297	2.21118
0.850744	2.27986
0.620361	7.08021
0.693919	5.15485
0.555572	8.73313
0.710602	4.66421
0.465199	10.9082
0.59585	8.07021
0.671286	6.04698
0.691864	5.53608
0.364617	13.2674
0.397225	12.9021
0.539483	9.24364
0.59425	7.5729
0.548252	8.834
0.56922	10.1352
0.577785	8.52004
0.596683	7.8753
0.506913	10.5367
0.626427	7.77163
0.559421	9.444
0.626589	7.44421
0.928841	0.968113
0.893536	1.92701
0.811477	3.31239
0.719828	4.96545
0.645136	7.20761
0.561049	8.83743
0.775271	4.43829
0.894454	2.20506
0.493152	10.9435
0.572114	8.47016
0.702801	5.37231
0.745797	4.09084
0.823238	2.71363
0.565211	8.26855
0.776802	5.52108
0.515488	9.42079
0.374704	12.7209
0.495854	10.4867
0.431214	11.4848
0.666356	6.1233
0.665348	5.81426
0.635053	7.00412
0.889527	1.67278
0.709981	5.39118
0.939827	0.275691
0.863178	4.73129
0.906431	6.93185
1.06691	-1.20161
1.00934	-0.820666
0.978147	0.101709
0.978789	-0.185883
1.01184	-0.632185
0.998166	-0.231042
0.941027	0.632571
0.88698	2.94368
1.14476	-3.41488
0.988372	-0.14576
1.06565	-1.97465
1.08958	-2.67132
1.11614	-3.34555
0.859071	2.43165
1.04029	-0.948826
0.955976	0.869999
1.13578	-2.37045
0.784167	4.73427
0.895958	2.41746
1.09425	-1.56089
0.925766	2.57762
0.770748	5.11855
0.748243	6.39515
0.860821	3.93629
0.834374	4.48327
0.86944	3.55615
0.769325	5.41227
0.873424	3.09653
0.914102	1.76223
1.33446	-6.03754
1.03606	0.116102
0.921742	5.11216
0.99595	0.382125
1.00084	-0.452453
1.13039	-2.51232
0.964027	0.36772
1.07549	-2.47779
1.1664	-4.34408
1.00652	-0.471933
0.691869	7.31215
0.873731	1.7753
1.05497	-1.40984
1.18571	-4.44882
1.04903	-1.34141
1.01739	-1.06517
0.854827	2.34887
0.726754	4.81069
1.08186	-1.17344
1.05237	-1.47597
0.890659	2.19814
0.784212	4.17175
0.748886	5.20794
0.952429	0.725131
0.903829	2.12262
0.83882	3.59358
0.56131	10.8233
0.981873	0.534656
0.793512	4.75599
1.03633	-0.643612
0.938148	1.59785
0.744939	6.07491
0.806317	4.35578
0.949743	1.78554
0.863437	3.79371
1.02665	-0.76218
0.832468	3.42011
0.869135	3.07915
1.13131	-1.85822
0.864292	2.92983
0.962323	1.16186
0.830671	3.78853
0.647967	7.8885
0.794773	4.76725
0.964947	1.10111
0.834008	3.90684
0.877755	2.68523
0.874729	2.8154
0.871436	2.61898
0.773252	4.90654
0.806624	3.34471
1.02676	-1.18172
0.824692	2.88905
1.14415	-3.7194
1.09145	-2.53915
0.86147	2.65333
0.723432	5.83202
0.880828	1.69855
0.876964	2.47967
1.03064	-1.1047
0.964009	0.58381
1.07604	-2.46042
0.92882	0.546758
0.977313	-0.677486
1.17129	-4.26245
1.20134	-4.16385
0.755844	5.95024
1.03363	-0.422186
1.11376	-1.73117
1.27437	-5.19812
0.875882	3.49913
1.32329	-5.41168
0.958079	0.96655
0.940995	1.56507
0.930189	1.5081
1.08846	-1.75996
0.929645	1.29136
0.978276	0.368504
0.98135	0.70144
0.955593	1.02457
1.0917	-2.1085
0.96901	-0.0561348
0.995026	-1.35282
0.938505	-0.0978822
1.28593	-6.47
1.25524	-5.6155
0.972447	-0.699536
0.997651	-0.780754
1.07078	-1.71564
1.18841	-5.08442
1.25992	-5.66202
1.17993	-4.33375
1.01297	-0.958723
1.0913	-2.19749
0.970426	-0.485494
0.994747	-0.763648
1.24798	-5.78189
1.51935	-9.94953
0.960811	1.31881
1.04284	-1.23681
0.934891	0.91028
1.04357	-1.61256
1.17988	-4.3664
1.23869	-5.43384
1.00054	-0.849461
0.987849	0.31709
0.829513	3.26911
1.07974	-2.57784
1.16324	-4.04965
1.00371	-0.699991
0.986402	-0.717704
1.07546	-2.27879
0.786443	3.70446
1.20809	-4.98388
1.39801	-7.56307
0.955724	0.743341
0.9801	0.222913
1.13849	-3.01967
1.2322	-3.43838
0.891277	2.69139
0.817784	4.31599
0.826233	5.2026
1.01195	0.432011
1.02377	-0.186326
0.990298	1.19969
0.960186	0.962334
0.980131	1.23554
0.828189	4.31081
1.08409	-1.31786
0.855049	5.95465
1.09106	-1.99429
1.27824	-5.81745
1.02373	-0.724238
0.828353	2.72703
0.788202	4.18403
0.856244	2.59834
0.67358	6.93811
0.608269	9.45555
1.16523	-3.63097
0.907816	1.37032
0.804965	3.34019
0.997121	-0.608903
0.882351	1.62185
1.14318	-3.36604
0.685393	5.87052
1.00142	-0.252187
0.644833	6.95305
0.909855	1.1896
1.02174	-0.63637
0.751243	5.13878
0.906218	2.04778
0.900526	2.47073
0.818005	3.6948
0.744971	6.17142
0.744908	5.2627
0.974111	0.623536
0.936112	1.59382
1.07332	-1.41629
0.977139	0.647035
0.746447	5.58909
0.715334	6.28454
0.821309	6.76036
0.760894	5.20769
0.737224	6.08261
0.873151	2.96452
0.984249	0.950552
0.864743	2.85983
0.893131	2.47934
0.739796	5.96107
0.600627	9.44381
1.00961	0.972693
0.797692	4.82018
0.806141	4.05729
0.629212	7.90946
0.712966	5.86534
0.885145	1.79897
0.852856	2.72389
1.03147	-0.684324
0.60914	7.80608
1.01416	-0.923941
0.904238	1.4136
0.802086	3.36925
0.92969	1.16771
0.663885	6.78105
0.730715	5.17352
0.942543	0.945251
0.762316	4.55124
0.793927	3.4686
0.767271	4.62383
1.06592	-2.33211
1.10698	-3.4331
1.09189	-3.39915
1.06827	-2.19228
1.06155	0.226182
1.02526	-0.336157
1.12146	-2.67733
1.09987	-1.62162
1.02626	-0.319125
0.773147	4.58488
0.959981	0.0566548
0.869619	2.74991
0.743326	5.26593
1.04381	-0.933496
1.04118	-1.15011
1.26126	-4.95123
0.826682	3.4943
1.07575	-1.54882
0.823193	2.59014
1.0601	-1.86662
0.932212	1.25954
0.993554	-1.30229
1.11467	-3.29981
1.05296	-1.76472
1.0666	-1.95499
0.92919	0.657832
1.04212	-1.86995
0.931801	0.931666
1.09216	-2.57372
1.09434	-2.59868
1.18626	-4.61716
1.09868	-2.68395
1.24178	-6.07179
0.985752	-0.318544
0.858739	2.19448
1.08326	-2.54376
1.37946	-3.25434
1.42073	-2.89672
1.19453	-4.63554
1.39125	-7.76911
1.12648	-3.4842
1.24699	-5.79252
1.16089	-3.9104
1.10301	-2.87095
1.24028	-6.13359
0.92102	1.34417
1.20801	-4.88175
1.19779	-5.04073
1.35705	-7.85412
0.982889	-0.39343
1.16951	-4.01483
1.04396	-2.00367
1.21051	-5.41165
0.9961	-0.291106
0.846199	3.27082
1.042	-0.887897
1.02999	-0.899552
1.19151	-3.45716
0.900029	2.22513
1.21884	-3.51463
0.862079	3.10988
0.807337	4.98839
0.934072	1.73139
0.663786	7.6629
1.04163	-0.259273
1.06926	-1.08887
1.19099	-3.01008
1.33904	-6.23287
0.990971	0.786433
1.19979	-0.622417
1.22275	-4.67576
1.11807	-2.54493
0.987024	0.0391182
0.950003	0.108165
1.22254	-5.25197
0.874453	2.87833
1.03823	-0.982661
1.09713	-1.71389
1.0629	-1.43629
1.12256	-3.20846
1.12969	-3.19951
1.08244	-3.00731
1.1165	-3.42649
1.11028	-3.12159
0.905487	1.34097
1.16171	-3.14384
0.911647	1.69801
0.915701	1.60389
0.863028	2.87953
1.03861	-0.394308
1.00236	0.250047
1.00982	0.795939
0.915887	2.20581
0.569812	10.6942
1.22573	-4.0038
0.696316	7.35638
0.786804	4.43861
0.935199	1.99962
0.933405	1.5551
0.898734	1.99262
0.916672	2.57995
0.667436	7.94945
0.709092	6.03172
0.656724	7.68937
0.658581	7.32471
0.620391	8.68127
0.686032	7.10353
0.747265	5.49823
0.95003	0.934088
0.59358	9.47055
1.0175	0.132552
0.610198	8.33279
0.904551	1.91668
0.670002	7.24337
0.660475	7.42353
0.762381	4.92041
0.888747	2.48888
1.12644	-2.86009
0.821449	2.62818
1.08543	-2.18209
0.8959	0.978471
1.03086	-1.2678
0.962194	0.0580655
1.13363	-3.98459
0.693483	6.60427
0.923572	1.52533
0.926389	1.23896
0.99038	-0.466035
1.00454	-1.09009
1.06496	-1.64141
1.14671	-4.17016
1.24826	-5.795
1.26203	-6.03159
0.976677	2.24332
0.978926	0.585191
1.27791	-5.21445
1.0802	-1.65844
1.18017	-3.21888
1.00954	-0.0301652
0.936701	1.40155
1.14107	-2.47381
1.10891	-1.09167
1.11591	-2.12077
0.679596	8.06646
0.936401	1.07444
1.01423	0.0623558
1.01019	-0.767796
0.879264	2.315
1.1167	-1.76518
0.854114	2.09485
1.03401	-0.96421
1.02357	-0.970171
1.15822	-3.77747
0.979856	0.177958
0.637156	7.91968
1.10852	-2.98617
1.12936	-3.42259
0.884272	2.95396
1.46488	-9.75045
0.876228	2.36958
1.29311	-6.07729
1.19489	-4.61752
1.33556	-6.77386
1.45473	-8.99682
1.45876	-8.17591
1.35462	-6.4343
1.19312	-4.20137
1.26769	-6.0448
1.37392	-7.86727
1.13115	-3.51508
1.16705	-3.67049
0.867494	1.93286
0.933544	0.892464
0.976667	-0.721679
1.12219	-3.05649
1.26311	-5.86524
1.15392	-4.28419
1.14829	-3.56443
1.2203	-4.98784
1.08345	-2.76778
0.908285	0.996013
0.885031	2.56029
1.04189	-0.862348
0.96845	0.843402
0.980852	0.428402
1.06956	-1.26174
1.05575	-0.555801
1.01889	0.252832
0.912482	2.60018
1.10293	-1.28572
0.954588	1.48505
1.33399	-5.85094
0.954655	1.49108
1.0658	-1.1947
1.07199	-1.00859
1.16418	-2.68747
0.752686	6.74905
1.20462	-4.38049
1.39115	-7.75089
1.1064	-2.92429
0.78779	3.66272
1.28352	-6.73369
1.20729	-4.85402
1.18781	-4.44238
1.16347	-3.59724
0.79407	3.88905
0.935885	0.911271
1.0955	-2.98047
1.16739	-4.45211
0.99017	-0.540562
1.08929	-3.10272
1.09875	-2.81747
0.98003	0.267892
0.870876	2.11047
1.08644	-1.50498
1.3307	-5.81259
1.17297	-3.63343
0.929183	1.85708
0.833412	3.98685
1.04718	-0.872754
0.748457	6.50128
1.02201	-0.35365
1.10355	-1.28155
1.12958	-1.90216
1.07769	-1.75815
1.00229	0.501409
1.19194	-3.83646
1.13479	-2.32631
0.754488	7.38432
0.663518	7.75998
0.793654	4.62642
0.817422	4.03098
0.782694	4.61242
0.6806	7.4576
0.767471	5.17954
1.04644	-0.861556
0.638194	8.29891
0.748821	5.5098
0.770568	5.60768
0.710451	6.56705
0.761089	5.26535
0.72247	6.29609
0.953558	0.531792
0.731631	5.20861
0.709588	5.53756
0.945851	0.197516
1.16828	-4.25277
1.10517	-2.76893
0.916108	0.974202
0.880052	2.37501
0.881979	2.04339
1.09495	-2.3163
0.851455	3.39184
0.97391	0.588065
0.863964	2.58324
1.18396	-4.16384
0.803756	4.0791
1.11728	-2.67018
0.871861	1.76464
0.960514	0.43798
1.07139	1.19914
1.24854	-4.50012
0.990269	0.573116
0.715279	6.54598
0.757243	5.56121
0.871698	2.75663
1.16226	-3.04476
0.842396	4.12838
1.04589	-0.813405
1.10837	-2.09816
1.00844	0.246251
0.88684	2.83045
1.01883	-0.0265973
1.03212	0.0484966
1.02858	-0.201033
0.972926	0.0873626
1.01632	0.0795497
1.08203	-2.55352
1.1024	-2.55208
0.98218	0.423678
0.769083	4.01507
1.08677	-2.38276
0.88869	2.35019
0.935503	1.798
0.931735	1.42296
0.936803	1.61558
1.26712	-6.4106
1.22228	-4.71314
1.17524	-4.44225
1.28035	-5.92367
1.25903	-5.47763
1.22601	-4.3632
1.36264	-1.90236
1.4347	-4.29907
1.16703	-3.94572
1.2207	-4.74028
1.07191	-2.00501
1.13401	-3.91275
1.21198	-4.66709
0.874727	2.00312
1.35096	-7.69133
0.95124	0.7339
1.20698	-4.82464
0.912801	1.33632
1.10385	-1.98406
0.94873	0.151881
1.18131	-4.63473
0.878528	1.62411
1.15709	-4.18308
0.904371	2.14587
0.0440348	20.7004
1.10719	-1.56229
0.949559	1.1001
1.08581	-1.11036
1.07151	-1.16657
0.678024	7.54048
0.953841	1.76715
1.24526	-3.74245
0.884809	3.03636
1.07051	-0.691157
1.10631	-1.15154
0.910734	2.26032
1.20325	-3.07355
0.997734	0.705513
1.06875	-0.358495
1.16859	-0.418163
1.13681	-3.24338
1.10745	-2.8204
1.08514	-2.45504
1.04786	-1.46353
0.938798	0.835203
1.03501	-1.0889
1.06341	-1.62505
0.969768	0.491678
1.01836	-0.856418
1.00189	-0.75655
0.9384	0.437178
1.14298	-3.3532
1.03103	-1.19393
1.26799	-5.68921
1.31728	-6.69192
1.10964	-2.0005
1.08845	-1.72756
1.20292	-3.69728
1.11646	-2.46403
1.1213	-2.6766
1.06586	-1.40379
1.26545	-4.50511
1.04527	-0.137048
1.11558	-1.47426
1.16497	-2.89132
1.04884	-0.0367901
1.02153	0.277381
1.20303	-3.29239
1.1663	-2.78199
0.923575	2.35613
0.886491	2.75656
1.30204	-3.53697
1.11878	-1.51602
0.944169	1.94572
1.16376	-2.39638
0.872283	2.92576
1.10353	-1.26611
1.01531	0.383801
0.868506	2.94743
0.74853	5.65147
1.12589	-2.06327
1.00988	0.290725
0.928494	1.79045
1.16599	-2.24258
1.22474	-3.32526
0.728887	5.57171
0.921152	1.78784
1.33927	-7.30262
0.902337	0.692041
1.32667	-6.84493
1.19464	-4.76518
0.989533	-0.777577
1.33772	-7.79404
1.01293	-0.882828
1.17735	-4.20495
1.24727	-5.13827
1.17363	-4.1216
0.81814	3.30105
1.25863	-5.33761
1.31124	-6.51704
1.34835	-7.23124
1.40509	-8.37578
1.33948	-6.45649
1.06387	0.906735
1.00511	0.180681
1.05285	-0.493364
1.13145	-2.09158
1.25246	-4.1584
0.898287	2.51307
1.14783	-2.75478
1.16531	-3.03476
0.885081	3.49948
0.937215	1.39554
0.993966	0.501199
1.01421	-0.115603
1.01823	-0.572156
1.32181	-6.03291
1.19419	-3.49926
0.803779	3.81244
1.03424	-2.19175
1.06839	-2.96622
0.628173	6.8716
0.939065	-0.0584176
0.834722	2.23705
0.895992	1.26652
1.0796	-2.41477
1.09442	-3.29993
1.15407	-3.47114
1.15263	-3.84935
1.22706	-5.68341
1.15698	-3.72984
1.38071	-8.90787
1.13637	-3.86154
1.26603	-6.02575
1.09289	-1.56116
1.50785	-9.50364
1.34801	-7.76515
1.2678	-6.23629
1.39167	-7.96119
1.39484	-8.50084
1.33661	-7.79869
1.08659	-2.39082
1.03104	-1.1487
1.10231	-2.64494
1.17357	-4.16834
1.3205	-7.07668
1.08959	-2.91526
1.1103	-3.36721
1.05504	-1.61154
0.990441	-0.995249
1.19136	-4.4478
1.03962	-1.0159
1.02663	-0.365557
0.925382	1.20063
0.917774	1.74059
1.02976	-0.61162
1.00676	0.138322
0.727925	6.42041
0.930093	2.20268
0.947933	1.52683
1.08139	-0.959785
1.22165	-3.78696
1.04866	-0.766826
1.08563	-1.09673
1.17811	-3.06235
1.01049	0.332689
0.832685	4.63976
1.26408	-5.65146
1.14912	-3.86903
1.18966	-4.25461
1.12359	-3.2536
1.28869	-5.95448
1.1645	-3.94765
0.701356	6.29764
1.15142	-3.54584
1.01736	-0.746724
1.15624	-3.42295
1.35004	-8.04811
1.18204	-3.95701
1.32206	-7.0263
1.157	-3.9332
1.19438	-5.23875
1.15928	-4.03989
0.957087	0.378723
1.24405	-4.76683
0.846209	2.92667
1.17994	-2.98003
1.27539	-4.82404
0.970236	1.3251
0.869074	3.49007
1.00899	-0.121273
1.13786	-2.05096
1.04012	-0.269484
1.07968	-0.719402
1.01719	0.408641
0.990717	0.92418
1.03346	-0.359314
1.1787	-3.06763
0.913605	3.13609
1.08058	-0.168255
1.35069	-5.84186
0.816477	4.57985
1.1208	-1.4938
1.08446	-0.964675
1.23768	-3.8615
1.18073	-2.99128
1.10319	-0.944634
1.09575	-1.27867
1.26751	-3.78331
0.901654	2.39555
1.13392	-2.57546
1.01894	-0.0304693
1.02311	-0.400304
1.294	-5.39343
0.95976	0.55523
1.13869	-3.1885
1.0028	-1.05767
1.26339	-5.95971
1.18528	-4.30756
1.35821	-7.29689
0.986405	-0.389396
1.17311	-4.06022
1.15838	-3.62441
1.04692	-1.46491
1.03576	-1.29545
1.24037	-4.98915
1.03875	-1.68329
1.20398	-5.20884
1.09703	-2.87427
1.07709	-1.8857
1.17972	0.15397
0.869725	2.73207
1.18346	-3.14904
0.841438	3.00464
0.984223	0.355285
0.958572	0.799603
0.898417	2.46848
1.20414	-3.56916
0.860545	3.31281
1.0053	0.142449
1.22422	-4.35915
1.11413	-1.78771
0.950963	1.11425
0.921254	1.72586
0.975604	0.218718
0.894267	2.60228
0.893932	1.77514
1.04917	-2.55853
1.09939	-3.13901
1.04624	-2.10869
0.903371	0.991285
0.966737	-0.35008
1.08903	-2.83301
0.900433	1.08078
1.0678	-2.13614
1.06504	-2.33253
1.29707	-7.07503
1.25918	-5.76336
0.905737	1.05059
1.26134	-5.82115
1.26997	-5.81647
1.0597	-1.97158
1.40411	-2.90516
1.4308	-5.53609
1.25842	-5.80933
1.05411	-2.43648
1.08611	-3.47187
1.12777	-3.87024
1.18853	-5.63966
1.04523	-2.33064
1.01758	-1.94308
1.09966	-3.32256
0.788043	2.83439
0.921962	0.00990699
1.06449	-3.28456
0.848881	1.44569
0.906877	0.324655
0.675566	5.33276
0.916538	-0.130698
1.12638	-2.05872
0.836885	2.45706
0.728231	4.38271
0.64896	6.49964
1.15617	-3.35308
1.11073	-3.11952
1.01069	-0.766956
0.874255	1.77154
0.796907	3.80381
0.893212	1.82146
0.661111	6.79511
0.966953	0.605214
1.05047	-1.32089
0.961017	0.534888
0.927574	1.01773
0.959128	0.338542
1.21934	-2.04223
1.16521	-3.93412
1.05256	-2.03405
1.28218	-6.38456
1.34866	-7.11882
0.950169	0.328413
1.24483	-5.84086
0.963069	-0.1679
1.27046	-5.46919
1.24961	-6.07179
1.34097	-7.6318
1.02084	-1.76126
1.22977	-6.09473
1.1056	-3.27083
1.23909	-5.70354
1.16396	-4.42364
0.945345	1.37044
0.903748	1.71452
0.868591	3.12088
1.01194	0.350869
1.02582	-0.164037
1.00744	-0.269542
0.96096	1.28377
1.05817	0.436758
0.890519	3.08233
0.867999	3.29951
1.02249	0.19039
1.01478	0.68128
0.858014	3.25539
0.819733	4.09221
1.20903	-2.86103
1.07716	-0.425703
1.02059	1.50297
0.768026	5.57209
1.08336	-1.02604
1.04952	-0.365602
0.685668	7.52118
0.951834	1.98365
1.01383	0.374266
0.844484	3.64887
0.938438	2.22678
0.776022	5.22684
0.816476	4.12681
1.21844	-3.40688
1.16063	-3.16097
1.09212	-1.47285
1.06526	-0.872596
0.948943	0.761046
1.29765	-6.31313
1.0434	-1.83991
0.935671	0.675427
0.844465	2.08167
0.973775	-0.149084
0.988842	-0.555195
0.956297	-0.137072
0.914151	1.14047
1.09479	-2.02801
1.07569	-2.36567
1.1489	-3.86849
1.22069	-4.66607
1.08395	-2.34348
1.02518	-0.988094
1.14052	-3.3534
1.25774	-5.83643
0.915248	2.20345
0.889751	2.14015
1.06758	-0.838073
1.04791	-0.539533
0.812683	4.13242
1.30177	-5.3193
1.10287	-2.22622
0.816728	4.42141
0.831053	3.94096
0.814459	3.5623
0.774869	5.01364
0.878416	2.41412
1.05388	-1.33466
0.796119	4.03428
0.881702	2.53294
0.947619	1.04834
1.12746	-3.44414
1.14818	-4.23046
1.32625	-7.3849
0.78487	3.20354
0.820102	2.63919
1.05028	-2.49769
1.07362	-2.62628
0.840034	2.47222
1.0393	-1.51007
1.04356	-1.85995
0.889686	1.49543
1.07932	-2.55725
1.00827	-1.25558
0.980743	-0.120623
1.24647	-5.54389
1.24092	-4.89166
1.01707	-1.54476
1.20292	-5.12094
1.02304	-2.05925
0.961865	-0.750129
0.888763	0.511374
1.04767	-2.55423
0.763041	3.00343
1.03508	-1.85987
0.946238	-0.652385
1.20822	-5.71006
1.14595	-4.87863
0.903437	0.171942
1.00664	-1.9381
1.05081	-2.38717
1.06322	-3.19647
1.07143	-2.3036
1.00835	-0.704922
0.897963	0.675016
1.01522	-1.4944
0.864468	1.67588
1.04137	-1.67401
1.23545	-5.46937
0.975424	-0.0793495
1.02436	-0.59066
1.07543	-1.7351
1.00991	-0.837359
1.15909	-3.59432
0.994323	-0.546574
1.09781	-2.4435
1.04139	-1.21812
1.26146	-5.44882
1.22769	-3.44992
1.3941	-8.69148
1.04552	-2.39986
1.18745	-4.31932
1.14019	-3.31486
0.965873	0.243565
1.01615	-0.689913
1.45845	-9.47446
1.13103	-2.67626
1.25929	-6.2298
1.21217	-4.92102
1.26032	-5.9554
1.0648	-2.69523
1.2172	-5.95067
1.12766	-3.8914
1.11554	-3.53244
1.16317	-4.36248
1.10355	-1.6195
0.842217	3.60204
1.02871	-0.469831
0.936281	1.51529
1.01636	-0.546293
0.90804	1.94187
0.888051	2.88164
0.962785	1.44415
1.06923	-0.863603
0.95081	1.88558
0.878214	2.80531
0.971103	1.48855
0.863727	3.76254
0.926468	2.33099
1.25597	-3.57651
0.984361	2.2041
1.215	-3.03119
1.19178	-2.79373
0.424535	34.231
0.461905	34.4052
0.960018	1.31023
1.05778	-0.385692
0.956235	1.49816
0.808711	5.1498
0.911927	2.5099
0.864324	2.98753
0.929069	1.45901
1.01549	-0.0843741
0.878351	2.80051
0.99185	0.341865
0.97608	1.29937
1.0317	-0.553139
1.01756	-1.25842
0.883633	1.40002
1.00384	-0.861955
1.08745	-3.03776
1.05043	-2.28167
1.18923	-4.56481
0.870563	1.8876
0.922849	1.56238
0.790835	4.12762
0.9604	0.568717
1.01356	-0.708195
1.02813	-1.2143
0.985682	-0.501011
1.2457	-5.39511
1.10916	-2.57673
1.13235	0.798132
0.957043	1.30474
1.13658	-2.79837
1.05071	-0.655615
0.954924	1.32871
0.886623	2.56408
1.09444	-1.89024
0.846955	3.60568
0.886319	3.00731
1.05941	-1.21846
0.883744	2.31145
0.880112	3.06243
1.08615	-2.10212
0.987061	0.88046
0.958112	1.10753
1.04745	-0.369203
0.900412	1.8001
0.948901	-0.299059
1.21821	-5.26333
0.993799	-0.785254
1.01577	-1.60698
0.856461	1.80051
0.813327	3.02472
0.839736	2.35637
0.939098	0.801662
0.800937	3.75837
1.10001	-3.19234
0.978072	-0.35206
1.06767	-2.11856
0.831406	2.77722
1.08295	-2.46673
1.16489	-3.80152
1.46678	-3.92161
1.17477	0.0398681
1.09908	-2.03822
0.788746	3.60725
0.898124	1.4488
1.17348	-4.09638
0.957929	0.206702
0.990937	-0.56324
1.13946	-3.2012
1.03191	-0.826621
1.08623	-2.61267
1.07914	-2.9963
1.16347	-4.42542
1.04746	-1.91829
1.08466	-1.92369
1.10022	-3.33988
1.18016	-4.36062
1.16688	-3.12296
1.11779	-2.05676
0.827818	3.71556
1.06447	-0.885773
0.894046	2.53918
1.12437	-1.79829
1.18666	-3.28821
0.820108	4.95942
0.948579	1.9606
1.04954	-0.848309
0.956508	1.21219
0.871722	3.19192
0.81979	4.0812
1.02599	0.165466
0.950085	1.08835
0.833072	3.96158
1.24731	-2.21613
1.04922	-1.55219
1.34329	-6.75059
0.988934	-0.129743
1.25671	-5.72061
1.1541	-3.80636
1.03981	-1.55759
1.01798	-0.989215
0.909577	1.70679
1.08783	-2.10997
1.07098	-2.0327
1.04592	-1.63897
1.09301	-2.527
1.13406	-3.43847
1.00411	-1.04154
1.23169	-4.98466
0.941905	1.21963
0.782601	4.53112
1.03203	-0.543176
0.884836	2.51066
0.88178	2.10109
0.916486	1.64155
1.06909	-0.908843
0.828218	3.74622
0.799457	4.48191
0.773813	4.62583
0.923813	1.46905
0.841586	3.84902
1.06357	-0.843021
0.871618	2.98959
0.952308	0.83923
0.990762	1.16996
0.895588	3.61504
1.0473	-0.605306
1.07654	-0.93216
1.16909	-3.40783
0.934374	2.13061
0.946608	1.74063
0.910636	2.1931
0.714204	6.53633
0.822066	4.41823
0.732738	5.88127
0.952358	1.54396
0.624365	7.95589
0.959533	0.67622
0.912333	2.21775
1.14783	-3.02475
0.706626	6.06715
1.18075	-4.18017
1.07721	-2.56168
0.627299	7.76818
1.2029	-4.82581
1.04093	-1.80789
0.820023	3.29183
0.911758	1.49476
0.925801	0.976569
1.04532	-1.01297
1.23252	-5.11859
0.918586	1.19546
1.29034	-6.30591
1.19876	-4.93326
1.02129	-0.740983
1.19502	-4.39625
1.11131	-3.78869
0.767609	6.09333
1.00809	-0.106295
1.10049	-2.03346
0.891986	2.63284
1.29771	-5.04082
0.767667	5.56508
1.0142	-0.254727
1.22273	-4.39158
0.743436	6.43807
1.02421	-0.558656
1.08878	-0.930341
1.00113	0.0374402
1.19333	-4.07018
1.17753	-3.64868
1.11452	-2.50845
1.00361	0.0937189
0.932583	-0.0608441
1.15617	-3.9644
1.04829	-1.95808
1.10544	-3.24985
0.990798	-0.966076
1.03771	-1.68536
0.874571	1.72835
1.18495	-4.95424
1.12326	-2.89645
0.867687	1.79094
1.12636	-2.5851
1.23181	-5.6335
1.19645	-4.88489
1.05345	-1.63347
1.26203	-5.52347
1.26056	-4.35297
1.32437	-6.09563
1.10744	-2.62158
0.759234	4.43371
1.11933	-3.45999
1.36221	-8.17608
1.16559	-4.26378
0.896839	1.26468
0.947686	0.387101
1.20543	-5.15621
1.28569	-6.40173
1.21221	-5.1858
1.18501	-4.18139
1.02655	-1.84163
1.15283	-4.18533
0.953507	-0.0844896
1.24157	-6.21084
1.07342	-1.07879
1.10097	-1.69093
0.943301	1.51644
0.97586	0.434266
1.14316	-2.73435
1.20405	-3.55116
1.13374	-2.60634
0.912467	2.68815
0.810928	4.32545
0.825896	4.09005
1.03921	-0.648703
1.02868	-0.167844
0.910274	1.89253
1.01951	-0.275449
1.16191	-2.73514
1.21772	-3.13145
1.32625	-6.8561
1.2215	-4.94021
1.08213	-2.07838
0.992934	-0.147978
1.39408	-8.25015
1.06801	-2.42546
1.14919	-4.30384
1.09329	-2.87686
0.964066	-0.00276527
1.01936	-1.02469
0.983154	-0.624963
0.975006	0.0491832
1.00165	-0.884867
1.05035	-2.07426
0.937182	0.341214
0.882973	1.65754
1.0072	-0.667507
0.709717	5.64444
1.01261	-0.477002
0.856963	2.56223
0.997495	0.0150044
0.853043	2.3579
0.977822	0.60314
0.843698	3.43717
1.00734	-0.509252
0.93253	1.57819
1.14156	-2.75642
0.894721	2.50449
1.05861	-1.66885
1.16183	-3.14035
1.00859	-0.411283
0.916914	2.83943
0.929397	2.5748
1.00533	0.742109
0.93557	1.89745
1.06242	-0.635164
1.04505	-0.948474
1.11599	-2.3694
1.03688	-0.233463
1.01548	0.146016
1.06573	-1.16288
1.09091	-1.74003
0.591593	8.89894
1.09364	-1.75005
1.01167	-0.59422
1.18196	-3.96168
0.604377	7.82628
1.16006	-3.4632
1.14778	-3.94939
1.16019	-4.53508
0.806586	3.06505
0.912956	0.71595
1.06497	-2.44399
0.959141	0.0361764
1.28301	-6.33265
0.896705	1.95339
0.909955	1.08448
0.395607	36.3706
0.486131	34.0476
1.05672	-1.7661
0.988148	-0.293163
1.2232	-4.90483
1.19202	-4.61046
1.35469	-4.59238
0.890545	2.79109
0.797401	4.46871
0.846501	2.53556
1.23912	-4.74428
0.970222	0.995911
1.05109	-1.23512
1.05984	-1.50984
0.979611	0.824169
0.927097	1.47558
0.928932	1.65074
0.790457	4.37341
0.606202	8.89005
0.884962	2.42939
0.782449	4.48533
0.97353	0.0587772
0.985583	0.191604
1.2033	-4.84076
0.957952	-0.113859
1.26178	-6.23491
1.11061	-2.86359
1.07188	-2.5207
0.983152	-0.763684
1.24357	-6.09875
0.899937	1.79483
0.710789	6.13229
0.90145	1.4447
1.01027	-0.974081
1.09512	-2.9255
1.21947	-4.97426
1.3448	-8.07036
1.17194	-4.4482
1.57151	-5.33862
1.13433	0.462143
1.18227	-4.52139
0.906467	1.17702
0.9064	1.09227
1.34833	-7.39618
1.20544	-5.01879
0.958421	0.371427
1.29467	-6.81857
1.04776	-1.5641
0.94854	0.205428
0.981513	-0.558912
0.980558	-0.324613
1.18507	-4.53563
1.13909	-4.41919
1.08987	-2.88634
1.04706	-2.05397
1.18696	-3.50616
1.13183	-2.79714
1.08667	-1.71301
1.01171	-0.223824
1.12511	-2.0702
1.19846	-3.3844
1.00298	0.415705
1.2422	-5.01259
1.20261	-3.49602
0.981285	0.867462
0.933684	1.7004
1.20612	-3.46915
1.25739	-4.74043
0.891491	2.50642
0.970174	1.09478
1.20782	-4.32468
1.2671	-0.464274
1.03393	-1.38875
1.02113	-1.56799
0.978345	-0.334458
0.85606	2.65482
1.1295	-3.56933
1.42119	-8.90947
1.3655	-7.82206
1.09786	-2.57547
1.12866	-3.73579
1.3614	-7.8189
1.22478	-5.22404
1.03208	-1.62478
1.07802	-3.16171
1.0213	-1.20984
1.19037	-4.45333
1.19848	-3.36784
1.04479	-0.959937
1.22421	-4.24228
0.858441	2.68351
0.824797	3.76718
0.80491	4.37252
0.77401	4.87146
0.998014	0.370496
1.04733	-0.463669
0.703988	6.58006
0.778944	5.0709
1.01522	0.0096633
0.758767	5.09686
0.971869	0.54539
0.896235	2.61096
0.775779	5.39864
0.750661	6.96772
1.02921	-0.0295333
0.942863	1.46442
1.04495	-0.299886
0.852684	3.72829
0.938283	1.30192
1.14408	-2.47417
0.962322	1.08451
0.945624	1.86308
0.991648	0.669047
0.640276	8.00985
0.661196	7.64545
0.757818	5.64024
0.977645	0.349231
0.968361	0.720916
0.73103	5.56503
1.09232	-2.33014
0.93702	0.373783
0.933314	1.27977
1.00411	-1.383
1.07932	-2.7831
1.07146	-2.19707
1.0147	-1.45957
0.795894	4.09163
1.03454	-1.26752
0.789697	4.32964
1.25569	-6.06476
1.14721	-3.80985
0.951142	0.399674
1.06178	-1.53608
1.16379	-3.82424
1.00893	-0.239133
0.782797	5.4612
1.01925	-0.598849
0.835095	3.73361
0.903786	2.09975
0.781307	5.00493
1.26215	-5.64206
1.04514	-0.981406
0.83885	3.75203
0.841737	4.46774
0.824353	4.00628
0.776026	4.90605
0.810529	3.58677
1.14342	-3.20573
0.883114	2.40804
0.995408	0.160668
1.16233	-3.30263
1.0652	-2.10053
1.23693	-5.52853
1.008	-0.604597
1.02869	-1.82741
1.0502	-1.76267
0.990037	-1.15538
1.005	-0.742566
0.86113	2.08126
0.70079	6.21078
1.12973	-3.49467
0.866646	1.96913
0.955493	0.570305
0.972377	0.0839204
0.856779	2.89957
1.10665	-2.83558
1.38451	-8.12548
1.21328	-4.96593
1.12266	-3.24999
1.28741	-6.39519
1.27145	-5.96114
1.19676	-4.66512
1.0986	-2.88783
1.06353	-2.13519
1.00057	-0.650741
1.01359	-0.902791
1.00424	-1.53744
1.27364	-6.83585
1.20773	-5.03955
1.20824	-5.39528
1.13795	-3.90474
0.640482	6.30688
1.22398	-5.24005
1.07837	-1.11887
1.23498	-4.48404
1.01176	-0.441595
0.95893	0.348649
1.12265	-2.29691
1.22231	-3.78941
1.01311	-0.246769
0.77081	5.51187
1.03315	-0.663596
1.21459	-3.59308
1.33844	-6.28478
0.882341	2.47755
1.0379	0.108727
1.02888	-0.508812
0.864599	2.33562
0.968354	1.20321
1.46276	-8.76293
1.22628	-5.25765
0.984818	-0.280161
1.19139	-4.28661
1.29555	-6.38759
1.17576	-4.11291
1.15081	-3.1358
0.982547	0.1258
1.12209	-3.66775
0.918867	0.743998
1.15295	-4.06565
1.25842	-5.31224
0.957297	-0.0382141
1.16234	-4.63183
1.13899	-4.04146
1.17469	-4.58472
0.944415	1.02891
1.17946	-3.5652
0.812041	3.75422
0.918228	1.47519
1.0915	-1.64235
0.958601	1.33821
1.09856	-1.79618
0.935246	2.12822
0.927204	2.4331
0.919952	2.1168
0.835032	4.03246
0.992594	1.108
0.982699	0.732318
0.930974	1.997
1.13116	-1.78695
0.780926	5.70228
1.22946	-4.54925
1.17082	-3.3688
0.90574	2.0775
1.12557	-2.28188
1.15291	-1.9946
0.830343	3.41445
0.84683	3.79929
0.998233	0.813161
1.02663	0.259985
1.3015	-5.34666
0.894123	1.95619
0.938438	0.815985
0.73073	6.0681
0.897215	2.61978
0.697099	6.78354
1.00225	-0.0815119
0.877939	2.15789
0.755568	4.89147
0.870682	2.24932
0.892436	1.66772
1.06869	-2.80578
0.980182	-0.335096
0.931009	0.882408
0.699518	6.58486
0.864802	2.60523
0.928957	0.549826
0.894831	1.91699
1.28993	-6.02027
1.05675	-1.68623
1.12568	-3.78963
0.986676	-0.149079
0.986972	3.24913
0.939938	1.3668
0.907926	2.53277
1.09946	-1.90207
0.778266	4.55761
0.93519	1.75452
0.901412	2.4161
1.03563	-0.798576
0.597005	9.0177
0.895818	2.78529
1.15332	-2.77574
0.925995	1.26571
0.769527	4.82085
0.973817	0.990865
1.05834	-1.17665
1.04936	-1.15003
1.07129	-1.51699
0.923316	0.689661
1.25171	-5.78187
1.09624	-2.2745
0.979056	-0.228887
0.861566	2.61663
1.19185	-5.31911
0.869344	2.30763
0.817417	4.22613
0.98718	-0.146984
0.942547	0.957652
1.02705	-0.816647
1.14065	-3.97325
1.00691	-0.183718
1.26212	-5.7324
1.17303	-3.59005
1.29887	-1.29234
1.63436	-6.44335
1.18869	-3.7547
1.19965	-3.61751
1.21469	-4.42046
1.20474	-3.82739
1.11707	-2.541
1.19363	-3.9665
1.16104	-2.99455
0.985474	0.312359
1.14077	-2.77593
1.08084	-1.98465
1.11616	-2.39776
1.27233	-5.65455
1.19853	-4.40693
1.326	-6.57852
1.40773	-8.1068
1.23729	-3.63364
1.19788	-3.38333
0.879721	2.83818
0.868845	3.21092
1.02036	0.450835
0.93799	2.02166
1.22248	-3.02054
1.13571	-2.10067
0.925758	2.66679
1.1053	-0.990964
0.942752	2.1386
1.18965	-2.24971
1.20888	-3.24558
1.01562	0.384434
1.39081	-6.24859
1.11146	-1.54693
1.26252	-1.6894
0.899151	2.1335
1.24159	-5.01539
1.05317	-1.32485
1.1081	-1.69973
1.06855	-1.78595
1.0846	-2.36607
1.19405	-3.52087
1.14298	-2.74153
1.15752	-3.20989
0.983704	0.442372
1.17552	-4.0831
1.17105	-3.98156
1.11664	-3.2652
1.20731	-4.45127
1.0036	-0.554131
0.999081	0.878315
1.15758	-2.24333
1.04483	-0.553311
0.882829	2.46902
0.948231	1.48708
0.81158	4.4863
1.08974	-0.61724
0.806365	4.78183
0.682297	7.85454
0.810885	4.70562
0.854682	3.65022
1.22229	-4.10332
0.985938	0.140967
1.03029	0.0766052
0.826068	4.36988
1.04175	0.400084
1.21468	-1.86641
1.0236	-0.303586
0.944164	1.89311
1.11914	-2.19626
0.976266	1.10244
1.10342	-2.3365
1.04746	-0.585236
0.994649	0.843544
0.570107	10.1189
0.887126	2.42209
0.868622	3.01611
1.0065	0.158556
0.821654	3.85621
0.903547	2.10126
0.92502	1.84317
1.00884	-0.754098
1.06098	-1.82131
1.00981	-0.550953
1.0802	-2.21146
0.837316	2.67601
0.865874	1.94785
1.13473	-3.13428
1.02378	-0.985947
0.949921	0.365439
1.20825	-3.92206
1.02515	-1.0181
1.05752	-1.58388
1.01312	-0.735769
1.13376	-2.92867
1.14485	-3.20209
1.08215	-2.22786
1.05542	-1.13985
0.633425	9.14936
1.06208	-1.19636
1.05055	-1.17101
0.875352	2.26518
0.889684	2.20401
0.915583	2.14515
0.982967	0.629738
1.24361	-5.24002
0.769592	5.69699
1.14045	-3.37528
1.18471	-3.66392
0.927808	1.11105
1.05821	-1.09002
0.710221	5.94664
1.132	-2.6545
0.914241	1.17853
1.23633	-5.6789
1.06844	-2.54296
1.04434	-1.84354
0.982394	-0.608407
0.915621	0.530545
1.13258	-3.09079
1.11372	-3.52887
0.972606	-0.722608
1.00664	-0.4219
0.968901	-0.30764
1.00256	-0.723513
1.34071	-7.09742
1.00904	-1.14311
0.892037	1.44391
1.08625	-2.80306
1.28892	-5.69744
1.45255	-8.68171
1.24404	-5.12842
1.24031	-4.84695
1.20226	-4.13122
1.35454	-6.93896
1.02801	-0.551186
1.30888	-6.38973
0.797952	4.78069
0.91095	1.82634
1.22855	-4.86813
1.07781	-1.85241
1.14374	-3.4966
1.16599	-4.15582
1.18774	-4.54428
1.08937	-2.33087
1.46449	-8.40291
1.15346	-2.65736
0.981904	0.357972
1.05681	-0.364413
1.13486	-2.20541
1.27134	-4.32215
1.09265	-1.52585
0.996495	0.5939
0.886355	3.4327
0.878839	3.34506
1.24969	-3.74412
0.815668	4.9008
1.22265	-3.08647
1.08378	-1.5207
1.06405	-0.972938
1.25025	-4.19715
1.12092	-0.764873
0.974016	0.58145
1.16079	-3.34121
1.3796	-7.16414
1.31942	-6.88761
1.18428	-3.90337
1.18332	-3.85585
1.17061	-3.57018
1.06654	-1.03884
1.12312	-2.14982
1.25242	-4.8024
1.23421	-5.02747
1.18395	-4.09621
1.32632	-6.75175
1.22523	-4.61771
1.11227	-2.6251
1.28594	-5.55599
0.958181	1.30536
0.779037	5.1698
1.1843	-3.23971
0.793621	4.68251
1.27546	-4.13009
0.830347	4.11359
0.952209	1.58027
0.928185	2.31757
0.981342	0.950385
1.17084	-2.6539
1.2327	-3.67149
0.95573	1.02959
1.26032	-3.9425
1.17846	-3.29411
1.13615	-1.34627
0.869277	4.81479
1.14809	-1.97564
0.93242	1.39928
0.947446	1.65978
0.711778	7.05407
0.854155	3.45606
0.8045	4.6722
0.941619	1.80109
0.818023	4.17045
0.959424	1.31164
0.798588	4.84149
1.04183	-0.637986
0.866934	3.11999
0.803106	4.5869
0.975213	1.06882
0.857336	2.69701
1.09853	-1.70739
1.01041	-1.24862
1.01691	-1.50758
0.932171	0.864997
0.931897	0.743949
1.01492	-0.883737
1.07244	-2.01868
0.901384	1.85144
0.695329	6.71116
0.880685	1.97238
0.918426	0.971546
1.05009	-1.82074
0.820085	3.49395
1.07402	-2.03697
1.13084	-3.74337
0.899948	1.88566
1.20571	-1.48108
0.936923	1.65137
0.998085	0.0965361
0.913584	1.71229
0.988414	0.0886736
0.97379	0.480382
1.07823	-1.65052
1.07982	-1.67287
0.800529	4.93234
0.994284	0.402864
0.885727	2.40841
1.01932	-0.729614
1.04444	-0.969821
0.990832	-0.120181
1.15606	-3.30422
1.1188	-1.75494
0.877755	2.5875
0.885232	0.982156
0.826721	2.46748
1.11561	-3.25518
1.22947	-5.8503
0.931032	0.710853
1.20154	-5.02438
1.18409	-4.66108
1.08113	-2.49908
0.996306	-1.15368
0.958748	0.317092
1.03935	-1.72775
1.27981	-7.32193
1.10593	-2.89008
1.21634	-5.14973
1.07222	-2.41961
1.48034	-5.40779
1.03529	2.46686
1.52102	-10.4133
1.09049	-2.70909
0.815799	3.26289
1.23661	-5.74085
1.1646	-4.66637
1.10729	-3.36219
1.15778	-3.81103
0.813727	4.10813
1.1048	-2.98232
1.03753	-2.108
1.0523	-2.57552
1.15015	-4.01357
1.01057	-1.4374
1.17882	-4.9605
1.19639	-5.35182
1.13445	-2.44576
1.14168	-3.30019
0.992118	-0.030276
1.19004	-3.74139
1.01152	-0.409325
1.16607	-3.27804
1.08282	-1.11478
0.994205	-0.0878383
0.699756	6.59513
0.872668	2.57025
1.00156	0.289868
0.736659	5.35411
0.883468	2.22237
1.15312	-2.51745
1.03138	-0.759775
1.03954	-0.399427
1.18307	-0.167489
1.3574	-7.4808
1.20079	-5.10504
1.00625	-1.05124
1.33359	-7.23907
1.18532	-4.0739
1.04205	-1.75921
1.15472	-3.34184
0.782978	4.42766
0.758432	4.71408
0.957898	0.950179
1.17771	-3.91459
0.990967	-0.396847
1.01268	-1.50401
1.04008	-2.19886
1.12866	-3.75152
1.04809	-1.01095
0.714182	5.89359
1.05189	-1.01371
0.902729	1.58926
0.817866	3.34511
0.959936	0.653475
0.897328	1.77521
0.915266	1.80468
0.905424	2.11221
0.848763	3.90513
0.749096	5.0156
0.905836	1.99914
0.930961	1.36362
0.91961	2.32811
1.12287	-2.25776
0.742047	6.0463
0.841825	5.55951
0.761025	6.30182
0.979352	2.00757
0.668809	7.77595
0.540856	10.3963
0.669592	8.09061
0.796193	5.3738
0.736285	6.51356
0.647018	8.79721
0.972695	0.938682
0.867153	3.4377
0.756945	5.66629
0.965077	1.25649
0.78458	5.09169
0.855618	3.22224
0.849483	3.80768
0.986379	0.607519
0.905708	2.35731
0.863846	3.02502
0.937857	1.16851
0.712333	6.17307
0.855008	3.04138
0.967713	0.469431
1.16174	-3.14814
0.903981	2.71828
0.748969	5.95336
0.879423	2.78056
0.964623	1.36981
1.08892	-1.5778
0.922809	2.00276
0.941882	1.52297
1.01778	0.215999
0.607053	10.3154
0.688186	7.30743
0.979969	1.46866
0.91323	2.90792
0.894131	3.30914
0.892173	3.51744
0.952167	2.08967
0.846902	4.12023
0.766501	6.5172
1.09446	-0.7661
0.874775	3.80611
0.915635	2.5404
0.754689	5.99425
0.816973	4.57705
0.766125	6.06544
1.03522	0.252506
0.780144	4.41212
0.796886	3.44278
0.903858	1.29186
0.687781	6.2409
0.673031	6.81917
0.77505	4.63689
0.805584	4.10312
0.812757	3.79358
0.682711	7.33337
0.837865	3.24549
0.864046	3.00527
0.772574	5.00535
0.937844	1.06265
1.10884	-2.32304
1.04609	-1.09542
1.18638	-3.2589
1.09758	-2.34745
1.11803	-3.26185
0.931104	0.517858
1.10735	-3.2302
1.0859	-2.67697
1.11009	-3.51001
1.07057	-2.56293
1.10389	-3.0533
1.19736	-4.59793
0.990342	-0.445053
1.0117	-1.56299
1.21685	-5.70601
1.29171	-6.17893
0.895167	0.960462
1.33312	-7.64963
1.25453	-5.93989
0.978844	0.379827
0.837715	2.58459
1.05929	-1.21224
0.638833	7.29038
0.940354	1.34461
0.975615	0.126079
1.05525	-0.728588
1.09442	-1.39387
0.8766	2.95128
1.022	-0.0918862
0.924179	1.64558
1.18867	-3.33665
1.07629	-1.31322
1.01532	-0.0659087
1.01227	-0.207119
0.857189	3.86087
1.09882	-2.39895
1.42453	-7.93156
1.16637	-4.54982
1.10551	-2.30307
0.93545	0.735511
1.19968	-4.83733
0.97634	0.263008
1.18066	-4.07394
0.97413	0.0972877
1.14523	-3.99288
1.09036	-2.3536
1.32082	-6.8899
1.07716	-2.40903
0.855423	2.05171
1.14076	-4.10758
0.982347	-0.43036
1.11425	-2.29147
0.922869	1.22313
1.05802	-1.05481
0.8709	2.83223
1.04913	-0.832084
1.21676	-3.74266
0.87098	2.65976
0.874139	2.91407
0.949342	1.22454
0.881891	2.66216
0.956924	1.29128
0.966778	0.890577
0.879333	2.79197
1.07171	-1.38112
1.28134	-5.19871
1.04845	-0.0088127
0.770146	6.2009
0.868084	3.33515
0.590794	9.92796
0.598981	9.50529
0.501277	12.5686
0.74017	6.20682
0.846253	3.74254
0.668553	8.35755
0.866284	3.70794
0.909052	3.26902
0.867376	2.94066
0.732081	5.959
0.896929	2.75261
0.902151	2.44505
0.700097	6.9355
0.732063	6.14517
0.946756	1.97081
0.940338	1.55322
0.792684	4.4721
0.863629	3.20872
0.717169	6.19689
0.556869	9.61041
0.783273	5.03147
0.619612	9.2117
0.760077	5.59959
1.02552	-0.578579
0.822456	4.01882
0.974135	1.20709
0.894953	2.20548
0.918072	2.40677
0.942122	1.97389
0.819672	7.00851
0.86659	3.83814
0.770179	5.95186
0.891724	3.56695
1.13565	-1.72844
0.768588	7.00637
0.755178	6.68055
0.672003	8.79502
0.663133	9.12149
0.80573	5.75034
0.943537	2.19982
0.905969	2.61243
0.943373	1.75429
0.847784	4.35479
0.805304	5.38205
0.835346	4.2213
0.951618	1.38198
0.710189	5.90254
0.734942	5.49859
0.890443	2.26086
0.786511	3.99703
1.01157	-0.953956
0.745167	5.58401
0.743748	5.35757
0.955181	1.4108
0.905433	1.77906
1.15922	-3.92773
0.549359	10.3944
1.00473	-0.08267
0.768102	4.97287
0.95812	0.490281
0.893761	2.14621
0.956813	4.94207
1.2015	-0.390712
1.05803	-1.28638
0.790679	3.99737
0.880822	1.77999
1.13024	-3.41199
1.16066	-4.59854
0.916087	0.876011
1.03717	-1.41017
1.02607	-0.909148
0.896289	1.68562
0.94877	0.509452
0.862862	2.04704
0.619602	7.46768
0.907794	0.91949
0.87024	1.53915
0.708282	5.58653
0.7438	4.96888
0.913845	1.8096
0.870014	2.66436
1.00017	0.0139491
0.693007	6.34086
0.929564	2.24726
0.967274	0.621038
1.08281	-0.89442
0.686482	7.35065
0.849258	3.25949
0.841626	3.29812
0.807776	4.11092
1.10878	-2.3771
1.00825	0.392161
0.957123	1.05063
0.811722	4.02309
1.16421	0.06736
1.20544	-4.6404
1.00579	-0.0154772
0.975609	0.48252
1.04128	-1.03184
0.96437	0.503598
0.894302	1.80515
0.928635	1.218
1.02652	-1.14983
0.953632	0.593508
0.94622	0.655984
0.855913	2.17258
0.970004	0.114563
0.925785	0.742049
0.809446	3.30254
0.886935	1.35351
0.937539	1.32774
0.993796	0.179558
0.754854	5.45277
0.718626	6.11944
0.917317	1.93571
0.738135	5.7129
0.822869	4.18522
0.725268	6.57746
1.06494	-0.874457
1.09783	-1.30001
0.689968	7.45006
0.967681	1.3154
0.870179	3.43681
0.57981	9.48654
1.07775	-0.54283
0.87955	3.08921
1.14901	-1.43995
1.3217	-5.07685
0.84816	3.91549
1.26183	-4.2576
0.830434	3.79565
0.973397	1.08907
1.1797	-2.5668
0.858133	3.72033
0.824857	4.71197
0.978924	1.13143
1.1858	-3.40327
1.06104	-0.586954
0.926324	1.92448
1.15104	-2.7638
1.02823	-0.657217
1.23818	-4.03405
1.11999	-3.76321
1.04935	-2.10076
1.25922	-6.45197
1.22088	-5.36535
1.21717	-5.12237
0.945207	0.752286
0.81785	2.99148
1.14402	-3.37983
1.05598	-1.14
1.07597	-2.51014
0.96281	0.00946553
1.12549	-3.08147
0.819581	3.12188
1.05322	-1.33891
1.09567	-2.58114
0.995501	-0.366109
1.10284	-1.27791
1.04961	-0.655042
0.941477	1.53801
0.990744	0.26268
0.993259	0.380812
0.929917	1.91143
0.817361	4.08585
0.864721	3.35327
1.06265	-0.269938
0.95933	0.861221
0.995604	0.177042
0.0326924	25.395
0.770746	4.80661
0.70256	6.2313
0.933213	0.826375
1.17561	-3.43574
0.858264	1.84039
1.08324	-2.38888
0.944623	0.116319
1.10556	-3.07453
1.12864	-3.58882
0.976318	-0.269224
1.08672	-2.37188
0.929457	0.574756
0.860656	3.00834
0.972798	0.365476
1.01632	-0.941149
1.04538	-1.78114
1.0306	-1.14218
1.03758	-1.72057
0.969029	0.229221
1.34561	-6.09079
-0.105549	33.1084
0.995573	-0.26442
1.0534	-1.7771
1.16795	-4.06024
1.12736	-3.50235
0.688005	5.34568
0.810088	2.81553
0.768518	4.51562
1.05808	-2.00483
1.11743	-3.59705
0.821608	2.84286
1.27691	-6.62897
1.00494	-1.50159
0.981801	-0.529251
1.02872	-2.15817
1.11602	-3.69428
1.01956	-0.540472
0.986445	-0.0436659
1.07269	-0.990257
0.895947	2.13981
1.14768	-3.22381
0.921938	2.39721
0.850701	2.99622
0.909428	2.0761
0.948398	0.913761
0.702097	6.30125
0.794271	4.28814
1.08445	-1.54594
0.869953	2.50563
0.744405	5.4062
0.857892	2.51523
0.625954	8.4024
1.30842	-5.97317
0.972654	-0.323536
1.01837	-0.390554
0.998843	-0.245891
1.0774	-2.35133
1.02259	-1.01723
1.03417	-1.18937
1.20114	-4.69676
0.851494	2.62107
0.828953	3.19051
1.0884	-2.72131
1.05149	-2.16494
1.06514	-2.54513
1.11193	-3.10107
1.02304	-1.59115
1.17781	-4.02185
0.867223	2.57443
0.880823	2.24488
0.984223	0.922852
0.751859	5.18751
0.981308	0.591514
0.873246	2.58207
0.954959	1.46691
0.731598	6.41595
0.942478	1.90454
1.01217	0.601046
0.908752	2.28006
1.17613	-2.52585
1.15646	-1.98916
0.871206	3.46523
1.20629	-2.92934
0.725887	7.79222
1.01243	0.450909
1.0477	-0.28061
0.922854	2.45299
1.0027	0.654166
0.872022	3.09149
1.1651	-2.81973
0.937801	1.38054
0.976826	1.17188
0.719295	6.58511
0.932885	1.89747
0.894659	2.86872
0.908939	2.35896
1.12696	-2.8241
0.727834	5.50081
1.17426	-3.27404
0.9406	1.16769
1.1248	-3.28053
1.0466	-2.01773
1.23647	-5.8234
1.21035	-4.98234
1.1654	-3.8379
0.987592	-0.465093
1.20361	-4.75066
0.851924	3.48332
1.19355	-4.02322
0.943491	0.614309
1.28063	-6.65371
0.92406	1.11164
0.98825	-0.974763
1.16052	-3.9655
1.12192	-2.74114
1.11771	0.497487
0.877043	3.37484
1.08734	-1.87976
0.932804	1.69755
0.942351	1.30618
0.820095	4.82917
0.99576	-0.0120957
0.583044	9.22837
0.943699	1.70973
0.985884	0.770777
0.95562	0.973246
1.04349	-0.240161
0.763926	4.97754
1.02804	-0.955676
0.728182	5.70722
1.04642	-0.793354
0.948438	0.972529
0.950392	0.259525
0.799561	3.44079
1.23435	-5.50202
0.953707	0.113103
0.987677	-1.05488
1.10177	-3.15861
1.11501	-2.94809
0.891841	1.86828
1.28075	-6.12683
1.02809	-0.79895
1.35931	-7.94026
1.33909	-7.3452
1.04252	-1.6047
1.16644	-4.27683
1.32474	-6.82935
1.10419	1.68972
1.41804	-4.11731
0.920996	0.698986
1.00947	-1.45332
0.91824	0.821668
0.77032	4.16144
0.884338	1.99463
0.981393	-0.771203
1.14859	-3.85449
1.14008	-4.2322
1.16359	-4.86517
1.30269	-7.36336
1.15904	-4.68798
1.09238	-3.69187
1.11205	-3.61131
0.926095	-0.0263446
1.47606	-9.54107
0.943627	1.06361
1.00457	-0.27057
0.978812	0.50476
1.12349	-2.69987
1.12199	-2.84372
1.04355	-0.972881
0.994719	-0.644586
0.812723	4.6164
0.779557	4.74683
0.962529	0.612016
0.87958	2.3224
0.919625	1.68851
0.859172	3.1003
1.00917	-0.577385
0.970159	0.299548
0.988333	0.0446104
1.01314	1.52583
0.89663	1.35996
0.826181	2.54453
0.655796	6.57143
0.889107	1.554
0.740842	5.08594
0.845487	2.81001
0.965687	-0.21016
0.873296	2.08482
0.77997	3.94116
0.93951	0.789432
0.9156	0.601449
0.852093	1.9454
1.04324	-1.83203
0.70179	5.26365
0.855673	2.19017
0.721121	5.3843
1.19569	-4.19132
0.7504	4.62158
0.88056	1.92396
0.795906	4.17133
0.824559	3.19644
0.898265	2.16339
0.917193	2.07417
0.840235	3.6922
0.882084	3.4
0.771505	4.69903
0.805101	4.54413
0.933005	1.50742
0.830082	3.97722
0.835608	3.53605
0.900168	2.2609
0.823578	4.70698
0.824421	4.22768
0.999823	0.52346
0.690886	7.18905
1.01261	-0.359258
0.97392	1.26743
0.779374	4.65605
1.07517	-1.30427
0.862954	3.52565
0.889628	2.01969
0.7616	5.19221
0.750652	5.16505
0.967796	0.912313
0.778397	4.37204
1.03271	-1.1289
0.98682	-0.218038
1.12887	-3.42901
1.10148	-2.87909
0.884156	1.43202
1.16099	-4.3285
0.945156	-0.00194446
0.976761	-0.389665
1.09196	-2.72634
0.934085	0.400533
0.703515	6.68941
1.06295	-2.50019
1.0303	-1.30435
0.697455	5.72905
1.03117	-1.34327
0.851937	2.02979
0.856288	1.83765
1.12329	-3.04563
0.787011	5.30629
1.23743	-4.26776
0.792494	4.68699
1.15102	-3.56565
0.860547	2.88636
0.86811	2.49025
1.199	-4.00173
0.533883	10.8521
0.669724	7.3717
1.11606	-2.31017
0.922289	1.58056
0.986491	0.194216
1.08256	-1.72792
0.800137	3.91085
0.811685	3.68254
1.12149	-1.97304
0.985906	-0.684072
1.16379	-4.39808
0.977094	-0.555534
1.13821	-4.16664
0.971975	-1.02923
0.946325	-0.16582
0.90926	1.22501
0.824561	2.76475
0.909508	1.38898
1.04007	-1.80358
1.20404	-4.62882
1.07207	-2.1472
1.20074	-4.39597
1.27143	-5.81083
1.36516	-7.88976
1.42125	-7.70094
1.19636	-4.59224
1.13206	-3.25474
0.947011	-0.288626
1.14836	-4.18296
1.34055	-7.65928
1.09048	-3.24455
1.07966	-2.52768
1.09897	-3.02133
1.17757	-5.17019
0.896485	0.808839
0.915042	0.522153
0.90864	0.944709
0.981729	-1.32085
1.06555	-2.74404
1.10968	-3.30588
1.27897	-6.8815
1.02712	-0.709646
0.745798	4.90129
0.8831	1.92676
0.8998	1.73857
1.16838	-3.19708
0.718826	5.62544
1.1392	-2.63879
0.915396	1.77206
1.0153	-0.308445
0.994937	0.121726
1.02177	-0.868694
0.711591	5.96365
1.07784	-2.09097
1.14352	-2.99235
0.987287	-0.255515
0.888059	2.43472
1.12676	-3.34355
0.957298	-0.482513
0.930733	0.505019
0.74861	4.67409
1.08159	-2.42375
0.94299	0.397955
0.80343	3.61469
0.924464	1.34454
0.972555	-0.183088
0.89435	1.30972
0.9966	-0.790013
0.97192	-0.911269
0.731762	4.58895
0.960635	-0.548803
1.07407	-2.61176
0.968377	-0.655522
1.04004	-1.15821
1.02304	-0.481343
1.07372	-1.55679
0.970951	0.202364
0.884252	2.54152
0.886724	2.39453
0.70406	6.40021
0.831598	3.31447
0.959618	0.883811
0.74698	5.82969
1.04542	-0.299714
0.982871	0.380198
0.87729	3.12877
0.961178	1.23221
0.883451	2.72188
0.808995	4.78548
0.836437	4.39568
0.946619	1.16351
0.886941	3.01703
0.699224	6.49163
0.77231	4.87022
0.612966	8.43471
0.656114	7.69296
0.815366	4.3764
0.913747	1.48739
1.06316	-1.06005
0.921092	1.19072
1.01989	-0.525795
0.952482	1.33815
0.815988	3.12626
0.855068	2.7182
1.00232	0.0669393
1.25797	-6.25446
1.1314	-3.9913
1.07311	-2.60855
0.906749	0.880826
1.12351	-3.11026
0.727541	4.77744
0.735437	5.32353
1.04304	-0.95718
0.961078	0.255751
0.817221	3.18601
0.967491	0.100267
1.11273	-3.26259
0.690609	6.38654
1.11051	-2.93089
0.766038	4.45708
0.92183	3.93485
0.963338	1.36689
1.04769	-0.760744
1.12392	-2.03439
1.06847	-1.01682
0.930226	1.82662
0.999071	0.0247685
0.858274	3.03126
1.12826	-1.51524
0.920811	1.74374
1.01323	-0.34511
0.948817	1.0242
0.787656	4.16702
0.881443	2.81492
1.02533	-1.02174
0.892273	2.22172
1.19929	-3.80583
0.794272	3.44059
0.992756	-1.0307
1.15908	-4.34746
1.03263	-2.12642
0.798241	3.70155
1.05127	-1.77564
0.945961	0.776332
0.803512	3.77396
1.13117	-3.32136
1.03063	-1.17474
1.25658	-5.71161
1.16405	-3.93287
1.12702	-3.03025
1.24314	-5.32908
1.10438	-2.43706
1.25722	-0.547499
1.29266	-2.3026
1.0863	-2.71201
1.11216	-3.82967
1.15553	-4.07105
1.04643	-2.34405
1.12011	-3.44695
1.17177	-5.36355
1.01009	-1.50379
0.863026	2.03623
0.949793	-0.362182
1.01252	-1.89426
1.3165	-7.04514
0.86774	1.14848
1.12483	-4.01599
0.847738	1.87302
1.0529	-1.98296
1.19194	-4.19142
0.831215	3.0997
0.757944	4.20285
1.13424	-3.33326
0.91383	1.46929
1.3049	-5.56777
1.13362	-2.81006
1.05609	-1.72223
1.18652	-3.90223
1.18836	-3.66129
0.884492	2.14924
1.24623	-4.79578
1.15436	-3.14078
0.989858	0.178846
1.17537	-3.42883
1.24658	-4.39145
1.1928	-0.374042
1.41171	-8.41292
1.01591	-1.2824
0.966658	-0.499093
1.11718	-2.87748
0.875253	2.12132
1.16741	-4.03633
1.12839	-2.80351
1.0344	-1.23019
1.28043	-5.91394
1.03271	-1.27576
1.12956	-3.649
1.19572	-4.55216
0.833291	2.72629
1.09252	-2.81484
1.08634	-2.28028
1.28636	-5.22081
1.0834	-1.68254
1.02849	-0.525147
0.977755	0.339515
1.01732	-0.906931
1.21371	-4.17775
0.90064	2.4194
0.896568	3.09161
0.969983	0.778173
1.02917	-0.19557
0.991767	0.591921
0.901939	2.48304
1.07227	-0.370275
1.0778	-0.85072
0.955166	1.21592
0.802284	4.19386
1.13368	-1.30433
1.19146	-2.94301
0.976824	1.63601
1.24192	-4.23985
1.14345	-2.07576
1.07721	-0.809082
0.792348	4.5377
0.706038	6.68118
1.04053	0.872777
1.23813	-3.81386
0.947403	1.44761
0.887152	2.57974
0.86165	2.93608
1.13776	-1.98245
1.15566	-2.7492
1.18737	-3.25283
1.24634	-5.42012
1.26892	-6.30054
1.27886	-5.7919
1.08898	-3.00957
1.06895	-2.62579
1.10742	-3.06801
0.975798	-0.514047
1.32379	-6.70996
1.18424	-4.2391
1.1213	-3.43002
1.04281	-2.31251
1.09476	-2.94186
1.07055	-2.16456
1.30839	-6.81833
1.31484	-7.01469
1.31503	-7.29792
1.21055	-2.76526
1.28769	-4.69875
0.893204	3.17018
1.12245	-1.20186
0.979909	1.10009
1.09481	-0.891414
0.973296	1.11532
1.03539	-0.0129796
0.795348	4.61806
1.04139	-0.420501
1.0357	-0.199123
1.02605	-0.0993729
1.02523	-0.468191
1.09715	-1.72543
1.09884	-1.46667
0.803013	3.65059
1.06662	-2.32168
0.780176	3.54905
1.02691	-2.34699
0.815458	2.4071
1.26416	-5.67138
1.08655	-2.65609
1.0965	-2.76381
1.2678	-6.33449
1.11547	-2.93224
0.982653	-0.48464
1.12718	-3.87831
1.33797	-7.36405
0.963702	-0.0287184
1.08921	-3.15898
1.30831	-7.10989
1.35567	-7.13001
1.55135	-10.605
1.38751	-8.50188
0.982014	-0.86774
1.19198	-5.39265
1.04674	-2.49819
0.97943	-0.831477
0.944656	-0.28288
0.96799	0.275067
1.2877	-7.02948
1.11103	-4.25802
1.22175	-6.62444
1.0743	-3.55517
1.19063	-6.05563
0.996645	-1.73323
1.08881	-2.77266
1.26402	-7.08407
0.926172	1.38938
1.08897	-2.00998
0.944456	0.902012
1.19909	-4.15104
1.15357	-3.36794
0.847502	2.86169
1.05403	-1.42563
1.10331	-2.4986
1.11538	-2.36045
0.951148	0.65695
1.13861	-3.00559
1.12457	-2.52646
1.21647	-4.33576
0.988663	0.250766
1.11938	-2.33525
1.05773	-0.541798
1.0998	-2.33641
1.21384	-5.33146
1.04906	-1.842
1.13337	-3.27544
1.11475	-2.88906
1.05523	-1.90142
1.00681	-0.399518
1.2579	-6.12156
1.20011	-4.72589
1.40016	-9.26387
1.29904	-7.01782
1.05744	-2.06201
1.29509	-6.82043
1.08455	-2.71673
1.02155	-1.60074
1.0206	-1.10853
0.937082	1.34246
1.05616	-1.16344
1.05759	-1.25859
0.965465	1.03025
1.14665	-3.09002
0.964564	1.68248
1.17483	-2.91364
0.929359	2.14393
1.04561	-0.863471
0.924655	2.81582
0.843387	3.68483
1.1735	-2.9227
0.990106	0.154282
1.07019	-1.24196
1.1146	-2.01841
0.903927	3.16506
1.16119	-2.45261
1.03906	-0.283237
0.85455	3.50232
0.996549	0.610733
0.977574	0.963721
1.00461	0.645346
1.07388	-0.717614
0.993238	0.780863
0.902457	2.32203
1.13781	-1.67342
1.01964	0.392133
1.18748	-3.35629
1.12863	-2.4458
0.877378	2.62243
1.02573	0.327428
1.23666	-4.55829
1.26364	-6.47739
1.30479	-7.17038
1.03573	-1.72687
1.16186	-3.91593
1.29966	-7.0894
1.33038	-7.31564
1.21578	-4.96193
1.26178	-5.8727
1.22834	-5.93135
1.37494	-8.54338
1.19835	-4.66327
1.34252	-7.05571
1.03038	-1.98663
1.1283	-3.4262
1.19904	-4.24904
1.31007	-3.0372
0.920154	2.08887
0.904124	2.22359
0.935004	1.96177
0.892938	2.56039
0.773794	5.47416
1.13895	-2.50615
0.852307	3.20883
0.931246	2.17228
1.09943	-1.54855
0.809564	4.56269
0.839599	3.62951
1.01796	-0.338593
0.710794	6.16313
0.949141	1.72583
1.01827	-0.521297
1.05792	-1.29456
0.842155	2.20023
1.01269	-1.30779
0.981088	-0.843193
0.946323	-0.465848
1.15228	-4.2698
1.15222	-4.10541
1.13596	-3.71613
0.790465	3.98326
1.07331	-2.64357
0.864383	2.04833
1.13101	-3.51983
1.45863	-9.22609
1.07393	-2.33308
1.15738	-4.47636
1.27421	-6.53483
1.4771	-5.04489
1.29055	-1.98675
1.16199	-3.6767
1.10857	-3.42953
1.07914	-2.0642
1.02775	-1.60465
1.08721	-2.38694
0.922889	0.452111
0.995008	-0.549839
0.882084	1.90133
1.1713	-3.61492
0.824296	2.94363
1.15053	-4.4758
1.17703	-4.68373
0.947063	-0.318123
0.731171	4.22494
1.06375	-2.63609
1.13873	-2.16201
0.782359	4.85037
0.700101	5.95365
1.01095	-0.194438
0.910829	1.74688
0.782121	4.44328
0.983004	0.590152
1.11856	-1.81218
1.01072	0.861809
0.930381	1.86674
0.961894	1.27088
0.957736	1.30043
1.03693	0.160396
0.852525	3.27864
1.06542	-1.05313
0.866707	2.51737
1.03962	2.13936
1.29168	-6.85966
0.996001	-0.616048
1.06308	-2.20884
1.07976	-2.79032
1.04821	-1.71283
1.12492	-2.96275
1.23461	-5.49939
0.895765	1.79453
0.781654	3.89354
1.06043	-2.07554
1.35548	-7.98796
0.953903	0.188832
1.1665	-4.38413
1.20737	-5.26476
1.07928	-2.63353
0.956104	0.60985
1.0884	-2.20693
1.1006	-1.89883
0.813085	4.20904
0.93626	1.39985
0.787251	4.27525
0.966765	1.20597
1.15592	-2.23982
0.872682	2.76869
1.13113	-2.16983
0.786202	4.92006
0.928431	2.16577
0.968482	1.03276
1.10835	-1.55373
1.03547	-0.420796
1.03573	-0.481289
0.757343	6.38462
1.06272	-0.467621
0.912421	2.58026
1.2312	-3.75659
0.946255	2.31103
1.11855	-1.32119
1.00295	0.926809
1.21716	-3.53677
0.934025	2.11957
1.02834	0.236333
1.09462	-1.09041
1.10229	-1.43953
1.25802	-4.04991
1.12121	-1.71354
1.12076	-1.39793
1.14884	-2.07961
1.12777	-2.26093
1.08932	-2.33275
0.983419	-0.187845
1.18668	-4.20324
1.06294	-1.442
1.40299	-7.73445
1.08032	-1.82513
1.27814	-5.29782
1.1841	-3.23647
0.796495	4.39355
1.31273	-6.06569
1.32693	-6.82447
1.26779	-5.99668
1.05534	-1.10351
1.26878	-5.59276
1.59403	-10.6069
0.936402	3.01179
1.23606	-3.58201
0.990557	1.10879
0.901735	3.38577
0.893071	3.32405
0.860623	4.30837
0.778907	6.68368
0.978542	1.6547
0.746588	6.55413
0.91707	3.0496
0.750239	6.5846
0.865359	4.15555
0.715665	6.74161
0.997713	0.978585
0.975919	1.44755
0.884517	3.03357
0.967424	0.650616
1.0867	-1.34066
0.849908	2.7302
1.10759	-2.277
0.971133	0.102325
1.02549	-0.950657
1.08883	-1.84299
0.8856	2.53014
0.963082	1.06151
1.1804	-3.45907
1.03654	-0.769727
1.23737	-4.76379
1.13256	-2.57629
1.06011	-1.13564
1.10343	-2.15677
1.38947	-6.55092
1.10857	-2.55218
1.18908	-4.88802
1.14538	-3.22993
1.23932	-5.35472
1.02251	-1.30244
1.05284	-2.01648
0.815807	3.40944
1.02277	-1.22091
1.22594	-5.29193
1.13551	-3.44677
1.16192	-4.04565
1.00845	-0.879747
0.996065	-0.907416
0.743922	4.40068
0.836802	2.10179
0.991799	-1.11698
0.906478	2.06236
0.710803	5.81008
0.871537	2.71922
0.918711	1.98
1.04652	-0.101191
0.976336	1.42031
1.09008	-1.00968
0.895902	2.89759
1.04093	0.0345965
0.906484	2.69433
0.735201	6.05102
0.91563	1.98939
1.15811	-2.22238
0.820718	4.3398
1.10187	-1.84244
0.938092	1.96315
0.988724	-1.10176
1.19719	-5.71787
1.01656	-0.993137
1.03087	-1.23827
1.1107	-3.28918
1.00719	-1.06245
1.2285	-5.52579
1.01166	-0.927131
0.906631	1.01248
1.054	-1.80801
1.20986	-5.8879
1.16222	-4.48573
1.09281	-2.55059
0.869889	1.27033
1.10905	-3.64626
1.07101	-2.4048
1.0226	-0.372064
1.14673	-2.50339
0.925702	1.23874
0.892076	2.52016
0.98431	0.502258
0.865689	3.39818
1.00654	0.408615
0.961463	1.35408
0.908616	2.45812
0.724962	5.69992
0.961512	0.725183
0.996253	0.517758
1.17417	-2.72711
1.14034	-2.52755
0.820195	4.17657
0.996719	1.25846
0.92635	2.37889
1.08802	-0.649404
1.01956	0.583959
0.99212	0.886373
1.14375	-1.77486
0.781366	5.58078
1.06567	-0.163462
1.09264	-0.675552
1.03541	0.344532
1.12041	-1.22798
0.983369	1.29675
1.01791	0.621432
1.08574	-0.569718
1.02576	0.522333
1.0301	0.293437
1.04254	-0.149415
1.22936	-4.62368
1.18559	-4.01641
1.1285	-2.56081
1.0931	-2.09129
1.10622	-2.41746
1.10602	-2.52184
1.12309	-2.91421
0.895852	2.12184
0.782737	4.74838
0.99324	-0.154139
1.16442	-3.34327
1.09007	-2.23623
1.13124	-3.04965
1.14312	-2.9494
1.15872	-3.5917
1.19594	-0.297544
1.17945	-2.08632
0.784718	5.28143
0.865266	4.46327
0.63663	8.90094
1.14104	-1.08653
0.94738	2.50612
1.07102	0.106459
0.737379	6.91907
0.700343	7.86731
0.942463	2.71977
0.757374	6.29502
0.695253	7.59715
0.964561	1.89071
1.0187	0.501917
0.71583	7.15833
0.70584	6.66317
0.908585	1.66921
1.20816	-4.11135
1.20262	-4.06137
0.994287	0.0677326
1.16401	-3.29612
0.999857	0.416302
0.977648	0.630957
1.16673	-3.56087
0.939165	1.81272
1.0384	-0.388848
0.999708	0.709005
1.24638	-4.43496
0.969616	1.07248
1.11236	-1.57131
0.911809	1.85676
1.24942	0.156995
1.35301	-1.75654
1.42197	-8.08966
0.91846	0.863926
1.17695	-3.52263
1.00294	-0.719538
1.00088	-0.721184
1.23806	-5.33774
1.1603	-3.95751
1.00421	-0.391673
1.05358	-1.85801
0.700561	6.26187
1.17369	-4.46711
1.10358	-3.19733
0.867282	1.7612
1.1441	-3.77043
1.16445	-4.32276
0.958562	1.07951
0.984913	0.269301
0.735836	5.46002
1.06803	-1.10411
1.11633	-1.79047
1.11938	-1.97994
1.05196	-0.622982
1.02623	-0.337218
1.08347	-1.0531
1.06555	-1.19728
1.05338	-0.192017
0.634562	8.47876
0.929202	1.90474
1.01311	-0.000220464
1.13886	-2.39037
0.904808	2.21763
1.27139	-1.72338
0.992203	-0.369642
1.07701	-1.89895
0.908835	1.23086
1.12701	-3.02392
1.02641	-0.999567
1.1056	-2.66716
1.16248	-3.33945
1.103	-2.4516
0.985505	0.00598126
1.10548	-3.091
1.12529	-3.2603
1.40344	-8.18777
1.17719	-3.94544
1.11432	-3.06137
1.23453	-5.50685
0.822455	2.93588
0.985888	0.232956
1.01503	-0.230523
0.723174	6.50314
1.10359	-1.68007
1.05083	-0.711591
0.763032	5.65029
1.01583	0.273486
1.06398	-0.260185
0.987395	0.332506
0.972159	1.43721
0.94594	1.69414
0.881516	2.76602
0.993654	0.810593
1.02886	-0.211649
1.09226	-1.29881
1.11104	-0.263885
1.16984	-1.80534
1.00165	0.449524
1.24521	-3.35247
1.09716	-0.924597
1.04062	-0.493625
1.15	-1.93514
1.0869	-0.871913
0.93298	1.90288
1.04264	-0.508185
1.22788	-3.78104
1.25038	-3.58674
1.06385	-0.933538
0.916898	1.72216
0.954608	1.64676
1.10625	-1.43929
1.37684	-8.24963
1.24807	-5.81185
0.0901861	21.6516
1.31149	-6.13746
1.23763	-5.54689
1.09803	-2.8507
1.1232	-2.96492
1.19056	-4.56503
1.15178	-3.59993
1.39974	-8.03977
0.130589	20.1222
1.18922	-5.023
1.14458	-3.66602
1.14944	-3.55867
1.32971	-7.49478
1.33091	-6.82757
1.08771	-0.827488
0.915889	2.09992
0.850452	3.91219
1.13788	-2.2894
1.05322	-0.584667
1.06127	-0.494246
0.867869	3.32528
0.973446	1.63895
0.792154	5.36988
0.950961	1.49836
1.09141	-1.4802
1.23024	-4.04539
1.01428	0.17015
1.09897	-1.88243
1.11118	-1.29696
1.14112	-2.46861
1.12288	-3.47318
1.08019	-1.96505
1.17856	-4.43878
1.24876	-6.21844
1.09582	-2.73402
1.13697	-3.46433
1.04762	-1.44825
1.15534	-3.51429
0.950054	0.936504
0.996747	-0.504402
1.02558	-1.29468
1.0687	-1.94578
1.21007	-5.22339
1.38303	-7.0078
1.40578	-8.30637
1.32022	-6.0748
1.37737	-7.03069
1.21361	-4.76416
0.887568	1.89705
1.13648	-3.15952
1.4133	-8.12624
1.06812	-2.40362
1.07527	-2.48827
1.02545	-0.860916
0.940252	-0.0339435
1.07369	-2.34007
0.954088	0.516664
1.05621	-1.7722
1.15478	-3.80006
0.966312	-0.590244
0.992808	-0.968006
1.0512	-1.42083
0.963115	0.423165
1.12113	-2.20246
1.13226	-2.46074
1.00035	0.528422
0.847917	3.21503
0.925926	1.42557
1.0256	-0.283936
0.709953	6.86792
0.718948	6.7006
0.825694	4.13847
1.05254	-0.686586
0.934367	1.56011
1.2528	-3.86871
0.958339	1.59584
0.968832	1.03842
0.89303	2.82521
1.00918	-0.636281
0.852275	2.34614
1.19083	-4.33971
1.09485	-2.51348
1.26339	-5.68249
1.2136	-4.7284
1.19245	-4.82469
0.863774	2.63177
1.14771	-3.6202
1.02275	-0.948169
0.915173	0.891627
1.08925	-2.27784
1.07045	-2.28327
1.08872	-3.39261
1.07916	-2.72125
1.07529	-2.78628
0.96743	0.735099
0.972023	0.660367
0.871183	2.56967
0.989026	0.313699
1.08072	-1.41587
0.799437	4.35547
0.881994	2.70122
0.945062	1.70947
0.914419	1.98737
0.922383	2.28564
0.831175	3.749
0.804166	4.76462
0.908141	2.62864
1.0234	0.0504883
0.999752	0.358459
0.858711	4.13394
1.25003	-3.28328
1.11327	-1.05349
1.26602	-4.71814
1.28429	-4.61417
1.02937	0.0925496
1.12984	-2.28374
0.950773	1.8803
1.12553	-1.19692
0.760025	5.89874
1.20051	-3.12089
1.10282	-1.3707
1.13242	-1.63492
1.25198	-4.32606
1.03496	-0.239416
1.18651	-2.55293
1.07554	-0.919847
1.30332	-7.32108
1.22693	-5.35963
1.26134	-6.20939
1.26026	-5.55692
1.03287	-1.7309
1.17647	-4.06787
0.989146	-0.820252
0.99528	-0.769379
0.964282	-0.28224
1.23873	-5.41495
1.3605	-8.2216
0.976553	-0.393801
1.03768	-1.67806
1.35681	-7.90338
1.22352	-5.62357
1.25352	-1.69964
0.911968	1.90571
1.24619	-3.91619
0.913149	1.99905
1.12536	-2.30291
1.18287	-3.1473
1.14561	-2.74546
1.14673	-2.47791
1.29064	-4.70794
0.91428	2.52683
0.989693	0.580937
0.947618	2.00985
0.928162	1.28506
1.11784	-2.25036
1.14135	-2.4586
1.16847	-2.95195
0.835612	3.64613
1.14891	-3.38388
1.18216	-5.04643
1.12617	-3.71698
1.19396	-4.98937
0.925893	0.724383
1.02393	-1.62401
1.27635	-5.61137
1.19811	-4.09183
1.03161	-1.07233
1.05578	-1.99067
1.27393	-5.76967
1.29198	-6.59948
1.26216	-6.10006
1.34806	-7.43423
1.22925	-4.59944
1.7689	-7.51593
1.2905	-1.83655
0.981414	-0.241404
1.17023	-4.42137
0.978553	-0.830759
1.17004	-4.57164
1.06529	-2.88461
0.960537	-0.550391
1.03053	-2.1492
1.09538	-2.57122
1.29364	-7.38479
1.02692	-1.78028
1.2509	-6.41707
1.09994	-3.71364
1.21106	-5.7366
1.2391	-6.53562
1.37177	-8.97375
0.944077	0.765944
0.840805	2.58199
0.835047	3.15582
1.14336	-2.98951
0.959608	0.623268
1.16228	-3.44164
0.986959	0.0574601
0.891951	2.32823
1.09035	-1.5724
1.10553	-1.69552
1.06899	-1.22472
0.940636	0.565237
0.922172	1.27568
0.944186	0.589359
1.02601	-0.633887
0.834235	3.1458
1.1304	-0.0889429
1.128	-3.20171
1.21786	-5.08043
1.23728	-5.43283
1.11894	-3.26769
0.97051	-0.318286
1.01399	-1.34685
1.1575	-4.76736
0.941308	0.658229
1.06631	-2.34006
0.97391	-0.895432
0.928009	0.500754
1.06069	-2.52028
1.01358	-1.41588
1.19757	-5.36628
1.07078	-2.89387
0.944271	0.649289
1.26096	-5.31977
0.93973	0.942082
1.23898	-4.6966
0.888188	1.99023
1.12481	-2.58202
1.17548	-2.72274
0.913448	1.76506
0.999722	0.602122
0.747348	5.36598
0.827717	3.41229
1.20698	-3.19208
1.08366	-1.41018
1.17177	-3.28054
0.842229	3.74278
0.838046	3.48242
0.814833	5.59607
0.991948	1.22165
1.08217	-0.909605
1.14243	-2.34018
1.03342	-0.336518
0.809644	4.50575
1.14658	-1.701
0.927171	1.70404
0.750127	6.58112
1.23861	-3.42571
0.50617	10.3425
1.34589	-4.8025
0.584606	12.3597
0.922706	2.28211
0.604716	13.8392
1.05024	0.0179124
1.27456	-5.23617
0.966086	0.726683
0.910854	1.50693
0.861238	2.78527
1.24864	-5.44194
1.09161	-2.36252
1.25675	-5.50099
1.2374	-4.7717
1.19256	-3.56053
1.15232	-3.35178
1.08118	-1.63973
1.11707	-2.82889
1.21078	-4.01318
1.19177	-3.52346
1.29399	-6.06138
1.06693	-1.66672
0.802433	5.34874
1.21028	-3.78289
1.00368	0.973028
1.15647	-1.61473
1.10041	-1.05421
1.23031	-3.6517
1.06062	-0.0824169
1.00005	1.00381
0.181036	20.9188
0.778991	5.48637
0.940638	2.11452
1.05976	-0.0274487
1.12398	-1.98525
1.19264	-3.25662
0.825787	4.12268
1.04612	-0.158034
1.32456	-5.81936
1.25941	-4.57506
1.29847	-6.62022
1.0996	-1.87247
1.01509	-0.283259
1.03432	-0.74449
1.1854	-3.7038
1.04176	-1.2685
1.29663	-5.93243
1.23992	-4.60362
1.38678	-7.34025
0.27675	16.443
1.2143	-4.58111
1.25401	-4.86596
0.929359	0.914037
1.41405	-7.58355
1.31717	-6.53587
1.20157	-4.73374
1.23228	-6.29848
1.31619	-6.96184
1.09217	-2.41881
1.2183	-5.43834
1.11448	-3.90937
1.13015	-3.48092
1.17803	-5.1764
1.16401	-4.84665
1.30141	-7.57231
1.23218	-5.43567
1.06506	-2.79151
1.23038	-5.9369
1.00558	-1.67354
1.28352	-6.68591
1.0187	-0.504886
0.843287	2.43873
0.953906	0.78644
1.05448	-1.77177
1.24411	-4.70968
0.893311	1.97903
0.992754	-0.0174025
0.947658	1.02553
1.1697	-3.42887
1.19414	-3.91721
1.05105	-0.935933
1.06438	-1.466
0.896544	1.86437
1.17152	-3.08115
1.01124	-0.224826
1.2119	-3.46555
1.20511	-4.99325
1.15421	-3.97794
1.04769	-2.04608
1.16798	-4.42728
1.07801	-2.04607
1.27994	-6.81675
1.141	-4.14927
1.12167	-3.41571
1.07069	-2.26036
1.16775	-4.50949
1.09442	-2.71389
1.26808	-6.84165
1.01308	-1.14027
1.22655	-5.78342
1.19329	-5.06259
1.27556	-7.19454
1.2806	-5.5911
0.904989	1.45778
0.914098	1.69464
0.994263	0.0177662
0.773796	4.40948
0.189537	19.6101
1.03945	-0.546292
0.986286	0.648722
1.11368	-2.40877
1.24651	-4.13261
1.18535	-3.35341
1.23317	-4.25674
0.980202	0.736724
0.917279	2.25794
1.09847	-1.99758
0.961866	1.44184
0.955736	1.49723
0.770545	5.73268
1.1212	-1.18586
1.05734	-0.129554
0.949588	1.93417
1.02395	-0.160207
0.901264	2.58948
0.832641	4.09694
0.974006	1.49142
1.20465	-3.50963
1.05011	-0.344528
1.01686	0.313672
1.2405	-3.2371
1.03708	-0.108241
0.871921	3.29016
0.997222	0.610454
1.24963	-4.45704
1.02574	-0.759349
1.10511	-2.94699
1.15524	-3.61594
1.00023	-0.561483
1.06761	-1.59527
1.08194	-2.45926
1.01232	-0.235866
0.910741	1.44863
0.937141	1.13828
0.99717	-0.26408
0.905148	1.71993
1.02115	-0.428985
1.01768	-0.856979
1.33228	-6.73985
1.15959	-0.708733
0.985031	0.77864
1.08192	-0.627021
0.800727	4.95381
0.751479	5.73597
0.975092	1.73516
0.946393	1.92512
1.08051	-0.62207
1.08985	-0.117369
0.906328	2.72824
0.965204	1.55979
0.821887	4.6195
1.0668	-0.421009
1.11827	-1.5454
0.993768	0.6518
1.186	-3.38172
0.919408	2.16756
1.14749	-2.92022
1.05191	-1.75012
1.13288	-3.02947
1.09898	-2.61237
1.20079	-4.5072
1.20746	-5.07918
1.18798	-4.20697
1.04205	-1.02548
1.02559	-0.653815
0.904526	1.67774
1.17064	-3.568
1.16172	-3.40093
1.03439	-1.00909
1.39155	-7.91916
1.2689	-4.9985
1.48323	-4.0422
1.09812	1.12858
0.974182	-0.449409
1.083	-2.46566
0.848213	2.67503
1.22765	-5.02187
1.02041	-1.28986
0.993552	-0.664223
0.816171	3.43279
0.721771	5.58907
0.893356	1.5137
0.791682	3.60991
1.1496	-3.78982
0.682007	5.39573
0.948735	-0.150313
0.993366	-1.52796
1.23703	-5.19433
1.12107	-2.73773
0.852696	2.70422
0.628558	7.82086
0.736651	5.28886
1.10084	-2.26309
0.75608	5.13859
0.888496	2.23484
0.881666	2.67993
0.762549	5.8566
0.944961	1.50053
0.894558	1.65084
0.710865	6.15288
0.784241	4.78485
0.891384	2.4469
1.04686	-1.20978
0.820099	3.93539
0.920814	3.39611
0.905531	1.35948
0.864089	1.67785
1.09146	-2.76616
1.16983	-4.47515
0.854193	2.37711
0.924672	0.503152
1.10382	-2.76939
1.20523	-4.90733
0.811922	3.39024
0.999649	-1.16239
0.831779	2.42024
1.04216	-2.26554
1.1159	-4.40741
1.32251	-8.35563
0.980232	-1.01365
0.961377	0.633555
0.816596	3.65354
0.966704	0.400831
0.984859	0.28011
0.837633	2.86928
0.9136	2.14974
0.898328	1.70758
0.837075	3.11541
0.993035	0.47993
0.936445	1.21647
1.07456	-1.02458
0.956153	1.0014
0.877807	2.57377
1.00275	0.160545
0.708243	5.72888
0.889804	2.77774
0.967954	2.23171
1.13571	-1.79027
1.13202	-1.25685
0.964431	1.21546
1.02355	0.39774
0.959063	1.97889
1.00594	0.740662
1.00362	0.401798
0.802886	5.38889
1.09588	-1.10477
0.868572	3.42941
0.349831	16.3838
0.868097	2.69034
0.747098	5.83804
0.741264	5.9137
1.00595	0.500739
1.05744	-1.97345
1.17653	-4.10265
1.10499	-3.0943
1.08386	-2.3524
1.12836	-3.18152
1.15768	-4.23126
1.03433	-1.38772
1.02652	-1.03418
1.10338	-2.51508
0.98975	-0.514662
1.30318	-6.3732
1.33016	-6.87781
1.24864	-5.04874
1.02855	-1.48322
1.42274	-8.80151
1.37852	-7.4285
1.02004	0.511795
0.932769	1.79682
1.01273	0.0403714
0.974261	0.576845
1.04449	-0.766694
0.885559	2.22858
1.05956	-0.672546
0.99937	0.485933
0.910827	2.27831
0.989747	0.406585
0.944279	1.46762
1.01702	-0.528745
0.976385	0.380845
1.11528	-2.07625
1.05036	-0.896858
1.13207	-2.69588
1.14493	-4.36458
1.07423	-3.20062
0.914741	0.186104
0.940026	-0.566468
0.998739	-1.32441
1.13988	-3.61488
0.875305	1.53478
0.961688	-0.658784
1.19365	-4.53931
1.23095	-5.66531
0.966722	-0.500489
1.08504	-3.09981
1.16328	-4.13778
1.28027	-7.10952
1.23562	-5.94444
1.20232	-4.972
1.23154	-5.62288
1.02742	-1.36053
0.906203	0.93689
0.928084	0.573849
1.19922	-4.9558
0.789638	3.04026
0.0807869	20.4698
1.08663	-2.10283
0.852797	1.88606
0.812014	2.51004
0.939158	0.0077531
1.10141	-3.07158
0.755185	4.17293
1.07002	-2.65881
1.12889	-3.89927
0.966902	-0.303771
0.799577	3.87472
0.842566	3.09727
0.626099	7.7189
0.8166	3.58051
0.918405	2.27656
0.845696	3.11225
0.865802	2.93932
0.976327	0.344895
0.873037	2.65737
0.958551	0.770078
1.00777	-0.0735245
0.802809	3.90348
0.77744	4.3027
0.883847	2.42145
1.12491	-2.08134
0.949848	1.74191
1.0946	-2.52219
1.04517	-1.72005
1.11596	-3.95188
0.871445	1.67177
0.962811	-0.683193
1.07989	-3.17353
0.847749	2.11718
0.926844	0.576157
0.752609	4.21355
0.993861	-1.09948
1.00183	-1.04276
1.25086	-6.39857
1.06405	-2.98639
0.821485	2.33332
1.20691	-5.93463
1.20287	-5.94148
1.02722	-0.474504
1.15838	-3.80024
0.801311	3.55774
0.629889	7.49747
1.08612	-2.39586
0.867149	2.26307
0.811859	3.82387
0.887203	2.33341
1.09132	-1.78008
0.807768	3.89038
0.754311	5.51798
1.1976	-4.17512
0.927237	1.48079
0.722631	5.47934
1.06143	-1.08822
0.995697	1.34351
0.964497	1.85365
0.752321	6.07613
0.9603	1.25049
0.70716	6.79597
1.0404	0.293962
0.885917	3.46118
1.06327	-0.426498
0.951961	1.81025
1.03407	0.0896297
0.936415	1.81493
0.801692	4.71441
1.00265	0.743533
1.03657	-0.0569898
0.687778	6.87836
0.946719	1.38482
1.23301	-3.69879
1.01809	-1.91157
0.986044	-0.822895
1.07033	-2.1206
1.24059	-5.83797
1.18756	-4.55236
1.23625	-5.56303
1.06617	-2.38473
1.0173	-0.723233
0.991677	-0.232167
0.989517	-0.695559
1.25734	-5.7359
1.15047	-3.33015
1.12329	-3.43816
1.13021	-3.42729
1.20761	-4.56843
0.860873	5.62697
1.15428	-2.57814
0.962611	0.981064
1.18946	-3.52061
0.917007	1.63545
1.07078	-0.938926
1.15567	-2.92509
1.14585	-2.50572
0.981518	0.554804
1.08353	-1.24974
1.02923	-0.3238
1.03004	-0.341498
1.15219	-2.88012
0.808189	3.87617
0.865072	2.27802
1.05845	-1.39511
0.948128	1.53252
1.15052	-4.35033
0.904113	0.400883
0.899221	0.693479
0.91408	0.203705
1.05352	-2.75166
0.857347	1.50813
0.8247	2.28154
0.996824	-0.932094
1.17877	-5.06859
1.14686	-3.9567
1.26806	-6.8145
1.20105	-5.11556
1.08604	-3.22082
1.02951	-2.2889
0.886258	1.37041
1.42496	-5.15382
1.21339	-0.407328
1.15237	-4.24065
1.22349	-5.29633
1.11078	-3.68555
1.02481	-1.19138
1.04835	-2.23083
1.18378	-4.54954
1.19492	-5.31168
0.86535	1.94671
1.10371	-3.39838
1.18525	-4.58877
0.931813	0.111452
1.19277	-5.05127
0.909515	0.848541
1.19697	-5.43577
1.46128	-10.0734
0.902483	1.70598
0.819554	3.57703
0.962758	0.501474
1.15442	-3.60424
1.10059	-2.91826
0.95963	1.05364
0.984215	0.11464
1.0131	-0.301795
1.14812	-2.76811
1.10468	-2.34973
1.0369	-0.489292
1.08986	-1.75452
1.22898	-4.2815
1.14056	-2.35018
0.86645	2.25907
1.1331	-2.6859
0.907266	3.81553
0.95278	-0.335853
0.851401	1.68368
0.960863	-0.967552
1.04435	-2.21694
1.07716	-2.59289
0.82852	2.89715
0.906867	0.611586
0.967151	-0.214726
1.00283	-1.12429
0.752365	4.7845
0.963495	-0.867134
1.09148	-3.38781
1.10778	-3.82787
0.586415	7.47858
1.02941	-2.10869
1.05507	-1.07534
0.759656	4.19602
1.11583	-2.73186
1.01266	-0.233524
1.02096	-0.487846
0.660338	8.21026
0.962614	0.537459
0.878857	2.36286
0.687437	6.81994
1.014	-0.262077
1.07855	-1.971
1.04125	-1.53408
1.01567	-0.384278
0.973435	0.570597
0.916196	1.26172
0.898129	1.84317
0.839791	4.43058
0.972657	0.976323
0.591208	8.58386
1.0903	-1.83034
0.890008	2.27647
0.961418	0.770588
1.08177	-1.3359
1.03741	-1.0901
0.898262	2.40474
1.06254	-1.65533
0.957735	0.871719
1.09355	-2.01166
1.07768	-1.77708
1.1808	-3.63904
1.21201	-4.05381
1.08361	-1.47548
1.32219	-7.85977
1.14487	-4.13038
1.09858	-3.19298
0.945977	-0.288929
0.746659	3.90364
0.867163	1.3726
1.17365	-4.57777
0.905759	0.645594
1.03072	-1.4521
0.857051	1.97262
0.993083	-1.02083
1.06166	-2.5428
0.977287	-0.578051
1.06565	-2.04966
1.10525	-3.07036
1.00441	-0.946158
0.726529	7.88675
0.893826	3.89235
0.798257	6.3406
0.938359	2.69735
0.653536	10.2432
0.738083	8.15049
0.538105	13.4344
0.808456	6.68902
0.307321	20.9189
0.505524	15.0729
0.672875	10.5079
0.70853	8.91364
0.371005	17.9135
0.383825	18.6969
0.562048	12.8776
0.340134	19.388
0.4894	15.3462
0.392467	17.8707
0.890795	3.62671
0.938301	2.8252
0.526928	13.5691
0.487959	15.3489
0.796691	6.75223
0.825056	6.24984
0.360938	18.0704
1.19286	-3.23046
0.843806	4.50215
0.560921	12.7396
0.972854	1.587
1.38092	-7.39484
1.30685	-6.65628
0.847208	5.1226
1.2077	-4.40584
1.1048	-2.83325
1.16468	-4.7999
1.12687	-3.62776
1.35166	-7.84502
1.23563	-5.72865
1.00735	-1.31024
1.18679	-4.23147
1.22399	-5.66703
1.01433	-1.55081
1.18462	-5.18611
1.16363	-4.26566
1.04393	-2.08807
0.946294	-0.375193
1.03971	-2.17407
1.32287	-6.77479
0.898036	1.72904
0.999133	-0.243036
0.859376	2.55338
0.966456	0.133025
1.18157	-3.81341
1.05042	-1.24765
1.1175	-2.63473
0.662539	7.37802
1.1186	-1.56699
0.885044	2.3241
1.03776	-0.83632
0.934737	1.44356
0.328831	16.0642
0.67699	6.92282
0.846186	3.28903
1.20025	-4.02198
1.06913	-2.49599
1.13758	-4.2438
1.17133	-5.09794
1.07809	-2.89954
1.20881	-4.9608
1.05451	-1.96174
1.20815	-5.74721
0.94919	0.0895208
0.883018	1.65257
0.886472	1.16573
0.9753	-0.492658
0.953151	-0.382139
0.773086	3.44562
1.05507	-2.46787
1.08978	-3.33382
1.29904	-7.59666
1.06335	-1.59191
0.888296	1.64445
1.1118	-2.23664
1.14383	-2.71782
0.21549	18.736
0.740374	5.24093
0.770543	4.66276
0.7597	5.41033
1.02546	-0.835871
1.04672	-1.22999
0.735858	5.68255
1.02682	-0.633268
0.982271	0.35278
1.24322	-5.06579
1.14487	-2.91844
0.663017	13.838
48.8663	-1438.7
0.965745	0.804181
0.737296	5.31429
0.989753	0.416627
1.01292	-0.186537
1.08911	-0.926765
0.925795	1.656
0.94997	1.54056
1.05207	-0.584989
0.912615	1.832
1.03319	-0.124227
1.17677	-3.18926
0.952985	1.13323
1.09102	-1.68925
1.05411	-0.717736
0.898999	1.81306
1.10694	-3.44525
1.17929	-4.5927
1.29158	-6.52137
0.798059	2.94263
0.807206	2.57661
0.961332	-0.364406
1.18744	-4.58882
1.16001	-3.95634
0.983066	-0.709607
1.22856	-5.81528
1.10175	-3.05791
0.940362	0.0294575
0.876435	1.76052
1.07491	-2.6049
0.902215	0.920793
1.03739	1.5414
0.485882	13.4658
0.717223	7.87347
0.604737	11.2451
0.64989	10.0537
0.70799	8.38617
0.605599	12.4423
0.487854	15.8162
0.576662	12.7554
0.766356	7.59111
0.586309	12.8508
0.172571	25.624
0.655665	10.6529
0.687981	9.8647
0.69402	9.36552
0.403398	17.4329
0.651784	10.7476
0.520266	13.7374
0.849041	4.49635
0.579055	12.7765
0.330477	19.8721
0.500748	14.8756
1.08944	-0.731192
0.998797	1.65774
0.619799	11.7356
0.638828	10.5918
0.986654	1.5069
0.845793	5.10459
0.974258	1.96597
0.794434	6.11485
0.965008	1.582
1.0734	-0.6247
1.47246	-6.49111
1.11066	3.30531
0.889836	3.12272
0.720406	6.5853
0.838151	4.64531
1.09234	-1.50825
0.931511	1.89132
0.647627	7.97983
1.10495	-1.71386
1.1112	-1.61599
0.811434	4.62635
1.06564	-1.60197
0.961034	1.26412
1.00811	-0.325362
0.895458	2.53854
1.00833	-0.186266
1.01295	-0.687088
0.999966	1.58754
0.820686	5.0629
0.600309	9.18179
0.807936	5.35982
0.772198	5.84242
0.921356	3.10642
0.685321	8.27192
0.947164	2.00705
0.793114	5.74745
0.673928	8.56796
0.971877	2.00139
0.874597	4.05162
0.749608	6.64185
0.692111	8.01687
0.838435	4.58016
0.899829	3.44601
0.803331	7.31855
1.07949	-0.748547
0.98313	1.03489
0.814338	4.53166
0.520689	11.288
0.821016	4.273
0.987329	0.605453
0.973013	0.48093
0.759098	5.57203
0.90469	2.24895
0.783621	4.7871
0.806189	4.1381
0.788122	4.3392
0.833698	3.86935
0.734823	5.29928
0.946469	1.1777
0.694296	7.09294
0.49431	11.7255
0.87753	3.54211
0.70635	6.7897
0.609215	9.51289
0.957427	1.92403
0.468388	13.0763
0.574078	10.3586
0.697243	7.6466
0.708436	7.4181
0.805777	4.8261
0.915497	3.37254
0.564448	10.4771
0.775737	5.98736
0.759288	5.83565
0.668205	8.65022
1.06702	-0.528553
0.992089	0.157
1.15505	-3.47462
1.14611	-3.50635
1.12048	-2.96837
1.1358	-2.39431
0.998846	0.182018
0.912312	1.54165
0.995402	0.206636
1.07305	-1.38931
1.08793	-1.85141
1.01785	-0.667377
0.837705	2.4124
1.25064	-5.3532
1.03094	-1.17106
0.946446	0.685193
1.15688	-4.98925
1.20788	-6.49126
1.2435	-6.86361
1.24427	-6.37717
1.06098	-2.9947
1.10471	-3.51742
1.0207	-1.58992
0.710537	5.0706
0.879994	1.76319
1.1381	-4.69211
0.908032	0.550001
1.06126	-2.84534
1.01307	-1.62761
0.91584	0.363984
1.14454	-4.59243
1.24455	-6.18631
1.09081	-1.89746
0.820023	3.38543
0.884327	2.10617
1.17796	-3.99278
1.05782	-0.823846
0.793954	3.94764
1.1059	-2.8429
0.698166	5.9143
1.20097	-4.01171
1.02256	-0.120679
0.844055	2.93253
0.746486	5.1614
0.676556	6.05874
0.924926	0.544016
0.841822	2.8538
0.721198	5.52888
1.05495	-2.92059
0.86028	0.661594
1.16551	-5.17107
1.13238	-4.42912
1.07017	-3.25127
1.14953	-4.53646
1.21156	-5.59135
0.902754	0.38439
1.0105	-1.02851
1.0924	-3.07317
1.14458	-4.49146
1.06114	-3.14264
1.22442	-6.05649
1.15757	-4.28161
1.0623	-2.31499
1.38006	-7.48345
1.17379	-2.92032
1.12702	-3.12827
0.969301	0.436779
1.03186	-0.440458
1.01717	-0.0503887
0.705869	6.48837
0.864122	2.73662
1.11568	-3.07149
1.31753	-6.77927
1.13311	-3.08204
0.831035	3.99688
0.860403	2.49511
0.966557	0.65453
1.01345	0.35286
1.23198	-5.48525
1.19212	-3.91702
0.851032	4.22731
0.817667	4.42095
0.699166	6.96317
0.892114	2.61911
0.824465	4.63111
1.02839	0.496113
0.98232	1.19993
0.665526	8.53097
0.697805	7.66608
1.07076	-0.377485
0.802412	5.4993
0.952193	1.99217
0.919892	2.95857
1.04313	0.640686
1.06958	-0.482741
0.80077	5.88919
0.591912	9.00063
1.2026	-4.03343
0.829115	3.47344
0.938944	0.996234
0.956189	1.98449
0.993294	0.410603
1.01778	-0.337454
0.843436	3.3537
0.812699	4.25789
1.05189	-1.0562
0.841948	2.54076
0.904906	2.04866
0.937414	1.43603
0.713253	5.90513
0.862618	2.93762
0.950578	0.761338
0.580131	9.53275
0.706287	6.5578
0.982638	1.35027
0.651487	7.8481
0.752996	5.72256
0.452909	12.7761
0.832114	4.33411
0.38402	14.8781
0.913283	2.472
0.536676	11.0615
0.669101	8.06967
0.828399	4.50391
0.759728	6.09711
0.793938	5.72057
0.78302	5.81136
0.734651	8.17806
0.878478	2.01044
1.33895	-6.5567
1.05476	-1.34432
1.21837	-4.21409
0.882445	2.02438
1.06675	-1.45018
1.17526	-4.19817
1.03037	-0.763769
1.05591	-1.60018
1.11947	-2.62993
1.1107	-2.72546
1.02252	-0.943568
1.02781	-0.87414
1.15708	-4.00903
1.20146	-5.14201
1.20491	-3.93666
1.17142	-5.39703
1.27591	-7.53062
0.95689	-0.244582
1.2068	-5.45714
0.929748	0.374231
1.23848	-6.69196
0.953731	-0.364186
0.891093	1.58174
0.908013	0.69203
1.21678	-6.19118
1.0839	-3.37211
1.29757	-7.58803
1.13714	-4.68373
1.00873	-1.84054
1.04639	-2.26771
1.03315	0.78579
1.17333	-3.79679
0.967221	0.444011
1.06004	-1.44442
0.853388	2.58288
0.830918	3.4598
0.999415	0.096919
1.0004	-0.627518
0.793489	4.51396
1.18214	-3.26143
0.738686	5.47327
1.01347	-0.938066
0.816538	3.4003
0.999791	-0.359757
0.711976	5.32611
0.727903	5.28313
0.706234	5.19847
0.787935	2.66231
0.823924	2.18243
1.05171	-2.41675
0.878184	0.531233
1.21748	-6.29612
0.89915	0.493085
0.964949	-1.12621
0.808835	2.88359
1.06359	-2.97876
0.153122	17.8709
0.867828	1.85771
1.0025	-1.59073
0.942283	0.0290947
1.30362	-6.95585
1.0637	-2.11902
0.967874	2.97041
1.07621	1.84067
0.844315	2.64284
1.22405	-5.35505
1.13297	-3.42974
0.917107	1.06229
1.09996	-2.58783
1.09041	-2.05091
0.979292	0.129228
1.14328	-3.34377
0.769171	4.62076
0.975929	0.0612563
0.992219	-0.19322
1.03853	-1.80119
0.897748	1.61386
0.75245	4.16488
0.73529	4.78142
0.790803	4.98873
0.894456	2.02412
0.576368	9.11079
0.826704	4.1331
0.796014	4.93534
0.79243	5.09109
0.658427	8.06648
0.818201	4.67608
0.634153	8.6559
0.911843	2.11708
0.908722	2.8908
0.809927	4.66183
1.0956	-0.891914
0.729396	6.15404
0.867782	2.93776
0.99299	0.918874
1.16162	1.33726
1.04438	-0.548682
1.30429	-5.6959
0.816404	3.83402
1.11186	-2.30094
0.780274	5.17185
0.905087	1.72739
0.90324	1.77179
0.970443	0.673424
0.88966	2.05873
0.99129	-0.081762
1.0997	-2.36625
1.15927	-2.92645
0.981332	0.3992
1.00936	-0.322537
1.05406	-1.21526
0.846212	3.51479
0.830989	3.86508
0.978836	0.895751
0.634184	8.73553
0.766882	5.61435
0.898172	3.52291
1.02331	0.484176
0.824484	4.24661
0.65158	8.48114
0.548239	10.7396
0.733363	6.38289
0.710542	6.91303
0.887225	3.94528
1.07591	-0.284311
0.821741	4.79077
0.721572	6.55252
0.839666	4.46014
1.06317	-1.03264
1.05596	-0.305124
0.849084	3.11579
1.00468	0.076495
1.05944	-1.24656
0.705644	5.99821
1.06821	-1.72389
0.878841	2.62107
0.829764	3.05334
0.878611	2.04924
0.617253	8.03431
0.805663	3.70935
0.84893	2.73129
0.818389	3.35031
0.632491	7.3913
0.80548	2.3404
0.93562	-0.140032
1.04094	-2.36009
0.773148	3.17221
1.19393	-5.63535
1.14454	-4.32448
0.849688	1.73244
1.04153	-2.35201
0.936815	0.22831
1.0288	-1.77739
1.19424	-5.6728
0.869229	1.77452
1.05592	-2.91827
1.0412	-2.08722
1.1668	-5.13083
1.03408	-2.19504
0.606518	8.35032
0.989299	-0.804788
1.08792	-3.25297
1.02397	-1.21803
1.08971	-2.64442
1.17751	-5.10328
1.12423	-3.4303
0.896344	1.39329
0.777294	4.68383
0.921171	1.40134
1.03041	-1.10866
1.17138	-4.44633
1.09382	-2.75585
1.21253	-5.7545
1.29411	-6.26347
1.22734	-5.47717
1.25998	-7.22173
1.21575	-6.34378
1.36299	-9.04678
0.897038	0.623121
0.996657	-1.49475
1.10939	-4.32551
1.11584	-4.25351
1.07084	-3.43154
1.24003	-6.09245
1.13078	-4.74118
0.870902	1.17808
1.11945	-3.88364
0.981395	-1.40738
1.21125	-5.9993
1.24991	-6.34303
1.6186	-12.4295
0.909507	2.15583
0.916542	1.32674
1.0887	-1.72167
0.861313	2.21023
1.12866	-3.28952
0.946675	0.554074
0.877523	2.04073
1.08762	-2.3796
0.905347	1.46559
0.98669	-0.452209
1.18277	-4.60502
1.15721	-3.93848
0.865974	2.27027
0.830319	2.58668
0.735105	4.59905
1.08145	-2.1207
0.841898	3.31999
0.735969	6.05375
0.9282	1.53882
0.860909	3.12899
0.780465	5.43317
0.654318	7.69459
1.18095	-3.08499
0.641105	8.67483
0.972058	0.571512
0.887989	2.54534
0.878789	3.43061
0.909539	2.5001
0.772322	5.39921
0.818194	4.7613
1.12253	-1.93539
0.902348	3.56024
0.98433	0.300289
0.976896	0.488993
0.895711	1.99123
0.808597	3.98431
0.99578	-0.070243
1.13938	-3.32738
0.96624	0.585336
0.79058	4.94817
0.954381	1.3102
0.768973	4.43244
1.11716	-2.0924
0.679731	6.68848
0.838885	3.49224
0.844634	3.1806
0.944366	0.708055
0.914547	1.71595
1.01785	-0.0148001
0.710557	6.88459
1.00988	0.18197
0.911765	2.14792
0.778119	5.10033
0.574922	9.89651
0.98816	1.08985
0.73287	6.79855
0.828326	4.50025
1.06236	-0.31942
0.697157	7.47298
0.949518	1.74894
0.839828	4.22517
0.90428	2.45633
1.02466	0.211979
0.686673	9.11854
0.889033	2.53792
0.8064	4.25153
0.78236	4.78868
0.96591	0.684424
0.83574	3.91169
1.08174	-1.72601
0.800263	4.17482
0.539375	10.4299
1.1074	-2.57357
0.995374	-0.0911619
0.739836	5.38196
0.994502	-0.329278
1.07126	-2.13938
0.837016	2.85813
0.994304	-0.823457
0.887174	1.69287
1.26506	-6.36134
0.638912	6.3936
0.814211	2.78728
1.05455	-2.68038
1.10825	-3.56023
0.96182	-0.324817
1.31488	-8.14361
0.633382	7.8725
1.10449	-3.27674
1.02037	-2.07052
1.24143	-5.8743
0.855801	1.87144
1.10641	-2.91746
1.31782	-7.56562
0.962256	-0.358374
1.18498	-2.08232
1.11424	-3.11379
0.959434	-0.350697
0.92933	0.745965
0.688091	6.31968
0.968214	-0.459831
1.15829	-4.44854
1.1566	-3.36637
0.742732	5.57347
0.707164	5.54297
0.988398	-0.423059
1.10244	-2.72956
1.32885	-7.13942
1.23213	-5.72264
1.199	-5.17315
1.0428	-1.90177
0.983199	-0.404625
1.30833	-7.6604
1.19952	-6.36612
1.36973	-9.02464
1.02494	-2.49685
1.145	-5.00348
1.1584	-4.88621
0.862033	0.929259
0.963661	-0.045491
1.15519	-4.93299
0.982052	-0.971415
1.23995	-6.84215
0.955172	-0.386906
1.02389	-2.00148
1.24652	-6.20885
1.0177	-1.68038
1.55141	-6.80815
1.56253	-6.50863
0.78369	3.83857
1.11288	-2.59865
1.15635	-4.32109
1.02426	-1.23212
0.938697	0.687483
1.25218	-5.87124
0.849223	2.37006
1.00581	-0.415458
0.933007	0.608185
1.17386	-4.20498
1.15529	-4.22617
0.940974	0.109578
1.00169	-1.28118
1.08681	-2.99352
1.1037	-3.10279
1.11872	-2.17432
0.681316	6.23706
0.799534	3.93877
0.93123	1.11974
0.783561	4.36916
0.966703	0.665148
1.09004	-1.54342
1.00499	0.204247
0.825914	4.18683
0.935221	1.86401
1.04932	-0.181336
0.957062	1.01628
1.0465	-0.621935
0.916711	1.81001
1.16793	-2.77011
1.11622	-1.85014
1.23683	-1.99055
1.14402	-4.05075
0.971487	-0.84476
1.12861	-3.52416
1.10087	-2.67015
1.09537	-2.60561
1.15368	-4.39804
0.738111	4.94806
0.679413	6.12775
1.05722	-2.02967
0.987771	-0.592592
0.999089	-1.20974
1.23792	-5.90767
0.958003	-0.201206
1.14065	-4.76078
1.18998	-4.84684
0.855049	2.22421
0.947411	0.606641
0.993943	-0.407915
0.893436	1.95355
0.945729	0.321471
0.910202	1.28955
0.94867	1.34391
0.947058	1.55828
0.906458	1.88859
1.10656	-2.10018
0.830249	3.35668
0.949499	1.08868
0.851872	3.06617
1.00669	-0.357481
1.13419	-1.83179
0.0340277	21.2006
1.02296	0.749871
1.01893	0.208105
1.17736	-3.13816
1.16614	-2.05406
1.13966	-2.31697
0.826926	4.04771
0.944995	1.7122
0.7891	4.53595
0.89339	2.81757
0.846155	3.75468
0.789589	4.84203
1.10243	-1.52228
1.25849	-4.20716
1.02296	-0.205956
0.987262	0.357971
1.13304	-2.63898
1.21815	-5.24997
1.15176	-4.4628
1.09293	-2.38023
1.23739	-5.52685
1.17857	-4.77302
0.974334	-0.322008
1.05265	-1.77531
1.2332	-5.85173
1.2385	-6.01885
1.18976	-4.55328
0.984651	-0.235392
1.17141	-3.67521
1.27688	-6.49895
1.05343	-1.90629
1.04012	-1.96357
1.18775	-4.35619
1.07073	-1.20772
1.0599	-1.03081
0.9342	1.27455
1.01032	-0.0577855
0.999145	0.299781
1.12177	-1.05759
1.22061	-4.27056
0.959388	1.413
1.03864	-0.086446
1.28822	-5.77555
1.03891	-0.284754
0.888018	2.03054
1.24587	-4.55178
1.06942	-1.42637
1.03008	-0.6266
1.20365	-4.19663
1.26049	-6.10837
1.25759	-5.89989
1.15459	-4.68176
1.29068	-6.9933
1.19141	-4.77252
1.19627	-4.87461
1.14825	-4.137
1.14782	-3.7572
1.17503	-3.82797
1.18091	-4.4603
1.33815	-7.55441
1.21192	-5.06283
1.37362	-7.6216
1.43201	-9.29583
0.991994	-0.398924
1.47617	-8.22956
1.32987	-6.67162
1.12693	-3.38418
1.10214	-2.55879
1.05516	-1.81113
1.11514	-2.97869
1.05585	-2.24644
1.26784	-5.97245
1.06629	-1.74471
1.1082	-3.00011
0.931031	0.0818683
0.973192	-0.765926
0.759628	3.90419
1.17731	-4.59952
0.970618	-0.662265
0.933941	0.0026998
1.1106	-3.1249
1.0249	-1.23781
0.724297	5.4993
1.15129	-3.00602
1.0025	-0.14247
0.968747	0.466011
0.96174	1.07312
1.07465	-1.54411
0.87699	2.6864
0.903359	2.0998
1.13303	-2.02348
0.942242	0.997744
1.3024	-5.58676
1.11958	-1.95682
1.25689	-4.54082
1.13195	-2.33849
0.977247	0.578412
1.05098	-2.38868
0.917036	0.842247
0.931088	0.413065
1.08186	-2.86353
1.22725	-5.88955
0.940647	0.0703581
1.11531	-3.65854
0.955574	0.136023
1.24587	-6.67004
1.1632	-4.82955
1.15439	-4.47215
0.833078	2.06883
1.19126	-5.31665
1.15693	-5.55341
1.08783	-3.12813
1.13068	-3.67353
1.16331	-3.28189
0.95081	0.365662
0.752108	4.53036
1.1312	-3.15912
0.928701	1.13769
0.711351	5.65745
0.830606	3.40571
1.06011	-1.29743
0.895629	1.75167
0.907941	2.03406
0.902842	1.68421
0.916376	1.72455
1.04899	-0.919414
1.03773	-1.08333
0.910697	2.12571
0.886434	3.58548
0.868543	3.79465
1.20954	-3.62426
0.905102	2.40638
1.1586	-2.64646
0.914227	2.84322
1.08833	-0.479616
0.851015	3.4275
0.576671	10.1603
1.0968	-1.77547
1.01781	-0.169013
0.991978	0.500612
1.0863	-1.20629
0.863799	2.83862
0.925536	1.61071
0.776559	4.66729
1.24953	-4.43497
1.24286	-6.30075
1.02186	-1.53171
1.25624	-6.29
1.53259	-10.7388
0.949215	0.119905
1.10394	-3.41496
1.07895	-2.8228
0.880884	1.67093
1.22241	-5.02054
1.08554	-2.90254
1.1981	-5.46832
1.15553	-3.78238
1.34423	-7.31196
1.06467	-2.27516
1.11434	-3.34454
1.15339	-0.300899
1.18523	-3.32549
1.02384	-0.7917
1.00901	0.0613743
0.93465	2.08729
1.0469	-0.367069
1.02175	0.0386708
1.13346	-1.80685
0.891065	3.06977
1.08422	-2.01786
0.829436	3.88596
1.13417	-2.25487
1.15016	-2.9675
1.07777	-1.60466
1.08164	-1.94643
1.16046	-3.234
1.03862	-1.04391
1.30238	-6.97492
1.12526	-3.75737
1.155	-4.11198
1.12043	-3.57099
1.2917	-6.74907
1.15405	-4.19308
1.17511	-4.71707
1.26339	-6.10709
1.01114	-1.05707
0.989944	-0.851605
1.30185	-7.19297
1.19349	-4.78734
1.33395	-7.10961
1.20951	-4.88917
1.10162	-3.17038
1.52065	-5.4983
1.44911	-4.36642
1.07975	-2.74986
1.18936	-5.63655
1.17617	-5.27347
1.24038	-5.8313
1.02635	-1.77211
1.22658	-6.28663
0.941649	0.0741214
1.16825	-4.44334
1.06315	-2.36432
1.24379	-5.77328
1.02397	-2.03375
1.15426	-4.60277
0.966965	-0.637929
0.954486	-0.440587
1.20198	-4.96084
1.04256	-0.875707
0.92981	1.54177
0.782118	4.29245
1.07138	-1.81542
0.843033	3.25059
1.14169	-2.31289
0.998245	0.626857
0.936945	1.48908
0.932187	2.0548
1.04093	-0.0948343
1.15457	-2.58104
0.993484	-0.211314
1.03768	-0.0333588
1.07606	-1.51704
0.96413	0.456102
1.0543	-0.86196
1.17038	-1.2813
0.916958	0.350644
0.990863	-0.296823
1.1901	-5.50884
1.29048	-6.63046
1.24969	-6.4489
1.08055	-2.47022
0.814252	2.71656
0.836702	2.39633
0.791418	2.91845
0.967644	-0.450088
1.01169	-1.55355
0.842124	2.036
1.04675	-2.58115
0.862674	1.26284
0.86682	1.33992
0.979956	-0.316038
0.892263	2.0726
0.764893	4.49736
0.757293	4.5504
0.849023	2.87784
1.00575	-0.434939
0.757427	4.70926
0.901004	1.8993
0.901793	1.55235
0.964581	0.4838
0.882778	2.5849
0.862694	2.77053
0.773877	4.65608
1.10458	-1.93386
1.01156	0.0500761
0.945568	1.24636
0.911006	2.0525
0.94217	0.643487
0.952163	0.664535
0.989851	-0.0577655
1.07466	-1.85334
0.950071	1.00737
0.834454	3.17921
0.780799	4.2728
0.71974	5.56147
1.00357	-0.713392
0.871679	2.46248
0.816698	3.15687
0.973447	-0.42223
1.08755	-2.47768
0.919567	0.877905
0.916357	1.68924
1.13419	-3.85828
1.20262	-5.46517
1.24302	-7.10087
1.18842	-5.30138
0.965444	-0.702842
0.902189	0.0343661
1.25708	-6.37002
1.09783	-3.12183
0.922427	0.48749
1.04374	-2.25578
1.07268	-3.17893
0.858684	1.71767
1.07384	-2.7604
1.30208	-7.32739
1.26207	-6.284
1.34946	-8.58664
1.03252	0.205062
1.08234	-0.985111
1.07229	-1.43333
1.01838	-0.12252
0.98179	0.680026
1.23838	-3.4723
1.13984	-2.06141
0.918794	2.60846
0.915311	2.69471
1.24802	-4.47315
0.985957	0.77858
1.10915	-1.553
1.10172	-1.7267
1.15144	-2.44908
0.995901	0.0569134
1.12213	-2.48582
1.1695	-4.26208
1.12137	-3.38465
1.29927	-6.82315
1.23077	-5.07545
0.93626	0.59058
1.02892	-1.4438
1.1209	-3.49709
1.03075	-1.26236
1.07202	-2.05353
1.09771	-3.00887
1.058	-1.80355
1.31863	-6.36002
0.872853	1.79691
0.917737	1.18894
1.25508	-5.69956
1.38913	-7.85868
1.23993	-5.34136
1.11762	-2.87073
1.12688	-3.79588
1.18201	-4.26023
1.26285	-5.98843
1.07064	-2.36766
1.17046	-4.55467
1.30215	-6.86908
1.20651	-5.45844
0.886599	1.18051
0.923849	0.278274
0.956595	0.0394914
0.978211	-0.905657
0.892742	0.663896
0.979849	-1.13002
1.3777	-8.48779
0.904977	1.8119
0.987943	0.326568
1.06399	-1.46883
0.707139	6.03862
1.03245	-0.95277
1.01702	0.0173118
0.932608	1.5307
0.925412	2.56993
1.03824	-0.670903
0.924214	2.31667
0.886123	2.37528
1.06861	-1.13336
1.08154	-1.65884
1.06497	-1.38186
1.05251	-0.93549
0.949817	1.2712
1.11714	-3.69956
1.04159	-2.07156
0.955604	-0.429841
1.17193	-4.77866
1.09177	-3.26186
0.981799	-0.902357
0.830928	2.53415
0.835019	2.55116
1.44554	-10.2133
0.674409	5.97717
1.15297	-4.64038
1.24302	-6.17241
0.971198	-0.627479
0.981109	-1.0094
0.979401	-0.802155
0.962834	-0.464928
0.883376	1.79995
0.723246	5.24965
0.704789	5.8947
0.872496	1.6893
0.963307	0.201264
0.80699	3.95817
0.654668	7.1254
0.974469	0.463839
0.97957	0.404664
0.755721	5.0406
0.877891	2.39724
0.760231	5.08718
0.797853	4.14635
0.944179	1.2655
1.02292	-0.503556
0.911485	2.94715
0.940652	1.05562
0.999722	0.154534
0.741879	5.15251
0.852195	2.73767
0.930399	1.00952
1.01802	-0.985497
0.847981	2.99139
0.993059	-0.239868
0.876957	2.27177
0.937053	0.387427
0.999426	-0.442493
0.993899	-0.347139
1.05144	-1.72581
1.10093	-2.31747
1.00116	-0.707103
1.31542	-6.63335
1.12454	-3.77237
1.02239	-2.32954
1.08981	-3.36442
1.21337	-5.71858
1.06328	-2.73776
1.19548	-6.26223
1.31466	-7.56403
1.19099	-5.25541
1.13952	-3.77719
1.14015	-4.50413
1.02077	-1.70533
1.00893	-1.73994
1.14041	-4.26823
1.34807	-8.62276
1.32356	-7.14296
1.23157	-2.63562
0.843548	3.69044
1.16636	-2.61003
1.03938	-0.134705
1.00488	0.914322
1.22022	-2.88144
1.03903	-0.511644
1.03474	0.243755
1.24453	-4.42357
1.05077	-0.0311211
0.935743	1.89835
0.897371	2.49807
0.851459	3.16144
1.08895	-1.49733
0.977175	0.245603
0.977581	0.933477
1.06791	-1.08179
1.10346	-2.70332
1.17812	-4.71364
1.20155	-5.20643
1.235	-5.02676
1.13393	-3.07656
1.12923	-3.37382
1.26482	-5.61103
1.16449	-3.70275
1.30125	-6.79491
1.09379	-2.54122
1.30406	-6.23123
0.966021	-0.0795753
1.13465	-3.63318
1.13443	-3.28428
1.33394	-6.94404
1.39535	-2.35055
1.36053	-1.84455
1.25703	-5.59868
1.2165	-4.89808
0.968102	0.208313
1.05328	-1.76943
0.749845	4.78452
0.950943	0.111625
0.880006	2.21607
0.899412	2.07939
0.971168	-0.0955395
0.733306	5.07237
1.28477	-7.02844
1.00615	-0.98149
1.07913	-2.57285
1.15083	-3.46547
1.4988	-9.92868
0.980137	0.42458
0.988223	0.251165
0.840732	3.0352
1.0163	-0.179375
1.04102	-0.111977
0.945654	1.70861
0.827375	4.15702
0.851632	3.33625
1.20761	-2.99477
0.938279	1.88222
0.891469	2.22847
0.785991	4.97384
1.21122	-3.85085
0.967505	0.752299
1.01863	0.083157
1.14676	-2.40764
1.19531	-1.43871
1.27395	-6.10899
1.11717	-3.77511
1.06183	-2.08332
1.05626	-2.70863
0.967726	-0.392384
1.0952	-3.23177
1.21148	-4.8035
0.838292	2.469
1.12348	-3.90868
0.955018	0.00863836
1.14047	-3.7125
0.887708	1.03472
1.01842	-1.84367
1.18589	-5.28047
0.94066	-0.113195
0.877924	1.78382
0.974099	-0.126885
0.886305	1.78485
0.677669	6.28419
1.02048	-0.965078
0.668437	6.75037
1.07642	-1.94026
0.874782	2.36618
0.967565	0.442784
1.1357	-2.59389
0.853464	3.30903
0.843648	3.26594
0.912833	1.2021
0.947736	0.578298
1.04212	-0.988601
1.29181	-5.0701
0.938648	2.38153
0.910711	1.97999
0.973177	0.435823
1.0069	-0.0685632
0.868034	2.42373
1.1115	-2.28286
1.08603	-1.72538
1.15666	-2.69062
1.15846	-2.46308
1.14591	-2.54228
1.12732	-2.20626
1.1949	-4.35459
1.14408	-2.5334
0.887431	1.85357
1.11488	-2.32414
1.09485	-1.46512
1.24834	-6.05939
1.24767	-6.28161
1.04935	-2.34491
1.25377	-6.57584
1.16787	-4.49927
1.16578	-4.54929
1.04934	-2.53258
1.11793	-3.98547
1.17073	-4.48688
1.00342	-1.27392
1.01622	-1.69959
1.01205	-1.16115
1.08414	-2.98695
1.11936	-3.3475
1.02144	-1.74302
1.15957	-3.89449
1.10116	-1.12267
1.1382	-2.51037
0.892859	2.46544
1.14858	-2.53024
1.45642	-8.3801
1.08024	-1.47609
1.09383	-1.30132
1.04173	-0.252737
0.852042	3.19176
1.29932	-5.97407
1.0103	-0.0606496
1.02338	-0.717156
1.15389	-2.45521
1.1673	-3.24249
1.10626	-2.20128
1.13094	-2.47436
1.04433	-2.30554
1.33661	-7.8926
1.13634	-4.54636
1.48708	-10.4475
0.231767	18.4406
1.13913	-4.15708
1.20879	-5.1274
1.44719	-9.14821
1.44908	-9.33387
1.30877	-7.26633
1.29122	-7.1819
1.13769	-3.73474
1.24801	-5.67364
1.09044	-2.72221
0.92015	1.24458
1.21985	-3.76354
1.33292	-6.28054
1.12812	-3.04032
1.15752	-3.96208
1.18664	-4.21821
1.12189	-2.77222
1.14309	-3.77448
0.979621	-0.157446
0.184938	20.4125
1.24481	-5.25933
1.10871	-2.97866
1.13241	-3.49137
1.01079	-0.878638
0.966315	-0.425218
0.972757	-0.806596
1.11196	-3.16644
1.31561	-6.52856
0.986787	0.493831
0.912325	1.75052
1.10838	-1.92321
1.00201	0.028123
0.981801	0.327575
0.865823	3.06327
1.1248	-1.56576
0.950478	1.5473
0.986364	0.425086
1.17283	-3.44933
1.04399	-0.506827
0.956462	1.31502
0.848965	3.23482
0.868617	3.1553
1.22307	-3.9261
1.16477	-2.13874
0.971301	-0.553154
1.14489	-3.87685
1.01549	-1.40995
1.08926	-3.44012
1.05419	-2.10829
0.897283	1.11849
1.02321	-1.86711
1.12031	-3.27119
0.984642	-1.14263
0.843895	2.07465
0.968307	-1.17301
1.12968	-3.84327
0.929042	-0.0963411
0.844483	2.19214
1.06094	-2.91707
1.00309	-1.29625
0.819259	2.77074
0.784239	3.69522
1.0984	-2.15858
0.87934	2.26085
0.730732	5.24803
0.897076	1.55957
0.816294	3.44242
0.949806	0.791447
0.957016	0.802571
0.994312	-0.428266
0.828092	3.38103
0.989417	-0.280153
0.981627	0.0142099
1.00315	-0.346163
10.1757	-117.027
0.650146	26.7971
0.597023	27.3184
1.08846	-1.20202
1.00042	0.099238
1.01679	-0.289415
1.05776	-1.24969
1.14401	-2.70009
0.932564	1.54024
0.943294	1.56904
1.11207	-2.03379
0.864547	2.95032
0.912863	1.04787
0.980984	0.506029
1.12059	-2.45966
1.04394	-0.733353
1.22108	-4.45817
1.31174	-5.3493
1.03258	-1.90271
1.11413	-3.47323
1.21467	-5.53541
1.19132	-5.25709
1.10209	-3.40067
1.16653	-4.79495
1.10335	-3.52123
1.14335	-3.45784
1.30227	-7.81043
1.07006	-2.39239
1.05992	-3.09427
0.991231	-0.753116
1.1372	-3.68668
1.07735	-2.93934
1.40612	-8.82818
1.17168	-0.920459
1.017	-0.472075
1.11872	-2.02673
1.10837	-1.67241
1.01258	0.0282698
1.12382	-2.24401
1.13123	-2.74437
1.12551	-2.38694
0.887777	2.5854
0.954576	1.67701
0.9923	0.724082
1.00789	-0.296335
1.09771	-1.94725
1.13382	-3.14539
1.01183	0.0707952
1.12343	-2.31465
1.0296	-0.535589
1.23909	-5.86619
1.34068	-8.18588
1.23583	-5.70858
1.10953	-3.58271
1.27201	-6.12117
0.974887	-0.870155
1.32143	-8.08587
1.23048	-5.18464
1.09835	-3.12855
1.1694	-4.85232
1.32184	-7.66654
1.19667	-5.10069
1.0883	-2.62353
1.13081	-3.3985
1.11683	-2.97649
1.43728	-2.97977
1.36818	-2.7536
0.974731	0.259445
0.915298	0.652379
1.15157	-4.15295
1.11791	-3.1293
1.08904	-2.67997
1.09501	-2.90689
0.913049	0.926682
1.03351	-1.52182
1.18492	-4.73708
1.16216	-4.75719
0.920436	0.337327
0.995685	-1.04865
0.982445	-1.09071
1.05506	-2.69936
1.20474	-5.20676
1.16862	-3.69471
1.08481	-1.36929
0.742471	4.9089
0.825814	3.46175
0.782435	4.42488
1.02927	-0.797722
1.02924	-0.71929
0.992332	0.458206
0.968618	0.960438
1.05058	-0.769665
1.01651	-0.403182
0.989209	0.156182
1.14986	-2.91552
0.849606	3.02089
0.83617	3.22944
1.09334	-1.89862
1.21909	-1.15741
1.18565	-4.52911
1.00231	-0.772103
1.24852	-5.6623
1.23544	-5.59679
0.866483	1.99448
1.06277	-1.69818
1.1919	-4.38041
1.23792	-5.46482
1.17096	-4.51412
1.29551	-7.36903
1.36019	-8.42038
1.16298	-4.19145
1.24345	-5.91967
1.41415	-9.01848
1.18904	-5.15493
0.98122	0.0256258
1.23583	-4.78996
1.13815	-3.04779
0.972823	0.0258978
1.03912	-1.02972
0.829567	3.70514
0.891233	2.81154
0.997175	0.324437
1.07991	-1.41136
0.977235	0.834404
1.17133	-2.91034
1.02547	-0.223643
1.16179	-2.48803
0.784397	4.45208
0.985315	0.837739
1.15218	-2.6189
0.924185	2.70949
1.11848	-2.59405
0.747926	5.19928
1.18381	-3.74514
0.875081	2.1888
1.09878	-2.31832
0.769486	4.87139
1.12695	-2.46466
0.829295	3.81899
1.0642	-1.96413
0.777011	4.23349
1.0935	-1.80348
0.933845	1.3496
0.959728	0.61095
1.171	-3.52914
0.926465	1.30554
1.24322	-6.12098
1.1207	-3.99784
1.13215	-3.93759
1.07769	-3.0875
1.09506	-3.12383
0.955649	-0.334059
1.09506	-3.51706
1.08972	-3.37408
1.06224	-2.40369
1.14309	-4.04163
1.31652	-7.62472
1.26244	-6.46574
1.0563	-3.14848
1.18791	-5.0361
1.20438	-5.01013
1.14618	-4.49631
0.863591	3.52213
0.997028	0.667309
1.12986	-1.57547
1.22383	-4.42696
1.09149	-1.43926
1.06484	-1.28307
1.10491	-1.5685
1.16724	-2.70377
0.791856	5.16793
0.992299	0.154744
1.08537	-1.54426
1.14861	-2.3593
0.985173	0.569327
1.31168	-5.56852
1.14612	-2.48233
1.05592	-0.821811
1.09699	-3.31834
1.10526	-3.55181
1.20426	-5.14059
1.30509	-7.01885
1.05742	-2.09346
0.974034	-0.29828
1.16724	-4.12184
1.11345	-3.08131
1.08586	-2.04767
1.01405	-0.850914
1.06792	-2.15229
1.20334	-5.24601
1.21812	-5.26971
1.05861	-2.35299
1.04866	-1.78883
1.48983	-9.88596
1.28763	-5.89413
1.06401	-2.332
1.06294	-2.43895
1.11666	-3.19726
1.09423	-3.00281
1.21045	-5.15025
0.996353	-1.13964
1.10354	-2.94411
1.21838	-5.28274
0.110496	21.7096
1.07403	-2.40568
1.1464	-4.18374
1.21364	-5.51442
0.970793	-0.978978
0.874244	1.56765
1.03073	-2.12251
1.21153	-3.66692
1.0878	-1.8318
0.792719	3.59435
0.759494	4.66115
0.00569693	24.2474
-0.00307493	22.73
-0.0210965	23.4934
1.01518	-0.330281
0.112062	21.9452
1.10858	-2.33432
0.879659	2.87235
0.69411	6.94085
0.321007	18.83
1.01733	-0.787725
1.0711	-1.48154
1.05901	-0.872286
0.377515	18.3686
1.01593	-1.16235
1.24333	-5.67666
1.29995	-6.55042
1.01797	-1.38153
1.18431	-4.46796
1.1978	-4.89661
1.10347	-3.23071
8.56744	-97.1382
1.35218	-7.44162
1.32109	-7.32293
1.17461	-4.25105
1.23958	-6.16109
1.35375	-7.73314
1.01064	-1.52665
0.424243	18.6194
0.947945	0.763282
1.02912	-0.708523
1.13702	-2.38452
1.07466	-1.1384
1.12169	-2.77317
0.957727	0.391151
1.07738	-2.01794
0.952288	1.02622
1.1385	-2.2849
1.17302	-2.83807
1.0061	-0.0615948
0.997989	0.167176
1.14754	-2.79859
1.07535	-1.37328
1.02074	-0.860807
0.95247	1.51281
0.660523	7.50622
1.00501	-0.180177
1.03797	-1.02938
0.98173	0.556689
0.922525	1.70554
0.953196	1.45994
0.880451	2.52342
0.987367	0.651521
1.16706	-2.95833
0.934128	1.38152
1.01696	-1.21034
0.948014	0.813997
0.985095	0.460821
1.19348	-4.38189
1.21229	-4.3381
1.20785	-3.68318
1.23502	-5.53471
1.38175	-8.34128
1.14998	-4.4355
1.05379	-2.52384
1.24891	-5.59842
0.968887	-0.791752
0.928086	0.420068
1.29006	-6.54098
0.954802	0.299168
1.13873	-3.15263
1.22325	-5.29584
1.28983	-6.63697
1.09054	-3.05311
1.2181	-5.26247
1.22605	-5.63962
1.38563	-3.30096
1.01458	-0.0831588
0.987966	0.763418
0.761756	5.60445
0.896653	2.56421
1.04462	-0.439654
1.05351	-0.516233
1.01897	0.34727
1.16826	-2.62399
1.02456	-0.697352
0.920885	1.8096
0.880119	2.65267
1.24058	-4.18111
1.23747	-4.16805
1.02661	-0.604997
0.902266	2.07353
1.10162	-1.59418
1.2543	-6.27779
1.29254	-6.66988
1.1835	-5.45204
0.967528	-0.309759
1.05716	-2.20972
0.797653	3.55738
1.06296	-1.79769
1.25064	-5.68098
1.26222	-6.13827
1.11822	-3.32258
1.2884	-6.27237
1.36097	-7.95804
1.10906	-2.85718
1.10131	-2.80162
1.29784	-6.88562
1.41524	-2.38735
1.22018	-0.673038
1.1737	-3.92053
1.04882	-1.91754
1.03358	-1.72522
1.12068	-3.43342
1.02808	-1.61429
0.8702	1.76265
0.943017	0.30153
1.05839	-1.73005
0.905372	0.732771
1.16791	-4.35452
1.12493	-3.11664
1.13993	-4.57599
1.04297	-2.31397
1.12686	-3.58773
1.13415	-3.64099
1.2356	-4.77364
1.12927	-2.74059
0.975619	0.368305
1.0586	-1.03225
0.800384	4.32817
0.888586	2.33863
1.08551	-1.49591
1.09412	-2.08764
1.09267	-1.81458
0.912394	1.89499
1.03554	-0.400701
1.07641	-1.05606
0.962696	0.45534
1.10626	-1.88157
0.970744	0.496142
1.0478	-1.15851
1.03753	1.85168
1.10626	-2.44024
1.10643	-2.84236
1.08241	-2.12545
1.20608	-4.80664
1.03712	-1.93242
0.913076	1.2576
1.17833	-4.24374
0.981866	-0.0262923
1.28676	-5.89961
0.948822	0.268777
1.0775	-2.02764
1.2013	-4.6833
0.979475	-0.6675
1.158	-4.23806
1.02459	-1.32488
0.808535	4.11235
0.921209	1.90183
0.872628	2.61046
1.16948	-2.98885
0.982046	0.170737
1.03684	-0.546395
0.908408	2.13931
0.691516	7.21192
0.916866	2.63637
1.10918	-1.59358
1.05593	-0.780647
1.0065	0.787956
0.961289	1.69066
1.04799	-0.343938
0.965018	1.59449
0.949394	1.48292
1.03856	-0.0724707
0.899317	1.5481
1.10364	-1.55476
1.06291	-0.903741
0.892377	2.22605
0.861747	2.90546
1.06016	-0.809456
0.607148	8.63149
1.00113	0.522924
0.879575	2.41627
1.21577	-4.19666
0.849714	3.29526
0.838698	2.6409
1.09138	-2.2392
1.12099	-2.80676
1.05852	-1.49944
1.14819	-4.14288
0.962157	-0.226364
1.01904	-1.71611
0.943769	-0.250256
1.14682	-3.71221
1.01195	-1.38086
1.08946	-2.79847
1.15576	-4.24593
0.995033	-1.13579
1.12172	-3.0955
1.12601	-4.02447
1.16767	-4.31895
1.1043	-3.14026
0.891528	0.897293
1.17038	-4.31206
1.11524	-3.21392
0.94908	1.50721
0.981039	0.205076
1.08589	-1.55637
0.871603	2.07157
1.10402	-1.4812
0.977676	1.09056
0.959549	0.851787
1.07154	-1.59035
0.954672	1.11859
1.00953	-0.0353537
0.840739	3.00703
0.972666	0.610327
0.879804	2.77546
0.773418	4.52808
0.939083	0.593768
0.833417	3.52802
0.912341	0.279149
0.81213	2.88184
0.817056	2.08396
0.89615	1.12657
0.825257	1.81045
0.916729	-0.085412
0.955663	-0.466935
0.929763	0.404536
0.875926	1.80339
0.994324	-1.61257
1.00403	-1.55182
1.08241	-2.94178
1.04641	-1.97712
0.918589	-0.149481
1.17332	-4.744
1.11282	-2.53707
1.02757	-0.940835
0.919627	0.590844
1.06889	-2.50527
1.169	-4.51742
1.14279	-4.09617
1.13535	-3.97541
1.13934	-4.18404
1.10694	-2.73087
1.03069	-1.20287
1.27533	-6.61521
1.50602	-11.3958
1.25656	-5.70111
1.21532	-5.27943
1.03227	-1.77498
1.06167	-2.51537
1.41908	-8.72951
1.24189	-4.80352
0.962084	0.148667
0.885483	2.06131
1.07935	-1.5178
0.955503	0.915148
1.10297	-1.63474
0.978166	0.40661
0.923735	1.66239
1.03562	-0.396286
1.06036	-0.633873
0.9993	-0.205304
1.07437	-1.47432
1.01165	-0.0816987
1.04059	-0.619477
0.891967	2.74086
0.946601	1.45104
1.15631	-4.15913
0.900521	1.31643
1.16813	-3.88075
1.42166	-8.95696
1.04235	-2.00682
0.895339	1.55956
1.25256	-5.78005
0.990185	-0.0290638
1.22444	-5.49025
1.22811	-5.5539
1.15448	-4.02517
1.11554	-3.21574
1.26171	-6.55259
1.13635	-3.80906
0.990474	-0.867772
1.20852	-5.19988
0.900313	2.15711
1.04609	-0.510515
0.942327	1.78404
0.911979	2.05844
0.898366	2.38564
0.993766	0.770663
1.08811	-1.36751
0.826094	3.98527
0.920209	2.61844
1.20898	-3.46136
1.07403	-0.835695
1.0112	0.375543
0.976233	1.01224
0.936777	1.52573
1.01763	0.158572
0.843189	4.88551
0.948654	1.18944
0.992134	0.0994347
0.835749	3.5237
0.998025	-0.257973
0.964577	1.15507
0.933115	1.42182
0.923538	1.39669
1.04876	-0.389208
1.16413	-3.17821
0.860686	3.11923
0.907458	1.64899
1.02302	-0.420414
1.09891	-1.79742
1.04479	-1.37421
1.13729	-2.64257
0.793578	3.65567
1.13196	-4.38434
1.21231	-5.40126
1.35703	-7.57254
1.10338	-3.73303
0.993636	-0.890882
1.00734	-1.29077
1.02661	-1.53359
1.04235	-1.49757
1.18891	-4.76191
0.926924	0.181538
0.989127	-0.427843
1.08322	-2.91806
0.965176	-0.322725
1.06917	-2.14777
1.14227	-3.83247
0.940098	2.88887
0.864789	2.67623
0.98059	0.465869
1.13049	-2.16116
0.622967	8.21106
0.892464	2.29399
1.05077	-0.65535
0.821563	4.07178
0.929164	2.00649
0.994517	-0.137377
0.827114	3.41393
0.865965	3.04511
0.904995	2.04426
0.992862	0.538082
0.933113	1.26483
1.07661	-1.05068
0.898002	1.60856
0.932539	0.206851
1.05522	-2.17596
0.756299	3.86435
0.808171	2.70793
0.982048	-1.1618
0.967498	-0.788833
0.896135	0.787963
0.795261	2.82111
1.01801	-1.43389
1.07539	-2.56448
1.30381	-6.86877
1.20982	-5.35444
0.882826	1.239
1.23604	-5.73875
1.26997	-6.06915
1.46415	-5.02432
1.08986	0.85573
1.04115	-2.08867
0.984261	-1.09566
0.955262	-0.325339
1.17556	-4.8457
1.07646	-2.71197
0.871689	0.869001
0.969516	-0.826384
0.69642	5.98568
0.810443	2.82234
0.924599	-0.0185851
1.32948	-8.00919
1.14914	-4.59095
0.973675	-0.518745
1.01142	-1.83766
0.78428	2.74433
1.07004	-1.27946
0.948177	0.873302
0.938592	0.354208
0.885844	1.48032
0.966726	0.477925
0.941671	0.652257
0.964063	1.12597
1.0636	-1.22566
0.851011	3.07641
1.1054	-1.92868
1.05473	-0.707475
1.01707	-0.247214
0.552689	31.0172
0.869598	2.8529
1.01589	-0.566877
0.967031	0.701362
1.04865	1.71432
1.09539	-2.7481
1.0973	-3.12126
1.13532	-3.02042
0.970128	-0.274286
1.16608	-4.2509
1.01774	-1.38709
1.10318	-3.088
0.759767	4.60458
1.11303	-2.77679
0.878075	1.68148
0.916603	1.12626
1.06843	-2.46773
0.758712	4.29081
1.09052	-3.23395
0.92495	0.792319
0.788124	4.37037
0.527642	10.0715
0.680948	7.14005
0.67106	6.86964
0.79171	3.91797
0.692102	6.37093
0.754977	5.53131
0.937607	1.90691
0.656944	7.83467
0.758195	5.667
1.13687	-1.87656
0.814935	4.22827
0.9047	2.87895
0.95768	1.56257
0.837453	3.73402
1.15555	-1.8767
1.12869	-1.15169
1.24884	-4.39455
0.925926	1.83038
0.769313	5.22638
0.954064	1.86365
1.01366	-0.248456
1.02399	-0.376317
0.98145	0.932598
1.03151	-0.125197
1.0368	-0.541942
1.07417	-0.987154
1.27136	-5.14482
0.785117	4.40213
0.998182	-0.131366
0.855	2.61985
1.04178	-0.234342
1.31079	-6.5389
0.988558	-1.10318
1.06722	-2.30662
1.19355	-4.79503
1.03518	-1.6717
1.01674	-1.39576
1.08445	-2.96282
1.13202	-3.23014
1.03019	-1.53216
1.07657	-2.89371
0.972417	-0.300216
1.08138	-2.49903
1.33623	-7.50441
1.20745	-4.99414
1.06135	-2.34052
1.23842	-6.18349
1.20821	-3.69024
1.12642	-2.81607
1.07759	-1.66444
1.18029	-3.31389
0.992011	-0.280305
1.02609	-0.667887
1.02258	-0.323826
0.969507	0.307035
0.998328	0.331912
1.0086	-0.102908
1.11971	-2.41478
1.18407	-4.07036
0.899258	1.84786
1.06635	-1.27713
0.977075	0.119181
1.04701	-1.17931
1.20387	-5.73117
0.977457	-0.988473
1.25484	-6.91652
1.21421	-5.27606
1.20972	-4.96295
1.14202	-4.23459
1.16529	-4.85884
1.24074	-5.66576
1.18463	-5.38507
1.22783	-6.36797
1.3507	-8.35524
1.17511	-4.84995
1.15245	-4.76775
1.25629	-6.70979
1.2284	-6.42858
1.60555	-12.2123
1.18483	-4.59041
1.21678	-5.90369
0.829089	1.91364
0.908751	0.568142
1.12336	-3.96175
1.0856	-3.21621
1.09365	-3.16137
0.94451	-0.0994672
1.07349	-2.75672
1.0832	-2.952
1.14239	-4.65585
1.2282	-5.51096
0.967582	-0.691107
1.09135	-3.27456
1.00365	-1.44416
1.14252	-4.14808
1.02019	-0.714777
0.997684	-0.251335
0.90983	1.4445
0.922498	1.15823
1.12865	-2.4744
1.11937	-2.45092
0.890873	2.61923
1.18578	-3.30067
1.18743	-3.98436
1.17368	-3.13291
0.869287	2.36279
0.919505	1.52638
0.419804	32.4846
1.21934	-3.88036
0.99487	-0.0556846
1.0738	-0.54073
1.40981	-8.02737
1.08882	-2.2824
1.23161	-5.26334
1.01787	-0.791414
1.14807	-3.49985
1.11839	-3.02256
0.932481	0.798788
0.942199	0.634005
1.09486	-2.97213
1.04193	-1.64346
0.913926	0.700524
0.977749	-0.901626
0.830887	2.62068
0.828966	3.00726
1.16391	-4.4176
1.06579	-2.51943
0.684383	6.39183
0.9162	2.26353
0.857826	3.14561
0.723245	6.38864
0.756359	4.9632
0.871527	2.86976
1.03712	0.046773
0.951289	1.80138
1.01178	0.768043
0.834777	4.44338
0.937517	1.72699
1.11749	-1.33997
0.830282	4.11856
0.979118	1.42332
0.947233	1.79423
0.834604	4.55194
1.03005	0.0133102
0.805468	4.55705
0.745299	5.93493
0.971885	1.08674
1.04107	-0.290972
1.05577	-1.26076
0.93314	2.01651
0.786029	5.54971
1.12327	-2.3488
1.15506	-2.00064
1.10549	-1.40532
1.08359	-1.33108
0.860234	3.19686
0.938064	1.80653
1.26532	-4.78939
1.20774	-3.60041
1.08592	-2.37851
1.22495	-5.41736
1.09588	-3.33398
1.04892	-1.951
1.08021	-1.88807
1.13638	-3.28331
1.20231	-4.47736
1.11619	-3.19728
1.02433	-1.39505
1.13032	-3.5571
1.40866	-9.61832
1.21209	-4.95846
1.22695	-5.09208
1.14601	-4.02651
1.13022	-3.33651
1.04964	0.921431
1.34499	-6.46167
1.08444	-1.76356
1.15188	-2.61702
1.25424	-4.73383
0.968424	0.847407
1.13591	-2.68259
1.08964	-1.66836
1.09503	-1.17517
1.23637	-3.80795
1.04534	-0.960593
1.17701	-3.08083
1.03578	-0.858225
1.07073	-1.36898
0.925953	1.6297
0.888174	1.76845
1.055	-1.91232
1.11685	-3.89958
1.32944	-7.74585
1.01488	-1.62103
1.20078	-5.29717
1.13123	-4.08922
0.995551	-1.47765
1.11497	-3.52468
1.2154	-5.57546
1.22521	-5.55079
1.2165	-6.15344
1.11028	-3.51947
1.23479	-5.976
1.40683	-9.17391
1.24431	-6.37118
1.44109	-9.78496
1.59575	-6.48397
1.37089	-3.49541
1.07164	-1.81934
1.21643	-5.35549
1.09463	-2.19856
0.984476	-0.276047
1.11481	-2.93096
1.08353	-2.78753
1.10522	-2.73663
0.860442	3.12004
0.962288	0.394798
1.07675	-2.65656
1.18143	-4.30498
0.985288	-0.447331
0.871489	2.55041
1.22879	-5.42015
0.978979	-0.546446
1.05519	-0.363252
0.925756	1.92877
0.830583	3.59688
0.917867	1.81334
0.990925	0.526865
1.07306	-1.19487
1.14166	-1.956
0.971066	1.12164
0.9586	1.72633
0.983238	1.16294
0.996401	0.523169
1.02158	0.00622202
1.13546	-1.98886
0.886998	2.57277
1.10757	-1.14474
0.873087	3.12085
1.28855	-3.9591
1.01849	-0.946242
1.12696	-3.32908
1.14678	-3.96064
1.22958	-5.41323
0.9695	-0.643612
1.14335	-3.74191
1.27536	-6.53432
0.941457	0.51915
0.995902	-0.947939
1.21294	-5.66568
0.938799	0.0576004
1.13101	-3.76921
0.909238	0.922331
1.17713	-4.6365
0.937712	0.215198
1.11778	-2.28037
1.04713	-1.39396
0.917711	1.31234
0.902396	1.86209
0.878007	2.56735
0.76069	4.78784
0.932652	1.0906
0.857031	2.39923
1.07211	-1.44865
0.974942	0.427418
0.900406	2.0626
0.679748	6.8437
1.15816	-2.72203
1.12898	-2.44739
1.09527	-1.6166
1.13867	-2.50306
0.583291	10.1252
0.927698	1.66182
0.92468	1.6725
0.956262	1.11712
1.01395	-0.375381
1.13743	-2.51841
0.821903	4.21744
1.00273	0.384179
1.06876	-1.2806
1.03104	-0.555716
0.818768	3.43235
0.981793	0.278721
0.663409	6.78233
1.05842	-1.19373
0.98526	-0.0220619
0.858975	2.24638
1.21013	-4.6304
0.817715	3.11482
0.899887	0.749657
1.0106	-1.56532
0.978307	-0.701769
0.46822	11.5792
0.784381	4.04589
0.948721	0.372996
1.087	-2.45135
1.01234	-0.931832
0.798525	3.79588
1.25544	-6.32287
0.80046	4.01807
1.09368	-3.03498
1.02867	-1.80646
1.11476	-3.162
-0.0281954	28.5483
0.832968	2.77414
0.873866	2.40333
1.05898	-1.84737
1.00672	-0.505984
1.22691	-4.21092
1.09998	-1.78109
1.23925	-4.97021
1.12582	-2.57278
1.01875	-0.38276
0.797391	3.88939
0.946973	0.740168
0.926555	1.30741
1.03512	-1.38859
0.794917	4.04498
0.860095	2.6124
0.999095	-1.0105
1.26388	-7.31855
0.759902	3.77771
0.70609	5.15511
0.960859	-0.701837
0.893182	1.09393
0.906188	0.405158
0.879576	0.939036
0.834631	2.93802
1.05684	-2.04973
0.944189	-0.050357
0.816095	3.32341
0.838724	2.29406
1.18313	-4.61811
1.09757	-3.06749
1.3423	-6.54949
1.09023	-2.31152
1.18616	-4.1826
1.20432	-4.04307
1.23727	-5.07081
1.18433	-4.21413
1.02596	-1.30159
1.31377	-6.89513
0.916056	1.49992
1.0287	-1.1398
1.06433	-2.06705
1.07125	-2.43376
0.988122	-0.549795
1.25735	-6.04204
0.745999	4.54833
1.30251	-7.1908
1.32839	-6.33418
1.08339	-2.00659
0.863251	2.53412
0.795168	4.37667
0.775529	4.73383
1.28452	-5.33281
1.12546	-1.8707
0.983385	0.434283
0.982193	1.35843
1.11623	-1.43634
1.10504	-1.98333
0.883121	3.07987
1.19055	-3.25793
0.983082	0.495085
0.930258	1.51052
0.105806	22.3369
1.14669	-2.10964
1.18384	-4.11701
1.24142	-5.92005
1.2277	-5.30649
1.06521	-2.48792
1.18917	-4.84517
1.20101	-5.45205
1.08366	-3.06777
1.17958	-4.1375
0.900622	0.577786
1.07054	-2.93832
0.967054	-0.157833
0.853136	2.09351
0.872846	1.38313
0.895645	1.01335
1.17312	-4.65071
0.902109	0.919606
0.864212	2.3986
0.895205	1.91417
0.934033	1.16291
0.917577	1.45609
0.963904	0.556726
0.888957	2.21186
1.09803	-2.1853
0.929557	1.04805
0.909436	1.80259
0.920412	1.54023
0.941283	0.850064
1.10601	-2.15123
1.14721	-2.8446
1.1238	-2.39032
1.01959	-0.178433
1.02106	0.736951
0.928079	1.74617
1.02685	-0.548588
0.856279	3.74883
0.965555	0.600554
0.728797	5.9618
0.97338	0.750332
0.825329	3.63854
1.00608	0.310412
1.05096	-0.607277
0.929927	1.68963
1.12185	-1.87582
0.766185	5.24093
1.05974	-1.38407
0.636899	7.62801
0.864944	2.56138
1.1519	-3.19
0.918866	0.785797
0.921256	0.66377
0.78487	3.74272
0.932178	0.858727
0.930535	0.690049
1.04625	-1.65585
1.07491	-2.08071
0.809851	3.36647
1.24452	-5.35678
1.07977	-2.48939
0.965602	0.335374
1.17284	-3.97458
1.18346	-4.79323
0.966244	0.14393
1.01515	-1.02928
1.16497	-0.310426
1.11051	-2.17054
0.949393	0.710684
0.925329	1.58035
0.805151	4.15415
0.996025	0.352133
0.843118	3.09801
0.956195	1.1299
0.760078	5.71465
1.23513	-5.21864
0.968464	0.919995
0.980242	0.200053
0.698342	5.71235
1.04541	-1.1154
0.950861	0.349744
0.842015	2.85969
0.995557	0.414938
1.02217	-1.88447
0.945039	-0.498811
0.689315	5.98285
0.746394	3.94231
1.00712	-2.27997
0.844995	1.88871
1.08732	-3.24975
0.588822	8.76135
0.865653	1.8542
0.97919	-0.597361
0.951619	-0.230687
1.21963	-5.83897
0.859617	1.88736
1.10914	-3.80231
1.02851	-1.71788
1.25577	-1.81881
1.18993	0.0627401
1.14863	-3.71816
1.23513	-5.33769
1.25548	-6.03586
0.998992	-0.600995
1.06258	-2.1025
1.09582	-2.93266
1.02	-1.8088
1.08476	-2.35562
1.01903	-1.44598
0.969985	-0.439264
1.14628	-4.05197
0.98114	-0.541595
1.0308	-2.82319
0.883248	1.29738
1.17297	-4.37152
1.07175	-1.42485
1.06148	-1.83353
0.850928	2.51265
1.01557	-1.02395
1.06298	-1.46965
1.2957	-5.94131
1.17866	-3.39031
0.951702	0.607341
1.08585	-1.0073
1.22424	-4.75721
0.970087	0.927749
1.45068	-8.8434
1.24258	-4.87752
1.00206	0.167036
1.00518	0.0500482
1.16562	-2.84301
1.17065	-0.791203
1.17564	-4.12992
1.28003	-5.61926
1.22894	-5.33652
1.25001	-6.04605
1.31023	-6.54934
1.32467	-6.91067
1.29799	-6.55065
1.04575	-1.55955
1.2194	-5.25678
1.01673	-1.0188
1.07437	-2.06236
1.23657	-5.42093
1.34367	-7.3426
1.03376	-1.6498
1.35625	-7.77114
0.830672	3.15397
0.977786	0.230825
0.888433	2.38689
1.14802	-2.55592
0.760197	5.69325
1.13119	-1.86737
1.22377	-4.11621
1.30749	-5.42331
0.939729	2.43214
0.726093	6.18212
1.04517	-1.10126
1.03294	-0.238976
1.22342	-3.76506
1.02832	-0.642362
1.10565	-1.54338
0.969834	1.52264
0.958824	1.33279
1.14039	-2.68487
0.867295	3.15197
1.12922	-2.15319
1.07568	-1.3332
0.817176	4.08162
1.03729	-0.122742
1.03069	-0.671737
1.032	-0.44663
1.0955	-1.47505
0.931572	1.77755
1.07632	-1.16868
1.02825	-0.858872
1.07484	-1.21055
0.995516	-0.212612
1.03488	-0.245113
0.872023	1.67113
1.23828	-5.58972
1.20144	-4.54142
1.01427	-1.37276
1.27851	-6.36934
0.994907	-0.206989
0.894995	1.35503
1.03969	-1.69316
0.789805	4.40438
1.17041	-4.20929
1.1238	-3.20842
1.07843	-2.69972
1.40791	-9.01608
1.03414	-1.6657
1.04912	-2.52228
0.80255	3.1934
0.950772	1.25163
0.87998	2.05573
0.966469	0.303514
0.118659	20.1767
1.07936	-1.21157
1.12699	-2.73475
0.961359	0.59006
1.03633	-0.703545
0.862919	3.11893
1.04746	-1.20831
0.954329	0.168124
0.96884	0.578948
1.04168	-1.65072
0.767874	4.66618
0.925229	0.990405
0.921638	1.52653
0.830418	2.22805
1.019	-1.87901
0.946832	-0.00183471
1.06791	-2.22229
1.05739	-2.26357
0.877523	1.33032
0.689464	6.17011
0.890471	1.00499
0.873847	2.15355
0.984642	-0.911536
1.03601	-2.09233
0.9021	1.05855
1.15963	-4.90081
1.11765	-3.57227
0.908122	1.42905
1.28406	-6.47885
1.1898	-4.02105
1.2002	-4.39722
1.163	-4.60939
1.16502	-3.56551
1.10941	-3.35989
1.15029	-3.86561
1.16599	-4.80384
0.93042	0.584429
0.858225	1.6018
1.1524	-3.98425
1.22798	-5.4551
0.950517	-0.199331
1.01529	-1.44002
1.06177	-2.58308
1.04947	-2.06307
1.09279	-3.12133
1.02396	-0.631806
0.997976	-0.480652
1.09424	-2.05059
1.12886	-2.80935
0.880663	2.11773
0.983285	-0.280203
0.929807	1.2914
1.16475	-3.17752
1.10229	-1.59496
1.0742	-1.37988
1.09912	-2.10359
1.09109	-1.74565
1.13465	-2.36206
1.05768	-1.12312
1.22739	-4.31795
1.17956	-3.14046
1.4397	-8.66831
1.21835	-4.83504
1.25709	-5.71631
1.13392	-3.62076
1.29867	-6.45832
1.07335	-2.18098
1.05321	-1.64311
0.901905	1.76446
1.26523	-6.58611
1.26651	-5.65391
1.18881	-5.11948
1.06256	-2.13544
1.37679	-7.68374
1.02011	-1.0182
1.3742	-8.08533
1.47078	-9.66459
1.18475	-3.06231
1.03481	0.164628
1.09453	-1.33325
1.12391	-2.63495
1.18741	-3.35759
1.02809	-0.0253891
1.12877	-2.05524
1.29391	-5.04705
1.0332	-0.83036
0.883951	2.59439
1.20659	-3.65999
0.980969	1.4191
0.812059	3.92289
0.852596	2.94988
0.963331	0.46577
0.473859	34.0053
0.51731	33.3532
1.07579	-1.16001
1.02121	0.6883
1.12043	-2.54676
0.968249	0.285796
0.408809	43.5265
1.26406	-5.51377
1.13791	-2.02902
0.253507	19.1239
1.16174	-3.19216
1.035	-0.693901
1.02848	-0.736027
0.840859	3.44399
1.03811	0.27061
1.24849	-4.64219
1.04269	-1.29153
1.0529	-1.99003
1.01048	-1.4001
1.14893	-4.11121
1.14082	-3.47526
1.01648	-0.854318
1.09879	-2.43229
1.04381	-1.33845
0.976823	0.0316795
1.14414	-3.52457
0.880565	1.74136
0.962706	0.101886
1.05823	-1.98886
0.967851	-0.184907
1.06616	-1.89073
1.06491	-1.88588
1.3077	-4.09054
0.952895	0.893785
0.808727	3.33628
1.03821	-0.322959
1.16899	-3.14061
1.05481	-1.07689
0.862213	2.8239
1.31507	-6.16102
0.903022	2.58216
0.595125	9.11978
1.00917	-0.280714
0.938192	1.71536
1.12409	-2.60318
1.05316	-1.4224
0.960042	0.178517
0.862242	2.84778
1.03287	-1.1849
1.05625	-2.34216
1.07724	-2.48395
0.95952	-0.20584
1.06585	-3.00732
0.767204	4.33224
0.913592	0.937498
0.793586	3.71915
0.933143	0.820196
0.656836	7.01348
0.977304	-0.827384
0.951425	0.692692
0.715507	4.6722
1.09751	-3.00778
1.06514	-2.07054
0.79624	3.88324
1.18783	-0.756352
1.05228	2.69539
1.32309	-6.00271
1.21657	-4.74298
1.01265	-0.666802
1.35398	-7.34661
1.07588	-1.18335
1.02287	-1.13657
0.915292	1.84486
1.00502	-0.15282
1.12736	-2.4675
1.19669	-4.23356
1.16489	-3.88735
1.13913	-2.95406
1.24432	-5.08883
1.03887	-1.16353
1.13404	-1.82622
1.18456	-2.68161
1.14117	-2.12356
1.03081	-0.27919
1.15855	-2.18199
1.13146	-2.06253
0.919976	2.24072
0.991626	1.16267
0.996445	0.677844
0.962216	1.48265
1.07942	-1.10865
0.978973	1.28655
1.1274	-2.15346
1.25811	-4.33061
1.28697	-4.50716
1.28004	-4.76076
1.04978	-0.278753
1.13445	0.113481
1.39059	-8.11987
1.26859	-5.59821
1.11116	-2.82219
1.0803	-2.22221
1.23689	-5.71183
1.34959	-7.99645
0.999641	-0.317656
1.04572	-1.22434
0.951743	0.820712
1.05626	-1.78982
1.12663	-3.52027
1.14864	-4.13958
1.12205	-3.30099
1.15029	-3.7247
0.956352	-0.164979
1.1441	-2.84818
1.20082	-3.90455
1.14837	-2.98856
1.1828	-3.33889
1.15471	-2.76406
1.01102	-0.0834792
1.18519	-3.43793
0.989935	0.735632
1.07074	-0.888162
1.01501	-0.138645
0.692223	7.26868
1.15539	-2.36618
0.678865	7.3018
0.906379	2.17306
1.08499	-1.21306
1.31981	-5.44128
0.97919	2.84852
0.875458	3.87812
1.18684	-2.70704
1.00441	1.08169
0.882134	3.14999
0.204835	46.0886
0.829411	4.72573
0.848225	3.89176
0.723989	6.76252
0.737556	6.27384
0.926826	2.35738
0.843121	4.06626
0.940676	2.42453
0.840074	4.7219
0.981295	0.850584
1.04585	-0.283327
0.965374	0.639993
0.777005	3.95156
0.791386	4.12558
0.858353	2.63823
0.805421	3.78396
0.815952	3.22862
0.688193	6.37562
1.02351	-1.22604
0.905049	1.99055
0.66633	7.07797
0.971823	0.374765
0.954185	0.785936
1.07799	-1.35749
1.09688	-2.16263
1.09882	-2.64762
1.25662	-5.27839
0.915492	2.8281
0.907879	2.50123
1.08835	-1.85606
0.882799	2.88478
1.043	-0.21396
1.06576	-0.95527
1.0862	-1.01402
0.776378	4.75069
0.933854	2.44563
0.944871	1.44468
0.938156	2.09709
0.944644	1.65936
1.13148	-2.39415
0.772928	5.10486
0.752848	5.31884
0.935485	1.59848
0.9499	0.774067
0.984297	-0.363658
0.778108	3.98485
0.511118	10.5983
0.881244	1.70248
0.918351	0.706452
0.671709	6.71687
1.07027	-1.6369
0.787448	4.19931
1.14782	-3.86922
1.06686	-2.51172
1.07304	-2.23628
1.15325	-4.02641
0.96597	0.390794
1.30776	-6.87528
1.3368	-6.46656
1.41051	-7.6058
1.24969	-4.74698
1.10049	-2.43453
1.39401	-7.42619
1.32691	-6.75207
1.00411	0.094858
0.923076	0.952272
1.17391	-3.78222
1.18482	-4.39529
1.29849	-6.70636
1.1688	-3.50795
1.0564	-1.29451
1.13481	-2.93226
1.03541	-1.11188
1.16683	-3.90445
1.32855	-6.67256
1.10569	-1.47138
0.924908	1.79049
1.06638	-1.21969
0.96694	1.00887
0.963584	0.96448
0.913237	2.51075
1.03505	-0.364784
0.746664	6.74169
1.23371	-3.98532
1.17594	-3.17302
0.884775	2.90714
1.25166	-4.90504
0.961427	1.03192
0.939337	1.36348
1.22392	-4.23369
0.915792	3.01333
0.960066	1.15551
1.32759	-6.67347
1.23437	-5.27604
0.908881	1.56216
1.1732	-4.13967
1.17874	-3.60378
1.25169	-4.76979
1.11359	-2.4851
1.07059	-2.11318
0.955075	0.273611
1.15606	-3.65826
1.14916	-4.26232
1.04048	-2.11625
1.20563	-4.83862
1.33287	-7.24649
1.33173	-6.71413
1.00815	-0.588562
1.1553	-2.63706
1.05273	-1.24833
0.892009	1.93977
1.05017	-0.428365
0.928789	2.2199
0.939031	0.974217
1.21454	-4.157
0.856855	3.31556
0.872317	3.02156
1.238	-4.07112
1.2933	-5.24909
1.29743	-4.96691
1.23216	-4.21408
1.02091	-0.0214559
1.11112	-0.35387
0.932768	2.31694
1.13842	-2.03988
1.02294	0.454739
0.852734	4.48178
0.724614	6.98742
0.890589	3.97194
0.928119	2.83356
0.704366	7.66706
0.96704	1.98757
0.904764	2.792
1.05449	-0.0605555
0.771184	5.20592
0.984365	1.22197
0.641315	7.88876
0.728882	6.3728
0.951205	2.13107
0.7942	3.53204
0.875017	2.03616
0.602437	8.1135
0.812201	3.04312
0.851187	2.66658
0.840896	2.92169
0.923558	0.918701
0.829939	3.40842
0.723987	5.44459
0.760758	4.69448
0.936783	0.910879
1.0807	-2.4125
0.958641	0.794726
1.34566	-7.63473
0.895998	2.06223
1.12047	0.621109
1.09793	-1.64399
0.982534	0.858338
0.9276	2.11867
0.970659	1.04068
0.871525	3.37755
0.825359	4.56048
0.797523	4.76582
0.633503	8.85243
0.658565	7.8868
0.885498	2.41156
1.00195	0.314919
1.12141	-2.48745
0.712631	6.892
1	3.87246e-12
0.81246	4.22924
0.869178	2.44151
0.750928	4.14367
0.825564	2.68344
0.981188	-0.112226
0.901557	1.55531
0.693173	5.71508
0.88861	1.50945
0.76902	4.30709
0.768687	4.79237
0.863404	2.66803
1.05629	-1.99818
1.14727	-3.90849
0.574012	8.77989
1.19295	-4.62851
1.17215	-4.44709
1.21682	-4.53068
1.42493	-3.52894
1.26899	-1.98973
1.11739	-2.81348
1.19501	-4.49402
1.10162	-2.7898
1.16065	-4.55997
1.20326	-5.14076
0.827669	3.14522
1.00431	-0.463032
1.10225	-2.33327
1.17421	-3.94956
0.967399	0.0841191
1.04816	-2.23979
1.15385	-4.48553
1.15685	-4.58768
1.03702	-1.99226
1.36871	-7.74873
0.97613	0.637064
0.983313	0.133761
0.772152	4.52603
0.757457	4.22424
0.855471	3.15537
1.14386	-2.49095
1.14576	-2.49503
1.02018	0.265726
0.952177	1.61796
1.07048	-1.55793
0.981035	0.548222
0.832661	3.59079
0.948043	1.49458
0.881203	2.93826
1.04057	-0.964583
0.851242	3.25996
1.12725	-0.790492
0.884665	0.97654
1.07011	-1.96211
1.15414	-3.74855
1.09265	-2.63334
1.06934	-2.38619
1.23702	-6.03166
0.997828	-0.911639
1.01544	-1.0671
1.13808	-3.66269
1.06057	-1.93956
1.14617	-3.60399
1.54786	-11.5426
1.04765	-2.4318
1.2517	-6.34153
1.16156	-4.61466
1.14076	-2.56872
1.02021	-0.393313
0.988675	0.0351534
0.968284	-0.0365562
1.1037	-2.04414
0.814167	4.1614
1.00482	0.183837
0.909884	1.53038
0.834119	3.36324
1.17724	-3.82204
1.01618	-0.192728
1.08309	-1.55291
0.829975	3.7511
0.806555	4.19416
1.12457	-2.21169
1.04549	-0.33216
0.894311	4.90514
0.896256	3.04498
1.01818	0.421919
0.917184	2.67732
1.10279	-1.27368
0.8633	3.92763
0.908363	2.52908
0.785955	5.19004
0.913734	3.44121
0.887369	3.72529
0.898899	4.08917
0.837172	3.99274
0.696604	6.94954
0.841014	3.4505
0.912525	2.37039
0.86853	3.11941
0.863637	3.082
1.11137	-2.76731
0.861897	2.95813
0.645319	7.89187
0.97066	0.712279
0.923816	1.38006
0.909555	2.13065
1.12756	-2.50976
1.04744	-1.44851
0.860979	2.94705
0.765493	4.92114
0.926066	1.99108
0.968626	0.837311
0.98069	0.574605
1.12253	-2.37639
1.0401	-0.777965
0.83716	5.50936
1.01721	0.545594
0.803883	5.5404
0.968457	2.15791
1.09084	-0.434483
0.808986	5.81613
1.02568	0.252887
0.799319	5.79031
0.748644	7.68975
1.02794	0.704662
1.30476	-4.98246
1.02246	1.01994
0.596846	10.1505
0.85999	3.84755
1.06133	-0.565925
0.812748	4.7821
1.26562	-4.86003
0.81901	4.42064
1.15306	-2.8879
0.820513	4.30503
0.93599	1.42402
1.05398	-0.891639
1.14407	-2.57424
1.29307	-6.10178
0.855052	4.22847
1.11673	-2.06555
1.19321	-3.35001
1.2205	-3.93748
0.888812	3.35798
1.14231	-2.47053
1.34789	-6.88787
1.29734	-4.83246
0.972824	0.59531
0.99871	-0.167514
0.865211	2.25623
0.990407	-0.525443
1.21202	-4.71341
0.980667	-0.517964
1.1161	-3.08376
0.960069	0.649047
1.01717	-1.23666
0.792432	3.66419
1.12408	-3.57316
1.09282	-2.45193
0.890515	1.34769
0.943151	0.39913
1.24818	-6.16241
1.15431	-4.26451
1.26752	-5.12373
0.971095	0.668545
1.00111	-0.196357
1.07229	-1.22308
1.06343	-1.16116
0.889473	2.80169
1.03084	-0.27104
1.12677	-2.1552
1.20014	-3.19727
1.05483	-0.261256
0.992506	0.48773
0.934543	1.26181
1.22005	-4.41969
0.736229	6.1054
0.983271	0.365507
1.29676	-4.41164
1.31176	-6.4201
1.2828	-6.54654
0.969128	0.194023
0.9677	-0.12035
1.23562	-5.92667
0.977449	-0.284748
1.07901	-2.42224
1.11692	-2.81668
1.36299	-8.15322
1.19269	-5.01925
0.928115	0.807727
1.15992	-4.09756
0.271673	16.2688
1.45609	-9.58332
1.08778	-2.76859
1.13507	-3.56344
1.15083	-2.67403
1.19545	-3.90608
1.03158	-0.839487
0.834178	3.211
1.05544	-1.26415
0.936609	1.82161
1.09112	-1.36642
0.979436	0.485364
0.845168	3.78831
0.939428	1.11
1.18083	-3.41813
0.979591	0.975322
1.1535	-2.75681
0.993621	-0.0512491
1.33057	-6.72257
0.970464	1.52765
1.18291	-2.65975
0.849026	3.71081
1.01881	0.549263
0.92474	2.23016
1.04242	0.136364
-0.0810394	26.7459
0.948943	2.33944
0.80466	5.49934
0.977908	1.54659
0.828236	4.39415
0.918489	2.74945
1.05224	-0.0919611
0.683125	7.64038
0.715561	6.48385
0.830831	4.37122
0.886159	3.59532
1.07369	-0.761985
0.904944	2.29094
0.905173	1.72062
0.784497	5.23976
1.04644	-0.756232
0.816643	4.03977
1.03245	-0.451455
0.965288	1.44983
1.29776	-5.88641
1.02069	-0.0191577
1.11355	-2.38661
0.819579	4.10984
0.713975	6.69382
0.931678	2.28569
0.968187	0.929541
1.31991	-2.52788
1.03168	1.05053
1.12302	-1.85945
0.926417	3.09101
0.859053	3.91007
0.845585	5.10867
1.04496	0.678217
0.827188	4.96561
0.738877	7.26598
0.945908	2.9777
0.941439	2.18896
0.74142	6.68735
0.795115	4.97362
0.850715	4.21887
0.935923	2.55289
1.05687	-0.0306516
0.907857	2.65938
0.880882	3.31081
0.850075	4.06618
0.953308	1.91334
0.890187	2.77099
1.09408	-1.27395
1.04751	-0.0706611
0.550658	11.3196
0.722066	6.93587
0.935718	2.49254
0.944721	1.86672
1.26515	-5.01037
1.22804	-3.87295
0.933213	2.41276
1.07215	-1.07333
1.0242	-0.170136
1.13628	3.23614
1.0657	1.866
1.2977	-5.98267
1.27556	-5.85545
1.18924	-4.12601
1.2811	-6.49277
1.17231	-4.12843
1.31723	-7.38946
0.96376	-0.39909
1.17962	-4.27752
1.27596	-5.96885
1.03686	-1.73588
1.03954	-1.91588
0.939488	-0.0617836
1.01424	-0.946958
1.09478	-3.13413
1.1227	-3.29337
1.11244	-1.94998
0.785316	4.53019
1.16066	-3.09958
0.987238	0.373514
0.960007	0.676069
0.974097	0.858752
0.905658	2.7079
1.17758	-3.06283
1.08258	-1.15181
0.875529	2.99123
1.04658	-0.764015
1.09668	-1.30986
1.09937	-1.93119
0.90613	2.27139
1.11834	-1.99356
0.88224	3.02613
1.05326	2.06456
1.08017	-2.01574
1.21575	-5.09636
1.27038	-5.57194
1.14504	-3.57896
1.01009	-0.831656
1.0123	-0.71518
1.09998	-2.21059
0.95563	0.998261
1.18367	-3.98142
1.10927	-2.05347
0.960287	0.196136
1.06905	-2.10442
0.760295	4.38283
1.01683	-1.129
1.0799	-2.30625
1.16938	-3.45593
0.777375	4.82844
0.954337	1.20757
0.876059	2.94431
1.22319	-4.72352
0.724445	6.17827
0.932137	1.8243
1.00406	0.279049
0.603967	9.49475
1.10477	-1.55844
1.04136	-0.611031
0.968086	0.925091
1.04073	-0.015361
1.16737	-2.756
1.2707	-4.3125
1.14078	-2.10947
1.24981	-3.48185
1.33757	-5.47504
1.12039	-1.52473
1.26928	-4.93923
1.20423	-3.4526
1.00202	0.129551
1.24814	-3.66764
1.31521	-5.98457
1.01967	0.370004
1.0952	-1.92924
1.06604	-0.407998
1.26276	-3.93719
0.954739	0.970072
1.17523	-2.96073
1.25127	-4.1996
1.26201	-4.46063
1.23306	-5.36424
1.56042	-11.6644
1.2213	-5.1982
1.40781	-8.37427
1.35983	-8.0704
1.30764	-6.52329
1.21065	-5.46108
1.10195	-3.06183
1.24053	-5.24955
1.20421	-4.59035
1.35223	-7.63862
1.40213	-8.26155
1.36297	-7.78293
1.49601	-10.0122
1.24349	-5.31643
1.37442	-7.19547
1.32358	-4.4934
1.2553	-4.32096
1.09685	-1.15208
1.07717	-0.556599
1.17554	-2.85398
1.09292	-1.02199
1.08051	-1.34837
1.15439	-1.55289
0.925953	2.60923
1.27588	-4.62495
1.18782	-2.81154
1.2423	-4.41815
1.11858	-1.43855
0.989411	0.444731
0.946189	1.47328
1.3082	-5.64721
1.0087	-1.26659
1.11783	-3.19976
1.1829	-4.55883
1.1539	-3.80306
0.984412	-0.0584196
1.01112	-0.577232
1.22625	-4.83576
1.26585	-5.45754
0.866532	3.06549
1.12658	-2.76743
1.17792	-3.68068
1.13936	-3.12315
1.04403	-1.01328
1.37447	-7.62905
1.21425	-4.26747
1.52973	-8.7653
1.18703	-4.3192
1.35337	-7.2055
1.13471	-3.7514
1.24704	-5.93657
1.1441	-3.53826
1.09114	-3.11952
1.18733	-4.41333
1.2787	-6.16416
0.999187	-1.09666
0.958017	0.12033
0.953174	0.107916
1.17712	-4.57267
1.06761	-2.33416
1.06106	-2.376
1.12452	-3.53301
1.09032	-2.71386
1.14142	-2.43943
1.00917	-0.149876
1.0146	-0.20418
1.11727	-2.05029
1.07208	-1.7844
0.875614	2.03914
1.02157	-1.00278
0.906619	2.85629
1.19954	-3.19977
1.19925	-4.12078
1.22035	-4.06981
1.10815	-2.09358
1.07094	-1.11891
1.04883	-0.397728
1.26135	-4.50609
1.02532	0.0812964
1.28227	-5.45167
1.00491	-0.59841
1.22269	-4.81781
1.00185	-0.860999
1.07093	-1.94927
1.11969	-3.08789
1.10046	-2.80222
1.10356	-2.12728
1.00278	-0.665313
1.1406	-3.13456
1.06424	-2.05833
1.01485	-0.359337
1.06054	-1.80437
0.940028	0.387271
1.1273	-3.15065
1.15709	-3.65337
0.874887	2.32255
0.99352	0.173537
1.03321	-0.421594
1.05681	-0.928051
0.950478	1.09385
1.00972	-0.0310437
1.06052	-1.13865
1.03324	0.026952
0.909601	2.27745
0.904733	2.22055
0.950592	1.44724
1.19712	-3.01121
1.12621	-2.04056
1.09283	-0.882623
1.17869	-2.63929
0.992155	1.34025
0.929688	1.50967
1.37358	-6.03818
1.18832	-3.29615
0.951973	1.56043
0.848895	3.4588
1.08374	-0.99299
1.18669	-3.42706
1.22143	-3.28751
1.06816	-0.632938
1.28684	-4.87018
1.27763	-4.80895
1.39439	-7.24331
1.11799	-1.99759
1.40633	-6.72656
1.13556	-1.91698
1.27517	-4.42719
1.22045	-5.1136
1.27512	-6.15767
1.2449	-5.51858
1.38843	-8.48759
1.13952	-3.44268
1.25622	-5.52332
1.19947	-4.7864
1.43366	-9.13373
1.20892	-5.3148
1.36617	-8.053
1.08987	-2.73585
1.10777	-2.87413
1.27506	-6.24684
1.29985	-6.55445
1.12514	-3.41949
1.32384	-2.86913
1.21272	-4.0634
1.09199	-1.14547
0.98604	0.451108
0.9948	1.03751
1.16992	-2.71904
1.32906	-4.84184
1.28218	-4.04289
1.16526	-2.30604
0.986619	0.811052
1.13906	-1.85737
1.1484	-2.11625
1.11339	-1.76628
0.951582	1.46221
1.15032	-1.98165
1.05981	-1.27884
0.908159	1.86763
1.36219	-7.56044
1.26526	-6.04568
1.18758	-4.64828
1.00309	-0.571754
1.12082	-3.2144
1.05389	-1.07895
1.12326	-2.42979
1.29773	-5.78219
1.17581	-3.53255
1.08609	-2.28792
1.14517	-3.49887
1.31435	-6.42814
1.19854	-4.26375
1.23511	-5.41266
1.01694	-0.298484
1.47298	-3.80606
1.25876	-2.28712
1.16579	-4.25516
1.25203	-5.36829
1.13673	-3.64014
1.20679	-5.42949
0.974434	-0.475809
1.38506	-8.44882
1.0242	-1.51886
1.15194	-3.88124
1.19211	-4.78096
1.1603	-4.216
1.2235	-6.17229
1.17002	-4.8222
1.1466	-4.21302
1.08985	-2.99581
1.30313	-7.18378
1.07195	-1.77114
1.112	-2.38531
1.02895	-0.249865
1.05912	-1.53775
1.04575	-0.989013
0.779144	4.65054
1.06305	-0.792759
0.937006	1.17755
0.948848	1.44857
1.07138	-1.80798
1.01483	-0.58644
0.869994	2.55933
1.02145	-0.35217
1.07161	-2.03615
1.11042	-2.32186
0.822928	3.405
1.31523	-1.91856
1.24523	-5.17527
1.27597	-5.53344
1.03105	-0.508541
1.13982	-2.68824
1.1136	-2.34798
0.810792	4.55499
0.850761	3.972
0.96464	1.28224
0.968838	1.16485
1.00594	0.813674
0.638886	8.66344
0.92887	1.97022
0.760374	5.29455
1.10305	-2.02029
1.02145	-0.781609
0.985719	0.97009
0.946006	1.26711
1.07658	-0.57063
0.882789	2.64115
0.739142	6.23984
0.853218	3.963
1.06107	-0.611862
0.917253	2.55499
0.710662	7.125
0.796284	5.31931
1.05293	-0.555662
0.88649	3.04073
0.945894	1.42076
0.794033	4.92132
0.93381	1.3197
0.955081	1.14503
0.965238	2.0032
1.23949	-4.41935
1.29886	-5.45448
1.0269	-0.4772
1.10857	-2.04516
1.15666	-3.39497
1.10795	-2.42334
0.943009	1.01351
1.10469	-2.13998
1.37267	-6.77778
1.06694	-1.63654
1.04682	-0.920425
1.16266	-3.31552
1.14848	-2.46907
1.194	-3.53648
1.24846	-4.14825
1.46031	-9.61187
1.38009	-8.47101
1.26503	-6.36893
1.17221	-4.36118
1.14682	-4.17057
1.09758	-3.76356
1.33172	-7.02893
1.32173	-7.11113
1.04918	-2.02349
1.18559	-4.48995
1.33913	-7.73245
1.1656	-4.0748
1.38751	-8.68814
1.25299	-6.4339
1.34541	-7.41012
1.46306	-8.95847
1.06637	-0.550906
0.976275	1.22634
0.940187	1.47687
1.24157	-4.19526
1.14123	-2.27484
0.932496	2.21636
0.842017	3.27621
0.915657	1.29472
0.930692	1.76063
0.833956	3.57652
1.20854	-3.87675
1.10587	-1.70202
1.12242	-2.05565
1.16115	-3.14124
1.20353	-3.54807
1.04417	-0.751625
1.10273	-2.97779
0.974272	-0.412556
0.833131	2.36131
0.951006	0.550588
0.852939	2.38215
1.04203	-2.05627
1.17768	-4.06661
1.27633	-6.02773
0.871819	2.36938
0.875281	1.77492
1.08368	-2.1329
1.23593	-5.53276
1.07852	-2.61315
1.31021	-6.24125
1.01443	-0.473094
1.77579	-14.4222
1.39636	-7.76918
1.09211	-2.75281
1.15059	-4.1558
0.986512	-1.10435
1.38332	-8.71462
1.14899	-3.78245
1.11942	-3.5456
1.00506	-0.687628
1.0291	-1.67942
1.09914	-2.71166
1.28229	-6.83594
1.11398	-3.64868
1.26279	-6.7323
1.10771	-2.99887
1.18995	-5.43639
1.1178	-2.95611
1.1109	-2.41533
1.06098	-1.05086
1.23946	-4.51898
1.05683	-1.35862
1.04115	-1.22777
1.1225	-2.63965
0.921594	0.948606
1.00235	0.276698
0.840298	3.18091
0.841272	3.67282
1.23115	-4.09038
0.875095	2.30819
1.18068	-2.71911
1.08833	-1.6609
1.14293	-2.53489
1.14843	-2.45483
1.154	-2.70051
0.949483	1.17129
1.31775	-6.59304
0.880073	2.82753
0.89776	2.64458
1.15413	-3.24552
0.797418	4.98298
1.09117	-1.31939
0.924015	2.26713
0.942921	1.65132
0.796838	4.52866
0.817978	4.22747
1.27868	-5.60243
1.27727	-6.03169
1.18125	-3.87035
1.2669	-5.44483
1.23349	-4.26774
0.976566	1.04019
0.932609	1.82455
1.25213	-4.60349
1.00779	0.0078585
0.947189	1.98152
1.03769	-0.281942
0.845218	4.58669
0.891615	2.67395
0.990284	0.897824
0.811277	5.04836
1.03929	-0.794676
0.777002	5.43613
0.983098	0.857818
1.09592	-1.28969
1.01399	0.768041
1.12706	-2.51346
1.13182	-2.24094
1.13061	-2.72601
1.08665	-0.83674
1.08921	-2.07127
1.03136	-0.690308
1.11138	-1.91569
1.14541	-3.01142
1.26638	-4.0488
1.09089	-2.01968
1.10332	-2.38713
0.975812	0.339701
1.19591	-3.84503
1.24304	-4.75819
1.32056	-5.68834
1.31136	-5.57007
1.38208	-7.83388
1.09669	-3.13085
1.4303	-9.57727
1.29324	-6.59992
1.20364	-5.21558
1.37278	-8.40051
1.08287	-2.86578
1.29945	-7.09876
1.30558	-6.61059
1.20294	-4.94279
1.26491	-5.43443
1.18361	-4.78751
1.13835	-4.34617
1.13434	-3.5279
1.15247	-4.01734
1.25615	-2.3182
1.13914	-2.10216
1.08809	-1.39242
0.83194	3.24441
1.06328	-1.05479
0.979981	1.0101
1.06153	-0.836406
0.946516	1.41877
0.916541	2.5194
1.27307	-4.81336
0.884084	2.32086
0.971806	1.50727
1.09712	-1.81225
1.17078	-2.79884
1.16469	-2.96575
1.09107	-1.91493
1.19606	-3.37796
1.19907	-4.33088
0.885232	1.54081
0.923926	0.640357
0.97615	-0.302106
1.07572	-2.06816
1.05908	-2.08978
1.1925	-4.93843
0.717333	5.56842
1.39203	-8.08234
0.931991	0.811775
1.00219	-0.607693
1.08756	-2.15391
0.935058	0.380366
1.14875	-3.77718
1.2611	-5.25863
1.25908	-0.409634
1.17906	1.71603
1.0292	-0.124268
1.09175	-1.6044
1.09396	-1.43367
0.782997	4.73355
0.946151	1.41103
1.10751	-2.59652
1.091	-1.60031
0.712844	6.91569
1.08273	-2.26428
1.14786	-3.07211
1.03961	-1.07474
0.964101	0.332299
0.770348	4.6055
1.14198	-3.40357
1.21494	-4.14133
0.805529	4.9315
1.11444	-1.1434
0.87232	3.64166
0.870087	3.41088
0.710706	7.14381
0.971682	2.16547
1.06853	-0.59355
1.04921	0.466297
0.840975	4.86446
0.796581	5.15464
0.846679	3.96384
1.05852	0.0692959
0.903246	2.57398
0.99373	1.35409
0.80943	4.53022
0.792827	4.94945
0.999547	3.91739
1.13085	-2.10892
1.03949	-1.2239
0.883035	2.88075
0.958532	1.17603
1.13079	-2.89855
1.18101	-3.3447
0.873527	3.46545
1.02603	0.0671567
1.08678	-1.56335
1.06631	-0.711283
0.888587	2.82382
0.834989	4.07892
1.14291	-2.63699
1.19811	-3.78641
1.01723	-0.493947
0.749813	6.10262
0.714977	6.57212
1.17231	-3.11892
1.03373	-0.484666
0.846342	4.02996
0.715714	7.26041
0.802513	5.0463
0.845541	4.00383
0.637838	9.43564
0.844121	4.17581
1.02758	0.289358
0.973112	1.0983
0.796642	5.00527
0.91613	2.93681
0.999411	0.63826
0.751888	6.69473
0.871954	4.38152
1.13932	-2.40203
1.17815	-3.01344
1.00825	0.634735
0.920426	2.25711
1.08845	-1.60185
0.828036	4.41178
0.99476	0.874607
0.913035	2.44534
0.689742	7.40658
0.965634	0.980849
1.02656	-0.147376
0.992652	0.582274
0.943112	1.64085
0.713939	6.21347
0.843657	3.25332
0.911878	1.16856
1.16506	-3.8415
1.12754	-2.8716
1.07307	-2.16931
0.863813	2.76377
1.06257	-1.7815
0.972397	0.296518
0.866264	2.6532
0.966949	0.609848
0.977871	-0.0174803
0.954299	0.231432
1.2533	-5.83249
1.12347	-2.33083
0.986702	0.221656
1.08753	-2.02481
1.06086	-0.660139
0.940549	2.42424
0.997931	0.75238
0.801116	4.63797
1.01258	0.382008
0.851891	3.77127
1.05973	-0.200368
0.968224	2.05647
1.15892	-2.404
0.942309	1.90904
1.1842	-3.4386
0.928471	2.21501
0.985314	1.19415
0.951486	1.1404
1.06386	-1.24066
1.17705	-3.70118
0.777944	4.68706
1.19506	-4.68294
1.10913	-3.06248
1.17001	-4.19131
1.11008	-2.95304
1.00768	-1.14946
0.988088	-0.838846
1.04238	-1.14265
0.825821	3.38925
0.948311	0.601847
1.03294	-1.00726
1.20472	-4.50641
1.22861	-5.33619
1.25181	-5.49234
1.12349	-3.25598
1.03422	-1.4872
1.37134	-6.84303
1.38199	-6.88443
1.1096	-2.54299
1.48393	-9.31301
1.02808	-0.478225
0.949698	1.22928
0.859844	3.59171
0.967719	0.808905
0.774526	5.35698
0.92154	1.94582
0.823331	3.82854
0.914459	1.87413
0.886575	1.96496
0.858811	2.9071
1.08614	-1.76175
0.843189	3.31486
1.00776	-0.0416739
0.787998	4.97821
0.76276	5.83265
0.674743	7.63006
0.750049	6.30383
0.982109	1.32849
0.987923	0.773799
1.02944	0.741561
0.793921	6.12459
0.842302	4.33465
1.11967	-1.19876
0.954726	1.92301
1.01105	1.20855
0.97262	1.64234
0.852686	3.80111
0.611791	8.92854
0.969705	2.28882
1.01718	0.353866
1.09516	-1.7696
0.938195	1.26942
1.13159	-2.48816
0.971097	0.784622
1.22509	-4.06856
1.13963	-2.64663
0.960525	1.94584
1.10678	-1.77984
1.21686	-4.0684
1.18517	-4.14259
1.10887	-1.80799
1.0366	-0.505107
1.02254	-0.723141
1.23255	-4.32938
1.3251	-6.11557
0.902412	1.90559
0.930477	2.1114
1.12941	-1.58545
1.0144	0.552663
1.01216	0.783241
1.14409	-2.28646
0.717617	6.71518
0.954423	2.18164
0.743827	6.34418
0.840577	4.19661
0.697863	7.40837
0.948086	2.22745
0.965246	1.62615
1.03027	-0.37778
1.15825	-2.75911
0.87161	4.99509
0.859044	4.08716
0.871051	3.27079
0.852234	3.5068
0.870181	3.09643
0.982853	1.3093
1.05267	-0.711938
0.650969	8.16382
0.703469	7.26076
1.24315	-4.66272
0.957603	1.44874
0.939771	1.67297
0.908266	2.50654
1.04648	-0.352917
0.861552	3.54038
0.818777	4.55012
1.09947	-0.977357
1.06993	-2.21461
0.84473	2.90292
0.550422	9.80195
0.789922	4.13283
1.0912	-2.32765
0.687237	6.28108
0.791257	3.96983
0.782139	4.37069
1.09089	-2.21595
0.848055	2.83309
0.737692	5.51552
0.987018	-0.36401
0.961827	0.596813
1.04366	-0.918624
1.04123	-1.19265
1.08102	0.745449
1.10381	-1.52026
1.09451	-1.18112
0.920509	2.72525
1.00918	0.33994
1.10575	-1.49745
1.22341	-3.66978
0.868368	3.38275
0.84513	4.05483
1.02066	-0.181848
0.892235	2.69401
0.908432	2.98282
0.876102	3.03369
0.895843	2.88636
0.92215	1.42963
1.00522	0.795123
1.29112	-4.93925
1.17415	-4.1738
1.11064	-3.50539
1.00227	-0.99646
1.16703	-4.37792
0.953524	0.0857356
1.03703	-1.42372
0.902611	1.52279
0.918743	1.83123
0.873577	2.73924
1.11409	-3.38317
1.2336	-5.37043
1.083	-2.32564
1.27504	-6.0313
1.27436	-6.18758
1.15965	-3.7346
1.2912	-1.74435
1.23942	-0.237706
0.973323	0.106203
1.05348	-1.24478
0.903848	1.07241
1.04133	-1.5142
1.14288	-3.58985
1.01603	-0.957747
0.723709	5.2672
1.04819	-1.46504
0.819441	3.26858
0.940225	0.512167
1.05354	-1.99902
0.93294	0.426053
1.03261	-1.85404
1.01087	-1.07394
1.05578	-1.6107
1.06336	-1.2547
1.0437	-0.241818
0.770713	4.82101
0.956208	0.832426
0.772948	4.55312
0.717825	6.39112
0.999067	0.061667
1.04766	0.316751
0.865155	4.01443
0.785279	5.60631
0.941203	1.36894
1.18965	-3.2891
0.909326	1.94211
1.1373	-2.38968
1.08716	-1.56311
0.852343	3.17599
1.09729	0.991742
1.10132	-1.97032
0.99619	-0.460029
0.999358	-0.507941
1.19914	-4.78348
1.08875	-2.04106
0.922297	1.12318
1.18502	-4.11016
1.14829	-3.43911
1.18354	-4.13215
0.848601	2.62997
0.790534	3.86597
0.931148	0.279873
0.89021	1.77542
1.024	-1.33102
1.00978	-1.03255
0.993219	-0.82298
0.903827	2.02453
0.718131	6.03367
1.17242	-3.39024
0.729753	6.00546
0.871959	2.77926
1.09764	-1.88133
1.31528	-5.96166
0.954672	1.32515
0.648388	8.47529
0.729019	6.72125
0.719917	6.30528
0.863741	3.83059
1.10618	-1.51999
0.862664	3.27687
0.881749	3.24365
0.960536	2.46797
1.25914	-4.42973
1.14212	-2.54693
0.864143	2.66332
0.855776	3.22675
0.736102	5.68466
0.903968	1.90628
1.06372	-0.989317
0.608206	9.22823
1.18154	-3.68011
0.953676	1.48628
0.945991	1.08593
1.01895	-0.116047
1.05117	-1.23246
1.0805	-2.0683
0.874192	2.48049
1.15148	-3.61937
0.950418	0.318064
1.06318	-2.47636
1.06454	-2.175
1.06704	-2.24112
0.918397	0.94033
1.19047	-4.80913
0.939831	0.524388
0.89493	2.3068
0.917381	1.29229
0.921927	1.25311
0.990629	-0.346333
1.05635	-1.09438
1.12876	-3.57041
0.893408	1.98452
1.21864	-5.24755
0.962182	2.18382
0.91764	2.36085
0.693578	7.41007
1.20038	-3.16313
0.803601	5.03532
1.32227	-4.41228
0.990615	2.57936
0.924907	2.97492
1.00897	1.34739
1.07454	-0.234647
1.01889	0.820151
0.887975	3.59574
1.1224	-1.19777
1.30492	-5.09331
0.761698	6.11914
1.13745	-1.89906
0.963382	0.234763
1.02314	-0.878644
1.00428	-0.42485
1.1809	-3.58172
0.998584	-0.197294
1.13076	-3.02787
1.08617	-2.07454
1.2964	-6.03707
0.892327	2.58587
1.14779	-3.13313
1.17773	-3.88976
1.36944	-7.60707
0.939403	1.60843
0.94116	1.36798
1.18836	-3.31151
1.24925	-3.83137
1.13795	-2.34748
1.09182	-2.01381
0.856684	2.55848
0.636711	7.57615
1.00883	-0.605422
1.30762	-7.01236
0.864832	2.15384
0.863852	2.80911
1.13445	-3.11405
0.982632	-0.219122
1.38766	-8.27212
0.945476	0.883782
0.917696	0.884443
0.78597	3.43199
0.981745	-0.489093
1.34468	-7.38943
1.05837	-0.873183
0.728701	6.37676
1.01209	-0.432752
0.942621	1.14242
0.793274	4.77168
1.06589	-0.322099
0.831915	4.17617
0.843267	4.03621
0.856074	3.19004
0.97574	1.41896
1.05503	-0.604229
0.840646	3.80608
0.985952	0.653402
1.15263	-2.27695
1.04443	-0.158561
0.961141	2.40831
1.00404	0.184502
0.891258	1.84634
1.19595	-4.66268
1.04412	-1.17737
1.04468	-1.42767
1.16137	-3.37506
1.06639	-2.0081
0.779768	4.96447
0.778455	4.38256
0.951711	0.259906
1.0908	-2.19719
1.06268	-1.63115
0.785598	4.1787
0.911418	1.088
0.978508	-0.459421
1.25992	-6.23883
0.785031	5.10856
1.13973	-2.59905
1.11334	-2.15379
0.765516	5.12587
0.819493	4.23461
0.846071	4.05787
0.87057	3.25978
1.14118	-2.05981
0.831566	4.25998
0.957109	1.26702
0.788569	4.51883
0.871574	3.13251
1.15379	-2.39931
1.0281	-0.499032
1.06739	-1.01607
0.900125	4.27318
1.02321	0.205977
0.953863	1.11894
0.900462	2.43422
0.861715	2.9093
0.943065	1.3351
0.988423	0.329529
1.04614	-0.506159
0.660862	8.1898
0.992469	0.218892
1.02962	-0.449778
0.924253	1.80195
0.850736	2.91191
1.1103	-1.81812
1.08199	-1.42273
1.00846	0.519933
1.10458	-1.68544
1.12031	-2.97493
1.05968	-1.45098
1.03943	-1.15549
1.22295	-5.05088
0.916063	1.38718
0.903582	1.4831
0.782007	4.44678
0.839268	3.50783
1.22284	-5.11301
1.23489	-5.63039
0.924971	1.81933
1.16289	-3.67926
0.983407	0.350734
1.18482	-4.34506
1.00379	-0.239742
1.04878	1.35735
0.731641	7.11843
0.936618	2.84627
0.766823	6.26148
0.778529	6.18932
0.794241	6.40094
0.747554	6.50718
0.999584	1.56299
0.734004	7.1258
0.858241	4.92285
1.00616	0.797695
0.875933	4.16345
0.776115	5.9822
0.882617	3.37357
0.922524	2.88632
1.0152	1.11679
0.770481	5.74614
0.905811	1.95795
1.07801	-1.32193
1.01842	-0.675074
1.09084	-2.22671
1.01002	-0.320761
1.2065	-4.19837
0.937798	1.56321
0.697016	6.91414
1.37587	-6.54946
1.28607	-5.4802
1.31129	-6.50473
0.908444	2.14264
0.948434	1.75921
0.884893	2.81069
0.944266	1.88502
1.33657	-1.64198
1.36176	-1.30915
0.947641	1.25746
1.13361	-2.82015
0.91284	1.84492
1.09951	-2.24112
0.950607	1.54374
1.1493	-4.06274
0.935743	0.863057
1.08236	-1.27718
1.0484	-1.21848
1.05436	-1.18232
1.07532	-1.71106
1.11487	-2.75859
1.0416	-1.40496
0.942971	0.517402
0.985886	-0.122082
1.14933	-2.28915
0.917884	1.62933
1.15126	-2.73331
0.985715	0.615061
1.19066	-3.96888
0.794651	4.72463
0.919531	2.37434
0.954852	1.50918
0.775977	5.71737
0.781583	5.23015
1.03344	0.119862
1.01763	-0.107735
0.861363	3.52122
1.05686	-0.818056
0.980727	0.572833
0.828924	4.13059
1.19406	-0.453149
1.01462	-0.499224
0.934949	0.899427
0.98049	-0.000130796
1.10187	-3.04204
0.96746	0.253116
1.00247	-0.562519
1.06209	-1.64233
0.621532	8.63486
0.984789	0.010616
0.963857	0.149362
1.06775	-1.83233
0.983061	-0.204933
0.965467	-0.792917
0.996959	-0.820374
0.944188	0.723088
0.951846	0.88442
1.08656	-1.49644
0.973024	0.364406
0.82072	3.40036
0.832339	3.36507
0.930772	0.867939
0.694314	6.96803
0.780233	5.10639
0.993315	0.467699
0.96823	0.879649
0.937362	1.74697
0.824989	4.24899
1.13841	-2.25179
1.00146	0.562609
0.839659	3.36771
0.993219	0.623158
0.68964	8.17589
0.970652	1.50832
1.13329	-2.29402
0.89049	2.59548
1.06649	-1.354
1.31579	-6.2319
0.781427	4.79315
1.0673	-0.991635
0.942731	1.62724
1.12492	-2.25231
0.792758	4.41971
1.1265	-2.32723
0.966452	0.672137
0.781806	4.44265
0.918521	1.70906
1.19193	-3.59546
1.00104	-0.646087
1.21319	-5.37828
0.787159	3.44838
0.670457	6.64665
1.24188	-5.76343
0.908418	1.77617
0.975122	0.19546
1.01557	-0.319148
0.681873	7.15597
1.06084	-1.80004
0.979734	-0.61841
0.80866	3.56754
1.10671	-2.57546
1.22272	-5.12828
1.23516	-6.0271
0.966572	0.312929
0.728221	6.57647
0.942708	1.89344
0.630775	8.10915
0.710774	6.53845
0.901466	2.53862
0.952665	1.46674
0.966226	2.0839
0.840273	4.51084
0.861957	3.96152
0.60897	9.07985
0.863809	3.16181
0.919369	2.24513
0.985357	0.841054
0.825287	4.28692
0.754396	5.83692
0.779932	4.81045
1.29162	-6.22968
1.18349	-3.95201
1.04818	-1.49878
1.04813	-1.59955
1.19016	-4.50352
1.3214	-6.35087
1.44059	-8.68273
0.787383	4.13539
1.02323	-0.237223
1.1774	-3.75328
0.85037	3.44883
1.08983	-1.97309
1.26958	-6.32439
1.0396	-0.529828
1.30372	-6.40293
1.19261	-2.81888
1.28444	-5.10142
1.10966	-2.17285
0.911126	1.37243
1.02144	-0.54375
1.02591	-0.362845
0.950876	0.344132
0.972975	0.247676
1.08007	-1.81012
1.03807	-0.975888
1.1314	-3.30848
1.15633	-3.71292
1.08685	-2.06025
1.13726	-3.17041
0.805623	3.39709
1.15399	-3.82801
1.28746	-5.87012
1.04424	-0.651783
0.808158	4.07928
0.807612	3.89225
1.12948	-2.03546
0.847084	3.42123
0.952258	1.414
0.747955	5.8424
1.0795	-0.761123
1.08058	-1.31466
1.17464	-3.27174
1.18629	-3.01129
0.989828	0.811941
0.966076	0.745282
0.997468	0.436186
0.917534	2.1771
0.933312	2.09364
1.30601	-6.17734
1.29906	-6.85956
1.05189	-1.27416
0.968847	0.663843
1.30222	-7.04484
1.1436	-3.40557
0.808881	3.42741
1.00672	-0.507521
0.980376	0.136387
1.16675	-4.46939
0.854502	2.12987
0.991758	-0.829032
0.858524	2.33991
0.9241	0.753613
1.15087	-4.01481
1.07007	-2.23696
0.739487	5.26008
0.825295	3.44654
1.03428	-1.01498
0.781356	4.0885
0.834886	2.97195
0.955568	1.05828
0.934198	1.2022
0.651549	8.00811
0.479928	12.0919
0.907754	1.99045
0.934055	1.25408
0.870478	3.68787
0.942779	1.64387
0.973508	0.484698
0.801996	4.47334
0.952005	2.08
0.904376	2.04646
0.877401	3.23097
1.07965	-1.38333
0.939079	1.24477
0.865571	3.05187
0.902709	2.22899
0.868668	3.43044
1.02212	0.132954
1.04178	-0.239046
0.726618	6.29664
0.961919	0.925641
0.961552	1.0541
1.05537	-1.38374
0.805987	4.15468
1.04903	-0.713616
1.03068	-0.519329
1.10597	-3.16586
1.05795	-1.94479
1.02676	-1.96757
1.06594	-1.72026
0.0781734	20.0434
0.871185	2.49698
0.855041	2.5689
0.498423	11.6215
0.96546	0.697052
1.11999	-3.19664
0.919509	0.586288
0.642677	7.61984
0.857062	2.70532
0.97494	-0.273953
0.822594	3.28929
1.12369	0.391926
0.85683	3.4501
0.726846	6.22849
0.832628	4.53671
0.764846	5.64109
0.955378	1.48433
0.789944	4.7981
0.667764	7.60787
0.726428	6.98936
0.818725	4.33243
0.693385	7.02583
0.916232	2.56073
0.898209	2.27076
0.890426	2.92911
0.822031	4.06219
1.09076	-1.75084
0.709119	6.23625
1.07108	-1.27666
1.25534	-5.86936
1.1828	-4.01957
1.1952	-5.12546
1.17216	-4.34837
1.12505	-2.97957
0.999127	0.244385
1.08185	-1.56991
1.06931	-1.84491
1.20184	-4.71102
1.28589	-6.05566
1.30611	-6.46423
1.13876	-3.37116
1.33658	-7.24705
1.32351	-6.14686
1.5155	-5.41032
1.4576	-4.93754
1.03776	-0.959796
0.856846	2.74146
1.2499	-5.45171
1.24127	-5.02814
1.15744	-3.50214
0.983109	-0.0921506
0.901181	1.74242
0.826865	3.66068
1.08564	-2.14635
1.07248	-1.90689
1.05168	-2.41252
1.0081	-1.01338
1.07131	-2.30265
0.946085	0.3082
0.959442	-0.405488
1.07446	-1.47385
0.908195	1.83818
1.09499	-1.28934
1.13159	-2.94006
0.899665	2.37351
0.947501	1.4762
0.98512	0.693893
0.934797	2.33907
0.852949	3.67531
1.05722	-0.422104
1.09315	-1.58283
0.816888	4.59222
0.93961	1.54574
0.926201	2.37488
1.08552	-1.37758
1.14482	-2.56996
1.27306	-2.41137
1.1166	-2.61021
1.15829	-3.41802
1.19146	-3.89061
1.22291	-4.42911
1.21648	-4.58143
1.11526	-2.60402
1.17733	-4.21882
1.19108	-4.25335
0.960848	0.220339
1.05351	-1.51741
0.814734	3.70906
1.10857	-2.92415
0.824418	3.0196
0.939327	0.0716355
1.20649	-4.58776
1.0498	-0.823316
0.95129	0.787948
0.879583	2.65976
0.762121	5.42656
0.806819	4.27766
0.888024	2.93876
1.05672	-0.59405
1.06119	-0.410293
0.811146	4.52482
0.906927	2.33755
1.09187	-1.28059
1.01647	0.250643
0.952275	1.92299
0.96338	1.47258
0.982664	1.11775
1.01438	1.07302
0.742526	7.45814
0.843748	3.86451
0.695453	7.05743
0.89822	2.4801
0.987152	0.611644
0.737805	6.27869
0.864034	3.33884
0.748936	5.92988
0.851788	3.89287
0.997501	0.936249
0.659782	8.01995
0.790905	4.74844
0.526186	10.7684
0.504555	11.0755
0.808656	4.17242
0.720886	6.22571
1.06793	-1.636
0.975507	0.182577
0.829721	2.70471
0.766218	4.76713
0.992161	-0.485287
0.940251	1.09282
1.07189	-1.83039
0.883554	2.88125
0.837246	3.76266
0.873651	2.8278
0.854072	3.26449
1.10355	-2.86092
0.765483	4.31783
0.974616	0.45879
0.848877	2.25941
0.910776	1.74532
0.780494	6.2778
0.73329	6.37658
0.938701	1.70912
0.555788	10.2049
0.710449	6.55404
0.836718	4.55243
1.13016	-1.5571
0.930571	2.24111
0.829321	4.30865
0.679148	7.6134
1.12791	-1.61887
1.02245	0.662902
0.848741	4.00583
0.748531	6.46372
0.918444	1.43085
0.837057	3.52173
1.13337	-3.634
1.01994	-0.845425
0.847974	2.98519
0.818686	3.60478
0.89575	3.08983
0.997991	-0.266239
0.872096	2.84405
1.03072	-0.347759
0.770459	5.66124
1.10491	-2.51819
1.14297	-3.70133
1.08009	-1.18538
1.20267	-4.46418
1.107	-2.69376
0.989358	-0.231589
1.21644	-3.70958
1.18214	-4.10549
1.20273	-4.25034
1.30413	-6.03135
1.03084	-1.18518
1.19626	-4.14076
1.16153	-4.12413
1.06655	-2.06826
1.03638	-0.78983
1.03614	-0.663305
0.858357	2.58063
0.971488	0.160694
1.13049	-3.0827
1.02976	-1.19786
0.892227	1.96153
1.04028	-1.83518
0.909803	1.26147
1.08545	-1.21005
0.824041	3.56433
0.724929	6.33444
0.871315	2.78737
0.930911	1.62891
0.743016	5.65363
0.927206	1.67732
1.09226	-0.55861
1.0601	-1.08966
0.967871	0.959024
1.03756	-0.549437
0.813797	4.32298
1.13282	-2.14764
0.813815	4.53039
0.996871	0.282002
1.01406	0.906789
1.34864	-6.44913
1.18906	-4.10702
1.28971	-6.4205
1.09373	-2.60215
1.05869	-1.38452
1.23264	-5.30469
1.03735	-1.15903
0.883453	2.57401
1.18679	-4.11318
0.991611	0.0928531
0.919251	1.34557
0.850589	2.81681
1.05845	-1.77722
0.873141	1.83594
0.760014	4.1229
1.19895	-4.8251
0.76485	5.14527
1.04491	-0.640973
1.06247	-0.38776
0.81207	4.05495
0.980868	0.765092
0.791971	5.20554
0.817073	4.84819
0.952574	1.17068
1.17106	-2.85411
1.19447	-3.25386
0.901165	2.95871
1.19836	-3.39859
1.03225	-0.0411208
1.04126	0.207059
1.03081	0.65826
0.952062	2.51235
0.944335	1.8985
0.783624	4.99108
0.773291	5.8341
1.14089	-2.25253
0.903796	2.85342
0.800312	4.44293
0.826747	4.62043
0.661866	8.37458
0.786985	5.27892
0.849047	4.05553
0.928719	2.27099
0.635955	7.85431
0.716553	6.91321
0.654038	7.81239
0.676021	7.75577
0.482791	11.7161
0.720312	6.13615
0.825403	3.04191
0.862957	2.98773
0.936551	0.770603
0.796396	4.73652
0.689292	6.75709
0.877565	2.97202
0.704313	7.20205
0.719394	6.26426
1.07227	-1.36762
1.20457	-4.38074
0.798148	4.40715
0.991851	0.371746
1.21112	-4.48271
0.856644	3.26316
0.97583	3.86726
0.961132	1.35254
0.767769	5.62614
0.743883	6.30007
0.650013	7.78341
0.873133	3.68452
0.847446	4.01667
0.9915	1.02841
0.757668	6.69722
0.835727	4.32596
1.03337	-0.0369675
0.754259	5.96845
0.832457	3.48789
1.10554	-1.47199
0.918616	2.46581
0.92049	2.61287
-0.000461524	21.2424
0.858726	3.519
1.10299	-2.17856
0.823483	3.88672
0.065514	20.0154
0.873014	2.44794
0.844704	2.89865
1.13168	-2.44322
0.721562	6.95037
0.841558	3.67354
1.04981	-0.904427
1.1667	-3.43686
1.2312	-5.03269
1.1621	-3.20536
1.14046	-3.13198
1.13315	-3.0164
1.37518	-2.64486
1.35338	-2.59498
1.2128	-4.47509
1.2279	-5.04716
1.07031	-2.08083
1.05022	-1.21953
1.48888	-10.3463
1.10306	-2.58867
1.11878	-3.25171
1.24333	-5.02132
1.28252	-6.91057
1.09208	-1.98258
1.00155	0.0250407
1.15839	-4.00115
1.41741	-8.91157
1.1612	-3.63991
1.19011	-4.43163
1.03738	0.334641
0.91063	2.99246
0.94961	1.2393
1.27638	-4.66473
0.961214	1.3389
1.08565	-1.4935
0.751892	6.24484
1.18403	-3.19696
1.10791	-0.653908
1.3417	-5.79552
0.782896	5.61138
0.878376	3.84657
1.06314	-0.960458
0.921347	2.99278
1.00981	0.351126
0.884074	3.11913
1.3243	-4.40071
1.20422	-4.38818
1.41361	-9.60651
1.00097	-0.747457
1.02977	-1.94324
1.01416	-0.727916
1.16911	-4.50945
0.93	0.46423
0.827242	3.7559
0.548097	9.55477
0.992198	-0.280236
1.04752	-2.636
1.06082	-2.24159
1.16769	-4.68296
1.12551	-3.55222
1.00314	-0.817558
1.08669	-1.15881
0.788034	4.00594
1.12742	-1.96714
0.899472	2.44748
1.08894	-1.22008
1.00409	0.578464
1.10829	-1.89287
0.81608	4.23529
0.760335	6.06236
0.966104	1.32207
0.978386	1.26515
0.875028	3.10511
1.17866	-3.43989
1.22336	-4.25545
0.966116	0.779789
0.84656	3.84173
0.821447	6.97905
1.04088	0.984895
0.681937	7.65327
1.12703	-1.70867
1.04688	-0.345036
1.0232	0.33636
0.947673	2.0488
0.72626	6.61763
0.76454	6.4787
1.10473	-1.34335
1.07941	-1.16017
1.19414	-2.78255
0.838447	4.25377
0.719069	6.67371
0.999705	0.812282
0.917643	2.62618
1.32695	-6.0219
1.13864	-2.34482
1.08378	-1.90232
0.96125	0.980885
0.962524	0.834724
1.03443	-0.366523
1.08569	-2.02461
0.882996	2.74445
0.818623	4.94304
0.94998	1.20189
1.17921	-4.17988
1.1996	-4.33031
1.02666	-0.464978
1.32918	-6.52458
1.2856	-4.94293
1.32249	-5.7544
0.767369	7.53658
1.10749	-0.747241
0.980432	1.62095
0.897711	3.41498
0.954437	1.69122
0.791954	5.74656
0.970566	2.12832
1.07745	-0.653304
0.786738	6.13334
0.913095	2.89809
0.705262	7.40087
0.769787	5.58566
1.01367	0.629274
0.982235	1.82713
0.992924	0.818223
0.986635	0.971911
1.10607	-2.53265
0.964582	1.23587
1.03708	-1.05325
0.941657	0.491679
0.807122	4.11405
1.08805	-2.523
1.21666	-4.55346
0.764417	4.85093
0.824416	3.79789
1.23283	-4.89141
1.02806	-0.974788
0.941587	0.761003
1.27351	-6.07423
0.908062	2.01203
0.739138	5.82019
1.27367	-3.53235
1.27448	-4.69316
1.03383	-1.07218
1.29218	-6.02207
1.01932	-0.226301
0.993035	-0.0516323
1.02275	-0.8908
1.17382	-4.06158
0.915333	2.14905
1.16743	-4.11931
0.820667	3.70253
1.059	-1.72476
1.30434	-6.44063
1.23039	-5.44913
1.36489	-7.54455
0.956979	0.13959
0.958377	0.621114
1.15223	-2.18696
1.04008	-0.277601
0.717342	6.14652
1.03016	0.178106
1.19013	-3.05212
1.08755	-0.644753
0.839847	4.51087
0.823218	4.65454
1.26944	-4.41069
1.07343	-0.738065
0.920977	2.35975
1.14374	-2.12791
0.894974	2.66895
1.09854	-1.14105
0.876239	3.13939
1.14276	-1.55904
1.12573	-3.4285
1.24136	-5.8328
0.966836	-0.166396
1.17559	-4.92823
1.16632	-4.45969
1.09298	-3.19869
1.14064	-3.72156
0.693383	6.69215
1.25118	-5.40678
1.12309	-4.01866
0.272244	16.8938
1.07447	-2.95746
1.12061	-2.88091
0.838127	2.5528
1.07954	-2.58142
1.02228	-1.72839
1.05726	-0.993512
1.03469	-0.524314
1.00268	0.254326
0.955827	0.883523
1.04516	-1.42064
1.1241	-2.80795
0.906534	2.20967
1.06086	-0.322287
0.99745	0.21991
0.903103	2.16251
0.86749	3.44293
1.02372	-0.887128
0.713015	6.18131
1.23904	-4.5118
1.07694	-1.22498
0.859487	4.34378
1.07547	0.194275
0.794954	5.62567
0.900442	3.32121
0.842924	4.33477
0.791777	6.14496
0.907413	3.35922
0.789159	5.24039
0.846591	5.04942
0.896378	2.66107
1.00589	0.504325
0.804234	4.75962
0.921674	2.29927
0.930388	1.96321
1.00074	0.856426
1.12329	-1.85207
0.807446	4.60676
0.975955	0.584831
1.01137	-0.120845
1.10387	-2.37316
1.11974	-1.36485
0.698305	6.4276
1.03844	-0.457214
1.15333	-2.63225
0.778938	5.52336
1.20421	-4.23729
0.998743	0.397713
0.807611	4.39128
0.989234	0.212968
0.768802	4.79016
1.13743	-2.16208
1.27604	-5.28445
1.11412	1.01262
1.0618	0.137653
1.10115	-0.805762
0.907013	2.23706
0.821734	4.31394
0.786177	5.98055
0.875225	3.47109
1.0246	0.43724
0.911885	2.82492
1.17329	-2.68771
0.918061	2.65538
1.03167	0.196114
0.955014	1.41816
1.19581	-3.99827
1.0517	-0.19659
0.943236	2.10462
1.22624	-3.78272
1.0116	-0.126995
1.07341	-2.27707
1.08261	-2.07997
0.876403	2.1423
0.998958	-0.636074
1.11472	-3.34978
1.02211	-1.01311
0.992539	0.0238781
1.02485	-0.752036
1.00569	-0.545957
1.04084	-0.815775
1.02989	-1.02197
0.968578	0.556413
1.22736	-4.77862
1.39403	-7.51223
1.33769	-1.66456
1.29227	-2.02214
0.975467	0.0152864
1.06229	-2.08847
0.883699	1.64682
0.703827	5.9106
0.929235	0.252908
0.79099	4.29422
1.04429	-1.87697
0.965254	0.385341
0.854487	2.28573
0.726809	5.30558
0.825765	2.82853
1.00355	-0.69036
0.70965	5.8443
0.680489	5.81719
1.01545	-0.670877
0.998956	-0.129694
0.794576	4.39328
0.758322	4.9263
0.869544	2.80031
0.850037	3.27227
0.928172	1.46379
0.838223	3.4863
0.815208	4.53893
0.999356	1.1233
0.818594	4.29818
0.815232	4.2077
0.944079	1.31978
1.1504	-2.12543
1.14132	-2.55403
0.950305	1.34487
0.992612	0.649599
1.29532	-2.72839
1.0763	-1.88432
1.03303	-1.56931
1.14223	-3.58912
1.21126	-4.867
0.915008	1.59185
1.01142	-0.602131
0.893369	2.21085
1.27635	-5.95459
0.927891	1.42616
0.798383	3.74512
1.10831	-2.80354
0.871762	2.18106
1.20041	-5.16897
1.20715	-4.84335
1.15415	-3.66747
1.09751	-1.80283
0.939927	1.30603
0.915324	1.67502
0.803049	3.86322
0.867784	2.81192
1.21539	-3.77655
0.856334	3.18555
0.882928	2.83514
1.01824	-0.0589149
0.850457	3.73893
1.17963	-2.72919
0.895897	2.96365
1.23641	-4.20076
1.10001	-1.79457
1.06683	-0.974911
0.925317	2.05379
0.787539	7.28533
0.985286	1.28707
1.21116	-3.27412
1.05457	0.382288
1.05778	-0.0961344
0.692012	7.63303
0.896339	3.17353
0.858542	3.39608
0.751631	6.34243
0.748428	6.65503
0.680204	7.91409
0.752721	6.55935
1.02701	0.00858809
0.754436	5.91014
0.954823	1.54252
0.983819	1.52821
1.14593	-2.85346
0.958761	0.709524
1.04731	-1.41009
1.04091	-1.1743
0.785162	4.4063
0.97597	0.0458594
0.926239	1.41549
0.942249	1.44672
0.684831	7.89802
0.973001	0.505568
1.03772	-1.33635
0.872191	2.70934
0.86796	3.44764
0.87827	2.5191
1.0207	-0.0994282
0.989953	0.656991
0.690241	9.48997
0.853672	4.73633
0.796785	5.79659
0.762947	6.81497
0.973279	2.57631
0.803971	6.42232
0.738289	7.49979
0.824256	6.10057
0.603485	10.912
0.85013	4.67243
0.673914	8.6137
0.476233	13.3865
0.611452	10.0243
1.0693	0.0211297
0.795808	5.53524
0.866281	3.66657
0.856987	3.11438
0.849022	3.30675
0.721582	6.2433
0.802924	4.06542
0.977777	0.681623
0.916157	2.06093
0.935391	1.08406
0.893562	2.97184
0.665851	8.22767
1.09378	-1.1498
0.11444	20.3451
0.754959	6.00535
1.07376	-0.617853
1.1902	-3.21726
0.967224	2.08967
1.09648	-0.109268
0.916576	1.91477
0.929815	0.907807
1.07386	-2.04096
0.889503	1.54272
1.11118	-3.30917
1.11919	-4.32264
1.10293	-3.00332
0.996301	-0.439314
0.781256	3.93591
0.92617	0.878262
1.04744	-1.83634
0.847728	2.60148
0.977248	-0.259504
0.854249	2.25548
0.978877	-0.554307
0.981491	0.000946741
1.12343	-2.38264
0.897108	2.29036
0.667748	6.94496
0.948286	0.972822
0.876635	2.68858
0.931165	2.13025
1.00779	0.0616811
0.74437	6.71277
1.18334	-3.60562
0.718611	6.60574
0.965148	1.61957
0.660996	7.70183
1.0094	0.0563742
0.95139	1.80331
1.09781	-2.18857
0.886089	4.06384
1.15881	-3.31862
0.975123	0.506592
1.14491	-2.75565
0.905411	1.57626
1.23779	-5.15014
0.888218	2.00437
1.13493	-3.3164
1.21988	-4.53296
1.14107	-3.47392
1.13432	-3.52899
1.03634	-1.10473
1.25753	-6.40351
1.02381	-1.61742
1.22025	-5.11398
1.354	-7.54976
1.17808	-4.21586
1.12949	-2.53944
0.939746	1.62418
1.03898	-0.706992
0.849299	3.21707
0.979672	0.360808
0.866319	3.14925
1.11208	-1.58219
0.762909	5.90554
0.901316	2.00805
0.829893	4.01464
0.816147	4.23743
1.12701	-2.10726
0.982567	1.14007
1.03439	-0.55383
1.38869	-6.58228
0.869802	4.63483
0.922532	2.93769
1.14199	-1.31824
0.835648	4.73024
0.822405	4.83085
0.935321	2.81892
0.841531	4.68856
0.731326	7.59736
0.736624	7.40362
0.620666	9.63612
1.05026	-0.166813
0.804003	5.90689
0.856126	4.55602
0.718066	7.20066
0.943164	1.66604
1.09627	-0.468022
0.75554	6.09298
0.743182	5.62813
0.869863	2.90538
0.874027	3.24201
0.778755	5.43274
0.678674	7.58095
0.806762	5.03052
0.827349	4.26643
0.772986	5.75173
0.667914	7.75186
0.855292	3.13841
0.693122	7.14364
0.977208	0.554843
0.893124	3.08394
1.0533	-0.24452
0.885417	2.95818
0.952384	5.60017
0.699799	8.24519
0.91044	3.85947
0.763879	6.72349
0.835162	4.9604
0.866896	5.33308
0.652169	9.11223
0.83844	5.76003
0.74345	7.86984
0.847457	6.11955
0.720749	8.09939
0.730402	8.04273
0.810667	6.0916
0.67734	9.00286
0.678969	8.47187
0.732565	7.37453
0.95625	2.08601
0.830942	4.2699
1.02338	0.00503993
0.841608	4.40116
0.686238	7.32588
0.849465	3.81923
0.700366	7.38044
0.686471	7.98104
0.679394	8.32695
0.749241	6.82795
0.969207	1.76714
0.882482	3.95197
0.978898	1.35724
0.84717	5.07281
1.04266	0.345795
0.893971	4.03406
1.07157	4.74936
1.37516	-2.90887
0.852838	3.35115
1.03915	-1.03883
1.15954	-3.33074
1.07082	-1.46225
1.08098	-1.98532
1.03879	-1.15821
1.27213	-5.51558
0.854394	4.11103
1.44961	-9.62392
1.05876	-1.1844
1.17908	-3.87792
1.13012	-3.31376
0.963349	0.0455531
1.07193	-1.66257
1.23436	-4.8128
0.969235	0.585226
0.974164	0.978548
0.866542	2.97458
1.19444	-3.78836
0.999156	0.185808
0.822623	4.58349
0.934633	1.67151
0.842961	4.67382
0.815357	4.44152
0.813913	5.01133
0.855391	3.49969
1.02088	0.525472
1.15702	-2.07045
0.939666	1.54624
1.04023	-0.267343
0.983373	1.16007
0.833015	6.41077
1.11602	-1.79503
1.01275	-0.340769
0.826261	3.83438
1.10106	-2.45955
0.762646	5.57125
0.858642	2.91581
0.781935	4.84908
0.858929	3.49273
0.980422	0.665837
0.72594	23.8034
0.461321	30.0311
0.848146	3.20094
0.651246	7.33914
0.978681	-0.228997
0.830594	3.20797
0.952943	0.565607
1.0329	-0.556019
0.644135	7.5002
0.919446	1.79612
0.859741	3.42644
0.826667	4.14198
0.705295	6.80833
0.675643	7.59335
0.883306	2.65751
0.835981	3.34279
1.073	-0.766142
0.986517	0.590007
0.845351	3.6082
0.981038	0.810597
1.00043	1.04087
0.870368	3.63512
0.888076	3.58201
1.03425	-0.840679
1.03445	-0.358997
0.964628	0.546513
1.04373	-0.593271
0.963613	0.676947
1.07366	-1.74642
0.950811	0.757492
0.850287	3.87543
0.797526	4.26955
1.1202	-2.62548
1.37763	-7.57442
1.04044	-1.18835
0.865581	2.83025
1.22946	-4.99418
1.12948	-3.21553
0.690403	5.71731
1.03435	-2.22106
0.888016	1.28409
0.818881	2.48896
1.03136	-2.18751
0.961116	-0.109401
1.01197	-0.909835
1.0289	-1.35076
0.800262	3.7022
0.916799	0.611836
0.939025	0.289446
1.04619	-1.84948
1.05842	-2.77669
1.00164	-1.37968
1.09998	-3.11133
1.27651	-6.34324
0.999041	0.567049
1.17728	-4.1513
0.995223	-0.303677
0.854833	2.80647
0.970155	0.596499
0.810729	3.73375
1.03475	-0.971944
1.00626	-0.00259922
0.986272	0.688992
1.34449	-7.69405
1.13195	-2.80829
1.32689	-7.10836
1.11997	-2.20475
1.14213	-3.5754
1.24603	-4.70623
1.0638	-1.63472
1.22941	-5.5116
1.05335	-1.89222
1.07017	-2.47821
1.26774	-6.88428
0.829022	2.11482
1.00482	-0.950785
1.02319	-1.73146
0.959733	-0.0123089
0.839991	3.32126
1.02455	-1.93569
1.22364	-5.62284
1.17014	-4.22235
1.06319	-2.17649
1.27382	-6.34797
1.23946	-5.73014
1.06398	-1.14266
1.23136	-4.25005
1.15067	-2.93758
0.920332	1.43647
1.22296	-4.67484
0.956911	0.134105
0.786603	4.04491
1.01655	-0.530528
0.818214	3.83388
1.26261	-6.03325
0.0858321	21.3758
0.87443	2.25749
1.24889	-6.14826
0.877887	1.66295
1.15626	-3.69459
1.17263	-4.26525
0.98071	0.245238
1.2898	-5.51794
0.900758	2.09787
0.906655	1.54326
1.14312	-2.41964
1.17241	-2.71455
0.716676	6.39021
1.07666	-0.973121
0.937981	2.13248
0.971159	1.42474
1.12098	-1.99112
1.11165	-2.05586
1.13713	-2.31554
0.986617	0.811797
1.05118	-0.754083
0.769846	5.06443
0.937317	2.12989
1.2007	-4.45254
1.21213	-4.57506
1.17104	-4.12017
1.06385	-1.33208
0.746641	5.33732
1.00702	-0.692456
0.884856	1.81463
0.846777	3.17594
0.694674	6.63696
1.05226	-1.45814
1.06173	-2.49557
1.08503	-2.30727
0.867368	2.32189
1.02742	-1.36896
0.995044	0.308511
1.09519	-2.75609
1.16509	-2.76944
1.01077	-0.224675
0.747288	5.38548
0.77887	4.83956
1.03761	-0.669776
0.880534	2.70224
0.984009	0.917042
0.954463	1.38062
1.13127	-2.69878
0.834575	4.07968
0.991905	0.0281437
1.08069	-1.10069
0.803761	4.31462
0.867746	3.07308
1.02297	0.266238
0.932836	2.94895
0.830581	4.09924
1.25934	-5.13587
1.02178	-0.429562
1.17062	-3.84409
0.693498	6.37333
0.851646	2.84122
1.11736	-2.51759
0.992203	0.546419
0.934915	1.33841
1.07438	-1.94882
0.889479	1.84207
0.995203	-0.0318274
0.669622	6.82436
0.946587	1.01713
1.24979	-4.95904
1.03318	-0.718368
0.835831	2.14759
0.87131	1.58012
1.09665	-2.84821
0.70081	5.73182
0.789234	3.41253
0.988856	-1.31335
1.07112	-2.34452
0.812792	3.35393
0.922649	0.810491
0.811317	3.40815
0.996528	-0.590945
1.00705	-1.42725
0.996031	-0.408618
0.603828	7.87701
0.891711	1.44203
0.995486	2.28939
1.17797	-3.60532
0.9526	0.405223
0.96961	0.40663
1.00041	-0.342012
1.07231	-1.32651
0.978959	0.58779
1.07388	-2.07754
0.875563	2.84616
1.03222	-0.748809
1.14897	-3.13487
0.979408	0.0117764
1.07743	-1.90315
0.960913	0.201202
1.12879	-2.56169
1.11952	-2.61068
0.756858	4.79658
1.0179	-0.997103
0.901466	0.666193
1.07574	-2.82551
1.09755	-3.35041
1.14047	-3.67733
1.17715	-5.34098
1.12201	-3.43112
1.27386	-6.25733
0.990652	-0.628746
0.991397	-0.533252
0.933499	0.187624
1.36919	-8.24951
1.29763	-7.259
1.022	-1.14718
0.927807	1.0756
1.30506	-2.42104
1.20036	-0.712014
0.985242	-0.390107
1.13186	-3.28841
1.3111	-6.79101
1.24057	-6.0315
1.35389	-7.83055
1.13436	-4.18136
1.1367	-3.41378
0.882602	2.07497
1.43449	-8.99698
1.25342	-5.84142
1.18306	-4.43172
1.26022	-6.11456
1.03807	-2.07353
1.1342	-3.78854
1.17285	-4.64132
1.117	-2.87672
1.14664	-3.14409
0.913884	1.19133
1.15495	-2.93117
1.07718	-1.42955
1.10851	-2.03066
0.937162	1.67717
1.04569	-1.01683
1.20471	-3.55854
1.12226	-2.33692
0.88636	2.47194
1.08376	-1.29479
0.953065	1.04784
0.795536	4.39698
0.868875	3.04029
0.728536	6.20459
1.15418	0.098076
0.905626	2.10571
1.03418	-1.1584
1.17601	-4.00224
0.773494	4.28133
1.05153	-1.41166
0.961538	0.112807
1.15999	-4.58653
1.01727	-1.14644
1.12847	-3.43569
1.16977	-4.27755
0.819028	3.33512
1.08191	-2.2246
1.21646	-5.82683
0.939227	0.0436004
1.27517	-6.47231
1.11264	-2.43333
0.938231	0.806419
1.20511	-3.91418
1.16691	-3.83174
1.13052	-2.91526
1.02662	-0.591993
0.748922	5.30778
0.699283	6.72217
0.682679	6.70321
0.995903	0.3463
0.794569	4.59684
0.669547	6.75216
0.986581	0.609627
1.15453	-3.057
1.14289	-2.66577
0.957449	1.35229
0.809876	6.07682
0.764232	5.45201
1.1543	-2.52292
0.79774	4.94991
1.02356	-0.574042
1.23645	-4.27252
1.15941	-2.73838
0.0950227	22.5787
0.915471	2.51777
1.13617	-2.51979
0.800972	4.50665
0.86669	3.29217
0.82212	3.7539
1.13288	-2.60714
1.03376	-0.624305
0.991614	-0.0179814
0.881963	1.65557
0.964214	0.182001
0.919174	1.19633
0.876875	2.20765
0.60077	9.22848
0.882441	2.25745
1.00801	-0.56569
1.02113	-0.773833
0.979506	0.31345
1.15345	-4.24279
0.921622	0.749566
1.03283	-1.75155
1.1164	-3.91545
1.03265	-1.14871
1.07586	-2.69077
1.04712	-1.28609
0.843421	4.48529
0.639028	8.24337
1.03823	-0.701058
1.11548	-1.66704
0.887562	2.92987
0.761029	5.71478
0.916886	1.68921
0.871132	3.35789
0.786814	5.96042
0.813599	4.47126
0.999713	0.0878671
0.783422	5.01346
0.922347	1.7501
0.845927	3.57386
0.910274	2.05734
0.922523	1.925
1.06763	-1.86356
0.717586	5.52309
0.860348	2.62159
0.675163	6.69013
0.762824	4.78264
0.812436	3.7794
0.663578	6.97416
0.983788	-0.173394
0.875666	3.61379
0.881387	2.35916
0.764953	5.40501
1.07494	-1.54549
1.06228	-1.71572
1.17931	-3.84697
0.814831	3.80207
1.27675	-3.95532
1.34874	-6.95588
1.13604	-3.1798
0.887278	1.92677
1.19263	-4.65289
1.36247	-7.30133
1.05636	-1.97996
0.907283	1.56187
1.03518	-1.33965
1.16412	-3.95694
1.23728	-5.32415
1.46032	-9.77098
0.999872	-0.870856
1.02355	-1.70627
1.19148	-4.60776
1.24021	-5.55424
1.51106	-10.1998
1.37398	-7.00087
1.12362	-3.03787
1.21456	-3.85976
1.23221	-4.17815
1.01846	-0.542424
0.915436	1.46639
0.91535	1.66016
0.735811	6.80709
1.12579	-1.92471
1.17856	-2.9039
0.898576	3.27985
1.0322	-0.681307
1.05943	-0.706124
1.09245	-1.43123
0.875672	2.68079
1.10573	-1.47499
0.998582	-0.774058
1.18919	-4.63784
1.09917	-2.87632
1.03269	-0.995238
1.35394	-7.94666
0.998411	-0.286438
1.17546	-4.14368
0.885721	2.1853
0.975402	0.118142
1.03813	-1.59385
1.02956	-0.707957
1.28705	-6.62286
1.19887	-4.6319
1.30852	-7.0285
1.25275	-6.48329
1.07736	-2.37922
1.1151	-2.36576
1.03029	-0.88795
1.10812	-2.30167
0.937546	1.12081
1.0558	-1.7777
1.08787	-1.90703
0.947453	1.2552
0.898504	2.21633
0.735736	5.87531
1.04245	-0.592781
0.881166	2.67277
1.04793	-0.600901
1.07704	-1.73878
1.02686	-0.912152
1.19521	-3.85124
0.905338	3.27937
0.932678	2.08537
1.2418	-4.47644
0.855209	3.76256
1.09633	-1.63312
1.09473	-0.833984
0.883179	2.35343
0.831465	3.9319
1.11937	-1.86634
0.972423	1.06499
0.857154	3.62489
1.05476	-0.849989
1.04614	-0.905148
0.799638	4.47718
1.01929	-0.0569704
0.912863	1.3391
0.731805	5.41274
0.877009	1.88433
0.766015	4.51993
1.0966	-2.66703
0.735904	5.32883
1.09506	-2.67977
1.24181	-5.78285
1.13006	-2.6998
0.630854	8.49675
1.13409	-3.02955
0.977771	-0.0122771
0.790462	4.34935
1.36695	-8.39934
1.01023	-0.486843
1.18942	-4.60353
1.00293	-0.480077
1.27642	-2.58101
0.79493	4.86443
0.972229	0.789341
0.864833	3.56875
0.771591	5.38394
0.822422	4.62747
0.873637	3.68002
0.875783	3.71434
0.470852	13.3104
0.620489	9.31051
0.918491	1.95063
0.854999	3.47663
1.07469	-0.924267
0.816499	4.54113
0.973041	0.712737
0.876148	2.45159
0.838212	3.28991
1.08117	-1.80065
0.958387	0.292348
0.863435	2.60476
0.820247	3.56966
0.83966	2.9445
0.97894	0.317805
1.03577	-0.796452
0.747404	6.05515
1.00561	0.519341
1.07515	-2.00485
0.865405	2.76671
1.1279	-2.7247
0.870172	3.13989
1.06327	-1.44522
0.916744	1.73066
1.20175	1.44669
1.36446	-2.80652
1.26258	-5.06265
1.30535	-5.8949
1.24438	-5.00492
1.02858	-1.12647
1.12915	-2.3992
0.845367	2.98883
1.08071	-1.54884
1.44093	-8.58017
1.0347	-0.343708
1.20598	-4.45029
1.35174	-7.02361
1.0279	-0.823351
1.09864	-1.83953
1.21456	-4.5692
1.15197	-2.88189
1.06436	-0.135174
1.22665	-3.1065
1.1805	-2.18021
1.14778	-2.30108
1.08596	-0.233017
0.865712	3.34528
1.0282	0.139285
1.22874	-3.6042
1.00822	1.01236
1.00842	0.982568
1.14556	-1.69444
0.98798	1.23742
1.34495	-4.87804
1.09055	-0.0836513
1.10118	-0.672682
1.13967	-1.79905
1.35748	-3.5344
1.26376	-5.95772
1.0365	-1.39363
1.07787	-1.70716
1.13839	-3.37491
1.09029	-1.9442
1.15792	-3.27866
1.04113	-0.958997
0.982878	-0.254167
1.23368	-5.55252
1.33666	-7.49038
1.04832	-1.72591
0.961166	0.521062
1.00699	-0.450951
1.30369	-6.73706
1.13156	-3.11976
1.19042	-3.46606
1.12794	-1.89601
1.25819	-4.74976
1.05668	-0.335251
1.14258	-2.22548
1.02558	-0.0220647
1.30232	-5.17945
1.03117	-0.0554633
0.932878	2.39716
1.05888	-0.310352
1.1827	-2.7425
1.00839	0.74593
0.74557	5.96913
1.01045	0.105788
0.956117	1.54338
0.985862	1.08923
1.09452	-0.717083
1.10538	-1.7094
1.21593	-3.96225
1.03208	-0.145839
0.974913	0.820064
1.1898	-3.39089
1.00199	0.164679
1.11425	-2.17634
1.08269	-1.35549
0.951063	1.32909
1.0657	-0.758653
0.959083	0.749853
0.932323	1.76032
0.935406	1.61598
0.873907	2.66536
1.12688	-2.81589
1.24451	-5.72586
1.11288	-2.87303
0.979179	-0.158513
0.917988	1.12844
1.30158	-6.34208
0.789841	3.92701
1.09513	-2.49916
1.18398	-4.32568
1.01016	0.0026176
1.07759	-2.16046
0.888407	2.04936
1.21644	-4.84333
1.01329	-0.569187
1.0606	-1.71982
1.42885	-8.94541
1.13327	-2.82636
0.848111	3.70941
1.16501	-2.9379
1.03012	-0.360592
0.0757567	20.6076
1.08012	-1.05399
1.03169	0.437736
1.03019	-0.304893
0.83037	3.46596
0.978062	1.25324
0.864013	3.29715
0.691616	7.43875
0.956679	1.13625
0.752792	5.27948
1.16491	-2.9734
0.923793	1.75681
0.979585	0.173914
0.932753	0.00526747
1.00233	-0.983154
0.742585	4.25284
0.943518	-0.549687
0.772329	3.9773
1.00995	-1.35727
0.932942	0.602714
1.06846	-2.03139
1.05106	-1.92155
1.22661	-5.43277
1.09791	-3.66341
1.04857	-2.28275
0.907024	1.02323
1.22206	-5.46654
1.31657	-6.60705
1.44841	-8.08229
1.21692	-3.52798
1.47995	-8.36024
1.37199	-7.15546
1.30572	-5.88594
1.40283	-8.31602
1.15351	-3.61723
1.14317	-3.09393
1.18645	-3.37866
1.24096	-5.68543
0.998555	-0.377245
1.05633	-1.68099
1.06018	-1.81932
1.16563	-3.72227
1.18427	-3.87559
1.0586	-1.8332
1.24928	-4.64094
1.07033	0.0715539
1.22194	-3.24274
1.15672	-1.8825
1.27572	-4.3464
1.09391	-1.23774
1.19603	-2.80925
1.2354	-3.41306
0.956141	1.63774
1.02334	0.721561
1.23322	-3.24865
1.11157	-0.824669
1.15612	-2.74371
1.2034	-3.3713
1.07776	-0.696533
1.23363	-3.10759
0.901318	3.08793
1.02344	-0.875287
1.22609	-4.55885
1.29621	-6.74977
1.25635	-5.16237
1.05746	-1.4399
1.24721	-5.07663
1.16546	-3.9128
1.38241	-7.59278
0.976201	0.163689
1.07862	-2.03594
1.20253	-5.15403
1.23846	-5.10259
1.04274	-1.17385
0.90116	1.85192
1.32628	-7.06252
1.30091	-5.95223
1.14772	-2.11494
0.987348	0.381896
1.25802	-4.23197
1.26456	-4.27662
0.806751	4.22909
0.895479	2.07921
1.13231	-2.41788
1.12161	-2.33033
1.06791	-0.799423
0.994206	0.48351
1.13802	-2.0118
0.935993	1.80226
1.06745	-0.997807
1.02767	0.143675
1.05471	-0.257145
1.06141	0.578647
0.769642	5.08318
1.07129	-0.23641
0.947334	1.56838
1.15446	-2.91982
0.810156	4.27843
0.962113	0.832946
1.34833	-6.04992
0.907335	2.65731
0.937096	1.65968
1.07522	-1.35268
0.945896	1.44829
0.777731	4.82909
1.17779	-3.53582
1.03113	-0.378813
1.26525	-4.63862
1.37522	-6.65747
1.11021	-3.33648
1.08469	-2.30285
0.952559	0.14418
1.24824	-5.76939
0.924759	1.24897
0.888764	1.82683
1.10499	-2.57791
1.08564	-1.95165
0.983053	-0.360291
1.20323	-4.32418
1.29407	-6.56826
0.886326	2.10795
1.37	-7.72315
0.832153	2.85728
1.37339	-7.7768
1.0258	2.37642
1.09559	-1.60542
0.96866	0.719276
1.167	-3.31008
1.12394	-2.2695
1.12391	-2.10552
1.12203	-1.7068
0.919295	2.08398
1.01527	0.418474
0.931661	1.74742
1.1309	-2.13304
0.972164	0.906349
0.9562	1.10981
1.0833	-2.35129
1.12628	-2.64133
0.968628	0.732787
1.10471	-2.29705
0.92881	0.539157
1.17078	-4.5707
0.817412	2.87953
1.16415	-4.65736
0.994091	-0.917728
1.02078	-1.59297
0.996933	-1.20921
1.33032	-7.60218
0.963067	0.37843
1.07633	-2.09091
1.2903	-6.57192
1.11126	-2.73864
0.980981	-0.0870935
1.0289	-1.6182
1.03482	-1.31225
1.21729	-0.127109
1.49953	-5.79147
1.07961	-2.01397
1.01336	-0.727264
1.4755	-10.0152
1.34415	-7.41753
1.19252	-4.73151
1.14079	-4.04809
1.2488	-6.25504
1.26549	-5.65765
1.11774	-3.07262
1.23131	-5.78893
1.23021	-5.63245
1.35102	-7.83798
0.975249	-0.289481
1.26061	-5.71889
1.38684	-8.53781
1.14211	-2.62421
1.07723	-1.06161
1.03849	-1.1371
1.36324	-6.77966
1.07005	-1.3261
0.808331	4.05471
1.27126	-4.35156
0.851333	3.15819
1.26165	-5.06442
1.27695	-4.86372
0.917986	1.7267
1.03257	-0.654535
1.20686	-4.45873
1.03945	-1.06178
1.17776	-2.92897
1.0888	-1.50961
1.48262	-7.08448
1.01433	-1.43146
1.1018	-3.08081
1.20211	-4.84338
1.11356	-3.22328
1.03245	-1.71319
1.05238	-2.03311
0.603879	7.64156
0.800768	3.52825
0.951093	-0.500178
0.981665	-0.931433
1.16836	-4.52084
0.925096	0.535903
0.931387	0.195006
0.864569	1.68287
0.873214	1.50363
0.96703	0.413704
1.26935	-4.60471
0.982913	-0.126883
0.859949	3.16804
0.896619	2.3425
1.09952	-1.7643
0.837039	3.24883
1.02045	-0.40311
1.21542	-3.5631
0.941914	1.19007
1.15641	-2.71496
1.00102	0.683513
0.970849	0.760951
1.09541	-1.9433
1.11313	-1.33154
1.09173	-1.24881
0.984235	1.36129
1.2776	-4.75485
0.851777	3.5217
0.804745	4.08136
1.07761	-1.00756
1.00798	0.17339
0.906668	2.21261
1.09394	-1.7215
1.07685	-1.03427
0.917284	1.63554
0.720111	5.95449
1.05729	-1.41749
0.883063	2.41201
1.02478	-0.571272
0.73875	5.45726
0.847498	2.79843
1.08476	-3.11222
1.26802	-6.24547
0.870436	1.67237
0.980286	-0.628347
1.01127	-1.03943
1.02181	-1.82034
0.931256	0.540281
0.860347	1.96511
0.797819	3.5266
0.93786	0.454189
1.05446	-2.53726
1.08931	-2.90527
0.857277	1.89389
1.25782	-6.46105
1.05981	-2.30034
1.25347	-6.10787
0.942195	2.40503
0.84187	3.62379
1.29634	-5.55339
1.07517	-1.26236
1.06649	-1.13839
1.08664	-1.11596
1.06083	-0.672648
1.02576	0.430379
1.11347	-1.57871
0.826804	4.28495
1.04155	-0.392255
0.951936	1.22973
0.994212	0.298973
0.978103	0.213545
1.07225	-1.60409
1.19843	-4.01994
1.15909	-4.15921
1.18453	-4.00522
1.05005	-2.44811
1.19394	-4.92118
1.09351	-2.33414
1.26829	-6.61141
0.881597	2.11832
1.15661	-3.21321
0.957594	0.631972
1.08269	-2.54661
0.794881	4.37971
1.32127	-6.55037
1.14024	-3.6158
1.07967	-2.54602
1.21047	-4.39247
1.72431	-12.4914
1.42864	-7.76476
1.32241	-6.97525
1.12899	-3.63789
1.20234	-4.45359
1.14794	-3.52079
1.11516	-2.75646
1.137	-3.62384
1.0196	-0.887379
0.99583	-0.753544
1.34383	-7.5282
1.04822	-1.9505
1.15882	-4.63422
1.03252	-1.82747
1.09732	-2.8383
1.22822	-6.07095
1.32591	-7.11387
1.44692	-7.40183
1.11237	-1.86197
0.845478	3.23103
1.30274	-5.91219
1.19306	-2.91608
0.976549	0.46523
1.10385	-2.22063
0.985958	-0.105314
1.30659	-5.7137
0.996836	0.651366
0.92538	1.54114
1.2687	-4.89852
1.27574	-4.98845
1.1481	-2.70585
1.12836	-2.27629
1.2618	-4.61673
1.29081	-6.20483
1.08678	-2.69683
1.02336	-1.47919
0.961997	0.123716
1.189	-4.99633
1.18654	-4.31695
1.20727	-5.18327
1.02897	-1.07579
0.760458	4.18601
0.915316	0.655745
0.822853	2.4586
1.03514	-1.69576
0.944737	-0.0668024
1.12614	-3.94375
1.23394	-6.18242
0.863559	1.41229
1.05122	-1.15468
1.10671	-2.04601
1.24108	-4.1043
0.842258	3.07357
1.1393	-2.37291
0.978212	0.443914
1.23706	-4.0708
0.852446	5.58078
1.07659	0.320853
0.927956	1.6134
1.054	-0.379251
1.27037	-4.7662
1.17614	-2.70517
1.1218	-1.57834
1.23263	-3.92953
1.13168	-1.19739
1.10432	-1.42367
1.05168	-0.947231
0.955233	0.817927
0.850794	3.18299
1.0128	0.366621
0.52769	10.4425
0.871668	2.64434
0.761343	5.84681
0.948283	1.52901
0.85237	2.84022
0.762238	4.7069
1.00125	0.0458239
0.697743	6.13499
0.872061	2.7583
1.00718	0.120017
0.76419	4.1484
1.02761	-1.76171
1.06682	-2.72536
0.719071	5.3936
0.981049	-1.00857
0.941278	0.516383
0.0814595	22.1161
0.776809	3.89272
0.853043	2.51963
0.918441	0.86265
0.84357	2.63485
0.875524	2.00371
1.07599	-2.55853
1.01977	-1.15213
1.34923	-8.22064
1.21049	-4.64697
1.07257	0.889166
1.16304	-2.8601
1.22532	-4.18265
1.06426	-1.02716
0.947949	1.43835
0.986812	0.90749
0.836771	4.01031
1.03454	0.502672
0.986778	0.824319
0.844553	3.7012
0.973539	1.26762
1.03498	-0.503394
1.15633	-2.28246
1.04585	-0.567802
1.05116	-0.600026
1.08673	-1.45387
1.20231	-3.67789
1.02715	-1.17252
1.21236	-4.64758
1.14646	-3.82059
1.07002	-1.60337
0.978325	-0.152777
1.17322	-4.14978
1.1702	-3.58478
1.07359	-1.71717
1.07262	-2.05708
1.11419	-2.85042
1.05384	-1.34774
1.31101	-6.33481
1.33259	-6.56095
1.31458	-7.14916
1.47602	-8.8571
1.15834	2.39757
1.35601	-3.44765
1.0883	-2.4542
1.10362	-3.18921
0.935514	0.573068
1.1633	-4.12133
1.02567	-0.875762
1.09844	-3.08608
1.24987	-5.68127
0.992813	-0.482674
0.910575	0.887452
1.282	-6.45896
0.834301	2.45988
0.775962	3.727
0.867403	1.77022
1.05819	-1.93683
1.25328	-5.92889
0.926734	1.812
0.948613	0.592957
0.992249	0.162161
0.900895	1.86009
1.0385	-0.711872
1.04083	-0.979579
0.974539	0.793302
1.27078	-5.2263
0.919056	2.66099
1.03206	-0.67287
1.06505	-0.998745
1.1772	-3.12155
0.888882	2.3766
0.996044	0.372602
1.05719	-0.629947
0.775318	4.23189
1.01801	2.12197
0.843343	2.30677
1.14925	-4.02282
1.11851	-3.44016
0.959035	0.139819
1.07707	-2.36588
1.06663	-2.45143
1.16462	-4.36163
0.92059	1.3069
1.23667	-5.79701
1.12826	-3.89247
1.34907	-7.66078
0.834315	2.46035
1.04247	-2.54413
0.969935	-0.618589
1.10636	-3.42321
0.705388	5.63749
0.756114	5.08487
1.00673	-0.752404
0.819728	3.86164
0.666782	6.66449
0.960132	0.417137
0.849037	3.41079
0.85113	3.01476
0.794872	4.02088
0.861871	2.50477
0.790154	4.04694
1.08893	-1.86482
1.31784	-6.14057
0.779603	4.26964
1.17231	-3.47287
0.724056	6.36138
1.41053	-6.73605
1.05045	-0.684427
1.05132	-1.07308
1.27526	-5.20608
0.778661	4.93838
1.03781	-0.836062
1.22368	-4.68447
1.20349	-4.40024
1.07222	-1.33382
1.21854	-4.85565
1.18776	-3.42468
1.39537	-6.90587
1.20525	-3.99783
1.22931	-4.83967
1.23364	-4.25674
1.19316	-3.40855
1.16886	-3.96862
1.06242	-2.29109
1.29761	-7.05285
1.13655	-4.02947
1.23365	-5.78968
1.16444	-4.23005
0.890543	1.07672
1.12656	-3.5046
1.27579	-6.40882
1.31197	-7.23827
1.00074	-0.825774
1.22488	-5.65244
1.34552	-7.96238
0.941537	0.329833
1.37259	-7.94903
1.33334	-7.34982
1.1396	-1.53932
1.13666	-2.18949
1.15906	-2.5476
0.970696	0.430723
1.25407	-4.26526
0.940752	1.56438
1.26707	-4.60439
1.07563	-1.46277
1.04871	-0.202559
1.03395	0.158092
0.753801	5.50698
0.984448	0.609616
0.936867	0.913451
0.881442	2.37292
0.907817	1.62175
1.03278	-0.422354
1.09998	-2.93292
1.09797	-3.09608
1.25412	-5.72926
1.06164	-2.31077
0.77074	4.93964
1.09161	-2.77691
1.00229	-0.789898
0.804706	3.52358
1.1688	-3.89594
1.09349	-2.67179
1.18435	-4.6403
1.41361	-8.76772
1.25698	-5.6107
1.27033	-5.66092
1.19468	-4.60632
1.67829	-12.0919
1.09847	-2.4007
1.04395	-1.97281
1.31686	-7.45052
1.07259	-2.48363
1.04641	-1.74044
1.23868	-6.10124
1.11539	-3.54411
0.801034	3.91299
0.947066	-0.0998131
1.01481	-1.79217
0.980101	-0.435507
0.827519	2.5156
0.955381	-0.359671
0.968377	-0.710156
0.962061	-0.600121
1.11292	-2.93199
0.845146	3.02596
0.868636	2.53515
0.904825	1.38007
0.92715	1.59984
1.11121	-2.04955
1.07659	-1.54481
1.11073	-2.32761
0.836593	3.94087
1.03882	-0.814295
1.2081	-4.05749
1.05457	-1.11162
1.20564	-4.23782
0.863811	3.05364
0.974487	0.662802
1.24474	-4.97093
0.778905	5.12024
1.26025	-6.4831
1.48988	-10.5135
1.15207	-4.29254
1.19958	-4.92806
1.25703	-5.85786
1.26514	-6.12373
1.25627	-6.52031
0.85795	3.12367
1.25907	-6.84602
0.936263	-0.0370488
1.29855	-7.5513
1.1858	-4.86082
1.32869	-7.09863
1.07594	-2.64159
1.15689	-4.85843
0.953828	-0.0576661
0.901887	1.01357
0.949747	-0.000723218
0.759211	4.8091
0.764156	4.47828
0.813317	3.40661
1.01121	-0.821329
1.00275	-0.648967
1.14038	-3.83685
1.20725	-4.66882
1.12258	-2.92877
1.08858	-2.55573
0.860515	2.3607
1.21951	-4.82933
1.0764	-1.91347
0.824742	3.07447
0.986255	0.702284
1.13813	-2.41354
0.938221	1.24887
1.24818	-4.6187
1.01551	-0.383296
1.10727	-2.50814
1.17651	-3.93178
1.06694	-0.91661
1.06	-1.11991
0.957687	0.863816
1.06013	-1.10806
1.15671	-3.19416
1.08359	-2.18271
0.948981	0.593808
1.12961	-2.15892
1.01502	-0.313904
1.17763	-3.47236
1.42359	-9.56136
1.38261	-8.63845
1.29841	-6.97688
1.24867	-6.402
1.13727	-4.22974
1.66437	-13.4385
1.31919	-7.08555
1.28443	-6.2186
1.08048	-2.16917
1.24194	-5.39334
1.08405	-2.66628
1.25601	-6.28597
1.1455	-3.96948
1.31168	-7.02592
1.1602	-3.73874
1.34762	-3.47419
1.10913	-1.3237
1.18697	-2.97184
1.13698	-2.6962
1.09454	-1.76395
0.985332	0.11708
0.976907	0.0611902
1.04281	-0.328196
0.970111	1.16834
0.949706	1.03912
0.806481	4.42843
1.02427	-0.491769
0.736788	5.34827
1.05286	-0.760484
1.02007	-0.207933
1.04299	-0.613816
1.20853	-3.68663
0.90558	0.844908
0.930452	0.625609
0.972397	-0.592592
0.971195	-0.193906
1.18322	-4.324
0.961327	0.131693
0.895138	1.62852
1.26697	-5.72283
1.00263	-0.486663
1.05761	-2.2433
1.0515	-1.80517
1.17473	-4.35669
1.27197	-6.35401
1.03106	-1.38838
1.38357	-7.79372
1.39815	-3.58839
1.20528	-0.319837
1.48825	-9.3915
1.17706	-4.50826
1.28204	-5.97913
1.0996	-2.85323
1.2128	-5.1656
1.31831	-7.62275
1.04392	-2.43546
1.03299	-1.63582
1.02086	-1.96923
1.08654	-3.14348
1.10125	-3.13855
1.04502	-2.26324
0.938954	-0.0566053
0.824721	2.55665
0.95364	-0.432283
0.885114	1.51134
1.08476	-1.97847
0.881746	2.01448
0.707795	5.72635
1.19936	-4.42521
0.868214	1.85469
1.14006	-2.91454
1.08039	-1.94619
0.678437	6.90641
1.08992	-2.71802
1.15967	-2.92978
0.881343	1.50182
1.20423	-4.27021
1.01671	-0.37613
1.13754	-3.33671
1.11181	-2.33632
1.46065	-5.79004
1.09193	-2.57945
1.42295	-9.15171
1.34484	-7.3642
1.38005	-8.42266
1.17339	-4.2686
1.10454	-2.3608
1.24432	-5.9736
1.2082	-5.39004
1.28896	-7.14459
1.34443	-8.64629
1.30731	-7.27365
1.14264	-4.12333
1.50671	-10.9313
1.35085	-7.38677
1.34811	-7.26953
0.993575	-0.37832
1.17085	-3.27362
1.02373	-0.832972
1.25712	-4.86999
1.14612	-3.3342
0.969755	0.795107
1.03223	-0.455903
1.09126	-2.07297
1.092	-2.13858
1.11226	-2.47719
1.24689	-4.64337
0.891582	2.21192
1.13529	-2.05079
1.05528	-0.949072
1.02564	-0.621179
0.860488	3.01225
0.963999	2.09379
1.1811	-3.05087
0.939476	1.58195
1.05005	-0.501115
0.986191	0.606681
1.25887	-4.59251
1.19612	-2.97187
0.851374	3.4927
0.805492	5.20407
1.00217	0.448542
1.00907	0.236794
0.916717	2.41221
1.0869	-1.24306
1.13149	-2.54649
0.948303	1.31289
0.964955	0.692444
1.21525	-5.15577
1.06186	-1.92152
1.08791	-1.91778
1.01021	-0.902882
1.1605	-3.67075
0.809163	3.98655
1.28248	-6.18108
0.95476	0.824719
1.14557	-3.02873
1.2883	-6.36934
1.17607	-4.29148
1.03582	-1.73087
0.873895	2.14254
1.24469	-5.62893
1.42304	-8.80476
1.01721	-0.541938
0.878898	3.9822
1.07908	-1.10585
1.17705	-3.40759
1.21143	-3.87667
1.10326	-2.04456
0.964545	1.13821
1.13491	-1.94025
0.885025	2.43644
0.897859	2.80949
1.08181	-1.10289
0.775535	4.92424
0.955803	0.899565
1.06649	-0.714136
1.11553	-1.71546
1.26533	-4.64465
1.27076	-4.55562
1.43151	-9.06491
1.18869	-4.70345
0.992237	-1.05126
1.14	-3.61569
1.21477	-5.17093
1.17123	-3.94489
0.957528	-0.105124
1.01573	-1.27574
1.10004	-2.16903
1.25459	-6.22823
1.22154	-5.39098
1.13376	-3.29712
1.21492	-4.84463
1.06831	-2.6548
1.36738	-7.84621
1.48196	-8.68934
1.2027	-4.65802
1.40749	-9.52189
1.06422	-2.817
1.18589	-5.05692
1.44299	-9.52258
1.10597	-3.16083
1.45079	-9.50217
1.05424	-1.97377
1.17382	-4.96968
1.28853	-6.79383
1.41428	-9.05862
0.99551	-1.55074
0.890017	0.730341
0.938586	-0.477059
1.1032	-3.60706
1.01126	-1.46958
0.952214	0.604757
0.955688	0.104997
0.85485	2.31982
0.967593	-0.210632
0.71035	5.95542
0.946849	0.487153
1.14242	-2.96473
0.860057	2.98572
0.964134	0.278085
1.07238	-1.49354
1.15629	-3.0894
1.17887	-3.97853
0.988014	0.0227931
1.05142	-0.871702
1.23252	-4.87281
0.846372	3.47031
1.02874	-1.30674
1.3065	-7.35071
1.24575	-5.94912
1.17036	-4.31433
1.10364	-2.96359
1.4092	-9.27283
0.925702	1.11349
1.12521	-3.23712
1.18909	-5.04172
1.17481	-4.63961
1.17844	-4.27949
1.12555	-3.71436
1.28819	-6.95597
1.35512	-7.83677
1.29521	-6.78211
1.23057	-5.95102
1.258	-4.7731
0.978683	-0.570526
0.979123	0.188046
1.18691	-4.25539
1.1283	-3.13101
1.15577	-3.51318
1.05386	-1.16384
0.985923	0.601586
1.19965	-3.81714
1.13634	-2.74397
0.891256	2.42923
1.06288	-1.30816
1.07562	-1.31368
0.961972	0.702036
1.30274	-5.59058
1.14517	-1.74073
1.0784	-0.261788
0.980571	1.02279
1.50898	-8.48079
1.06696	-0.580243
0.98212	1.08467
1.02886	0.0122898
0.960407	1.86473
0.908269	3.24063
0.99663	0.822955
1.02722	-0.204066
0.938623	1.43768
0.921247	1.77672
1.05885	-0.849423
1.03452	-0.354315
0.767935	4.6343
1.15401	-2.46023
1.40247	-8.60666
1.51448	-10.6847
1.17371	-4.39808
1.04453	-1.37829
0.813857	3.48734
0.978936	-0.399095
1.00693	-0.622593
1.06171	-0.63448
1.06142	-0.886731
0.994153	-0.327829
1.11369	-2.18634
1.07481	-2.12503
1.24595	-5.3634
1.08375	-2.00776
1.07824	-2.22699
1.08897	2.71533
1.10451	-1.10017
1.24093	-4.23357
1.16434	-2.30526
1.10019	-1.71906
1.14106	-2.45358
1.01185	0.185961
1.02471	0.457871
0.946601	1.97715
0.791067	5.53717
1.08826	-1.58251
1.19432	-3.95879
0.981767	0.384234
1.19892	-3.89182
1.20828	-3.78443
1.14288	-2.73377
1.10489	-1.76225
1.11049	-2.55008
1.0682	-2.40499
1.36003	-7.2756
1.00519	-1.12032
1.29337	-6.55959
0.98533	-0.0663029
1.13596	-4.01232
1.17189	-4.15986
0.941317	1.07762
1.05851	-1.99924
1.18168	-4.1508
1.19273	-4.4624
1.12059	-2.48036
0.930477	1.29803
1.1786	-4.10138
1.43779	-2.90619
1.4108	-3.76615
1.28511	-6.37752
1.22131	-4.58778
0.979708	0.207912
1.38574	-7.96082
1.03045	-1.21546
1.36111	-7.28547
1.13613	-2.79695
0.982671	0.500753
1.117	-2.54867
1.16962	-4.19839
1.18879	-4.55306
1.08546	-2.32921
0.887373	2.06926
1.00786	-0.588377
0.775241	4.13465
1.13874	-1.58439
0.943023	1.898
1.02862	0.088748
1.00215	0.540501
0.880107	3.12607
0.813351	5.02977
0.947347	2.11561
0.958187	1.99315
1.11221	-1.00786
1.011	1.0435
0.873931	3.2908
1.11526	-1.1865
1.00391	0.703175
1.13935	-1.49741
0.939957	1.98489
1.05588	-0.339869
1.22489	-0.571236
1.20351	-4.42736
0.993249	-0.008501
0.767578	4.83631
1.25635	-6.00946
1.21903	-4.41377
1.06464	-1.08656
1.20043	-3.9055
0.877079	2.92731
0.969646	0.355764
0.958478	0.988572
0.898788	1.24819
0.815125	3.47714
0.926006	0.858964
1.01513	-0.928853
0.725926	5.33669
0.895157	2.37951
0.815995	3.76815
0.783131	4.07873
0.756125	5.00864
1.11444	-2.01056
0.635915	8.50489
0.703277	6.43302
0.754757	5.08258
0.948482	1.37535
1.01858	-0.164939
0.941053	1.56153
0.879772	3.06165
0.715439	6.07836
0.868399	2.76746
0.869056	2.58605
0.811742	4.75977
1.00396	0.61902
0.776259	4.5802
0.92378	1.262
1.08734	-1.94797
1.074	-1.86699
1.09978	-2.65367
1.01052	-0.389925
0.952722	0.478032
0.998702	-0.250117
1.05817	-1.53567
0.929668	0.675653
1.18233	-4.3951
0.975681	-0.216746
1.18006	-4.20698
0.919902	0.405184
1.09264	-2.19095
1.18217	-5.09811
1.2593	-6.91235
0.825408	2.1096
0.844558	1.80624
0.903497	0.449981
1.14971	-4.29804
1.02731	-1.31783
0.844813	1.94865
1.00863	-0.853715
1.20756	-5.19027
1.18143	-5.33958
0.90088	0.619284
1.19623	-5.14921
1.10553	-3.40597
1.19125	-5.28708
0.983882	-0.74141
0.963459	2.04179
0.967273	0.868168
1.24422	-4.77898
1.13137	-2.6289
1.08126	-1.67898
1.03161	-0.808926
1.23657	-4.84049
0.875411	2.82443
0.823227	3.64144
0.857372	3.19594
0.871802	3.19124
0.815084	3.80135
1.1924	-4.07939
0.988732	-0.0101513
1.2281	-5.02526
0.783869	4.33667
1.39134	-8.54988
1.15719	-4.81095
1.2492	-6.39092
0.900037	0.430897
1.11608	-3.79975
1.20998	-5.31567
1.07226	-2.24047
1.11059	-3.66372
1.2523	-6.31485
1.04764	-2.45698
1.31852	-7.27989
1.06291	-2.45287
1.18453	-4.79586
0.978332	-0.684822
1.28733	-6.50314
1.24816	-4.22386
0.964207	1.6824
1.2118	-3.67689
1.09278	-2.6957
1.21089	-4.70354
0.938222	1.10454
1.03244	-1.43703
1.29822	-6.74614
1.03412	-0.344067
1.26414	-5.60865
0.893989	1.59215
0.972044	0.238833
0.987044	-0.322255
1.15204	-3.4677
0.995335	-0.366925
1.12644	-2.8734
1.0959	-1.98184
1.31382	-5.12897
0.973929	0.851644
1.08571	-0.970831
0.698693	7.07164
1.11245	-1.86752
0.809811	4.86344
1.04163	0.0318234
1.10981	-1.48503
1.01754	0.687784
1.1849	-2.60643
0.812305	4.90091
0.865657	3.39765
1.0254	0.336008
1.23027	-3.54382
0.974653	1.44841
0.88402	4.22961
1.0076	-0.599111
1.28324	-5.68763
1.23179	-5.01496
1.16033	-3.6217
1.22124	-4.32201
0.935958	1.38079
0.880292	1.91673
1.05511	-1.42167
0.789748	4.68085
0.87093	2.60002
1.13287	-3.27772
0.979835	-0.254992
0.692168	5.98094
0.95874	0.81258
0.972309	-0.129466
0.880044	2.02281
1.14279	-3.00095
0.968841	0.73087
0.823092	3.86624
1.21736	-4.06147
0.915451	1.30649
1.00765	-0.249626
0.70643	7.07301
0.801306	4.71704
0.733779	6.17731
0.863505	3.34879
1.12864	-1.82284
0.870421	3.13693
1.14804	-2.75946
0.853742	3.53427
1.19024	-3.1792
1.1358	-1.13318
0.861486	2.46713
0.807542	3.82399
0.938058	1.17618
0.992465	-0.226152
0.921407	1.68324
0.739786	4.97573
0.753116	5.37289
0.945145	0.514181
0.79599	4.16334
0.718319	5.69299
1.00521	-0.278535
0.849884	2.81372
1.038	-1.67422
0.800389	3.87523
0.979833	0.152675
1.07291	-1.86061
0.905637	0.690498
1.17072	-4.8845
1.04756	-2.33329
1.0612	-2.42879
1.02797	-2.41051
0.967171	-0.669878
1.14215	-4.39929
0.965851	-0.34687
0.996474	-1.24362
1.02712	-1.69163
1.03477	-2.09572
1.22352	-5.82487
1.19584	-4.86575
0.989458	-1.44568
1.0964	-3.15526
1.03203	1.42414
0.755267	4.87503
1.34718	-6.4772
1.24999	-4.82981
0.851399	2.90457
1.21828	-3.55115
0.823832	4.24577
1.00532	0.416882
0.831329	3.23561
1.24629	-4.98229
1.15574	-3.02429
0.988084	-0.0945089
0.858924	2.72009
1.01041	-0.712091
1.16278	-3.33126
0.931597	0.903951
1.19578	-3.89552
0.857441	1.5099
0.956425	-0.62143
1.10854	-3.15204
1.03596	-2.28774
1.17875	-4.95337
1.10732	-3.20939
1.03115	-1.34078
0.832841	3.46142
1.22427	-6.07517
1.21361	-5.91329
1.22108	-4.94187
1.03922	-1.8066
1.38051	-8.98623
1.21748	-5.49694
1.12434	-3.36781
1.49746	-4.74935
1.14738	-0.570503
0.992039	-0.807402
0.936639	0.451272
1.13478	-4.09345
0.83342	2.61464
1.12939	-3.81184
0.872363	1.57521
0.847539	2.28605
0.833509	2.5226
0.790376	3.45055
1.01799	-1.47419
0.77684	3.54426
0.916777	0.567454
0.807809	2.58151
0.989595	-1.00209
0.974929	-0.498637
0.76373	4.18349
0.882265	2.42646
0.895596	1.72534
1.18429	-3.98644
0.818702	3.95117
0.972171	0.285418
0.927562	1.4934
1.01761	0.152589
0.980194	0.367386
1.10544	-1.93551
0.792852	4.50346
0.623202	8.43237
0.955172	0.888832
0.982576	0.219948
1.06818	-1.48873
1.1772	-3.38934
1.36384	-3.15839
1.20801	-4.29447
1.2767	-6.14911
1.13618	-2.93271
1.08106	-2.12866
1.21816	-4.38227
1.10834	-2.62697
1.07981	-2.47518
1.059	-1.75885
0.867436	2.40783
1.20698	-4.03768
1.22742	-5.32987
1.27189	-5.82992
1.26099	-5.4081
1.24438	-5.45203
1.0744	-2.31864
0.897514	2.66754
1.10682	-2.01568
1.17314	-2.95342
1.27563	-4.51016
1.22002	-3.8018
1.21183	-3.46112
1.23006	-3.81242
1.16974	-2.47539
0.983747	0.956178
1.09836	-1.26979
1.11897	-1.31078
1.01961	0.11938
0.995502	0.765214
1.13991	-2.31779
1.04489	-0.342708
1.21779	-3.19205
0.677252	8.09429
1.14441	-2.18079
1.16966	-2.85174
1.15902	-3.30787
0.868313	2.52921
1.07475	-0.836617
0.87075	2.85154
0.895985	2.53761
0.74286	6.65007
1.23877	-5.14834
0.857877	3.23763
0.885981	2.60543
0.919006	1.33828
1.13945	-2.93692
1.08703	-2.34932
1.02665	-0.372706
1.06022	-1.98068
1.11519	-3.24761
1.06798	-2.34352
0.838229	2.0909
1.10176	-3.42466
0.975096	-0.485206
1.16702	-4.08103
1.18424	-4.42013
0.894632	2.20132
1.11999	-3.32229
1.01139	-0.529662
1.2023	-4.89504
1.03217	-1.44386
1.38262	-8.56252
0.965358	-0.0759404
0.913957	1.41135
0.749323	5.91726
0.901156	2.12452
1.064	-0.919702
1.12365	-2.4057
1.15227	-3.4663
1.0197	-0.531597
0.799136	3.98288
1.20016	-3.92448
1.04784	-0.742407
0.869473	2.56923
0.984176	-0.177474
0.909097	1.76928
0.859707	2.87747
1.09964	-2.61448
1.25245	-4.79671
0.820379	3.70226
1.17425	-5.00598
1.08064	-2.58084
0.917053	0.450595
1.14999	-4.06356
0.913323	0.511334
0.972149	-0.239154
1.12499	-3.05959
0.856056	2.25004
1.33771	-8.15231
0.188743	19.6385
1.18062	-4.38462
1.11466	-2.90738
1.33568	-7.25391
1.0476	-2.06797
1.03551	-1.60007
1.43379	-8.11689
0.887428	1.91453
1.02083	-1.59453
1.19206	-4.31413
0.898291	1.21269
1.03948	-1.53217
1.09161	-2.85103
1.04529	-1.6472
0.826696	3.34328
1.01181	-1.10587
0.890197	1.24058
1.09004	-2.68079
1.05889	-2.43703
0.741767	4.66948
0.866966	1.38497
1.01146	-1.82052
1.03891	-2.244
1.02839	-0.203817
0.820939	3.40635
0.574583	8.94892
1.01633	-1.07052
1.13472	-2.20188
1.15085	-3.02313
0.940425	0.894259
0.95664	1.19966
0.966206	0.774251
0.889339	2.60742
0.915276	1.53281
0.810978	3.90782
0.867555	3.07811
0.889012	2.23146
0.972652	0.923758
0.859225	3.85965
1.29543	-5.81767
1.02241	-0.752103
1.20938	-4.89075
1.19422	-4.17434
1.27341	-5.74956
1.27922	-5.7803
1.14696	-3.36046
1.3087	-6.08789
1.31894	-6.72933
0.956015	0.844622
1.35137	-6.52527
1.27512	-5.76098
1.18916	-4.56285
1.25775	-5.73108
1.19703	-4.23724
1.44317	-8.30483
1.25776	-4.0728
0.905323	1.97709
1.07111	-0.673811
1.15938	-2.47549
1.08992	-0.876209
1.07727	-0.98742
1.26232	-4.16555
1.10429	-0.755097
0.942466	1.52772
1.1791	-2.59115
0.952494	1.50981
1.24136	-4.31156
0.968475	1.24233
1.13616	-1.79507
1.23183	-4.04325
0.945222	3.16761
0.951614	1.17449
0.995988	0.316244
1.07257	-1.51961
1.03732	-0.864395
1.00145	0.101669
0.963707	1.24485
1.06402	-1.12745
0.798238	5.02053
0.833964	3.71861
0.933006	1.88228
0.97923	0.633276
1.08707	-1.55322
1.19642	-3.82219
0.99832	-0.152849
1.12793	-3.08625
1.16036	-3.12063
1.05673	-1.89193
1.19887	-4.87013
1.07169	-1.73553
0.994694	-0.459537
1.09639	-2.98251
1.01993	-0.975153
1.23689	-6.31535
0.951618	1.27052
1.14182	-3.81951
1.35355	-8.19514
1.4231	-9.17257
0.937635	1.05627
1.02423	-0.923456
1.1906	-4.45772
1.28424	-6.27613
1.20167	-1.43814
0.84339	3.32356
1.15778	-3.03969
1.02891	-0.568598
1.09148	-1.96264
0.933414	1.60192
0.934351	1.28054
0.988449	0.791136
0.639517	8.45139
1.34458	-6.58176
0.974766	0.18096
0.880559	2.79231
0.919132	1.14562
0.901647	1.30855
0.976647	-0.374828
1.0075	-0.727718
0.889709	2.03882
1.23778	-5.49104
0.992469	-0.803517
1.1765	-4.12742
1.09307	-3.4264
0.985431	-0.701901
0.992282	-0.560777
1.08901	-2.93764
0.941241	1.13223
1.47671	-10.3035
1.10946	-2.70862
1.28068	-5.86487
1.22414	-5.83389
1.15967	-3.97717
1.23657	-5.57968
1.07976	-2.17522
1.20884	0.21623
1.18035	0.475818
1.02949	-0.911453
0.968375	0.187629
1.14379	-3.07548
1.1573	-3.31371
1.02564	-1.3239
1.15699	-4.01216
1.03263	-0.820133
1.11803	-3.03245
1.09318	-2.40093
1.2279	-5.06021
1.09428	-2.68954
0.958723	0.263069
0.897983	0.833625
0.96862	-0.677412
0.86282	2.1926
0.690865	6.76776
0.79855	4.33915
0.766954	4.95646
0.860392	3.75198
1.22109	-3.45676
1.09586	-1.72917
0.919644	2.28394
0.990473	0.919785
0.857446	4.51996
0.861782	3.44641
0.92592	2.26117
1.04487	-0.380221
0.840849	3.89865
0.820446	4.10021
0.922116	2.31136
1.06035	-0.73871
1.08854	1.07117
1.0168	-1.15821
1.0467	-1.19459
1.32636	-6.48248
1.00759	-0.577269
1.04707	-1.31504
1.1073	-2.524
1.06777	-1.86718
1.00551	-0.181077
1.06591	-1.68659
1.12355	-3.283
0.993036	-0.222028
1.12237	-3.05453
1.32601	-6.64127
1.11969	-3.15559
1.0926	-2.2031
1.19172	-3.67917
0.880569	2.49757
1.01934	-0.166711
0.913581	2.09364
0.98295	0.73067
0.868356	3.57051
1.06853	-0.126093
1.06631	-0.584679
0.803403	4.99746
0.906556	2.2487
0.894951	2.82976
0.793261	5.22734
0.946863	1.75559
0.88958	2.65008
0.957769	1.02731
0.920994	2.68383
0.962497	2.10515
1.14722	-2.38607
1.19683	-3.66476
0.966908	0.920318
1.06074	-1.55564
1.02443	-0.812062
1.23447	-4.30502
1.04633	-0.713534
0.892941	2.26317
1.14881	-2.38326
0.994038	-0.204042
0.857561	2.80392
0.91136	1.94074
1.07062	-1.59799
1.02577	-0.497653
0.782803	3.61617
0.971282	-0.612868
1.06493	-2.40367
0.94952	-0.758212
0.973323	-0.859734
1.18418	-5.17556
1.05676	-2.54567
1.01823	-1.91208
1.11511	-3.40765
1.18155	-4.53831
1.0052	-0.99569
0.952908	-0.170993
1.17237	-4.62034
1.14017	-3.87134
0.869698	1.86251
1.27317	-6.64464
1.24206	-5.82928
0.834493	3.34652
0.959029	0.23154
1.01458	-0.339201
1.22371	-4.1086
1.19763	-3.63536
0.886877	2.85505
1.00123	-0.00378067
1.12988	-2.61823
0.906405	2.32846
0.978682	0.152932
1.07998	-1.41287
1.04895	-1.37239
1.1922	-3.47112
1.04244	-0.973616
1.12126	-2.35169
1.00053	-0.37272
1.01071	-1.61478
1.1234	-3.66819
1.23662	-6.35935
1.18671	-4.72763
1.18029	-4.68877
1.04811	-1.89
1.47048	-10.0362
1.17296	-4.57629
1.12331	-3.36289
1.32588	-7.57534
1.06569	-2.50967
1.17497	-4.67607
1.21743	-5.99177
1.33508	-7.31454
1.24306	-6.1591
1.55577	-10.9872
1.39885	-7.78076
1.04141	-1.24834
1.2207	-4.66314
1.0542	-1.57845
1.16862	-4.21137
1.10152	-2.39619
1.06861	-2.29019
0.997851	-0.964995
1.14626	-3.76876
0.971975	-0.400193
0.902883	1.15664
1.19247	-4.68043
0.958534	-0.184249
1.05173	-2.46271
1.01334	-1.81049
1.24869	-6.13318
0.736512	5.37589
1.02053	-0.28211
0.925396	1.51576
0.993668	0.613906
1.06683	-1.08883
1.05532	-0.260703
1.02753	-0.0609786
1.06394	-0.775487
1.02453	0.523663
1.16785	-2.30994
1.16112	-2.06436
0.97279	1.45727
1.0514	-0.582686
1.05545	-0.974271
1.08375	-0.868459
1.28577	-5.00946
1.09488	-2.10344
1.20033	-4.53837
0.914461	0.902375
1.09489	-2.32139
1.20333	-4.85568
1.00172	-0.800025
1.36388	-7.56794
0.88005	2.59083
1.34638	-7.17088
1.21382	-4.74628
1.00713	-0.471274
1.15879	-3.64837
1.18071	-4.07667
1.06486	-1.75919
1.24938	-5.57849
0.976941	-0.292515
1.11021	-2.01501
0.938885	1.54894
1.0393	-0.406285
1.0681	-0.964498
0.779963	4.97085
0.942152	1.88035
0.981158	1.10633
1.0069	0.584525
0.737871	5.86411
1.04493	-0.383495
0.808963	4.33191
0.892677	2.72168
0.823715	3.98177
1.0217	-0.230972
1.00861	0.786427
0.907893	3.56973
0.878109	3.10607
1.06959	-1.26334
1.11858	-2.33938
1.13456	-2.72811
1.14638	-2.27758
1.086	-1.70082
1.19767	-3.65623
0.723511	5.77709
0.912737	2.07923
0.994966	0.352064
0.776337	4.6421
1.00938	-0.17577
0.952567	0.77206
0.978974	-0.123538
0.832254	3.25976
0.942939	1.02735
1.05037	-2.29903
0.945395	-0.285166
1.03905	-2.33891
1.13361	-3.88711
1.10165	-3.53402
0.996511	-1.44817
0.848242	2.0854
0.829871	3.10146
1.12142	-3.64173
1.24293	-5.93686
1.08344	-2.77616
0.908029	0.619822
1.03709	-1.75406
0.967542	-0.40141
1.18724	-4.8789
1.26943	-2.79577
1.08922	-1.49017
0.90534	2.04852
1.05798	-0.849721
1.19487	-3.78453
0.958793	0.667656
1.04198	-0.366143
1.0157	-0.56488
1.10246	-1.80524
1.05042	-0.451791
1.20708	-3.62089
1.2772	-5.47475
0.921096	0.992147
1.03748	-1.3046
1.18573	-3.77787
0.928785	0.878605
1.0856	-1.77825
1.03594	-1.84123
1.16591	-4.81265
1.17358	-5.48681
1.07929	-3.1347
1.16704	-4.45036
1.26758	-6.77164
1.3565	-8.89709
1.2204	-5.15681
0.959431	-0.460798
0.981684	-1.07797
1.11253	-3.15408
1.62057	-12.2278
1.16768	-4.53388
1.09729	-3.57901
1.04876	-1.58663
1.26732	-2.57021
1.30177	-2.21217
1.06634	-2.16021
1.15635	-4.37562
1.07658	-2.56333
1.16467	-4.46637
1.26835	-6.82793
1.22607	-4.9733
1.03395	-1.84591
1.28718	-6.26477
1.16408	-4.15906
1.32547	-7.92813
1.14905	-3.92475
0.927275	0.0509031
1.16663	-4.80767
0.896791	1.00584
1.14588	-4.33403
1.02054	-0.807709
1.0736	-1.67638
1.11383	-2.43547
1.01062	-0.194955
1.13002	-2.74625
0.93003	1.23845
0.863719	3.06601
0.914176	1.60369
1.14385	-2.24645
0.934962	1.46967
1.08187	-0.972723
1.08216	-1.56186
0.9458	1.29887
0.959683	0.634539
1.35519	-6.60073
0.994721	-0.14487
0.949489	2.64688
1.07832	-3.02335
1.24193	-5.89482
1.27395	-6.12623
1.27303	-6.28051
1.00458	-1.03515
0.872	1.60345
0.98993	-0.545143
1.08321	-2.30711
0.955507	0.147749
1.02169	-1.39836
1.16694	-5.27357
1.10944	-3.51704
0.770813	3.69222
1.10139	-2.9758
1.15168	-3.81706
1.08737	-2.20219
0.958841	0.513722
0.993027	-0.0852954
1.12827	-2.52215
0.975486	0.230602
1.14324	-3.31256
0.900595	2.37765
1.02806	-0.585667
1.2656	-5.09254
0.818441	3.55706
0.964585	0.847401
1.01322	0.254098
1.20031	-3.49501
0.982683	0.350311
0.818803	3.98143
0.96719	0.89988
1.02442	0.251403
1.11798	-2.22089
1.0348	-0.254309
1.15731	-2.70336
1.18048	-3.11273
1.24481	-4.30112
1.05326	-0.691384
0.813817	3.97617
0.961009	1.51446
1.06296	-1.27104
0.913112	1.89975
1.10334	-1.92635
1.06769	-1.22105
1.02734	-0.578766
1.17832	-3.57772
0.908854	1.61275
1.08588	-2.66245
0.955085	-0.392255
1.08226	-2.49071
1.10727	-3.62472
0.900579	1.12887
0.859968	1.82014
0.954322	-0.121955
1.14764	-3.91036
1.02745	-1.339
1.25013	-6.30616
1.15628	-4.34333
1.07031	-2.31153
1.24503	-5.90741
1.15714	-4.48702
1.14325	-3.7968
1.19431	-5.12908
1.24805	-3.75513
1.01847	-0.292921
1.03462	-0.0637833
1.0508	-0.52297
1.07122	-1.24489
1.30359	-4.72023
1.08171	-0.732519
1.04106	-0.0798961
0.876133	2.71475
0.918988	2.26504
1.32174	-5.38441
0.717096	5.9874
0.926588	1.78192
1.08304	-1.56636
1.18393	-3.14246
1.18591	-3.20352
1.2385	-5.7177
1.12188	-3.0918
1.07072	-2.41168
0.975383	-0.78623
0.906502	1.01787
1.39801	-8.98851
1.14936	-3.90638
1.10222	-2.86182
0.965936	0.0810417
1.19193	-4.86466
1.12118	-3.08961
1.20681	-5.05394
1.20484	-4.85952
1.23592	-5.66087
1.40366	-8.59067
1.48257	-8.77972
1.07483	-2.27878
0.97465	-0.865857
1.21087	-4.87018
1.2514	-5.89455
1.23088	-5.20241
1.24537	-5.65262
1.11176	-3.13151
0.76882	4.19642
1.53077	-10.8958
1.23178	-6.19258
1.1378	-3.68393
1.17175	-4.6724
1.38482	-8.58696
1.17177	-4.65172
1.06704	-2.95374
1.05993	-2.1012
1.09267	-2.05107
0.945046	0.769108
1.08833	-1.58259
0.938688	1.00799
1.14878	-2.55462
1.0445	-0.899844
0.977212	0.742431
0.919084	1.75828
0.941456	1.09464
1.09732	-1.11672
0.890821	2.08746
0.85453	2.72881
1.15664	-2.89992
0.926338	1.53477
1.15444	-2.91762
0.93881	1.35877
1.16218	-4.186
1.13042	-3.45582
1.10317	-3.34429
1.23162	-5.52172
0.966667	-0.351859
1.02223	-1.80895
1.0037	-1.1766
1.01908	-1.75872
0.872089	1.76406
0.996735	-0.971079
1.12743	-3.72667
1.24746	-5.96547
1.07827	-2.75619
1.17933	-4.89159
1.09013	-2.69112
1.14505	-3.9573
1.21576	-4.12064
1.10991	-2.53206
1.15226	-2.66016
0.792273	4.0475
1.19929	-4.054
1.20592	-4.54607
0.937137	1.22468
0.921979	2.23132
1.24047	-4.81421
0.778856	4.49143
1.1425	-3.36665
1.06272	-1.3805
0.93446	1.55945
0.963084	0.330711
1.02809	-0.0149059
1.08494	-0.0522685
0.944792	1.1673
1.16858	-2.93602
0.862344	3.37228
1.02546	-0.082918
0.979808	1.29158
1.00311	-0.0328412
1.16522	-2.87236
0.878751	3.1976
0.986911	0.664677
1.04334	-0.64168
0.876424	2.84546
1.00634	0.0307097
1.23052	-4.13478
1.02174	-0.471452
0.804058	3.64469
0.8675	2.53441
1.06216	-2.47821
0.9356	0.0842731
1.09539	-2.77018
1.03779	-2.08857
1.2209	-6.01258
0.783379	3.64589
0.953049	0.120688
1.01392	-1.11654
1.11625	-3.01752
1.13515	-3.75285
1.06441	-2.22165
1.10642	-3.20981
1.28404	-6.59173
1.35991	-8.36588
1.20208	-4.4981
1.29507	-2.30778
-0.0178258	28.9409
1.0591	-0.77039
1.18043	-3.47797
1.26501	-4.70373
1.06514	-0.258742
1.09011	-1.48791
1.37364	-6.51566
0.978188	0.886943
1.03734	-0.142836
1.21558	-3.29192
0.943727	1.22398
0.988484	0.470943
1.05958	-1.21492
0.688538	6.07045
1.07723	-1.02294
1.1341	-2.09316
1.00359	-1.02433
1.10458	-3.04082
1.13734	-3.90603
1.02149	-1.00994
1.01298	-1.22136
1.05251	-2.19362
1.19791	-4.99591
1.12652	-3.1179
1.29561	-6.46644
1.07095	-1.8682
1.11399	-3.07315
1.31689	-6.99244
1.29871	-6.59904
1.11672	-3.79343
1.0646	-1.47161
1.37716	-2.85288
1.14391	2.34559
0.979186	2.15875
1.15328	-1.64764
1.19932	-2.72992
0.943741	2.58453
1.15839	-2.40483
1.06177	-0.185946
0.979302	1.87552
0.725827	7.34092
0.775711	6.28067
0.586847	10.5295
1.12239	-1.63177
0.92666	2.87547
0.681365	7.7987
0.862627	3.93685
1.04155	0.631074
1.08697	-0.139481
1.07491	0.417076
1.09672	-0.0858543
0.864284	4.3865
0.877586	4.65034
0.816566	5.74938
1.07855	0.603445
1.08078	0.524025
0.860285	5.35751
0.931717	3.82055
0.90621	4.10227
0.970198	2.45971
1.03955	1.79306
1.01166	2.24501
1.05704	0.924929
1.01788	1.75979
0.945454	6.10667
0.968862	2.67669
1.22033	-3.0981
1.09018	-1.29184
0.998314	1.46729
0.9974	1.64873
0.784849	5.91437
0.865897	4.4708
0.918245	3.45426
1.18621	-2.69717
1.04034	-0.32258
1.12111	-1.36793
1.04934	-0.643746
0.724619	7.47033
1.09729	-1.04823
1.13967	-1.58516
0.853235	4.79955
0.763179	6.91043
0.962135	2.39078
0.991298	2.17537
1.07155	0.907638
0.711546	8.03717
0.876087	4.86255
0.752893	6.59908
0.802952	6.71454
0.820833	5.49191
0.872029	4.58339
1.06773	0.794942
0.913588	3.00953
0.959555	2.21509
1.25247	-2.77545
0.808465	6.1152
0.975796	2.24388
0.94733	1.97141
1.16577	-2.50512
1.20285	-3.13474
0.999187	0.808677
0.920035	3.15533
0.964246	1.49292
1.10598	-0.517222
0.819852	5.2456
0.756507	6.25592
0.949675	1.84707
0.783472	4.99892
0.730921	5.95567
1.04368	-0.0575737
0.884954	2.62348
0.923956	1.79575
1.13256	-3.53499
0.960808	0.0546858
0.900118	1.09981
1.19675	-4.92348
1.24783	-6.21226
1.01087	-0.786089
1.06607	-2.08722
1.04066	-1.37165
0.701665	7.0716
1.15451	-3.81576
0.860299	2.59856
1.17058	-4.07433
1.16468	-3.92226
1.09898	-2.44578
1.06666	-2.00326
1.26043	-5.25292
1.24123	-3.13359
1.03309	-0.130264
0.714746	6.41238
0.97162	1.04574
1.06378	-0.525615
1.13654	-2.35767
1.00206	0.946928
0.965699	2.00461
0.962068	1.90762
1.01813	0.341008
0.911209	2.85213
0.982554	0.756133
0.991474	0.947433
0.821396	3.69351
1.05824	-0.593117
1.00745	0.169374
1.01804	-1.29462
1.11454	-3.54003
0.799331	3.08039
0.746578	4.3641
1.05481	-2.31612
0.994124	-0.981016
1.1921	-5.09159
1.09487	-2.23046
1.03545	-1.10533
1.22001	-5.39942
1.22645	-5.27312
1.00316	-0.817812
1.05432	-1.58428
1.23105	-5.98869
1.22394	-4.98688
1.50206	-9.82984
1.18375	-1.80194
1.39911	-6.17033
1.05967	-0.293719
1.40497	-6.6672
1.20298	-3.9714
0.925934	3.15187
0.969076	1.59429
1.17685	-2.38225
0.959229	2.3848
0.891957	2.86707
1.0943	-0.970916
1.22872	-2.89707
0.868284	3.70698
0.661334	8.1431
0.873214	3.75708
1.2271	-2.52423
0.915323	4.10165
0.9743	2.81322
0.769464	6.38124
0.92855	2.90278
0.941475	3.65274
0.86259	5.37572
1.10666	0.060798
0.738415	8.18149
1.18511	-1.67337
0.819553	6.36606
0.68423	9.00983
1.03706	1.38265
1.01129	2.32582
1.01804	2.19313
0.96956	3.36723
0.766654	8.33212
1.1893	-2.05218
1.2686	-3.7984
1.09557	-0.938597
1.15598	-2.27671
1.26004	-3.93852
1.13379	-1.71577
1.30762	-5.09058
0.951164	2.45804
0.735518	6.9442
0.950796	2.29553
1.11954	-1.73945
1.05322	-0.139529
0.859295	3.78279
1.05648	-0.65947
1.1573	-2.39843
0.783379	6.13318
0.842979	5.09252
0.993281	2.0544
1.07529	0.0667687
0.611089	10.4281
0.999905	1.66238
0.907235	4.34284
0.915798	4.03377
0.555856	11.9765
0.859545	3.96139
0.771966	6.70161
0.827667	5.07526
1.16743	-2.24126
0.736872	7.2877
0.756778	7.07948
0.962423	3.16797
0.76836	8.1352
1.03436	0.476991
0.970536	1.3523
0.871947	3.67236
0.890973	3.09385
1.07993	-1.02901
0.964681	1.8156
0.884783	3.13377
1.12329	-0.986116
1.07015	-0.41884
1.03376	0.364542
0.910589	2.79767
0.75134	5.94805
1.01976	0.359177
0.593523	8.5566
1.27316	-4.51567
0.978965	1.20517
1.03651	-1.77522
0.894601	1.24649
0.846264	2.3907
0.95496	0.178744
0.894209	1.29431
1.20114	-4.91843
0.717876	5.88688
1.07805	-1.62671
1.10171	-2.23766
1.17331	-4.18239
1.18287	-4.02956
1.13021	-3.58732
1.16488	-4.06012
1.02145	-0.967683
1.19228	-4.208
1.2763	-2.21348
0.92313	2.07726
1.1729	-3.45505
0.922445	1.92539
1.14717	-2.58005
1.01364	0.307093
0.997033	0.242452
1.1583	-2.22079
1.16039	-2.19997
0.987179	1.28923
1.0465	-0.343428
1.00524	0.808926
1.044	-0.438247
1.16004	-2.9018
0.85735	2.88749
1.14007	-2.60853
0.957308	1.13028
1.11108	-2.55252
0.891111	0.894238
0.846977	2.40045
1.17995	-4.74092
1.06622	-2.21233
1.08429	-2.80686
1.01307	-1.00106
1.13125	-2.87057
1.24855	-6.28119
0.899142	0.670871
1.19429	-5.02854
1.20799	-5.06617
1.30297	-6.91005
1.09782	-3.2285
1.46958	-9.11958
1.39233	-3.18802
1.37633	-3.02117
1.12804	-2.72666
1.31334	-6.47484
1.29249	-6.07572
1.39231	-7.43201
1.1935	-3.86722
1.18917	-3.53494
1.18112	-3.2231
1.01959	0.822363
0.92692	1.89769
1.02644	-0.340008
1.01768	0.170913
0.861278	2.91026
0.877414	2.87477
1.21808	-4.47531
1.20668	-3.66208
1.06575	-0.0658254
0.999165	0.938761
0.883186	3.56849
0.795071	5.57137
1.04827	-0.0416517
1.06043	0.537328
0.91633	2.98154
1.06526	0.0171886
0.70037	8.37071
0.713559	6.7969
1.02484	1.33504
1.0448	0.0190269
1.1492	-1.22841
1.10383	-1.11052
0.891296	3.50311
0.752772	6.09155
1.32236	-1.89225
1.0026	0.639784
1.45806	-8.40504
1.17441	-1.88888
1.08149	-1.26223
0.890288	2.96296
1.10854	-1.8022
0.950326	1.36994
1.18078	-2.05282
1.13971	-3.0577
0.987211	0.68149
1.23877	-5.18115
0.992202	0.631321
0.908305	1.58819
1.13863	-1.84102
0.76696	5.61409
1.06755	-0.455506
0.979371	2.05741
1.02511	0.253043
0.848508	4.09713
0.719192	6.82575
0.852955	4.27127
0.976965	1.0709
0.879016	3.17495
0.910481	2.82362
1.00991	0.479757
0.835124	4.12459
0.805113	5.27943
0.998947	0.854747
1.15928	-2.36805
0.930962	2.63742
1.04685	0.363281
0.730485	8.2764
0.874292	4.28148
0.781675	5.27868
1.09345	-0.609816
0.619704	8.88182
0.79255	5.49333
0.768239	6.04468
0.730835	6.90266
0.749371	6.88431
0.899969	2.72477
0.565788	10.5145
0.706622	7.29768
0.862763	3.49572
0.819545	4.54114
0.831007	4.33022
0.768747	5.55907
1.07185	-1.78763
0.88486	1.40132
1.08623	-2.2526
0.84762	2.88653
0.998905	0.0767548
0.983093	-0.14884
0.977624	-0.485141
0.699422	6.63605
0.810121	4.45768
1.01221	-0.265517
1.22071	-4.79068
1.27357	-5.41662
1.33543	-6.38006
0.961116	0.186801
1.21823	-4.43115
1.3811	-7.55704
0.937878	2.81949
1.05151	0.00404325
1.06959	-0.337095
1.14447	-2.28671
0.785937	4.91094
1.11024	-1.19187
1.06488	-0.280315
0.982901	1.02485
0.676434	8.98045
1.05474	-0.0371028
0.976086	0.918277
1.10546	-1.69918
1.0662	-1.06834
1.01014	0.224136
0.972428	1.0595
1.11194	-1.40015
1.22917	-5.50856
1.18145	-4.09623
1.28786	-6.2807
1.11909	-2.81654
1.11486	-3.08837
1.14859	-3.41566
0.948572	0.598829
0.952446	0.770883
1.05869	-0.889789
1.34452	-7.41683
1.02381	-0.899416
1.15693	-3.56653
1.19919	-4.53112
1.11767	-2.93425
1.35234	-6.72534
1.77421	-12.8498
1.33652	-5.43112
1.24947	-4.99196
1.14591	-3.12654
1.07939	-2.15371
1.24636	-5.19468
1.00341	0.191555
1.08919	-1.86108
0.77311	5.67063
0.85783	2.89476
1.32746	-6.19727
1.31497	-5.60655
1.29642	-5.8696
1.00615	-0.182434
1.00637	-0.377636
1.16711	-3.47835
1.11805	-1.69727
0.86405	4.32402
1.03064	0.899157
0.875761	3.34486
1.06599	0.211261
1.13224	-1.5776
1.092	-0.5572
1.0798	-0.208133
0.747519	7.19656
1.0649	-0.216311
1.01706	0.664363
1.15189	-1.60552
1.10741	-0.861159
1.05923	-0.376674
1.1078	-0.92958
1.25771	-3.55952
0.790031	6.28826
1.45259	-8.15824
1.22854	-4.14849
1.06533	-1.7562
1.05246	-0.655473
1.29321	-5.65839
1.14978	-2.4518
1.00636	0.328856
1.08206	-0.992335
0.892822	2.62638
0.677084	7.41017
1.12663	-2.70845
1.01685	0.114574
1.05097	-1.42292
1.14613	-2.69137
1.20998	-3.86504
1.02877	0.0918722
0.924511	2.93342
0.812168	4.99774
0.867724	3.82693
0.862433	3.43258
0.882511	3.34574
1.09279	-0.45223
0.769178	6.1984
0.834002	4.74947
0.982065	1.47954
0.78821	5.60844
1.02064	0.150032
1.12535	-1.12047
0.986466	1.04808
0.824481	4.5688
1.24364	-3.16975
0.919759	3.74319
0.842329	4.79017
0.837655	4.45057
0.74768	6.85706
0.790729	5.4309
0.943166	2.33941
0.804848	5.25334
0.726572	7.02996
0.841732	4.94564
0.894718	2.98741
0.737495	6.68813
0.815949	5.17944
0.93775	2.11494
0.91501	2.80822
0.610283	9.06341
0.652336	7.92485
0.841127	4.2752
0.941961	0.287672
0.931963	1.02447
1.13474	-3.26606
0.991041	-0.298086
0.836542	3.357
0.926947	1.29172
0.941902	1.28699
1.13447	-2.40898
0.833075	3.57548
0.893234	1.71884
1.04059	-0.972523
1.12995	-2.76402
1.08938	-1.81591
1.18314	-4.1669
0.972976	0.710356
1.16777	-0.342738
0.960037	1.61825
1.09117	-0.906527
1.24474	-3.39532
1.02209	-0.279335
0.892587	3.52397
0.918558	2.04839
1.10461	-1.12788
0.896958	3.80017
0.993506	1.41141
1.01195	0.755223
0.957437	1.59935
0.971504	0.843259
1.10991	-1.76594
1.09339	-0.993049
1.00067	0.105483
1.15655	-2.86271
1.1284	-3.23866
1.1619	-3.16626
1.03063	-0.778986
0.984312	-0.715163
1.10361	-2.3686
1.42131	-8.43751
1.22675	-4.82309
1.22071	-3.92302
0.948631	0.955989
1.02953	-1.26528
1.17261	-3.76408
1.06998	-1.81986
1.17867	-3.80485
1.09503	-2.41101
1.03013	-0.435189
1.61108	-4.89245
0.406018	14.4802
0.716884	5.0982
0.654667	6.08383
0.675669	5.62221
0.723268	4.5759
0.602978	7.14362
0.755115	3.68151
0.97791	-0.631783
0.518908	9.79169
0.669738	5.46296
0.594342	7.58541
0.665739	5.65558
0.419586	11.3709
0.480987	10.0308
0.640611	6.0972
0.508022	9.45396
0.835779	2.68613
0.729656	5.07387
0.804064	3.21526
0.597922	7.7618
0.516375	9.87598
0.697521	5.92569
0.397567	12.939
0.439572	11.7647
0.489043	11.1247
0.510154	10.0893
0.368179	13.4017
0.665935	6.01463
0.357185	14.2386
0.500236	10.1268
0.418356	12.1146
0.537582	8.99974
0.847947	4.62347
0.759343	4.35913
0.577231	8.33771
0.812101	2.15996
0.731047	4.61568
0.54136	9.2233
0.333499	13.9893
0.868824	1.96676
0.492596	10.6755
0.601525	7.6398
0.576709	8.1563
0.76811	3.68333
0.847736	1.90051
0.625239	6.92251
0.478774	10.269
0.641572	6.64385
0.565464	8.69708
0.447617	11.4244
0.535346	8.87363
0.613231	7.53828
0.575002	8.2662
0.606281	7.30687
0.515433	9.85628
0.595492	7.96819
0.489958	10.9943
0.217294	17.6562
0.674082	6.46219
0.662093	6.21475
0.502006	9.89112
0.546395	9.29872
0.578627	8.51068
0.592538	7.84404
0.777701	5.42578
0.544136	8.56475
0.74193	4.51679
0.674823	5.72852
0.56474	8.25811
0.824022	2.36624
0.542724	8.96669
0.720149	4.97448
0.730073	5.24877
0.831985	2.43343
0.744869	4.40678
0.684917	5.23058
0.597519	7.55315
0.65519	5.91251
0.795361	3.27684
0.864654	2.00045
0.930444	0.658602
0.654034	6.03575
0.785202	2.94701
0.814849	2.77837
0.723539	4.4542
0.69424	4.95637
0.76135	3.62101
0.932271	0.166244
0.597478	7.92881
0.607895	7.5979
0.821813	2.21397
0.660224	5.90742
0.571709	8.14091
0.656583	6.04511
0.823887	2.49688
0.749752	4.51331
0.662221	7.08787
0.619692	7.33158
0.623884	7.45887
0.530189	9.22002
1.05077	-2.08083
0.503237	10.1488
0.554056	9.01014
0.784454	3.52513
0.582626	8.60202
0.917428	0.456743
0.941139	-0.163181
0.742534	4.56489
0.626347	7.79601
0.718552	5.0115
0.877527	1.27505
0.759818	3.9943
0.955442	0.110329
0.0312631	19.7892
1.01935	-1.31011
0.76802	3.66686
0.815651	2.79322
0.950725	-0.377906
0.734297	4.78769
0.534834	9.17368
0.764286	4.12762
0.857551	1.64589
0.764418	3.30933
0.709273	5.39216
0.753895	4.46427
0.98913	-0.868299
0.688162	5.51921
1.01203	-0.338782
0.641779	7.33713
0.401595	12.2997
0.548316	8.78971
0.700612	5.37459
0.818139	2.68657
0.55417	8.28264
0.07339	19.1292
0.610529	7.60073
0.643749	6.60914
0.685371	5.20695
0.812121	2.74598
0.777581	3.2579
0.819662	2.44837
0.417934	11.4011
0.440817	10.8511
0.726353	4.38959
0.765899	4.28389
0.726729	5.16297
0.747821	4.18298
0.662803	6.30127
0.397215	12.6918
0.572399	8.298
0.576289	8.68163
0.475299	11.5441
0.461428	10.9058
0.590985	8.30813
0.182619	18.2727
0.340697	14.1436
0.33291	14.172
0.54673	8.93073
0.475064	10.8376
0.462697	12.0008
0.738331	4.63613
0.821473	2.42344
0.771327	3.3022
0.54454	8.96396
0.593504	7.59665
0.308933	14.8615
0.693197	5.17033
0.703133	5.41417
0.398362	12.5253
0.580441	8.24289
0.64691	6.40785
0.847528	2.03241
0.743914	4.06726
0.773568	3.50795
0.772678	3.53372
0.659002	5.8944
0.667886	6.03431
0.64618	6.52326
0.62159	6.9312
0.72175	4.66647
0.797376	3.18812
0.502508	10.197
0.694993	5.5699
0.123615	21.125
0.485858	10.4337
0.611154	7.69556
0.546562	9.20615
0.51425	10.1262
0.619594	7.35067
0.61836	7.60468
0.91297	0.932108
0.621074	8.17064
0.558246	8.9175
0.675341	6.28897
0.742985	4.11285
0.707758	5.31998
0.748787	4.24212
0.808908	3.07309
0.454381	11.0909
0.589022	8.5125
0.708342	5.2568
0.455672	11.1656
0.433182	11.3597
0.967039	-0.826413
0.608259	7.63078
0.617733	6.95578
0.79631	3.59278
0.647123	6.30717
0.999933	-0.808926
0.990399	-0.850967
0.816557	2.69674
0.62487	6.566
0.564114	8.13636
0.695548	5.385
0.690948	5.5598
0.79016	3.49575
0.690654	4.97536
0.44409	11.5476
0.728607	4.3577
0.401711	11.598
0.610628	7.22553
0.483426	10.0911
0.721498	4.80143
0.525753	10.7149
0.43869	11.6502
0.746731	4.5559
1.01812	-1.34542
0.670004	6.07308
0.709901	5.26576
0.768427	3.54887
0.521198	9.2707
0.475495	10.9877
0.802352	3.08421
0.746114	4.57165
0.764029	4.2127
0.632354	6.85825
0.137106	18.6564
0.811976	3.3542
0.597142	7.79062
0.843306	2.34739
0.707167	5.82855
0.773411	3.46161
0.794603	2.87541
0.979513	-0.795851
1.04871	-2.56112
0.965771	-0.331817
0.997954	-1.36721
0.880742	1.82399
0.73492	4.20864
0.769322	3.34228
0.6826	5.39992
0.899758	0.75963
0.745342	4.51715
0.78121	3.64115
0.742025	4.78511
0.843675	5.23518
0.878485	4.20067
0.766708	4.18696
0.67488	5.55443
0.692264	5.15103
0.62269	6.43022
0.734329	4.22981
0.841836	1.81975
0.570848	8.40535
0.58206	8.04407
0.532352	8.8945
0.155317	18.2224
0.671185	5.77488
0.484175	10.0336
0.72363	4.42306
0.688014	5.08318
0.868883	1.41465
0.767018	3.81833
0.646101	6.65999
0.779473	3.35379
0.671754	5.81289
0.64144	6.56442
0.695969	5.62469
0.778472	2.96804
0.661278	6.32258
0.365031	13.8622
0.998981	-1.29138
0.600211	7.46081
0.558623	8.109
0.406069	12.4528
0.681407	5.6132
0.621329	7.12273
0.66678	5.9281
0.563129	9.57247
0.483277	9.97803
0.591209	7.16027
0.672694	5.53135
0.438986	10.7193
0.331595	13.3042
0.657976	5.8023
0.655415	5.64148
0.613195	7.41127
0.276198	14.9185
0.525034	8.72192
0.577939	7.93358
0.702448	4.64064
0.395126	12.0502
0.558522	8.19695
0.942517	0.460156
0.675877	5.84849
0.774427	3.63455
0.605566	7.27146
0.623494	6.69244
0.697038	5.29756
0.708556	5.33716
0.172333	18.0493
0.521398	9.16597
0.241162	16.5887
0.563868	8.47517
0.536737	8.69624
0.621321	7.06543
0.538142	9.30721
0.504369	9.65219
0.348715	13.4325
0.630878	6.65884
0.320297	16.1239
0.463168	11.0196
0.548437	9.36929
0.64022	6.98883
0.672801	6.12291
0.562936	8.83474
0.544175	9.2815
0.369386	13.4895
0.46563	11.6056
0.613953	7.56494
0.831926	2.63322
0.64037	6.94693
0.553623	9.0677
0.650352	6.5228
0.514934	9.97229
0.738807	4.95323
0.649863	6.12252
0.746209	4.31546
0.70019	5.23562
0.552593	8.49377
0.952607	-0.470379
0.564688	8.45977
0.584505	7.97726
0.647839	6.59797
0.471473	11.3324
0.615162	7.53689
0.438649	11.9874
0.387627	12.6672
0.937924	0.281483
0.664598	6.06905
0.694588	6.05767
0.64763	6.38899
0.725132	6.94755
0.633427	7.26586
0.505935	10.0639
0.628309	7.11636
0.58149	8.41666
0.765095	4.41
0.766508	4.62477
0.716793	5.33935
0.591775	8.68129
0.691866	5.93627
0.764147	4.33702
0.578568	8.5255
0.709595	5.60129
0.842804	3.11885
0.851314	2.36782
0.73956	4.84658
0.570106	8.22823
0.684412	5.48468
0.739124	4.49123
0.779776	3.07483
0.671146	5.95042
0.601213	7.60306
0.732906	4.63539
0.700234	4.91503
0.739387	5.04786
0.905435	1.19802
0.918943	0.634052
0.854181	2.47308
0.755267	4.7125
0.588103	7.70269
0.805041	3.39715
1.10506	-0.728753
0.389654	13.0082
0.617307	6.99089
0.612024	7.11265
0.738327	4.23555
0.427767	11.2494
0.694986	5.09323
0.895248	0.303181
0.563201	8.39263
0.603579	7.04267
0.722541	4.70562
1.02839	-1.65937
0.988633	-0.869341
0.73226	4.13376
0.555637	8.03483
0.693526	4.8932
0.676937	5.89604
0.946113	0.0611249
0.749076	4.30219
0.839241	2.47229
0.775664	3.2686
0.724606	4.39006
0.959099	-0.5208
0.731696	4.35769
0.676956	6.25843
0.568311	8.26651
0.375418	12.916
0.881283	0.934858
0.501521	9.96344
0.679499	5.64205
0.710358	4.87232
0.819857	2.68748
0.632549	7.73804
0.731129	4.2988
0.762706	3.74664
0.718266	4.51784
0.486884	9.94533
0.499879	9.4898
0.577477	7.50242
0.625761	6.71276
0.541786	8.79871
0.392675	12.0746
0.677772	5.18819
0.612301	6.61723
0.578637	7.49341
0.793511	2.80102
0.611787	6.8296
0.889409	1.20731
0.794564	3.08356
0.473426	10.4948
0.657275	6.42763
0.603224	7.81694
0.7124	4.55169
0.451053	10.9772
0.574225	8.22998
0.642146	6.65552
0.716748	5.34724
0.248248	16.0131
0.432025	11.3645
0.459886	10.8707
0.589211	7.77362
0.505105	9.69419
0.524408	9.22166
0.618232	6.92755
0.360294	14.7956
0.49899	10.5391
0.532245	9.55734
0.497083	10.5623
0.734882	5.00705
0.791059	3.42689
0.311367	15.0774
0.57314	8.77566
0.422705	13.0486
0.787678	3.64771
0.910755	0.900107
0.802111	3.44084
0.581845	8.24147
0.63784	6.9475
0.479574	10.3523
0.660176	6.37967
0.920122	0.636107
0.738393	4.68984
1.14767	-3.69877
0.774346	3.69631
0.686945	5.46969
0.706298	5.42888
0.648276	6.92382
0.643625	6.97944
0.669475	6.98621
0.818659	2.86474
0.847686	2.45141
0.749142	4.45765
0.412174	11.8246
0.642744	7.08149
0.478366	11.1287
0.676804	6.10389
0.619492	9.62395
0.399653	12.9675
0.762749	4.86222
0.836884	2.971
0.7881	3.78132
0.653042	6.83881
0.502918	10.3717
0.656246	6.85382
0.569444	9.53705
0.475458	11.0833
0.413511	12.2079
0.829565	3.2418
0.619493	7.49952
0.535216	9.50601
0.824304	2.75784
0.881624	2.1162
0.564195	8.64839
0.722528	4.74327
0.902098	0.770018
0.735157	4.67904
0.817534	2.66175
0.95973	-0.365403
0.775933	3.6674
0.656844	6.53835
0.470643	11.3803
0.79892	3.43373
0.798232	2.88447
0.764242	4.0812
0.953878	-0.121685
0.806447	3.27136
0.619698	7.63128
0.725057	5.02201
0.833395	6.35386
0.628969	9.65921
0.603718	8.1934
0.593957	8.34726
0.401804	12.9668
0.619505	7.71612
0.746641	4.7576
0.617741	7.53039
0.490627	10.5225
0.610074	8.33535
0.676852	6.56668
0.443055	11.9757
0.529964	10.1301
0.685277	5.97544
0.559763	8.77135
0.760046	4.22577
0.556619	9.2998
0.439075	12.2337
0.553637	9.23853
0.785532	4.21548
0.693206	6.57012
0.355709	14.3779
0.516927	10.3501
0.370829	14.2513
0.333527	15.0378
0.155593	19.9624
0.609504	8.13258
0.290486	16.153
0.467286	11.8981
0.38935	13.3062
0.651029	7.27555
0.605124	8.29016
0.327883	14.8837
0.992068	1.42606
0.548589	9.12563
0.686287	5.58807
0.686903	6.1442
0.336119	14.5625
0.952201	-0.148394
0.585821	8.1522
0.623392	7.22836
0.601653	8.2632
0.701648	5.47959
0.643364	6.77567
0.896443	1.14013
0.736091	4.77251
0.640798	6.97362
0.839007	2.17497
0.545847	9.12811
0.556875	9.44191
0.775922	4.41792
0.626823	7.20284
0.581094	8.49276
0.602727	7.79793
0.274061	16.0875
0.457189	11.5381
0.690146	6.37153
0.443731	11.8121
0.426817	12.3312
0.624718	7.24469
0.628559	7.27493
0.41271	12.6118
0.520602	9.96109
0.4058	12.3104
0.573486	9.00109
0.518705	10.9273
0.700221	5.77308
0.40682	12.5841
0.47162	11.0908
0.60435	7.2893
0.265667	15.8348
0.742242	5.02551
0.312717	15.3106
0.436635	12.1469
0.41986	12.1837
0.507245	9.91096
0.547461	9.01016
0.54056	9.57713
0.723658	4.78496
0.694644	5.8062
0.816036	3.32669
0.569042	8.1688
0.876362	1.41966
0.455329	10.7155
0.588938	7.6259
0.711342	5.13579
0.53908	9.14009
0.397819	11.9327
0.575777	8.02117
0.363083	13.5253
0.623435	6.68394
0.429577	11.5709
0.386093	12.4903
0.278364	14.9366
0.52835	8.88106
0.628831	6.78559
0.342009	13.445
0.607624	8.56373
0.616141	7.68662
0.579193	8.71529
0.591252	8.46596
0.310424	15.3042
0.634597	7.42947
0.523498	10.3884
0.658889	6.96324
0.548688	9.5659
0.343327	14.5293
0.480548	11.0105
0.454747	11.5967
0.530639	9.63481
0.432843	12.2409
0.652345	6.7639
0.8604	2.26854
0.877099	1.64227
0.550215	8.51006
0.374093	12.6251
0.349258	13.739
0.636197	6.62241
0.476063	10.8656
0.520105	9.25103
0.658137	6.07379
0.531198	9.62979
0.533974	9.19304
0.616303	7.07869
0.44533	11.1647
0.786594	3.41439
0.56016	8.76277
0.798875	3.46157
0.833412	4.2495
0.739282	5.60047
0.867407	2.35227
0.693959	5.6357
0.670422	6.63887
0.931441	0.700121
0.588991	8.21892
0.637482	6.63106
0.571852	9.41478
0.429269	12.2121
0.681964	5.97368
0.661734	6.67813
0.770144	4.27892
0.724801	5.05134
0.875726	1.62559
0.884479	1.62181
0.836686	2.95044
0.551076	9.32995
0.844786	2.95325
0.473148	11.0912
0.447801	12.1898
0.383842	13.5257
0.573286	8.50369
0.490929	10.9965
0.389904	14.1169
0.500485	11.1473
0.435176	12.423
0.456646	11.5182
0.609947	7.98118
0.241917	17.264
0.587893	8.46155
0.452994	12.1202
0.456953	12.2642
0.830644	2.57023
0.691354	5.63235
0.743769	4.49691
0.77052	3.55808
0.834916	2.05954
0.639969	6.62255
0.703812	5.32737
0.528049	9.78619
0.552592	8.67155
0.471466	10.7893
0.554273	8.98078
0.71125	4.51506
0.906267	0.798897
0.464519	10.5449
0.921097	0.738474
0.967204	-0.110902
0.942874	0.420263
0.905785	1.26182
0.582993	7.9002
0.70425	5.56665
0.477842	10.8139
0.714201	4.91581
0.230631	17.2842
0.623167	7.78432
0.548033	8.96331
0.69874	5.78348
0.31194	15.0692
0.683569	5.56191
0.665184	6.33366
0.623138	7.5784
0.541109	9.45828
0.4657	11.9886
0.298216	15.2614
0.558956	8.52085
0.339349	14.1819
0.77635	3.76774
0.664365	6.6333
0.481722	10.8644
0.56201	8.54423
0.499278	10.5582
0.478588	11.0199
0.547399	9.36835
0.484462	10.4554
0.871963	1.76305
0.628433	7.12578
0.864244	2.13668
0.690201	5.74929
0.68526	5.99861
0.731584	4.85616
0.331984	13.7161
0.667587	5.93963
0.422208	11.631
0.613605	7.11698
0.377809	12.9221
0.344883	13.404
0.463888	11.1595
0.425021	11.5798
0.387907	12.4387
0.527213	9.09025
0.333723	13.8908
0.728562	4.34435
0.652201	6.37842
0.504527	9.70017
0.419099	13.1277
0.74603	4.86517
0.545913	9.36149
0.629602	7.65648
0.585965	8.73257
0.391031	13.1842
0.387881	13.2355
0.637649	7.45912
0.544719	10.0752
0.686842	6.13789
0.605914	8.26506
0.341656	14.5563
0.461674	11.3178
0.554415	8.8614
0.497511	10.1005
0.615575	7.69873
0.61757	7.7359
0.614703	7.0569
0.654497	6.08248
0.756594	4.19339
0.706337	5.06139
0.425308	11.7857
0.470315	10.5517
0.571876	8.20496
0.592455	7.93302
0.765989	3.8078
0.613026	7.04196
0.657418	6.34974
0.453709	10.8037
0.413619	11.813
0.76939	3.84263
0.701261	5.52404
0.720759	7.57164
0.810695	5.33021
0.766435	3.74983
0.810036	2.96203
0.839277	2.68371
0.754902	4.18729
0.881358	1.83237
0.579772	8.33694
0.853291	1.93545
0.626914	7.31836
0.814242	3.01065
0.627403	6.70969
0.517644	9.65726
0.994749	-0.388531
0.679892	5.83161
0.807045	2.40382
0.923392	0.553921
0.845899	3.3696
0.851308	2.78551
0.680308	5.78403
1.02285	-0.950817
0.766831	4.51435
0.923915	0.729801
0.591436	8.25869
0.684273	6.32139
0.503405	10.6881
0.582955	8.47593
0.685041	6.3622
0.912438	0.657971
0.635084	7.30208
0.933796	-0.0667907
0.794088	3.63977
0.545567	9.26761
0.510734	10.6443
0.499872	9.97364
0.911199	0.574422
0.72462	4.79813
0.671338	5.86735
0.6454	6.34518
0.622214	7.08772
0.316315	14.4701
-0.0393764	28.4081
-0.0384447	26.4974
-0.0474446	27.6906
0.379941	12.644
0.877955	1.25146
0.465019	10.6899
0.780264	3.56001
0.898977	1.87465
0.637175	7.10305
0.727814	4.92923
0.679054	5.91867
0.423272	11.7188
0.358926	13.1135
0.505825	9.89642
0.841256	2.37265
0.495391	10.1861
0.651202	6.92502
0.601062	7.94371
0.408823	12.1005
0.480359	10.4434
0.394837	12.5695
0.445144	11.4464
0.602042	7.79189
0.667847	6.35338
0.794553	4.92364
0.65207	6.97573
0.549933	9.17962
0.504539	10.1323
0.772861	3.96658
0.361982	13.5705
0.618155	7.53979
0.575388	8.47618
0.640365	7.27125
0.614473	7.687
0.656759	6.85372
0.362185	14.0083
0.758183	4.41683
0.870171	1.6981
0.664603	6.07143
0.656532	6.72652
0.903894	0.92402
0.683794	5.51067
0.661174	6.11769
0.610877	7.51794
0.874022	1.11671
0.544129	8.76219
0.571502	7.87939
0.634318	6.59717
0.782223	3.45504
0.628846	6.835
0.758033	3.94143
0.609414	7.10654
0.667576	5.7502
0.746412	4.08344
0.0470175	19.412
0.738359	5.14407
0.35914	14.7011
0.358724	13.8392
0.494007	10.7745
0.60861	8.15152
0.272904	16.1909
0.400696	13.2313
0.253061	16.6464
0.268817	16.5759
0.488615	11.3652
0.448552	12.1062
0.263603	16.6146
0.384816	13.2576
0.591931	9.03583
0.531657	9.67961
0.452396	11.804
0.517031	10.0807
0.56384	8.67075
0.681937	6.06052
0.848198	2.43961
0.832886	2.4397
0.714604	5.12421
0.918193	0.651428
0.541599	9.22535
0.85942	1.90514
0.708857	5.9851
0.48292	10.4326
0.628314	6.94906
0.593041	7.63441
0.425483	12.2381
0.722518	5.47142
0.404842	12.7549
0.585217	8.77481
0.686494	6.77116
0.596684	7.57667
0.623532	7.02263
0.616991	7.22887
0.301147	15.1558
0.772708	3.82892
0.687833	5.28024
0.418424	12.5827
0.712584	4.93603
0.659	6.43225
0.914575	0.724937
0.668805	6.35525
0.713218	5.03967
0.987723	-0.37979
0.903841	0.848031
1.09418	-2.83879
0.696742	5.85862
0.423143	12.0195
0.812313	2.90213
0.870304	2.1761
0.437657	11.9238
0.391522	13.4219
0.647388	7.30814
0.60224	8.60901
0.599066	8.15009
-0.0672843	30.3803
-0.0557516	30.0511
0.458289	11.9301
0.999169	-0.814531
0.674287	6.49181
0.845699	2.50897
0.557769	9.69876
0.484213	10.3406
0.636762	6.47413
0.562739	8.22728
0.582997	7.48121
0.587394	7.8838
0.521576	8.91233
0.618212	6.68202
0.60458	7.68473
0.682516	5.62374
0.528972	9.28669
0.590815	7.94953
0.820567	2.68764
0.737773	4.14298
0.560761	8.0183
0.780352	3.86448
0.885489	1.43985
0.675774	5.82084
1.10724	-3.02151
0.516955	9.42896
0.61262	7.31747
0.403692	12.6411
0.5486	9.04383
0.703086	5.15155
0.531761	9.60996
0.457557	11.041
0.513349	9.76742
0.46519	10.8203
0.62807	7.43877
0.496367	9.87325
0.371469	13.2234
0.811618	3.07875
0.293093	16.2711
0.839497	2.48821
0.459768	11.2427
0.618964	7.35055
0.654532	6.80889
0.55615	9.0876
0.640971	7.20164
0.577447	8.44839
0.536458	9.69701
0.620308	7.37426
0.533615	9.59841
0.840923	2.45683
0.686353	5.9826
0.688351	5.53413
0.789709	3.54809
0.888321	0.913871
0.692637	6.03907
0.91316	0.859579
0.907989	0.733747
0.90908	0.536904
0.739009	4.18952
0.817737	2.43775
0.858735	1.62173
0.561611	8.53669
0.668128	6.36156
0.721655	4.63005
0.590859	7.7308
1.00968	-1.48452
0.903363	0.593198
0.469253	10.7653
0.674511	5.98876
0.765169	3.93399
0.527866	11.2864
0.468896	11.0462
0.388435	13.2219
0.493099	10.7284
0.355895	14.2339
0.216993	17.7381
0.339065	14.1975
0.327851	14.9422
0.490642	11.1497
0.299183	15.5403
0.309558	15.1273
0.384705	13.5389
0.456703	11.6978
0.306159	15.4127
0.452057	11.7107
0.565527	8.90196
0.414475	12.9395
0.928324	1.3139
0.540536	9.23302
0.770902	3.87551
0.742529	4.43086
0.582643	8.45112
0.595082	7.8144
0.518575	10.1348
0.601481	8.15561
0.677349	5.83684
0.571634	8.36344
0.602944	7.72448
0.652033	6.70155
0.890964	1.71959
0.605618	7.75727
0.602092	8.24317
0.664628	9.66715
1.22006	0.619151
1.11024	-1.2527
1.32621	-5.38841
1.1367	-1.94481
1.09033	-2.01157
0.993894	-0.154316
1.08342	-1.44344
1.23293	-4.54495
1.07171	-0.782517
0.818081	3.3882
1.42012	-8.50508
1.10759	-2.11293
1.32093	-6.3891
1.13458	-2.8339
1.1242	-2.43336
0.95185	1.51828
1.27764	-4.13068
0.989471	1.69571
0.857863	3.45483
1.09142	-0.424575
1.10538	-0.674319
1.02566	0.634077
1.0712	0.261867
1.06308	0.279089
1.10276	-0.940496
0.918402	2.32045
1.26871	-3.4264
1.01518	1.01145
1.16359	-2.27593
1.13172	-1.37506
1.38176	-5.93239
0.93469	2.19598
0.996847	2.74799
1.10361	-1.27801
1.04326	-1.08804
1.25573	-4.70151
1.33103	-6.03583
1.17824	-3.21026
1.28069	-5.48981
1.30303	-6.06879
1.11599	-2.20241
1.18015	-3.13391
1.22599	-4.89575
1.05791	-1.2341
1.12927	-2.68587
1.26818	-4.99224
1.20294	-3.80764
1.18356	-3.63021
0.991582	0.5848
1.16219	-2.67908
1.06969	-1.18271
1.06539	-0.794216
1.25692	-4.16031
0.901804	2.19078
1.13446	-2.76753
0.924926	2.21605
1.09561	-1.25878
1.00747	0.393226
1.03581	0.266315
1.01152	0.763623
1.14689	-1.82299
0.921589	2.62039
0.971422	0.9737
1.3115	-4.63592
0.605234	9.98644
0.906762	2.74677
0.832155	4.19056
0.986496	0.74704
0.899659	2.42888
0.947611	1.31758
0.799266	4.37228
0.866162	3.09731
0.927261	2.45791
0.750705	5.65648
0.807416	4.44604
0.791014	5.24617
0.768477	5.27876
0.772416	5.27206
0.793343	4.77846
0.832176	4.13591
0.833461	3.09978
0.98154	0.132138
0.834598	2.99606
1.22344	-5.52313
0.780425	4.68372
0.633425	7.79526
0.786597	4.00117
1.10753	-2.33158
1.10774	-2.02375
1.12156	-3.36247
0.7918	4.79332
1.00997	-0.670331
0.8924	2.2217
0.778186	4.3899
1.05039	-1.48667
1.23175	-4.37537
0.598468	10.0218
1.02079	-0.0451051
0.792949	5.1612
1.25774	-4.64435
0.769906	5.73968
1.08396	-1.2284
0.829539	4.73841
0.822832	4.43217
0.60519	9.8381
1.00193	0.457139
0.739976	6.4542
0.781842	5.0493
0.935814	1.8734
1.0223	-0.0954098
0.882632	2.827
0.85356	3.40413
0.959762	1.07302
0.893962	1.82618
1.06431	-1.60566
0.923368	1.49427
0.717799	5.89825
0.907128	1.95003
0.74857	5.92356
0.821231	3.84969
0.860484	3.6822
1.04653	-1.12919
0.887006	2.39676
0.891887	2.95637
0.860901	2.82676
0.954243	1.47928
1.09584	-1.71408
1.05309	1.3847
1.5372	-7.54714
-0.249736	35.9789
1.50207	-8.55942
1.46367	-8.73372
1.36235	-6.85758
1.3308	-5.59682
1.04448	-1.07701
1.21085	-4.04836
1.20488	-4.2494
1.09774	-2.24368
1.23264	-4.63677
0.905569	1.74237
1.03232	-0.595069
0.967133	0.83277
0.922734	1.58037
1.10806	-2.72649
-0.0832338	31.7781
1.31353	-4.9345
0.846539	3.60746
1.08168	-0.668112
1.25236	-3.46202
1.13419	-1.59178
0.99043	1.06269
0.847824	3.99666
1.19014	-2.63554
0.857816	3.92941
1.01587	0.928123
0.651664	8.44014
1.32395	-5.12596
1.03228	0.205621
1.11648	-1.05161
0.774179	6.72544
1.18339	-3.50009
1.01732	-0.959969
0.936084	1.34389
1.22172	-4.30222
1.2971	-5.90612
1.22192	-4.1073
1.13987	-3.06837
1.0968	-1.71902
1.11273	-2.69907
1.20084	-4.92924
1.3092	-5.9476
1.29077	-5.63035
1.29417	-6.19783
1.1243	-2.40956
1.20051	-4.52625
1.19984	-3.94798
1.29922	-4.43059
1.22475	-3.32432
0.950603	1.27932
1.07097	-1.0297
1.12352	-2.12763
0.953438	1.82154
1.00449	0.352221
1.09566	-0.794611
0.948444	1.43148
1.36297	-6.26198
1.12242	-1.37699
1.26288	-4.20898
1.1876	-2.75792
1.27335	-4.40231
1.24997	-3.87731
1.03433	1.16374
0.84838	3.47746
0.759975	5.43248
1.04589	-1.10669
0.913877	2.52636
1.01593	0.514852
0.879031	2.85678
0.941628	2.1538
0.875611	3.02391
0.78004	5.00813
0.640921	8.22046
0.568214	9.95392
0.866693	3.26583
0.814603	4.19717
0.79623	4.44476
0.820048	4.02998
0.709867	6.86361
1.22543	-5.21917
0.999126	-0.843162
0.974184	0.424437
1.08585	-2.28627
0.6715	6.80601
0.954279	1.24217
0.669999	7.54071
0.853918	3.46983
0.740585	6.03011
1.02381	-0.705402
0.997305	-0.184972
0.866052	2.88047
0.888832	2.30939
0.995001	-0.612117
1.01246	-0.915009
1.06179	2.68696
0.757464	11.3048
1.15704	-2.85297
0.935667	1.68915
1.03729	-0.689826
0.790071	4.89789
0.699448	7.46675
1.00103	0.600086
0.655737	8.3795
0.910868	2.24404
0.832719	4.11096
0.668634	7.50985
0.630984	8.55031
0.990904	1.21864
0.951998	2.04087
0.874987	3.21861
0.779273	4.91137
0.956938	0.858091
1.19597	-4.04931
0.867056	3.00069
0.78276	5.25253
1.20881	-3.84585
1.00872	-0.0502168
0.794651	4.82852
0.906127	2.86333
1.1312	-2.44258
0.778888	4.85667
0.644892	8.09798
0.927714	1.15888
1.04293	-0.514724
0.959989	1.42795
0.953439	1.39806
1.26764	-0.294433
0.797217	8.57587
1.01974	0.380539
1.41274	-1.89494
1.52479	-5.87461
0.831801	4.58956
1.1535	-1.96342
0.669263	8.14319
0.937247	2.69748
1.22184	-3.78857
0.780912	5.09438
0.595784	9.47042
0.993148	0.909932
0.883281	3.04827
0.6862	6.73799
0.798865	4.45394
0.833684	3.86394
0.925046	2.68285
0.681059	7.94931
1.08398	0.657267
0.992831	1.61687
0.697327	7.45632
0.927655	2.89658
0.919724	3.16188
0.820129	5.13178
0.886933	4.00486
0.919829	3.01999
0.889953	3.74391
0.930857	2.85983
1.06153	0.121874
0.93103	3.20752
0.985958	2.0361
0.721823	7.20311
0.92017	5.35381
1.10991	-0.412429
1.21746	-3.38841
1.1175	-1.94509
0.966964	1.68876
1.0767	-0.972703
1.12503	-2.27135
1.11587	-1.61731
1.16401	-2.18268
1.08208	-0.868804
0.99606	0.457504
1.40661	-6.99707
1.09941	-0.950208
1.1458	-2.58959
1.12986	-1.7015
1.29786	-4.61422
1.0991	-0.446627
1.20537	-2.68774
1.13119	-1.25828
1.02492	1.0897
0.988051	1.66908
1.09106	-0.0654991
1.04608	0.745906
0.928519	2.64841
1.17018	-1.69362
0.86313	4.04157
0.917909	2.77233
0.886754	3.84758
0.968881	2.00906
1.25946	-3.31015
0.968725	1.76499
1.04945	0.540482
0.677653	9.02982
0.616929	9.11675
0.916	2.20697
0.7723	5.93141
0.710611	6.98657
0.779811	5.39482
0.691112	7.58092
0.817984	5.43215
0.769452	6.36661
0.729787	6.60498
0.647804	8.77221
0.640479	9.55341
0.792859	5.71874
0.70999	6.92431
0.62504	8.65547
0.748348	5.66324
0.813627	4.16322
0.814153	4.00467
0.565625	9.53825
0.891897	2.68747
0.979516	1.43391
0.786845	5.31582
0.838228	3.70265
0.64026	7.78596
0.637012	8.70237
0.817561	3.85723
0.937117	1.73113
0.911261	2.03065
0.95	1.05389
0.794265	5.13961
0.842234	3.77903
0.999495	0.439364
0.686507	8.13875
0.965078	1.7963
0.781128	5.00487
0.6921	6.89193
0.712379	6.50074
0.655134	7.89819
0.692819	7.66959
1.05746	-0.329801
0.492384	12.282
0.795966	5.28296
0.804696	5.07697
0.870656	3.28007
0.794798	4.82044
0.708105	6.4454
0.754309	5.42093
0.644418	7.56265
0.894313	2.72324
1.14404	-2.81716
0.995716	-0.299562
0.880003	1.92814
0.839746	3.53443
0.904513	2.2416
0.838716	2.94467
0.674408	7.83045
0.897605	2.30474
1.15513	-2.97353
0.756139	4.93437
1.01573	-0.624119
1.01065	-0.318333
0.980728	0.479179
1.20504	-3.9365
1.16086	-2.96469
-0.103948	29.8587
-0.086326	28.7205
-0.0806344	28.0741
0.491222	34.8914
1.29074	-5.12189
1.13602	-1.30389
1.13093	-0.924726
0.902753	3.58457
0.921294	2.785
0.778284	6.14485
1.45029	-7.12505
1.05006	-0.534313
1.18702	-2.548
0.794319	5.16187
0.849658	3.59478
0.870183	4.07851
1.03235	1.69365
1.37487	-4.29704
1.06048	0.858331
1.0263	1.08075
1.04345	0.888098
0.930918	3.89603
1.1433	-0.621403
0.970378	3.17153
0.926399	2.79116
0.927071	3.50732
1.20972	-2.11252
1.20699	-1.41358
1.27855	-3.11682
1.11984	-0.154679
1.04818	0.864167
1.04141	1.52336
1.36477	-4.42765
1.43668	-6.95766
1.35393	-4.84589
1.37457	-5.92243
1.46515	-8.03767
1.04092	0.650648
1.31817	-4.58589
1.11057	-0.846979
1.43746	-6.13543
1.46873	-7.49928
1.1162	-1.56442
1.3479	-4.86461
1.5067	-7.83794
1.36765	-6.06553
1.52876	-8.06562
1.24	-2.56211
1.2411	-2.55645
1.09552	-0.729988
1.23007	-1.97404
1.20597	-1.92588
1.28797	-3.93985
1.23466	-2.45385
1.29272	-3.56325
0.969943	2.70982
1.11096	-0.497901
1.0981	-0.0479015
1.22886	-2.44082
1.09497	0.0378647
1.22808	-3.24434
1.29759	-4.26402
1.08788	0.239874
1.14568	-1.07602
0.773096	6.93139
0.826653	5.0159
0.846548	4.60815
1.01719	0.339294
0.910754	3.39324
0.741503	6.90164
0.812805	5.68342
0.667237	9.07185
0.722629	7.82387
0.889147	4.11834
0.585644	10.6187
0.872855	4.16021
0.757848	6.55717
0.717577	7.2383
0.812199	5.71629
0.533361	11.0393
0.875026	3.73469
1.01562	0.311941
1.04385	-0.226876
0.722706	6.91283
0.757969	6.08402
0.857319	3.77801
1.15044	-2.05721
0.796141	5.78592
0.727372	7.00283
0.734498	6.88712
1.06001	0.442048
0.695629	7.41181
0.829723	4.66207
0.777076	5.05826
0.849788	4.24089
1.34214	-1.7336
0.649859	8.19105
0.900931	2.7738
0.625172	8.85192
1.07518	-0.902331
0.834005	4.42602
0.684792	7.70787
0.588875	10.255
0.538289	11.9262
0.845813	5.25538
0.81991	5.00337
0.723835	7.58648
0.864238	4.62516
1.02236	0.795093
0.880473	3.15773
0.648305	8.63938
0.89927	3.1849
1.19845	-3.64201
0.808301	4.58389
1.07916	-1.5545
0.809632	4.41033
0.660566	8.23662
0.721528	6.35971
0.83146	4.59039
0.965623	2.02225
0.76254	5.19062
0.857142	3.8904
0.885421	3.33251
1.10281	-2.06841
0.812532	4.82981
1.14216	-3.20268
1.2696	-4.5385
0 	 0
