3.86715 0.977158 -9.05883e-08
2.61517 1.14975 -4.39506e-06
5.89225 0.983202 -1.41119e-06
7.17872 1.14084 -4.40623e-06
13.77 0.964361 2.53434e-06
1.62101 1.144 -2.85692e-06
8.00969 0.969591 -1.26218e-06
0.348129 1.14143 -5.69699e-06
2.47485 0.96703 -2.16232e-06
1.31082 1.13468 -4.17471e-06
0.747998 0.975864 -2.69939e-06
0 0 0
-0.475252 1.13563 -4.06927e-06
6.63756 0.963035 -4.16666e-07
-0.0552919 1.13906 -5.33261e-06
1.45014 0.967727 -2.28202e-06
-4.28833 1.13893 -5.50341e-06
3.46654 0.969307 6.94796e-07
-2.07747 1.1322 -5.35684e-06
9.02551 0.957033 -2.97436e-07
3.22413 1.12326 -4.00773e-06
2.3237 0.965547 -9.55808e-07
0 0 0
3.49137 1.1231 5.10037e-07
7.19517 0.960747 -9.92427e-07
-2.24429 1.13531 -3.96566e-06
0.933726 0.974483 -2.63486e-06
2.37276 1.1261 -5.03434e-06
3.63215 0.972297 -1.67561e-06
-1.16638 1.13901 -6.2769e-06
3.60953 0.984845 -4.4298e-06
-1.59479 1.15655 -6.97458e-06
6.1047 0.997792 7.23431e-08
-8.8257 1.15878 -1.06679e-05
6.2299 0.992923 -1.56148e-06
0.545263 1.16874 -1.65281e-06
1.32306 1.00527 7.87348e-07
-1.91745 1.16935 -4.21461e-06
1.59505 0.989943 -2.32248e-06
-2.00323 1.15805 -3.36883e-06
-1.04423 0.99743 -1.18628e-06
0.872773 1.15242 -4.6935e-07
10.1462 0.977226 2.96031e-06
-9.08736 1.18216 -3.47455e-06
0.995139 0.992589 7.54253e-07
0 0 0
1.58773 1.16484 7.19067e-08
-0.0528319 0.995015 2.38746e-07
1.02974 1.16318 -1.03446e-07
-1.58426 1.00265 -1.39868e-06
-0.918915 1.1818 -2.52017e-07
5.80315 0.987026 2.95438e-06
-4.35762 1.18196 -5.19445e-06
-3.12088 1.00523 -1.48316e-06
-0.6526 1.17137 -3.59131e-06
-3.94255 1.00793 -2.9019e-06
0 0 0
-4.22793 1.18706 -1.93076e-06
4.46106 0.997787 1.63816e-07
-8.15948 1.18575 -7.31673e-06
3.79207 0.989634 -1.80092e-06
-2.85952 1.18697 -4.43865e-06
-0.17321 1.01213 -1.30934e-06
-9.4958 1.18787 -5.81863e-06
-5.91328 1.00605 -3.52582e-06
-4.03781 1.19081 -7.1393e-06
4.5716 1.0083 -1.84432e-06
2.33558 1.17705 -2.33669e-06
9.19724 0.865327 3.63056e-06
8.71068 0.992078 1.07674e-06
8.33067 0.970958 2.24351e-06
10.2578 1.06475 -1.14738e-07
4.88047 0.954734 -4.64338e-08
3.01467 1.08085 -3.59455e-06
4.35413 0.964699 -1.74382e-07
1.58545 1.08852 -3.32289e-06
-7.25349 0.988261 -3.96313e-06
1.25286 1.10757 -3.18156e-06
6.2456 0.984628 -4.13685e-07
0 0 0
2.27341 1.116 -3.06231e-06
3.3243 0.970795 -1.26956e-06
-3.5374 1.1261 -2.88564e-06
7.49743 0.960583 1.12282e-08
-0.0292048 1.1203 -4.83793e-06
10.5904 0.959248 1.5968e-06
2.16854 1.09078 -1.5819e-06
3.07393 0.961502 -1.56793e-06
2.7191 1.09026 -1.18232e-06
10.8219 0.959488 1.59608e-06
0 0 0
1.61835 1.10379 -2.26862e-06
6.55845 0.966141 -8.35061e-07
3.65761 1.09287 -4.55616e-06
6.86662 0.999213 -1.17393e-07
1.43608 1.13223 -4.56011e-06
3.7643 1.04385 -2.58064e-06
-3.4045 1.21167 -9.05874e-06
5.22913 1.00083 -1.84714e-06
2.0281 1.18265 -5.57346e-06
11.9865 0.956864 -7.74267e-07
4.82516 1.10019 -2.77389e-06
6.10161 0.957844 7.32863e-07
-1.15548 1.09782 -3.66738e-06
0.687559 1.0282 7.55186e-07
0.163313 1.15474 -3.21042e-06
0.116343 1.05078 -8.49706e-07
2.70363 1.19866 -5.81753e-06
1.55218 1.02896 3.63055e-07
-7.97328 1.19848 -7.8144e-06
1.74703 1.00952 6.87335e-07
-5.27544 1.17669 -2.72162e-06
4.12185 0.998884 -9.84216e-07
0 0 0
-4.68462 1.16823 -3.04699e-06
-3.57501 0.999298 -8.09898e-08
-3.2062 1.15431 -3.24119e-06
-0.285617 0.994665 1.41201e-06
-3.20053 1.14746 -5.2831e-06
2.22829 0.988404 9.45213e-07
-7.41353 1.17134 -2.64274e-06
-3.49225 1.0085 -2.8708e-06
-6.0457 1.16954 -2.89142e-06
-2.02358 0.994866 -4.62226e-07
0 0 0
-6.91324 1.18009 -4.20837e-06
0.94367 0.997323 1.04662e-06
-3.77654 1.16099 -3.08491e-06
2.3815 0.992667 2.103e-06
-0.353828 1.16769 -3.95437e-07
-3.75381 1.01509 -8.51795e-07
-2.17543 1.15319 -2.91459e-06
-0.248363 0.999287 -2.31904e-06
-1.2146 1.16732 -2.2797e-06
1.34826 1.01713 -3.36075e-07
-3.60531 1.18218 -4.68541e-06
-5.46008 1.17934 -3.92564e-06
-0.0033327 1.16478 -6.13282e-06
0.161064 1.16981 -6.65147e-06
1.45137 1.16981 -5.47224e-06
-0.415526 1.16538 -4.69624e-06
4.18197 1.15911 -4.70945e-06
-2.66039 1.17336 -5.69123e-06
5.45217 1.13721 -4.39847e-06
0.739083 1.16334 -3.04259e-06
2.76223 1.14412 -2.94727e-06
7.32787 1.15562 -3.0309e-06
0 0 0
0.567272 1.15532 -2.61848e-06
-1.25108 1.14614 -5.54429e-06
4.16015 1.13894 -2.67462e-06
7.89659 1.1507 -3.80599e-06
-1.87826 1.14461 -2.78894e-06
0.81652 1.14973 -4.65938e-06
-0.851362 1.14746 -3.077e-06
-0.647034 1.16054 -6.24029e-06
3.89729 1.14646 -1.74488e-06
-3.21451 1.16624 -5.17547e-06
0 0 0
4.68044 1.1407 -6.57846e-06
-1.17208 1.16623 -3.12386e-06
-2.62919 1.15614 -7.48729e-06
5.48591 1.14806 -8.15936e-07
-1.15775 1.15835 -5.71274e-06
-9.70129 1.18235 -8.81952e-06
3.95847 1.15051 -3.97032e-06
0.761189 1.15879 -5.43865e-06
2.44754 1.13977 -4.95245e-06
-0.909662 1.14843 -7.61595e-06
1.547 1.14425 -4.13164e-06
-4.37727 1.18085 -7.03822e-06
2.74469 1.15353 -2.73022e-06
-8.07249 1.17882 -7.50301e-06
-1.2578 1.16777 -3.10409e-06
-2.43037 1.17912 -4.08035e-06
-0.656103 1.14689 -4.05263e-06
4.30623 1.1645 -2.93012e-06
-3.53588 1.16356 -4.43721e-06
-7.00862 1.17094 -4.62996e-06
-3.05054 1.14143 -2.66931e-06
1.07087 1.16226 -3.82088e-06
0 0 0
-1.1545 1.16091 -3.48633e-06
-10.8483 1.18724 -6.13272e-06
-4.4504 1.16611 -4.90917e-06
-5.25521 1.1978 -6.47534e-06
-6.41611 1.17215 -5.49063e-06
-0.397814 1.19029 -2.88519e-06
-4.7274 1.17749 -3.44385e-06
-4.36239 1.20701 -5.84541e-06
-1.0522 1.16894 -3.93495e-06
0.600689 1.18072 2.05976e-07
0 0 0
-5.20202 1.19317 -1.52341e-06
-3.30922 1.19373 -4.10872e-06
0.913221 1.16606 -3.99704e-06
2.99903 1.18181 -3.03423e-06
-1.18356 1.16919 -1.7612e-06
-7.11061 1.19671 -5.8951e-06
-3.09925 1.16738 -2.09054e-06
-4.21029 1.18633 -4.94411e-06
-0.345379 1.16033 -2.48168e-06
0.0350066 1.19132 -4.49075e-06
-2.71171 1.183 -8.62133e-06
0.711033 1.01482 1.28269e-06
-4.63531 1.03584 -4.87849e-06
1.14092 1.11172 -2.8103e-06
0.743682 1.13372 -3.18855e-06
0.362845 1.09799 -2.40911e-06
3.06618 1.13298 -6.39835e-07
0.0473045 1.12956 -2.91565e-06
-3.03226 1.13827 -6.25613e-06
-2.23456 1.1282 -5.75243e-06
-2.03865 1.15563 -2.41211e-06
3.03533 1.14487 -2.49764e-06
0 0 0
1.11163 1.15524 -2.02049e-06
-1.47939 1.15659 -4.24483e-06
-4.3189 1.1486 -4.36793e-06
-2.93872 1.14383 -5.1124e-06
0.700437 1.1393 -3.74049e-06
-4.191 1.11568 -6.50561e-06
-2.71625 1.12432 -3.29352e-06
-1.8049 1.10343 -4.69697e-06
-1.29412 1.11779 -4.30551e-06
-0.316326 1.09563 -4.84719e-06
0 0 0
2.27556 1.0971 -1.26138e-06
6.31034 1.09853 -1.18383e-06
-2.65976 1.13168 -4.43098e-06
-8.93564 1.15937 -8.16044e-06
-2.17225 1.17546 -6.4264e-06
2.47034 1.2048 -1.85662e-06
2.50927 1.22137 -7.24917e-06
-7.60616 1.1946 -7.33737e-06
-0.857733 1.179 -6.16684e-06
2.58925 1.09346 -5.25918e-06
1.27071 1.0825 -4.29573e-06
-0.908647 1.115 -1.49314e-06
-5.56671 1.10641 -6.06861e-06
-10.7183 1.20537 -7.22595e-06
-4.19389 1.18342 -4.2586e-06
-5.11529 1.24036 -6.64977e-06
-7.54685 1.23508 -6.43591e-06
-10.0358 1.2453 -8.66995e-06
-8.21281 1.20718 -6.15503e-06
-7.98265 1.19971 -3.88435e-06
-6.75206 1.17366 -2.84852e-06
-7.58865 1.17928 -4.68073e-06
0 0 0
-3.43389 1.13759 -1.86483e-06
-8.00972 1.18522 -6.89547e-06
-3.22917 1.15998 -3.80946e-06
-15.4675 1.18951 -7.12932e-06
-9.9252 1.17888 -5.12991e-06
-6.05623 1.17559 -3.11202e-06
-6.16973 1.16794 -6.01617e-06
-5.32452 1.18261 -5.52934e-06
-5.11744 1.15342 -2.7559e-06
-7.39995 1.19431 -2.42226e-06
0 0 0
-7.77475 1.18038 -3.80063e-06
-10.4508 1.20666 -7.85972e-06
-8.46229 1.19262 -6.86099e-06
-2.29738 1.20198 -6.11362e-06
-12.2101 1.2011 -7.00752e-06
-11.3046 1.21604 -4.19418e-06
-10.3943 1.18173 -6.80317e-06
-5.57655 1.1815 -6.09121e-06
-1.71111 1.18234 -1.7031e-06
-7.18531 1.19905 -9.27987e-06
-6.71147 1.1956 -3.94987e-06
-2.11545 1.17802 -1.12071e-06
2.52987 1.19387 -4.2723e-06
-0.327917 1.15771 -3.54223e-06
-1.16942 1.19458 -5.96408e-06
-1.98979 1.16055 -4.51503e-06
-1.65405 1.18586 -6.76197e-06
-3.51675 1.16447 -7.09937e-06
-3.19964 1.19258 -4.81662e-06
1.55317 1.17141 -5.34676e-06
-4.47757 1.19355 -7.61647e-06
-0.464582 1.16496 -4.00807e-06
0 0 0
-7.18356 1.20608 -5.84299e-06
-2.63593 1.17584 -7.00918e-06
-3.3857 1.20302 -8.48941e-06
-4.31172 1.18503 -5.88141e-06
2.27777 1.20788 -2.71985e-07
-1.00421 1.17874 -1.58557e-06
1.06472 1.20001 -4.35228e-06
-7.4759 1.18816 -4.12435e-06
-9.19317 1.21451 -7.44425e-06
-0.748125 1.16912 -3.4066e-06
0 0 0
-2.36925 1.21579 -4.20894e-06
-2.92227 1.1826 -3.54529e-06
2.87675 1.20359 -3.75589e-06
-6.43946 1.19006 -8.62853e-06
-1.93127 1.20369 -4.46264e-06
-2.92399 1.1873 -5.93342e-06
-7.45904 1.20832 -7.17275e-06
-2.09169 1.19188 -7.8001e-06
-2.5666 1.20902 -7.29403e-06
-0.882274 1.20217 -6.12055e-06
0.138775 1.22535 -4.77802e-06
-3.64998 1.19093 -6.39743e-06
-3.15615 1.19546 -6.61125e-06
-9.09826 1.19424 -8.1326e-06
-9.94134 1.21134 -8.29032e-06
-6.24155 1.18496 -6.58321e-06
-7.11417 1.1986 -7.82762e-06
-3.74307 1.18374 -4.3484e-06
-2.08802 1.18592 -7.75172e-06
-3.88861 1.17364 -7.90736e-06
-5.87482 1.17204 -2.96419e-06
-6.84815 1.1617 -3.31571e-06
0 0 0
-6.87062 1.18453 -5.61185e-06
-5.50337 1.15309 -4.72509e-06
-7.6942 1.18492 -7.11668e-06
-11.1919 1.17201 -8.69e-06
-11.1182 1.19873 -8.70377e-06
-8.03727 1.1865 -5.72415e-06
-5.19252 1.18471 -6.78969e-06
-8.16626 1.17933 -4.31206e-06
-10.2959 1.19873 -8.00678e-06
-13.3701 1.19555 -7.60141e-06
0 0 0
-12.0203 1.21086 -6.41676e-06
-10.1682 1.19379 -7.64859e-06
-15.4254 1.21847 -8.77093e-06
-1.66755 1.16363 -3.57509e-06
-7.30178 1.19978 -4.15029e-06
-8.11835 1.19353 -4.03912e-06
-9.16645 1.1993 -7.02716e-06
-12.1995 1.19686 -9.9521e-06
-3.83028 1.19786 -3.72201e-06
-6.39346 1.1931 -3.49499e-06
-4.43615 1.19815 -5.95797e-06
4.40777 0.97418 1.11479e-06
7.32654 0.983636 1.07665e-06
10.3548 1.15344 1.51527e-06
-6.12563 1.18395 -1.03011e-05
3.74118 1.16553 -1.60498e-06
4.47004 1.14416 -2.72433e-06
-1.79405 1.15562 -5.61391e-06
-1.96164 1.15224 -6.58534e-06
0.805662 1.1458 -5.92084e-06
5.31674 1.14014 -2.16445e-06
-0.816012 1.15157 -6.4929e-06
0 0 0
7.22872 1.13887 -2.93138e-06
-5.16948 1.15818 -6.73884e-06
-7.93733 1.15357 -7.30017e-06
0.648896 1.14766 -1.77251e-06
2.39303 1.1571 -4.12104e-06
-4.59321 1.16056 -4.71479e-06
-2.18264 1.15062 -6.35804e-06
0.247246 1.16044 -4.57507e-06
-1.86464 1.16809 -7.57331e-06
-2.64119 1.17932 -6.9248e-06
0 0 0
-0.485363 1.17722 -6.38162e-06
-1.32182 1.18034 -6.57656e-06
-6.22091 1.18661 -8.2752e-06
1.13761 1.15487 -2.01729e-06
4.76615 1.13289 -2.81786e-06
0.360988 1.14874 -3.45734e-06
5.58221 1.15996 -5.25516e-06
5.46794 1.15403 -5.77813e-06
7.92187 1.16722 -4.75272e-06
3.15028 1.16002 -7.47981e-06
4.49974 1.17418 -6.99874e-06
2.15952 1.18297 -3.84058e-06
2.39436 1.18697 -5.1025e-06
-3.39826 1.20144 -7.34945e-06
1.10446 1.20761 -6.8572e-06
-2.31222 1.20308 -5.54149e-06
2.2499 1.2007 -3.35555e-06
-8.37831 1.1708 -4.97251e-06
-2.84765 1.19296 -4.76098e-06
-4.9839 1.15289 -3.19544e-06
-1.98359 1.15597 -3.70114e-06
-7.18345 1.15498 -6.97836e-06
0 0 0
-0.469955 1.16437 -2.54181e-06
-2.95653 1.14573 -3.32374e-06
-2.70934 1.1624 -1.46767e-06
-1.45943 1.1484 -4.70895e-06
-6.84372 1.18364 -5.99255e-06
-12.3934 1.17621 -6.94608e-06
-7.15401 1.1779 -6.37651e-06
-6.13527 1.15758 -4.98911e-06
-2.35387 1.17662 -3.0842e-06
1.46088 1.16165 -2.40434e-06
0 0 0
-7.46656 1.19416 -3.25497e-06
-5.03819 1.16968 -4.09543e-06
-1.41857 1.19412 -5.74687e-06
-4.44961 1.191 -2.56797e-06
-5.34621 1.22068 -7.85641e-06
-6.58226 1.20626 -5.98144e-06
-2.7307 1.21476 -1.00879e-06
-4.885 1.19363 -6.91163e-06
-13.663 1.23659 -1.28798e-05
-6.36333 1.21178 -8.33814e-06
1.37861 1.2342 -6.10524e-06
-2.97457 1.18454 -6.09075e-06
0.656624 0.974832 -1.9457e-06
1.24366 1.1689 -7.72902e-06
2.4501 0.966161 -2.62467e-06
-0.712022 1.17714 -7.85032e-06
3.70115 0.971687 5.73968e-07
-1.39454 1.17194 -7.25293e-06
5.40896 0.959402 -1.05797e-06
1.65641 1.17371 -4.84984e-06
-0.203239 0.969856 -4.45533e-06
-6.21974 1.18987 -6.66319e-06
0 0 0
7.64683 0.960251 2.57163e-06
-3.88744 1.18513 -5.75852e-06
3.05642 0.97265 -4.92075e-07
-9.55751 1.20034 -8.44963e-06
6.13079 0.96402 1.04734e-06
-3.02963 1.17747 -8.55014e-06
-3.88761 0.974171 -4.37037e-06
-3.50806 1.18019 -7.23841e-06
10.752 0.953019 3.11497e-07
2.16293 1.16555 -4.34885e-06
0 0 0
8.48828 0.961124 2.04306e-06
-4.4465 1.17735 -6.72808e-06
4.18313 0.961846 -6.03186e-07
-3.98976 1.16003 -5.69473e-06
5.18729 0.964839 6.17491e-07
5.00715 1.15355 -5.51187e-06
8.62054 0.966503 1.87133e-06
-3.23337 1.16578 -6.90368e-06
6.28967 0.96803 2.24438e-07
-0.0539697 1.1629 -5.58251e-06
13.7971 0.956374 2.02249e-06
-1.99166 1.16131 -5.91827e-06
-0.26257 0.976999 -3.4434e-06
0.504234 1.15116 -6.20896e-06
-1.5077 0.971085 -1.99838e-06
-3.89439 1.15192 -6.95134e-06
4.28989 0.966352 2.05268e-06
2.6228 1.14219 -1.71596e-06
7.0866 0.970557 4.81623e-06
-3.79091 1.14676 -4.02926e-06
-2.18052 0.977337 -2.79269e-06
-2.69476 1.13659 -7.77651e-07
0 0 0
5.11526 0.956094 2.20906e-06
-6.29232 1.15794 -6.47579e-06
0.863602 0.982821 9.13226e-07
-5.5963 1.16376 -3.53668e-06
-3.41008 0.975567 -1.75405e-06
-7.30551 1.17335 -4.34385e-06
3.56836 0.981034 1.25748e-06
-14.2943 1.16276 -7.45405e-06
5.22878 0.97176 -1.26215e-06
-10.0264 1.16848 -4.50227e-06
0 0 0
0.309638 0.989912 -8.5738e-08
-4.81734 1.17263 -2.94048e-06
2.02235 0.967848 -7.48782e-07
-6.27144 1.16158 -5.64215e-06
1.03375 0.987483 -4.32438e-07
-3.24184 1.17381 -6.33202e-06
3.76228 0.988522 -1.34578e-06
-5.58592 1.16588 -7.32851e-06
0.543684 1.00968 -1.08561e-06
0.999215 1.16777 -7.05275e-06
7.17292 0.988906 -8.97209e-07
0.708732 0.916499 -2.61818e-06
15.2291 0.770632 2.5867e-06
3.22536 1.06798 -3.25907e-06
12.4022 0.884515 1.97162e-06
6.80032 1.06277 -2.66183e-06
8.79522 0.876554 2.04599e-06
3.69165 1.04755 -2.52494e-06
8.50855 0.865102 1.90649e-06
3.38471 1.04885 -2.21442e-06
9.60717 0.877071 1.30808e-06
0.930241 1.04712 -2.26382e-06
0 0 0
15.326 0.86224 3.80411e-06
0.414577 1.04833 -1.39837e-06
16.9187 0.872341 5.65769e-06
-2.78474 1.05491 -2.48655e-06
3.56753 0.888923 8.7749e-09
2.60988 1.05879 -1.51694e-06
9.75543 0.892142 2.60397e-07
4.16803 1.05516 1.02519e-06
12.9687 0.89579 2.52869e-06
0.921456 1.08631 -5.02109e-06
0 0 0
14.4085 0.908895 4.15642e-06
5.05394 1.07602 -3.81443e-06
3.62016 0.912839 -1.86455e-06
5.93245 1.05192 -2.04306e-06
5.81298 0.892514 -1.84941e-06
1.54097 1.08539 -5.56569e-06
4.20653 0.922037 -1.22047e-06
0.0203571 1.13761 -5.84436e-06
3.39586 0.962282 -2.32478e-06
4.93087 1.11611 -3.4253e-06
6.6221 0.932258 -8.44631e-08
2.42033 1.12655 -3.90048e-06
4.03957 0.951405 -8.64569e-07
-3.36942 1.11364 -5.34491e-06
3.25787 0.930228 1.50452e-06
6.42517 1.09956 -1.1991e-06
3.81164 0.921561 9.34864e-07
-0.8597 1.12556 -4.74162e-06
10.8135 0.925242 1.15573e-06
-3.95607 1.10776 -4.74333e-06
4.37203 0.939545 1.15055e-06
-6.06684 1.12141 -5.47886e-06
0 0 0
5.88111 0.924936 1.7554e-06
-7.51198 1.13432 -4.79427e-06
1.02791 0.9357 1.02757e-06
-5.89871 1.11916 -4.84726e-06
9.59719 0.923944 4.13937e-07
-3.55393 1.11963 -2.17391e-06
4.72508 0.927711 4.97993e-07
-2.75868 1.09799 -2.26189e-06
5.05947 0.919715 3.72442e-07
-3.01519 1.11788 -2.82058e-06
0 0 0
8.37622 0.919689 2.65854e-06
-4.75183 1.11414 -5.30753e-06
5.79108 0.916015 1.68341e-06
-4.19988 1.13414 -4.75097e-06
5.83486 0.935793 3.95512e-06
4.32631 1.12709 -4.42096e-06
-0.282212 0.935582 -3.68901e-06
-3.20104 1.14646 -5.39786e-06
5.33296 0.929793 -7.89278e-07
-0.659434 1.14497 -3.75814e-06
1.84737 0.941429 -1.66191e-06
-2.43393 1.10323 -3.29907e-06
6.75251 1.07122 -4.34429e-06
4.34379 1.09822 -3.85829e-06
6.22922 1.06498 -5.38443e-06
6.6235 1.08725 -1.38455e-06
3.60134 1.08149 -1.68843e-06
3.34765 1.09038 -3.14868e-06
-1.60114 1.07577 -2.9257e-06
0.232193 1.0862 -1.0169e-06
1.10453 1.07662 -2.09083e-06
-2.03358 1.08843 -3.6647e-06
0 0 0
2.20545 1.06419 2.42192e-06
2.90044 1.09009 -1.11968e-06
-3.70123 1.07185 -2.29189e-06
-2.28011 1.09832 -3.9257e-06
1.23463 1.06682 -2.9703e-06
-0.619522 1.0982 -4.966e-06
-0.896576 1.0674 -3.33345e-06
-0.338232 1.0985 -4.57789e-06
-0.289578 1.07314 -1.72686e-06
2.96428 1.09232 -2.78812e-06
0 0 0
5.89929 1.05864 -1.7345e-06
-8.19141 1.10837 -6.16577e-06
6.81842 1.072 -3.37411e-06
3.19698 1.08757 -4.52171e-06
-1.2738 1.08599 -5.6013e-06
-10.2861 1.1179 -1.01111e-05
0.592679 1.08826 -2.01109e-06
6.73408 1.10309 -1.30776e-06
3.93366 1.08236 -3.5661e-06
-1.56803 1.11398 -8.27322e-06
-2.17645 1.1026 -6.39232e-06
7.15646 1.11588 -4.30744e-06
-2.00205 1.1071 -5.52252e-06
4.03687 1.11483 -2.3436e-06
-0.352345 1.11172 -5.22935e-06
2.31473 1.11687 -1.22289e-06
-2.42796 1.10597 -4.90226e-06
-1.8884 1.11073 -5.31828e-06
-9.02591 1.10495 -6.13324e-06
-2.22048 1.11336 -3.14226e-06
-6.67226 1.11271 -4.91274e-06
-5.79594 1.11909 -2.66276e-06
0 0 0
-4.04225 1.09823 -3.00303e-06
-3.58332 1.10904 -4.76211e-06
-5.96574 1.09513 -4.25397e-06
-2.32409 1.11742 -3.70133e-06
-1.05639 1.10355 -2.63991e-06
-2.06178 1.12062 -2.64729e-06
0.0589259 1.08759 -7.82569e-07
-3.42392 1.10705 -3.12837e-06
-8.57684 1.1059 -4.95284e-06
-5.82883 1.12501 -5.7098e-06
0 0 0
2.04655 1.1031 -6.24286e-07
1.18854 1.10527 -2.19318e-06
-1.20193 1.11426 -4.83813e-06
-0.227982 1.11326 -1.0025e-06
-2.9951 1.10288 -4.63125e-06
-0.261769 1.10943 -1.65975e-06
0.740594 1.10232 -2.9292e-06
-2.3061 1.11712 -2.22913e-06
-12.6627 1.11204 -8.74416e-06
0.674368 1.13433 -1.9499e-06
-3.91993 1.12888 -6.09036e-06
2.17076 1.00611 -2.83671e-08
6.1533 0.992127 -2.07681e-06
-1.95336 1.11531 -4.97267e-06
-0.300255 1.10054 -4.38505e-06
2.06357 1.11404 -3.70146e-06
0.508915 1.1259 -4.34976e-06
1.59591 1.13001 -3.4859e-06
3.86747 1.11811 -3.9456e-06
-2.15871 1.14675 -4.55394e-06
4.10787 1.10242 -4.50934e-06
2.53286 1.14655 -1.30625e-06
0 0 0
0.883053 1.13128 -1.5198e-06
3.76297 1.14182 -2.2495e-06
-1.50045 1.14063 -4.81995e-06
-3.82637 1.13833 -2.82884e-06
-6.95676 1.14331 -7.80505e-06
-0.0741306 1.11499 -4.37298e-06
1.28646 1.12609 -4.03852e-06
-2.51066 1.11449 -4.89363e-06
0.711644 1.11409 -2.81244e-06
1.71419 1.10061 -1.63978e-06
0 0 0
2.32513 1.09552 -2.52187e-06
-4.69933 1.11825 -5.02854e-06
-7.57718 1.11683 -5.93107e-06
-8.51992 1.16669 -9.21684e-06
-4.27494 1.1495 -5.23639e-06
-2.24703 1.21724 -7.58426e-06
3.71043 1.18315 -5.26238e-06
-1.95271 1.1591 -7.07604e-06
1.6154 1.1627 -6.89859e-06
4.5157 1.05382 -1.66535e-06
6.96426 1.06176 -3.23893e-06
0.54636 1.05221 -2.03826e-06
-1.49766 1.05766 -4.05004e-06
-3.27001 1.13811 -6.69188e-06
-2.21518 1.13463 -6.08298e-06
0.538823 1.19012 -3.16125e-06
-1.36734 1.18678 -5.13347e-06
2.99134 1.16068 -2.66712e-06
3.43452 1.15329 -3.72594e-06
0.0450272 1.11022 -3.77188e-07
-0.601256 1.08927 -1.04397e-06
4.36638 1.09618 -1.43942e-06
0 0 0
-0.287251 1.08754 -4.8202e-07
-2.67424 1.12253 -3.30877e-06
-0.998743 1.09354 -1.26577e-06
-0.0112368 1.11456 -3.3942e-06
0.0197815 1.1015 -9.15773e-07
-0.509564 1.10075 8.50759e-07
0.0496878 1.09887 -9.45885e-07
0.620994 1.10945 -1.66417e-06
2.88977 1.09785 -2.11951e-06
-3.13479 1.11679 -3.2667e-06
0 0 0
1.34377 1.09643 4.45995e-07
-0.407863 1.12727 -1.93799e-06
-7.74205 1.11137 -6.17846e-06
4.04794 1.12831 -2.28081e-06
-0.20351 1.11131 -4.17507e-06
0.286061 1.13253 -2.83619e-06
-3.13041 1.10677 -5.30495e-06
-3.24507 1.13409 -4.67746e-06
-3.3887 1.11586 -4.60464e-06
-0.0366842 1.12938 -5.59971e-06
-7.25161 1.13195 -7.61005e-06
2.56992 1.09417 -2.68774e-06
2.15186 1.10704 -3.09101e-06
1.0185 1.11088 -6.19715e-06
11.1632 1.09127 -3.69564e-06
-0.38277 1.10076 -6.08853e-06
0.206245 1.09622 -5.22098e-06
6.63684 1.07627 -1.67807e-06
-2.04667 1.09721 -4.9892e-06
-2.60886 1.09414 -4.56683e-06
-1.32916 1.09076 -4.22475e-06
1.05715 1.09215 -1.9943e-06
0 0 0
3.58819 1.08447 -2.41039e-06
-1.072 1.08379 -2.81901e-06
-6.09903 1.09261 -4.21547e-06
6.51676 1.06799 1.16327e-06
0.744973 1.08012 -3.0904e-06
3.09536 1.08012 -1.47154e-06
1.79941 1.08117 -3.67042e-06
-1.62819 1.09338 -9.795e-08
2.56555 1.09026 -3.43527e-06
-0.536272 1.09229 -3.64139e-06
0 0 0
-0.157694 1.08859 -2.07784e-06
4.75099 1.08359 -2.44455e-06
4.5448 1.09677 -3.08017e-06
2.94067 1.08913 -4.68558e-06
8.10495 1.08961 -2.98588e-06
4.69187 1.11336 -1.99095e-06
3.59401 1.09978 -2.62897e-06
7.66419 1.08433 -2.76918e-06
2.79532 1.08937 -5.42367e-06
5.11779 1.10221 -5.65606e-06
3.74702 1.08684 -5.91574e-06
2.18539 1.11212 -3.85538e-06
2.39744 1.09958 -4.74562e-06
1.67122 1.09381 -4.56123e-06
-1.46389 1.11679 -4.09223e-06
-1.85907 1.12049 -2.91755e-06
-2.24529 1.1077 -3.05729e-06
-3.12189 1.10597 -4.50575e-06
-0.461869 1.10194 -4.45483e-06
6.00272 1.09528 4.43977e-07
-2.51817 1.10292 -4.16343e-06
-6.36335 1.0996 -5.77232e-06
0 0 0
4.07645 1.09721 8.72603e-07
-0.984282 1.10958 -1.08691e-06
0.436507 1.11157 -3.39685e-06
-4.0366 1.1086 -1.89433e-06
-4.43212 1.11293 -4.05915e-06
-2.95814 1.10974 -3.89864e-06
1.47489 1.10997 -1.66662e-06
-2.8307 1.10505 -1.67789e-06
-3.43191 1.1043 -4.12808e-06
4.94973 1.09882 -5.72903e-07
0 0 0
-3.78834 1.1173 -3.53412e-06
-10.6383 1.12358 -1.95787e-06
0.906488 1.11438 -2.79563e-06
-3.44033 1.11758 -2.95322e-06
-1.14671 1.11277 -2.76154e-06
1.79139 1.11918 -5.1195e-07
-2.1403 1.12768 -4.52669e-06
2.72094 1.11012 -4.82793e-06
-1.18131 1.125 -1.9713e-06
-1.11808 1.13987 -4.15004e-06
3.08621 1.12828 -2.68912e-06
0.985016 0.990116 1.04786e-06
4.77899 1.02127 -3.33787e-06
-1.41693 1.10245 -5.72962e-06
-1.73013 1.10252 -6.89937e-06
-3.12545 1.12748 -5.73556e-06
-1.04766 1.11291 -1.25817e-06
2.70707 1.11383 -3.13806e-06
-2.35761 1.10544 -4.13476e-06
0.512757 1.10934 -4.08538e-06
1.65021 1.09544 -4.2275e-06
0.647978 1.11539 4.45544e-07
0 0 0
4.8352 1.10349 -2.77057e-06
1.11323 1.12567 -3.51192e-06
-3.62528 1.13857 -3.40012e-06
-0.858928 1.14677 -5.91263e-06
-0.118871 1.13127 -2.21002e-06
-1.50407 1.13081 -6.19941e-06
-0.710584 1.12815 -4.397e-06
-10.043 1.12642 -7.0176e-06
-2.04479 1.10684 -5.56829e-06
0.657848 1.09621 -4.09886e-06
0 0 0
1.23712 1.0958 -3.42929e-06
-2.82123 1.11357 -5.3716e-06
-2.66739 1.09903 -4.15735e-06
-3.23312 1.13286 -4.03308e-06
1.20803 1.12552 -3.94822e-06
-2.75836 1.18829 -7.55234e-06
-4.60747 1.18179 -6.87952e-06
1.75343 1.15998 -2.87238e-06
-3.30286 1.15608 -6.78397e-06
5.48107 1.05643 -4.07967e-06
3.40539 1.06199 -6.40412e-06
1.81598 1.08201 -5.18963e-06
-1.25043 1.10148 -4.3396e-06
-1.32759 1.16549 -5.12734e-06
-2.91285 1.18395 -6.6657e-06
-9.79411 1.22738 -9.97531e-06
-5.81207 1.23146 -9.74002e-06
-0.952374 1.14858 -4.8186e-06
-6.57708 1.16901 -7.88257e-06
-3.62269 1.09647 -2.47546e-06
-2.31663 1.10003 -1.88539e-06
0.111295 1.07059 2.83766e-07
0 0 0
-2.22487 1.07634 -3.61081e-06
0.0291144 1.09362 -3.86168e-06
5.12258 1.07813 -9.00674e-07
3.03539 1.10403 -1.5292e-06
-8.01823 1.11803 -3.43135e-06
-1.2217 1.09809 -3.9331e-07
-7.41142 1.10161 -4.02344e-06
-1.569 1.09758 -2.92822e-06
-2.56883 1.09658 -2.9839e-06
-6.90445 1.10204 -4.15195e-06
0 0 0
-1.83965 1.10447 -6.18812e-07
2.70461 1.09632 -2.88683e-06
-0.462614 1.11767 -1.88957e-06
-3.90107 1.10906 -4.01901e-06
-4.36768 1.1259 -4.8119e-06
0.140998 1.1188 -2.94871e-06
-0.297753 1.12292 -2.96906e-06
-2.32155 1.12422 -4.65861e-06
-3.44755 1.14422 -6.21076e-06
-5.1269 1.13245 -6.59679e-06
-1.56344 1.12843 -4.19065e-06
-5.2638 1.13674 -3.79683e-06
1.42278 1.12908 -5.85734e-06
3.06176 1.12236 -4.791e-06
-1.60532 1.14388 -7.74155e-06
-1.51842 1.14201 -6.52018e-06
3.26857 1.1311 -4.51987e-07
1.29119 1.13193 -6.19085e-06
1.06959 1.13616 -4.23886e-06
-2.61409 1.13746 -4.34297e-06
-1.29803 1.13371 -4.49813e-06
-0.932742 1.13573 -3.4988e-06
0 0 0
-0.919601 1.13372 -3.08845e-06
0.570259 1.13106 -4.03898e-06
-5.16613 1.13511 -5.81373e-06
-0.729814 1.1265 -5.14674e-06
-1.99236 1.11886 -3.95746e-06
-5.16951 1.14183 -5.29549e-06
-10.0287 1.13144 -6.94462e-06
-7.2822 1.13376 -5.85937e-06
-5.58225 1.13493 -6.1499e-06
-1.73853 1.13395 -7.20096e-06
0 0 0
0.901482 1.12847 -4.43647e-06
0.749577 1.122 -4.34195e-06
-2.51009 1.13483 -6.03738e-06
-2.63182 1.13529 -5.80806e-06
-1.65098 1.13151 -2.59337e-06
4.0671 1.13346 -5.16623e-06
-5.76794 1.16393 -7.71618e-06
3.62426 1.14086 -4.1133e-06
2.0878 1.13689 -4.86935e-06
-0.471225 1.15242 -1.10949e-06
-3.09654 1.14479 -9.05078e-06
-5.26429 1.17048 -5.00557e-06
-0.76512 1.15405 -6.53161e-06
-7.04474 1.17769 -7.3586e-06
-6.13015 1.17771 -5.41732e-06
-12.1291 1.17565 -1.08117e-05
-3.11276 1.15667 -4.11031e-06
-7.13928 1.17491 -7.46825e-06
-6.35093 1.15341 -4.91854e-06
-15.4847 1.17377 -1.08895e-05
-0.738836 1.14432 -5.53271e-06
-6.56216 1.15881 -5.9605e-06
0 0 0
-3.48075 1.14641 -5.97895e-07
-5.68029 1.15268 -5.56724e-06
-5.73469 1.15108 -4.44032e-06
-6.7692 1.16868 -2.65766e-06
-8.45432 1.16019 -5.59748e-06
-1.26501 1.15521 -2.50167e-06
-10.7189 1.14525 -5.40999e-06
-11.6444 1.17525 -6.00892e-06
-6.08234 1.15481 -4.78999e-06
-5.93265 1.1722 -3.59265e-06
0 0 0
-5.21959 1.1553 1.03489e-07
-5.65344 1.15853 -3.8563e-06
-8.02352 1.15441 -6.19712e-06
-8.56268 1.16141 -5.00937e-06
-5.63528 1.14525 -4.21703e-06
-4.26537 1.15623 -3.95785e-06
-5.40527 1.16125 -3.69935e-06
-17.0834 1.19113 -1.07728e-05
-1.21157 1.16033 -1.54699e-06
-4.78103 1.18216 -2.21591e-06
-1.89574 1.18084 -5.3917e-06
-7.67095 0.992555 -3.67877e-06
6.58761 0.977628 5.89528e-07
-1.73267 1.14076 -5.34463e-06
-0.789364 1.10733 -4.92922e-06
0.687944 1.12256 -3.52414e-06
0 0 0
2.59515 1.11596 -4.30123e-06
-1.3597 1.11224 -6.22374e-06
-1.9684 1.14482 -5.75676e-06
5.22861 1.123 -5.37816e-06
-5.06217 1.14667 -7.12065e-06
0 0 0
-4.13778 1.13812 -3.43772e-06
-3.85102 1.14853 -2.21513e-06
1.35698 1.1329 -4.14135e-06
-11.3106 1.14964 -5.91835e-06
-2.42942 1.13853 -5.33282e-06
-1.63958 1.14509 -6.98247e-06
-0.357318 1.10409 -3.16978e-06
2.01659 1.09797 -3.81291e-06
0 0 0
3.14989 1.11639 -1.79397e-06
0 0 0
3.67809 1.09356 -2.83662e-06
-3.59681 1.15327 -5.083e-06
1.13004 1.12784 -4.75425e-06
-0.84604 1.16202 -5.92436e-06
1.25578 1.11844 -3.91909e-06
0.434379 1.14682 -4.77158e-06
0 0 0
7.55393 1.11969 -2.19267e-06
7.35174 1.09117 -1.96379e-06
-2.02044 1.14113 -7.17944e-06
2.44034 1.09797 -5.36607e-06
-2.66861 1.17219 -6.97222e-06
0 0 0
-4.17977 1.15679 -6.49864e-06
0 0 0
-2.77693 1.1473 -6.13063e-06
0 0 0
-4.53625 1.16084 -4.09047e-06
-8.50941 1.13988 -7.36354e-06
-5.62302 1.16311 -4.72788e-06
-6.48361 1.14339 -5.19557e-06
-7.04145 1.14693 -6.48218e-06
0 0 0
-4.27982 1.15009 -4.54883e-06
-7.83638 1.15694 -6.38962e-06
-6.28779 1.13782 -2.68243e-06
-5.38522 1.1511 -4.94449e-06
-2.45683 1.156 -2.10359e-06
-11.3427 1.15848 -6.98021e-06
-5.81821 1.1461 -3.19996e-06
-11.934 1.15812 -5.86572e-06
-6.24724 1.15154 -4.94798e-06
-7.79639 1.16016 -2.283e-06
0 0 0
-5.40262 1.15983 -5.77842e-06
-2.48268 1.16573 -6.82941e-06
-1.96438 1.15822 -5.38336e-06
-6.0549 1.1725 -3.38697e-06
-6.59378 1.16583 -4.86766e-06
-9.06757 1.17529 -6.09629e-06
-6.84436 1.16786 -6.55366e-06
-1.85415 1.16442 -2.27959e-06
-7.5001 1.16244 -5.3206e-06
-4.98219 1.17027 -7.24202e-06
-5.76338 1.17313 -7.34424e-06
-0.482835 1.15806 -4.39461e-06
-2.61617 1.15682 -7.45064e-06
0.541577 1.16262 -3.59788e-06
4.52473 1.13202 -3.19774e-06
0.717194 1.15605 -4.66371e-06
1.90225 1.14169 -6.6072e-06
-6.77002 1.17384 -5.88258e-06
2.01243 1.15074 -2.68726e-06
-8.73781 1.18176 -6.73372e-06
-1.49802 1.16439 -4.36998e-06
-6.7664 1.16538 -4.35338e-06
0 0 0
1.85804 1.14949 -3.67695e-06
-5.6047 1.16471 -5.15846e-06
-6.49032 1.15569 -6.19011e-06
0.336711 1.14778 -4.79939e-06
-5.34049 1.1595 -7.10689e-06
-0.0115412 1.15537 -2.83956e-06
-2.6558 1.14189 -6.73663e-06
-3.06288 1.16409 -3.20869e-06
-0.932305 1.1517 -5.68471e-06
1.86652 1.15631 -4.62422e-06
0 0 0
1.23407 1.12867 -6.37926e-06
0.94725 1.14982 -2.30309e-06
0.836646 1.14593 -5.37901e-06
-5.48083 1.1649 -7.07308e-06
-0.135546 1.14072 -6.19452e-06
-0.945457 1.15471 -7.01083e-06
1.69064 1.14847 -7.68205e-06
0.0545339 1.14911 -8.75683e-06
2.10015 1.15036 -7.44796e-06
3.76988 1.15656 -7.25188e-06
-2.14768 1.17055 -8.94639e-06
-0.314926 1.17263 -7.10788e-06
-0.513285 1.18213 -4.81763e-06
-4.95161 1.17399 -5.73143e-06
-3.37014 1.18309 -5.05868e-06
-0.0908858 1.16545 -3.96377e-06
-4.64752 1.17481 -7.46724e-06
-5.17026 1.15615 -5.78677e-06
-5.37122 1.15595 -4.35684e-06
-6.53988 1.1615 -6.26231e-06
-5.43474 1.14918 -6.84211e-06
-6.66999 1.1545 -5.0705e-06
0 0 0
-0.0222781 1.13114 -3.71429e-06
-2.5523 1.1299 -4.24962e-06
-1.56895 1.14272 -3.40511e-06
-4.36017 1.14468 -2.61196e-06
-9.93 1.16306 -6.48459e-06
1.41034 1.13065 -2.8616e-06
-3.21366 1.14647 -5.77978e-07
-11.4525 1.13843 -8.70261e-06
-5.36578 1.14824 -4.69622e-06
-1.57515 1.13107 -4.2621e-06
0 0 0
-3.08462 1.14554 -4.09844e-06
-2.96749 1.13516 -2.09588e-07
-2.27973 1.14248 -2.63019e-06
-9.1864 1.14815 -6.34923e-06
-7.8911 1.16129 -5.93382e-06
1.06618 1.15187 -3.49831e-06
-2.0294 1.15936 -1.45701e-06
-10.617 1.18267 -8.33489e-06
-3.99931 1.17208 -5.69442e-06
-2.28921 1.1809 -5.4998e-06
-1.14265 1.17591 -5.92459e-06
10.3295 0.990776 -5.36427e-07
8.98414 1.01692 -3.43348e-06
3.93245 1.15507 -6.04995e-06
2.07334 1.15748 -7.58881e-06
2.24851 1.15902 -3.68641e-06
2.91496 1.1538 -5.58967e-06
-0.508484 1.1634 -5.62894e-06
2.10703 1.15984 -3.94498e-06
-0.71071 1.1585 -5.24464e-06
0.368855 1.13966 -4.81716e-06
1.81751 1.13981 -3.03618e-06
0 0 0
-4.63586 1.1512 -5.14532e-06
-7.95067 1.147 -7.25977e-06
0.766019 1.11552 -3.88469e-06
2.57083 1.12275 -5.01658e-06
0.169088 1.14226 -5.14835e-06
2.9025 1.13644 -3.84872e-06
-4.16682 1.14681 -8.73104e-06
-4.07084 1.14037 -5.932e-06
0.0229529 1.15425 -5.50461e-06
4.94103 1.1551 -1.24205e-06
0 0 0
1.59742 1.15968 -1.67428e-06
0.763825 1.16461 -5.58791e-06
-3.21357 1.18216 -5.14178e-06
4.93947 1.1456 -4.11163e-06
2.35822 1.13599 -5.22231e-06
1.04554 1.13258 -3.96276e-06
0.0466704 1.1535 -6.93561e-06
1.86762 1.12946 -2.65472e-06
-0.165449 1.12538 -6.39323e-06
-3.66755 1.13606 -7.38571e-06
2.95386 1.1426 -4.85666e-06
-3.79223 1.1919 -4.3442e-06
-4.10589 1.16822 -7.8049e-06
-5.40918 1.17741 -6.58724e-06
0.462056 1.19098 -6.1665e-06
-7.70953 1.18207 -6.39988e-06
1.37151 1.16881 -3.81513e-06
-4.64264 1.16015 -4.16133e-06
-1.7681 1.15679 -3.81162e-06
-1.65113 1.16073 -4.07478e-06
-3.02472 1.13937 -3.35413e-06
-7.24157 1.15524 -3.01041e-06
0 0 0
-4.9199 1.14736 -5.79265e-06
-2.27563 1.14478 -4.07736e-06
-12.0987 1.15246 -7.34943e-06
-2.9118 1.13712 -2.35142e-06
-6.77455 1.15449 -4.97926e-06
-5.43789 1.1444 -4.03043e-06
2.97945 1.11935 -2.37076e-06
-4.84229 1.15192 -5.85306e-06
-3.20483 1.13122 -3.03707e-06
-13.2615 1.15734 -5.72914e-06
0 0 0
-2.85305 1.13925 -2.34031e-06
1.4786 1.14129 -3.35053e-06
-5.16517 1.15775 -5.64663e-06
-3.40472 1.17705 -3.41819e-06
-4.46084 1.16346 -4.2155e-06
-4.32189 1.17819 -3.77994e-06
-3.18011 1.17474 -3.49719e-06
-4.24066 1.16752 -5.2513e-06
-7.2166 1.17018 -8.2894e-06
-4.53219 1.16384 -7.18899e-06
-6.70328 1.1893 -4.86311e-06
-4.53574 1.14484 -5.24826e-06
5.56308 1.12816 -3.55584e-06
-9.39689 1.14237 -1.0666e-05
-3.61621 1.14187 -6.51182e-06
-7.77057 1.1426 -7.03634e-06
5.65504 1.12533 -3.54448e-06
3.0335 1.11551 -3.71509e-06
-2.08402 1.13047 -6.24201e-06
5.26052 1.11966 -3.00386e-06
-0.213323 1.12452 -1.91743e-06
2.96924 1.12066 -2.90005e-06
0 0 0
5.78532 1.12169 -9.74545e-07
-5.1859 1.12307 -5.05468e-06
1.7212 1.12925 -3.40007e-06
8.63714 1.1107 5.99119e-07
-0.974245 1.12693 -4.08929e-06
2.16125 1.11709 -4.62772e-06
-1.73199 1.12602 -3.59733e-06
4.77283 1.11621 -4.82546e-06
-4.7041 1.13927 -6.81748e-06
-0.842968 1.11716 -5.78561e-06
0 0 0
3.11463 1.12429 -2.02484e-06
2.37021 1.11668 -3.96805e-06
-1.87109 1.13087 -5.14266e-06
-0.552183 1.11932 -5.09951e-06
-4.25027 1.12656 -7.05196e-06
5.84557 1.11337 -6.22779e-06
3.53074 1.12813 -3.27194e-06
4.73077 1.11851 -5.2701e-06
9.78642 1.12224 -1.64128e-06
8.39321 1.11544 -3.89597e-06
6.27946 1.12261 -4.43491e-06
-5.13626 1.18195 -6.77371e-06
-2.25241 1.18042 -3.28321e-06
-3.41911 1.18474 -5.44738e-06
-1.14983 1.17952 -4.41589e-06
-5.09869 1.18363 -5.87696e-06
7.07202 1.17837 -6.80656e-07
3.59868 1.16652 -3.48449e-06
-2.88328 1.17112 -6.6082e-06
-4.55816 1.18687 -4.45564e-06
-0.513267 1.16833 1.87663e-07
-0.210814 1.16582 -3.79122e-06
0 0 0
-6.90566 1.17577 -4.10416e-06
-3.90303 1.17221 -2.08627e-06
-8.50783 1.17449 -2.97546e-06
3.14349 1.16425 -2.5398e-06
-5.84421 1.17473 -3.69697e-06
-10.2873 1.19338 -6.13047e-06
-0.623076 1.16314 -4.90726e-07
-4.4582 1.18173 -5.09792e-06
-9.35405 1.18891 -5.60264e-06
-2.74067 1.17405 -3.17731e-06
0 0 0
0.596012 1.17555 -1.20786e-06
0.571613 1.16066 -2.40933e-06
-4.0997 1.17239 -3.79492e-06
-8.17164 1.18621 -4.30903e-06
-3.61042 1.16987 -2.65423e-06
-2.77242 1.17718 -2.53603e-06
-3.05221 1.16989 -3.98069e-06
-4.942 1.18579 -5.68017e-06
-4.65332 1.17762 -4.72808e-06
-4.12288 1.19715 -5.90186e-06
-4.15416 1.19022 -4.74112e-06
-1.99281 1.02968 -2.41575e-06
2.59586 1.03847 -2.35083e-07
5.29683 1.14114 -5.08079e-06
2.88273 1.14212 3.87013e-07
2.41099 1.16444 -3.95007e-06
1.20612 1.15684 -6.74111e-06
-6.31688 1.16706 -6.8676e-06
-0.730082 1.16444 -3.69287e-06
1.89888 1.15784 -1.906e-06
0.200552 1.16061 -3.03065e-06
-1.20277 1.17445 -4.46498e-06
0 0 0
4.19593 1.1479 -4.0075e-06
-2.26756 1.16819 -3.13728e-06
-0.711898 1.15989 -3.03561e-06
0.516295 1.18255 -1.1356e-06
0.943808 1.16723 -6.27231e-06
-6.49836 1.17366 -4.70195e-06
-5.85493 1.16455 -7.61805e-06
-1.44465 1.14887 -5.149e-06
7.22269 1.12601 -3.34186e-06
0 0 0
0 0 0
0.709809 1.12292 -4.73556e-06
-0.765754 1.12761 -3.30961e-06
4.22296 1.12568 -2.65518e-06
-8.54195 1.14493 -6.92916e-06
-0.571694 1.14557 -2.78209e-06
-0.440747 1.21241 -6.63125e-06
-1.68785 1.19989 -6.72726e-06
-1.95715 1.19527 -6.95658e-06
-0.433507 1.19729 -5.30218e-06
4.09079 1.09418 -5.49769e-06
9.40288 1.09164 1.36524e-06
-1.554 1.10073 -3.13671e-06
-2.15586 1.10618 -4.99472e-06
0.289263 1.19938 -6.01221e-06
-3.54704 1.19984 -5.01808e-06
-3.90663 1.27048 -6.13365e-06
-4.9367 1.24977 -5.93655e-06
2.3794 1.20342 -2.30709e-06
-2.70026 1.18851 -3.90634e-06
0.425011 1.12931 -3.14083e-06
-0.739632 1.10935 -2.76552e-06
0.462126 1.09436 -2.78089e-06
0 0 0
0.156157 1.08335 -9.34413e-07
2.901 1.11933 -2.44327e-06
-2.13267 1.11298 -2.35103e-06
4.39517 1.13067 2.38697e-06
-2.33238 1.13297 4.42789e-07
-2.05981 1.1308 -1.2541e-06
-2.07217 1.1298 -2.59866e-06
-0.400278 1.12794 5.56868e-07
0.363411 1.12623 4.98519e-07
-1.32664 1.13106 -4.52382e-06
0 0 0
-4.25004 1.14275 -3.90586e-06
0.434494 1.14241 -1.12211e-06
3.24046 1.15138 -1.47962e-06
-2.97333 1.15334 -5.34234e-06
-3.69996 1.155 -4.88892e-06
-0.670634 1.15098 -1.16841e-06
-2.31659 1.16439 -5.28539e-06
-10.734 1.17068 -7.35485e-06
1.17392 1.15825 -6.57535e-06
0.782878 1.16512 -1.93367e-06
-2.78196 1.17651 -5.39295e-06
-0.0502638 1.15544 -3.07681e-06
3.18699 1.13648 -4.00189e-06
-5.05769 1.15291 -7.35554e-06
-2.62043 1.1358 -3.8766e-06
8.28847 1.1302 -2.49204e-06
-0.0343754 1.14442 -6.19739e-06
0.166198 1.16102 -4.0888e-06
2.46295 1.14714 -3.87922e-06
-0.297132 1.14966 -4.3306e-06
-3.40783 1.15687 -4.54648e-06
0.0929818 1.16504 -4.09652e-06
0 0 0
-2.07868 1.16249 -3.72051e-06
-6.12608 1.16315 -6.64696e-06
-0.352573 1.14946 -5.57314e-06
6.99746 1.15333 -2.31175e-06
-17.565 1.17744 -5.47031e-06
-1.19919 1.16854 -5.20553e-06
-23.4764 1.17715 -8.69233e-06
1.20843 1.1698 -1.72111e-06
-4.73994 1.16636 -5.38056e-06
1.89579 1.15403 -1.46849e-06
0 0 0
4.69977 1.14494 -4.45559e-06
-0.659938 1.15046 -3.70214e-06
-2.45333 1.1464 -5.31688e-06
-0.130869 1.1514 -5.71817e-06
1.10096 1.15299 -6.66679e-06
-6.15788 1.17347 -7.76673e-06
-3.20305 1.1649 -7.37111e-06
8.93432 1.1447 -4.69262e-06
-0.180352 1.15335 -5.80705e-06
2.04707 1.15124 -5.53096e-06
2.72547 1.1527 -6.04191e-06
4.74983 1.13769 -3.52096e-06
2.20537 1.13503 -4.38818e-06
-2.24825 1.16103 -5.94443e-06
-0.733551 1.13927 -4.65895e-06
-2.89945 1.15206 -5.98184e-06
-6.58026 1.14936 -6.03329e-06
-3.41151 1.15169 -5.4388e-06
-3.31173 1.13066 -5.52586e-06
3.70562 1.13694 -4.3597e-06
-0.286687 1.12217 -3.55713e-06
-12.1498 1.16279 -7.04641e-06
0 0 0
0.599903 1.1181 -7.72584e-07
-2.06856 1.13669 -4.28018e-06
0.073749 1.12483 -2.40938e-06
-3.72687 1.14424 -4.56842e-06
-2.82948 1.12547 -4.06322e-06
-4.21326 1.14321 -4.69887e-06
-2.92231 1.12517 -2.41489e-06
-3.40936 1.16153 -4.63397e-06
-6.54741 1.13561 -4.86658e-06
-3.65172 1.13623 -5.11306e-06
0 0 0
-3.06493 1.13364 -3.82341e-06
3.9565 1.12612 -4.85936e-07
-0.193586 1.12262 -3.01718e-06
-5.26997 1.13646 -9.32914e-06
-1.3917 1.12219 -2.17349e-06
0.910387 1.14036 -4.44908e-06
-1.23017 1.13522 -3.47188e-06
2.9747 1.1444 -3.70759e-06
0.340678 1.13426 -4.17328e-07
4.86985 1.15735 -5.08899e-06
3.10995 1.14591 -5.94714e-06
1.0031 1.0308 -1.24776e-06
5.41636 1.02784 -2.36076e-06
-6.99798 1.15042 -7.30608e-06
-0.113194 1.11917 -4.93315e-06
-7.09643 1.15589 -4.61641e-06
-2.32321 1.13328 -4.91232e-06
-1.25443 1.14958 -2.81887e-06
-0.0325213 1.13605 -4.90861e-06
-0.33015 1.14243 -4.32354e-06
-2.06789 1.13494 -4.43414e-06
-6.90787 1.15022 -3.1948e-06
0 0 0
0 0 0
-1.43654 1.12602 -4.65714e-06
-0.388082 1.131 -2.96864e-06
2.44458 1.13162 -2.3095e-06
-7.57181 1.13024 -5.60711e-06
-5.46464 1.13186 -6.4659e-06
6.89304 1.09844 -2.25729e-06
-0.935943 1.12075 -3.3407e-06
-1.08115 1.10526 -4.29221e-06
-3.50495 1.10744 -6.31016e-06
0 0 0
0.383622 1.09761 -2.07973e-06
0.350456 1.09761 -3.40992e-06
-0.162117 1.10651 -4.02735e-06
-0.0239537 1.12278 -3.92231e-06
1.09579 1.12653 -3.51876e-06
2.95008 1.1893 -4.74133e-06
1.97907 1.18239 -3.49153e-06
-2.00613 1.18468 -6.68135e-06
-2.89553 1.18456 -7.25171e-06
3.31261 1.07413 -2.71397e-06
0.59452 1.08608 -3.77518e-06
-4.60234 1.11265 -8.12664e-06
0.725231 1.10221 -2.45741e-06
-5.6014 1.1988 -6.08453e-06
-0.186473 1.18402 -5.02497e-06
-2.06872 1.24908 -5.58948e-06
-9.33355 1.25889 -6.68752e-06
0.667309 1.18984 -2.41894e-06
-6.30465 1.18 -5.69799e-06
-3.58761 1.10565 -3.2917e-06
-7.00184 1.11315 -2.50137e-06
-5.86166 1.08845 -3.18487e-06
0 0 0
-3.31214 1.07349 -2.71828e-06
-3.53735 1.09498 -3.53074e-06
-5.50347 1.08986 -1.40874e-06
-4.63967 1.11734 -1.82827e-06
-8.0394 1.11669 -2.96087e-06
-5.86399 1.11708 -3.69281e-06
-6.96234 1.10703 -6.37362e-07
-6.55283 1.12009 -1.09804e-06
-5.06081 1.09883 -4.10804e-06
-7.89441 1.13763 -3.05941e-06
0 0 0
-7.22624 1.11574 -2.84921e-06
-2.792 1.14167 -4.15097e-06
-5.86926 1.13878 -2.792e-06
-5.67035 1.1515 -5.65046e-06
-4.16812 1.13398 -1.62072e-06
-3.73047 1.15215 -3.25247e-06
-4.92215 1.133 -4.08259e-06
-4.26925 1.15408 -4.34564e-06
-5.00915 1.14171 -4.03468e-06
-5.99647 1.15385 -4.81899e-06
-3.46502 1.1453 -4.29468e-06
-0.135353 1.11191 -2.47767e-06
7.26188 1.0931 -4.41958e-06
6.03449 1.08409 -3.24244e-06
-5.65641 1.10538 -7.09027e-06
5.08771 1.088 -2.41381e-06
6.84443 1.08801 -1.75139e-06
1.52231 1.08869 -3.55758e-06
5.31837 1.10167 -1.20313e-06
-2.22589 1.11309 -4.60433e-06
6.22313 1.08753 -3.29671e-06
6.93331 1.09296 -8.14348e-07
0 0 0
3.05393 1.1057 -7.92364e-07
-1.22817 1.10283 -2.66972e-06
2.6472 1.09679 -1.8787e-06
-1.08767 1.1033 -1.6573e-06
-1.67438 1.10865 -5.18699e-06
-5.02466 1.10979 -5.60453e-06
0.754588 1.08951 -2.53194e-06
1.85566 1.09545 -6.11761e-07
-0.997749 1.09195 -5.26424e-06
-0.43922 1.10934 -3.25121e-06
0 0 0
0.180521 1.10406 -3.60429e-06
-2.17939 1.10124 -4.27464e-06
-1.70865 1.11654 -6.30112e-06
-0.331325 1.1187 -3.46633e-06
1.5885 1.10295 -3.36758e-06
-0.42078 1.12358 -7.14367e-06
-0.350581 1.13197 -3.59895e-06
-6.76859 1.14056 -7.96371e-06
4.58793 1.12167 -2.514e-06
2.55665 1.13151 -4.31115e-06
4.56131 1.12857 -6.24783e-06
0.893133 1.14576 -2.75435e-06
2.64209 1.12494 -4.50804e-06
-4.61149 1.14687 -8.2974e-06
0.0615822 1.13415 -4.68685e-06
-1.74977 1.13625 -4.79087e-06
-4.78219 1.12442 -6.95091e-06
-4.09844 1.13324 -5.60472e-06
-3.39547 1.13088 -5.91664e-06
1.82947 1.13328 -2.90155e-06
-2.6105 1.12032 -4.64758e-06
-0.6303 1.12832 -4.13996e-06
0 0 0
2.27161 1.12344 -1.86879e-06
-6.99153 1.14111 -4.45753e-06
-5.10479 1.12547 -3.90166e-06
-5.39787 1.12585 -3.06011e-06
-2.84097 1.1195 -3.551e-06
-1.13032 1.12862 -4.97623e-06
-11.8643 1.12689 -6.31508e-06
-0.795104 1.11898 -2.45947e-06
-1.59364 1.1245 -1.65291e-06
-8.28803 1.13604 -5.85354e-06
0 0 0
-5.94337 1.13028 -3.29698e-06
-3.12032 1.13027 -1.57239e-06
-3.06751 1.1259 -4.57577e-06
-4.52017 1.14131 -5.17666e-06
-6.77245 1.13153 -4.90754e-06
-0.227294 1.13183 -3.37053e-06
-3.52903 1.13975 -3.54688e-06
-3.99897 1.13416 -1.50779e-06
-7.72965 1.14519 -6.25991e-06
-6.24178 1.13815 -6.77858e-06
4.97848 1.13363 -3.00784e-06
0.654933 0.9149 -5.18641e-07
5.81032 0.917515 -1.12427e-07
5.33949 1.05051 -3.4106e-06
0.183315 1.06086 -5.2782e-06
2.15816 1.06535 -4.22043e-06
9.43342 1.04477 1.4405e-06
1.11194 1.05775 -3.31379e-06
6.82649 1.05471 -2.68832e-06
-1.08753 1.07144 -3.34402e-06
8.31829 1.06622 2.78442e-07
7.46421 1.05988 -1.76641e-06
0 0 0
1.7853 1.05177 -5.0231e-07
0.983043 1.05975 -1.88952e-06
5.77614 1.04788 3.54982e-07
0.76001 1.05802 -3.60556e-06
2.17915 1.0673 -2.2728e-06
3.92982 1.06707 -5.58096e-07
3.48535 1.07166 -1.75323e-06
1.8864 1.05564 -4.34619e-06
2.26418 1.07221 -2.71965e-06
2.56793 1.07686 -3.15903e-06
0 0 0
8.43856 1.05318 -1.06148e-06
5.53916 1.09313 -9.49027e-07
2.31978 1.08971 -4.34643e-06
-1.98855 1.11339 -6.8263e-06
-1.76686 1.10893 -6.28393e-06
7.04705 1.06699 -2.36615e-06
2.3728 1.07915 -3.97295e-06
2.30969 1.05414 -3.67122e-06
5.73807 1.04724 6.47592e-08
3.45139 1.06764 -5.87613e-06
4.12592 1.0754 -3.43247e-06
3.38613 1.12528 -5.92587e-06
1.93841 1.12796 -4.81843e-06
-4.42437 1.11948 -6.44193e-06
-6.67769 1.14928 -6.74844e-06
-1.82598 1.12146 -4.51382e-06
3.12128 1.11485 -4.36013e-06
-0.11731 1.09709 -5.47531e-06
1.38369 1.10959 -2.80714e-06
0.185089 1.07736 -4.221e-06
1.06763 1.09464 6.22801e-07
1.19805 1.05788 -5.71179e-07
0 0 0
-1.00232 1.07498 -2.14205e-07
-0.340553 1.06915 -2.33637e-06
-2.43901 1.06965 -2.23446e-06
-0.668846 1.07483 -1.00969e-06
-2.24961 1.07434 -2.06522e-06
-1.33882 1.0849 -2.10516e-06
1.99001 1.06456 -2.74321e-06
-2.20951 1.07916 -1.2057e-06
1.0903 1.07595 3.28202e-07
2.35598 1.08359 9.17244e-07
0 0 0
-0.983142 1.08702 -2.42892e-06
-5.30603 1.09901 -5.98167e-06
-0.442583 1.09608 -1.37996e-06
2.37114 1.09965 -2.59224e-06
-0.77 1.09671 -3.27864e-06
1.33043 1.11821 -2.31579e-06
-0.337594 1.10648 -2.20579e-06
5.00382 1.09927 -4.05164e-06
-3.36482 1.10683 -4.95037e-06
0.0351146 1.09924 -3.63199e-06
-0.347553 1.10491 -2.9367e-06
-0.367141 1.07678 -3.95003e-06
2.43248 1.06029 -5.46652e-06
0.697799 1.06722 -4.79394e-06
1.38719 1.07684 -4.01183e-06
4.94333 1.06527 -2.35372e-06
0.823348 1.07465 -5.23259e-06
-2.36835 1.06934 -6.1184e-06
1.59165 1.07126 -2.10375e-06
-0.870528 1.08001 -5.25936e-06
2.33484 1.06955 -2.15671e-06
1.77607 1.07187 -3.92872e-06
0 0 0
1.32193 1.07478 -2.53835e-06
1.79969 1.06756 -8.52429e-07
-4.32045 1.08017 -4.39799e-06
0.64395 1.06891 -4.54423e-06
5.96205 1.06629 -2.80578e-06
-2.18816 1.0657 -5.20061e-06
4.08742 1.06044 -3.61075e-06
1.23086 1.06485 -4.23562e-06
4.00856 1.06223 -2.17765e-06
3.21579 1.06874 -3.84911e-06
0 0 0
3.83395 1.06674 -3.47536e-06
10.9312 1.05566 -1.58424e-06
2.24184 1.06502 -4.29014e-06
4.26954 1.07695 -4.63823e-06
3.16029 1.07464 -2.80544e-06
-3.54782 1.08041 -7.11592e-06
0.289092 1.07297 -6.66955e-06
4.29134 1.06136 -4.6081e-06
3.54356 1.06893 -4.01831e-06
4.23232 1.06971 -3.94115e-06
2.40083 1.0697 -5.69774e-06
4.04785 1.10245 -2.91966e-06
-0.286187 1.09598 -4.686e-06
1.90093 1.08828 -3.05405e-06
0.119401 1.08527 -3.42652e-06
-0.0216961 1.08731 -6.17702e-06
3.07514 1.08329 -3.82383e-06
-0.784614 1.07953 -3.40053e-06
6.26642 1.08131 -1.85821e-06
1.83423 1.07618 -3.57636e-06
1.13542 1.07942 -4.65636e-06
0.146051 1.07922 -5.17894e-06
0 0 0
5.10132 1.08893 -3.85668e-07
1.72422 1.0839 2.23591e-08
-1.50106 1.08778 -2.29929e-06
-1.01197 1.08773 -4.10609e-06
5.45358 1.0894 1.4721e-06
-5.82691 1.09911 -4.79401e-06
-3.94841 1.08298 -3.54795e-06
-3.47247 1.09212 -5.08113e-06
-1.54083 1.08384 -3.83776e-06
3.43008 1.0848 3.9226e-06
0 0 0
-2.92822 1.10308 -3.99761e-06
-4.93598 1.09367 -5.10006e-06
-11.2466 1.11289 -5.51458e-06
-2.59572 1.09107 -4.8995e-06
3.85612 1.08765 2.27832e-06
2.30602 1.09915 -4.26464e-06
-2.1565 1.0943 -4.69183e-06
-0.111192 1.09735 -5.19763e-06
-3.11442 1.09846 -6.14857e-06
-1.92854 1.10661 -4.42423e-06
-3.22448 1.1111 -6.7671e-06
2.91456 0.920228 3.42791e-06
6.67151 0.924413 -3.97874e-07
0.686611 1.04547 -5.03147e-06
4.91775 1.05971 -3.53382e-06
-2.29749 1.0689 -4.35744e-06
-0.78139 1.05486 -3.80571e-06
6.29704 1.05241 -1.89495e-06
2.1513 1.0622 -2.56108e-06
3.38364 1.0564 -3.35495e-06
2.59852 1.05853 -5.74737e-07
4.8663 1.04996 1.218e-07
0 0 0
-2.15853 1.07434 -4.58848e-06
-3.35939 1.09315 -3.42229e-06
1.1499 1.07525 -2.30601e-06
4.19039 1.08502 -8.34375e-07
-1.02947 1.09578 -1.52603e-06
1.12698 1.08865 -2.06485e-06
6.50778 1.0637 -9.46692e-07
-0.259426 1.07506 -4.30424e-06
2.63195 1.07773 -4.22868e-06
5.07617 1.07537 -1.50665e-06
0 0 0
0.799918 1.07948 -2.27364e-06
4.72815 1.08346 -2.40465e-06
-0.791123 1.10283 -5.96411e-06
1.51156 1.11817 -4.05991e-06
2.0044 1.10793 -4.1287e-06
-2.48441 1.11479 -5.01469e-06
4.25792 1.12427 -4.92595e-06
-0.97605 1.07695 -4.77492e-06
3.37888 1.06648 -2.36819e-06
1.98002 1.07721 -4.94179e-06
2.59455 1.08006 -4.76465e-06
-1.60025 1.13503 -6.75408e-06
4.7009 1.12096 -2.42842e-06
-4.08695 1.16288 -7.89327e-06
-3.33478 1.15258 -4.88029e-06
-4.7034 1.15194 -6.85599e-06
-5.63562 1.13546 -6.22107e-06
-4.22481 1.12577 -4.32505e-06
1.29512 1.10899 -3.24729e-06
-10.0838 1.11994 -5.57176e-06
-1.76384 1.10694 -1.67847e-06
-1.61134 1.08876 -1.32521e-06
0 0 0
3.26185 1.10002 -2.03296e-06
-3.05591 1.084 -2.87697e-06
-2.54815 1.09003 -2.21566e-06
-0.0998753 1.08333 -1.98151e-06
-8.42634 1.10805 -6.04354e-06
1.12192 1.09442 3.15107e-06
-3.90563 1.09488 -1.54107e-06
-1.33865 1.0851 -3.14629e-06
-4.24867 1.09626 -3.71081e-06
-4.43803 1.09934 -3.90864e-06
0 0 0
-0.0736236 1.09743 1.22935e-06
-1.92337 1.10018 -1.69501e-06
-1.7748 1.10133 -2.32109e-06
-0.648354 1.10467 -4.26243e-07
-1.64762 1.08923 -2.52758e-06
-3.8708 1.10923 -5.2622e-06
-1.89663 1.09585 -3.71234e-06
-1.34045 1.10514 -4.71675e-06
-3.41306 1.10365 -4.29532e-06
2.08738 1.11074 -5.97475e-06
3.46757 1.11386 -5.47889e-06
-5.13278 1.09907 -4.55917e-06
0.143518 1.09335 -5.68545e-06
2.81401 1.0961 -4.46659e-06
1.90581 1.08573 -4.76478e-06
2.89569 1.09764 -2.3784e-06
-7.27781 1.10476 -6.91374e-06
-2.83054 1.11137 -4.68481e-06
-0.303423 1.10285 -3.93109e-06
-0.450121 1.09394 -3.13015e-06
-4.46135 1.09885 -2.62879e-06
-3.83461 1.1103 -5.09738e-06
0 0 0
4.56256 1.09336 -1.94477e-06
-3.11265 1.09558 -4.35124e-06
6.47046 1.08093 -2.12834e-06
-0.453849 1.10087 -3.21555e-06
0.506463 1.07684 -1.76904e-06
1.30531 1.07783 -3.37394e-06
-1.17859 1.08029 -2.80243e-06
0.40791 1.09137 -1.49147e-06
0.685015 1.07306 -4.37469e-06
0.134516 1.09119 -5.52384e-06
0 0 0
6.34005 1.07391 3.07222e-06
-1.83002 1.08115 -3.13139e-06
2.08826 1.06005 -3.66357e-06
-1.02404 1.09146 -4.48872e-06
3.33891 1.06631 -3.13331e-06
3.88899 1.07964 -2.80928e-06
5.12354 1.07001 -5.19975e-06
5.28746 1.07779 -4.98715e-06
3.78799 1.07466 -3.94378e-06
-8.0504 1.08357 -7.78248e-06
8.48119 1.07551 -2.89415e-06
1.00574 1.10577 -1.40282e-06
1.11782 1.10225 -5.35317e-06
-0.793836 1.11052 -5.98365e-06
1.20437 1.09732 -3.77599e-06
2.08657 1.10525 -2.95206e-06
0.645694 1.10349 -1.00125e-06
8.07238 1.09565 -1.51404e-06
-3.58509 1.10152 -3.64724e-06
0.483361 1.10173 -3.68345e-06
2.06267 1.08989 1.30923e-06
-1.80249 1.10345 -5.69472e-06
0 0 0
4.1281 1.09681 1.37054e-07
0.316481 1.08771 -4.15916e-06
-2.68593 1.10041 -2.8765e-06
2.81821 1.10453 -2.85908e-06
-6.51138 1.11247 -4.24661e-06
-3.52644 1.09945 -3.01409e-06
-1.97357 1.10416 -1.46766e-06
-2.52285 1.08774 -2.78079e-06
-5.72082 1.1112 -4.41348e-06
-3.48479 1.09735 -3.79835e-06
0 0 0
2.2016 1.08983 -1.10764e-06
1.18755 1.09637 -4.19866e-06
-0.140976 1.09775 -4.81465e-07
-3.96708 1.09267 -5.13338e-06
-3.45673 1.1037 -4.33031e-06
-6.11877 1.10287 -6.21298e-06
1.34905 1.09766 -3.01542e-06
0.587765 1.10198 -3.28856e-06
0.704757 1.10837 -4.89328e-06
-1.54832 1.11131 -5.57393e-06
1.71983 1.12191 -3.08931e-06
-2.47514 1.00193 -2.13567e-06
9.92655 0.984304 5.94318e-07
4.16895 1.09735 -5.65884e-06
-3.4428 1.08944 -4.85192e-06
2.11658 1.09999 -2.02001e-06
1.17796 1.07997 -5.20761e-06
4.44964 1.09838 -3.42696e-06
1.41938 1.08763 -3.79365e-06
2.69626 1.09593 -1.88732e-06
6.337 1.09634 -5.35439e-07
-0.176576 1.11247 -4.35418e-06
0 0 0
-3.74394 1.10877 -2.46062e-06
5.13543 1.10509 -2.20557e-06
-0.949539 1.10757 -4.07512e-06
-3.06262 1.10059 -4.3948e-06
2.71548 1.10362 -6.10567e-06
-2.76747 1.10515 -5.4557e-06
4.16689 1.08977 -1.21071e-06
-3.92056 1.09362 -5.17568e-06
2.30264 1.08915 -8.45917e-07
0.643753 1.08568 -3.99773e-06
0 0 0
1.86629 1.10359 -4.0885e-06
-1.216 1.0963 -4.77948e-06
1.63692 1.09113 -4.77248e-06
0.292619 1.10762 -3.03574e-06
2.90307 1.10272 -2.06393e-06
3.49639 1.16729 -5.4e-06
5.19528 1.16248 -4.15745e-06
1.29387 1.15604 -5.48918e-06
-2.37954 1.16337 -3.69121e-06
2.89142 1.06791 -4.45437e-06
-5.43123 1.06969 -6.45926e-06
1.36543 1.09546 -3.95303e-06
-6.05822 1.09659 -6.87072e-06
-2.09944 1.18422 -4.88484e-06
-0.783572 1.18561 -5.54686e-06
-2.46518 1.23921 -8.62313e-06
-6.10188 1.21725 -6.24492e-06
-1.86823 1.17553 -3.59428e-06
-2.80893 1.16041 -4.9421e-06
-7.81325 1.10136 -4.47427e-06
-0.903086 1.0925 -2.68492e-06
2.01385 1.07374 -1.27879e-06
0 0 0
0.798169 1.08069 -5.9837e-07
-6.39838 1.09491 -3.2449e-06
0.12239 1.1058 -1.46161e-06
-3.97939 1.11717 -2.73591e-06
-4.93239 1.13206 -3.29505e-06
-1.8964 1.10055 -1.48825e-06
-3.46344 1.10598 -6.58727e-07
-6.15036 1.10124 -3.70651e-06
-0.285418 1.08975 -1.33306e-06
2.92487 1.09674 -4.63008e-07
0 0 0
2.38164 1.09378 -3.97312e-07
-6.61644 1.13563 -6.3596e-06
-3.98398 1.12318 -2.68764e-06
-5.64081 1.14207 -2.8152e-06
-5.80665 1.13777 -5.59381e-06
-3.04839 1.13422 -4.23997e-06
-2.83807 1.14532 -4.03657e-06
-1.04825 1.13056 -5.05652e-06
-0.808201 1.12217 -3.56137e-06
0.660662 1.13178 -2.952e-06
2.23461 1.12971 -4.93672e-06
-2.19755 1.09758 -1.06345e-06
-1.76287 1.08707 -7.86194e-06
1.78822 1.08299 -5.77058e-06
1.09631 1.08902 -4.33672e-06
-2.82148 1.09787 -4.16095e-06
2.72093 1.08957 -4.86795e-06
8.15506 1.08056 -3.34548e-06
-1.38255 1.09788 -5.37038e-06
7.5324 1.0881 -2.35126e-06
-1.04053 1.08254 -3.99828e-06
2.73748 1.09098 -2.12359e-06
0 0 0
-0.0407664 1.08573 -5.12754e-06
2.63804 1.07118 -4.66569e-06
2.44565 1.07164 -4.70011e-06
8.22957 1.05412 -1.03057e-06
-7.53893 1.07441 -6.68382e-06
-4.85461 1.07653 -5.78289e-06
2.5155 1.06448 -1.72796e-06
-4.33595 1.06713 -6.22736e-06
0.948334 1.05418 -2.68601e-06
5.97436 1.05677 -2.88983e-06
0 0 0
11.31 1.05034 -9.64552e-07
8.50355 1.0624 -1.69344e-06
-7.51315 1.08095 -8.21053e-06
7.25835 1.07038 -6.80836e-07
6.69975 1.05593 -1.99568e-06
-4.62532 1.08317 -7.65149e-06
4.04358 1.07999 -3.14836e-06
6.10011 1.07465 -3.85599e-06
2.58871 1.07602 -4.8416e-06
3.92967 1.0777 -6.01092e-06
2.17999 1.08231 -6.36817e-06
3.13978 1.11744 -4.80367e-06
5.9648 1.1139 -2.25e-06
-2.69121 1.12758 -4.75965e-06
-2.56678 1.10701 -7.236e-06
5.24204 1.1037 -4.11298e-06
-1.38687 1.10529 -6.07249e-06
-2.6475 1.11436 -3.40313e-06
-0.259121 1.11076 -3.23615e-06
-5.15074 1.11974 -3.67625e-06
-2.3485 1.10802 -5.31088e-06
0.0826469 1.11821 -2.49234e-06
0 0 0
-1.89898 1.11234 -2.273e-06
-3.38358 1.11458 -5.91539e-06
1.08107 1.10839 -2.59428e-06
-3.59441 1.12773 -3.20969e-06
-1.31099 1.10769 -2.02377e-06
-0.78003 1.10806 -2.93072e-06
2.49539 1.10462 -2.57937e-06
-0.109319 1.11038 -3.35942e-06
-0.677957 1.1186 -4.63054e-06
-2.69023 1.11323 -4.10785e-06
0 0 0
-3.71685 1.10633 -3.95611e-06
-2.1065 1.10039 -4.81455e-06
-3.21519 1.10965 -3.65846e-06
-1.36375 1.10872 -2.10289e-06
5.15967 1.09896 -2.3737e-06
0.327685 1.10829 -6.16631e-06
-0.0901685 1.10739 -2.42501e-06
-9.25901 1.11307 -7.26266e-06
-3.17953 1.0992 -6.60344e-06
2.76129 1.10364 -2.67504e-06
-0.203786 1.1043 -5.21977e-06
4.86028 0.99319 5.86617e-07
1.49994 1.01277 -4.23889e-06
1.62649 1.07686 -4.09165e-06
4.16019 1.05837 -7.61934e-07
2.99877 1.0849 -1.30803e-06
-4.93262 1.08717 -3.38543e-06
-2.7718 1.10392 -4.30973e-06
-2.06602 1.09667 -4.80814e-06
-4.59077 1.10839 -3.98891e-06
2.67498 1.10272 -4.90036e-06
1.5027 1.12335 -1.25475e-06
0 0 0
3.1443 1.10851 -1.74357e-06
4.88845 1.11497 -3.64896e-06
0.0433892 1.11559 -1.35378e-06
-4.73956 1.12276 -6.64812e-06
-6.53071 1.1286 -4.35235e-06
0.657819 1.10977 -2.36836e-06
3.95871 1.11325 -1.53321e-06
-5.93816 1.11912 -2.8558e-06
-4.49223 1.10704 -5.51978e-06
-1.83207 1.09683 -6.43051e-06
0 0 0
3.99637 1.1027 -2.3542e-07
-2.09329 1.10366 -1.60407e-06
-1.87294 1.08607 -4.04751e-06
-9.66506 1.13825 -9.08639e-06
-0.523062 1.1123 -4.48894e-06
-1.59613 1.1794 -3.15968e-06
-2.5655 1.17474 -5.4998e-06
-7.69933 1.18313 -9.72237e-06
0.399878 1.16303 -4.18987e-06
7.16792 1.07687 -2.31839e-06
4.09632 1.07838 -2.50609e-06
-0.772409 1.09525 -3.52387e-06
0.779721 1.1057 -2.74598e-06
-2.95682 1.18559 -6.44205e-06
-1.7938 1.1686 -6.15198e-06
0.259041 1.19664 -4.9181e-06
-3.66184 1.18605 -3.87503e-06
-2.14645 1.14984 -6.73346e-06
-0.684394 1.13764 -3.84222e-06
-1.02656 1.09327 -3.98888e-06
-1.77327 1.08421 -5.53147e-06
-4.57001 1.08839 -3.51473e-06
0 0 0
4.13078 1.07999 -1.89264e-06
-7.61467 1.12036 -3.04251e-06
0.573964 1.11338 -2.80454e-06
1.11523 1.1292 -3.78152e-07
-2.75752 1.13335 -2.85421e-06
-4.23418 1.11046 -4.15688e-06
-10.4237 1.12359 -1.16806e-06
0.517137 1.08075 -8.68824e-07
-6.94113 1.08892 -4.50428e-06
-3.50309 1.08485 -1.32025e-07
0 0 0
3.6564 1.07867 -1.63419e-06
-3.92989 1.11068 -2.87491e-06
-1.88697 1.09691 -3.27731e-06
-8.29414 1.13208 -6.74458e-06
-6.2757 1.11083 -6.57544e-06
-1.78085 1.1183 -2.94164e-06
-6.86363 1.10913 -7.78056e-06
1.63666 1.11269 -1.75624e-06
-1.86976 1.1124 -5.30861e-06
0.854272 1.1141 -3.16544e-06
-9.63436 1.12963 -9.46994e-06
-5.94402 1.10276 -7.11785e-06
3.64145 1.0886 -6.93437e-07
6.33614 1.07957 -1.53365e-06
-0.0277625 1.08165 -3.91199e-06
2.3651 1.0865 -2.9841e-06
-0.672339 1.08227 -4.97064e-06
2.82175 1.06992 -2.88302e-06
-1.59888 1.07736 -4.81701e-06
0.497598 1.07982 -3.95053e-06
0.105277 1.07001 -2.48452e-06
4.37524 1.07458 -2.32357e-06
0 0 0
2.3809 1.08112 -1.84068e-06
0.293735 1.08426 -3.65836e-06
-1.71981 1.07541 -5.10539e-06
4.80522 1.07772 -2.62949e-06
1.59812 1.07551 -4.28357e-06
3.59903 1.08298 -1.67738e-06
0.870735 1.07071 -2.58056e-06
-0.152751 1.07311 -3.98709e-06
0.644953 1.07105 -5.15206e-06
2.86647 1.07998 -4.08663e-06
0 0 0
3.6524 1.07342 -1.85419e-06
8.13866 1.06833 1.53145e-06
0.248412 1.08818 -2.9523e-06
2.1928 1.0867 -5.14294e-06
8.3924 1.06714 -2.39744e-06
1.51052 1.08744 -4.93604e-06
-1.07828 1.08626 -4.21923e-06
5.92879 1.08835 -2.39479e-06
0.584985 1.08422 -7.30079e-06
3.35482 1.08459 -4.7083e-06
5.0115 1.07267 -2.44886e-06
-0.974937 1.09401 -7.20367e-06
1.18535 1.0829 -2.45242e-06
3.36373 1.08676 -2.67812e-06
-1.60925 1.10031 -4.45276e-06
3.73519 1.09379 -3.81381e-06
-3.69098 1.09022 -5.17757e-06
-0.26896 1.08767 -2.43964e-06
0.171544 1.08919 -2.33098e-06
4.9475 1.08458 -3.15258e-06
1.29916 1.08468 -5.62663e-08
4.66396 1.09312 3.14541e-06
0 0 0
-0.536618 1.08633 -1.09916e-06
2.74036 1.08531 -7.31987e-07
-5.23746 1.08314 -4.05832e-06
-1.04612 1.09815 1.40235e-07
-2.718 1.09404 -1.50704e-06
-1.88005 1.08093 -2.44025e-06
3.8206 1.05985 -6.10317e-07
-4.57173 1.08135 -4.70055e-06
-2.44112 1.08048 -1.7568e-06
-7.569 1.08492 -5.63025e-06
0 0 0
-3.20076 1.08817 -2.5784e-06
-0.76756 1.08182 -3.04517e-06
-4.38806 1.09304 -4.15391e-06
4.40234 1.091 6.32098e-07
-7.87287 1.09839 -4.85566e-06
-3.3577 1.10549 -4.28673e-06
-1.58472 1.09874 -4.00626e-06
-2.95431 1.11343 -3.72259e-06
-2.00059 1.09368 -3.24524e-06
4.33141 1.1035 -4.32584e-06
3.98959 1.10488 -3.53023e-06
2.88324 0.922228 3.50096e-08
5.73663 0.927875 -1.78707e-06
5.07636 1.07157 -3.57346e-06
1.1846 1.08176 -4.34754e-06
-4.47815 1.09293 -4.80771e-06
3.99418 1.08455 -3.68208e-06
-1.33471 1.06906 -3.92587e-06
-2.40591 1.07648 -5.45368e-06
0.408137 1.06656 -3.34183e-06
0.396139 1.06244 -2.46713e-06
2.14879 1.06808 -1.66875e-06
0 0 0
4.73747 1.06571 -4.96135e-07
-2.00822 1.07606 -4.00327e-06
4.90368 1.07385 -2.24693e-06
3.2991 1.07029 -1.79532e-06
2.0039 1.09097 -4.58919e-06
0.345136 1.09321 -3.05123e-06
-2.52437 1.07944 -5.80655e-06
2.50805 1.0852 -2.96281e-06
-1.49914 1.0909 -3.39014e-06
5.10481 1.10944 -2.55382e-06
0 0 0
4.10405 1.09823 -2.25272e-06
3.03329 1.12467 -4.34878e-06
2.51826 1.12657 -5.93033e-06
5.66638 1.13042 1.88672e-06
2.96469 1.11037 -5.81181e-06
-1.69158 1.10444 -4.83511e-06
-1.50839 1.11031 -5.44539e-06
2.05897 1.08944 -3.97069e-06
3.27382 1.07294 -4.67729e-06
0.994159 1.12009 -7.8623e-06
3.26311 1.09837 -4.88277e-06
-3.8725 1.14002 -7.7317e-06
-2.05699 1.12712 -5.04247e-06
-3.04865 1.10947 -4.77181e-06
2.04527 1.11852 -8.19687e-07
-2.15111 1.09248 -5.04146e-06
-2.54602 1.0888 -4.1044e-06
0.800818 1.08745 -3.99936e-06
-3.40526 1.10267 -2.36436e-06
-3.87743 1.10241 -4.6905e-06
2.27639 1.08382 -2.14806e-06
-4.52688 1.09768 -3.5948e-06
0 0 0
1.53565 1.08853 -3.0369e-06
-6.89413 1.10468 -4.59559e-06
-2.84354 1.09704 -3.49137e-06
-3.40418 1.09858 -2.71103e-06
-0.707394 1.09908 -2.44142e-06
-4.18934 1.10024 -1.79306e-06
-2.53629 1.09007 -3.33318e-06
-3.29063 1.09496 -3.03268e-06
-5.1531 1.10325 -4.1684e-06
-7.4906 1.0974 -3.99181e-06
0 0 0
4.97446 1.09138 1.66668e-06
-3.73855 1.09408 -3.98464e-06
-4.9845 1.09909 -4.27422e-06
-3.87185 1.10505 -4.37623e-06
-5.64665 1.0972 -3.04607e-06
1.16405 1.11285 -3.00342e-06
-1.01715 1.10483 -3.65645e-06
-2.8644 1.11587 -3.91762e-06
0.16275 1.10027 -3.14064e-06
-0.0566139 1.1137 -4.8318e-06
-1.01524 1.12212 -2.26474e-06
-1.44564 1.08361 -3.89023e-06
1.55458 1.0677 -4.79033e-06
4.44273 1.06766 -8.61303e-07
-0.108365 1.0696 -4.46754e-06
-0.648399 1.07551 -4.06539e-06
4.22677 1.06518 -2.66731e-06
-0.21889 1.06892 -2.25568e-06
-0.0096409 1.07304 -2.28599e-06
1.21698 1.07098 -3.66597e-06
-0.0872227 1.06376 -4.00534e-06
0.017357 1.07711 -2.37016e-06
0 0 0
9.29249 1.05497 5.9166e-06
0.946282 1.06522 -9.72847e-07
3.00218 1.05547 -2.59809e-06
0.962578 1.06004 -2.2489e-06
-5.54881 1.06807 -5.70857e-06
-0.835874 1.07175 -2.49814e-06
-0.180301 1.05583 -2.13668e-06
-0.498987 1.06725 -1.6906e-06
6.19349 1.04734 -1.92018e-06
1.78919 1.05428 -2.38201e-06
0 0 0
5.81874 1.04538 4.99182e-07
-2.30053 1.05889 -2.31087e-06
-0.877112 1.06442 -4.69146e-06
5.27265 1.05475 3.77378e-07
-5.00321 1.07234 -6.52243e-06
2.44513 1.06737 -3.60197e-06
0.375465 1.07788 -4.96483e-06
2.71641 1.07528 -3.20536e-06
3.49464 1.07235 -2.56059e-06
3.86459 1.06056 -3.88263e-06
2.42049 1.07556 -5.02986e-06
0.496484 1.07884 -3.19003e-06
-1.21895 1.07903 -6.55331e-06
6.01163 1.06611 -3.36815e-06
5.70528 1.0786 -2.33656e-06
4.3329 1.06896 -4.00672e-06
4.16652 1.07113 -2.38518e-06
-5.60674 1.07809 -5.14036e-06
2.45156 1.06501 -2.79282e-06
-0.931631 1.07615 -3.38879e-06
-0.853396 1.07422 -1.2043e-06
0.143796 1.06179 -5.88079e-07
0 0 0
2.78898 1.07016 2.72514e-06
3.36867 1.06618 -1.00764e-06
0.880353 1.07047 4.74832e-07
-1.99029 1.08024 -2.74655e-06
-1.72408 1.0621 -1.51365e-06
-3.07279 1.06163 -2.96525e-06
-2.79911 1.05589 -3.52567e-06
-1.87707 1.05822 -2.91288e-06
2.59314 1.06358 -9.99888e-07
-2.57996 1.07154 -1.6721e-06
0 0 0
2.34527 1.05309 1.71282e-07
-0.910795 1.06145 -2.21741e-06
-10.0848 1.06883 -5.63738e-06
-0.0648829 1.06585 -8.38574e-07
-5.57612 1.08036 -5.08175e-06
5.36195 1.05539 -2.19575e-06
0.108521 1.07212 -1.51708e-06
-0.798096 1.08277 -1.69652e-06
-2.23035 1.07933 -1.91973e-06
-1.02138 1.07822 -4.94819e-06
0.481727 1.07557 -6.44096e-07
6.34355 0.932848 5.31359e-07
5.2136 0.942034 -2.66648e-06
4.09136 1.08235 -2.99883e-06
-2.03094 1.08331 -5.59138e-06
1.31916 1.09338 -3.59304e-06
0.798827 1.084 -3.66394e-06
2.21677 1.08318 -4.99349e-06
0.44301 1.08272 -4.57884e-06
-1.84172 1.0963 -2.1989e-06
0.482789 1.09446 -3.29694e-06
0.647011 1.08249 -4.90917e-07
0 0 0
4.08407 1.08777 -1.54421e-06
-6.54464 1.09196 -5.81067e-06
-0.775289 1.08529 -2.73778e-06
0.738374 1.08867 -2.92596e-06
0.584908 1.09781 -2.94381e-06
-10.5057 1.11148 -7.42493e-06
-3.66468 1.09358 -4.72158e-06
4.83643 1.08607 -1.94559e-06
-4.06531 1.1105 -6.30966e-06
-1.29496 1.12057 -2.24261e-06
0 0 0
-5.17516 1.10291 -6.79119e-06
0.550741 1.13902 -5.02112e-06
2.79587 1.13955 -4.99445e-06
-4.27352 1.15018 -4.91008e-06
-4.4713 1.14714 -5.87238e-06
1.60596 1.11984 -3.08612e-06
-5.10552 1.12031 -6.01358e-06
1.32691 1.11082 -3.65258e-06
3.11641 1.0895 -2.70948e-06
0.44012 1.13465 -3.2785e-06
2.6571 1.1213 -5.76934e-06
-2.24481 1.14493 -6.37429e-06
3.53601 1.12672 -4.14162e-06
-3.57491 1.1376 -5.83082e-06
-3.38126 1.1376 -4.48012e-06
3.25091 1.10518 -3.49251e-06
-0.784587 1.10792 -2.26893e-06
3.58789 1.10094 -5.26606e-07
-5.23339 1.11868 -5.70462e-06
2.43749 1.09339 1.32173e-06
-3.10339 1.08348 -2.75016e-06
-1.76142 1.08225 -3.00946e-06
0 0 0
-0.469551 1.08766 -2.11031e-06
0.0549118 1.07839 -8.18196e-07
-3.17332 1.07202 -1.79393e-06
-3.96293 1.09 -2.18048e-06
-0.501382 1.08647 -3.46107e-06
2.84002 1.0926 7.91962e-07
-7.36662 1.0939 -3.63307e-06
-5.91517 1.1025 -2.38313e-06
-3.3474 1.10064 -3.93099e-06
-3.4452 1.10167 -4.5262e-06
0 0 0
-4.24115 1.09623 -2.10687e-06
-5.21784 1.10467 -2.73803e-06
-1.38891 1.11165 -2.83539e-06
-2.84323 1.10698 -3.97207e-06
1.87296 1.10001 -2.26245e-06
-0.623986 1.09651 -3.38536e-06
-1.85775 1.11723 -3.83178e-06
-3.29569 1.10541 -1.89844e-06
-9.15959 1.11698 -7.35982e-06
-2.70811 1.11375 -3.98049e-06
0.843971 1.10596 -3.80911e-06
1.32225 1.16902 -3.26332e-06
5.31051 1.1538 -1.07058e-06
9.03996 1.14792 8.41543e-06
5.1688 1.13649 9.86096e-07
10.3782 1.1445 4.73672e-06
7.74443 1.13276 4.05839e-07
2.70407 1.15293 3.63258e-06
6.25919 1.12937 2.70479e-06
8.95219 1.15072 8.00082e-06
6.20538 1.13372 4.53151e-07
3.95491 1.15445 4.11526e-06
0 0 0
3.01916 1.12882 1.00088e-06
7.68788 1.13213 1.25374e-05
7.277 1.12765 5.93123e-06
4.06858 1.13057 1.77537e-06
4.67757 1.12682 6.7659e-06
5.72876 1.12168 3.10157e-06
6.17358 1.11427 3.3043e-06
5.82945 1.12151 4.33186e-06
2.63027 1.12607 8.15177e-08
1.60597 1.12907 1.44295e-07
0 0 0
7.86044 1.11186 4.08502e-06
10.5745 1.11096 2.49649e-06
9.11577 1.11766 5.75397e-06
13.3653 1.10541 8.64095e-06
5.45581 1.10737 4.08235e-07
4.39711 1.11865 4.03602e-07
2.33384 1.12825 -1.27103e-06
10.0171 1.11603 6.13555e-06
8.94826 1.11271 4.8091e-06
2.35532 1.12431 -9.67363e-07
8.31069 1.11543 3.49253e-06
2.81984 1.11954 -1.84343e-06
6.63448 1.11053 3.67486e-06
5.44457 1.11789 -1.98341e-07
3.02423 1.12561 -8.77224e-07
7.91621 1.12223 4.10998e-06
0.502051 1.11957 -2.50426e-06
4.12868 1.11942 5.11309e-07
-3.37585 1.10547 -1.3487e-06
5.30294 1.11288 3.63299e-06
0 0 0
6.67888 1.10848 4.0048e-06
0 0 0
5.85042 1.11203 3.91487e-06
0.441651 1.15241 1.94945e-06
10.1546 1.12852 1.05653e-05
10.6126 1.13097 4.82393e-06
1.0888 1.11824 2.31237e-06
4.35592 1.13234 3.82701e-06
0 0 0
0.570607 1.14136 5.29299e-06
4.35719 1.11282 1.48723e-06
13.5838 1.13944 8.42934e-06
0 0 0
6.35594 1.1355 3.93089e-06
0.970552 1.16339 -1.33597e-06
2.63836 1.15265 2.03904e-06
6.97263 1.16002 6.67762e-06
-2.11448 1.1496 -2.49996e-06
-1.7484 1.17576 -1.92627e-06
12.1043 1.14947 4.71172e-06
12.276 1.17795 1.0891e-05
1.669 1.17155 -1.65957e-06
3.24457 1.19542 -2.16056e-06
3.1424 1.19755 2.90484e-07
7.49216 1.05929 2.17017e-06
16.1761 1.03155 8.48029e-06
4.69747 1.11559 2.10307e-07
5.06078 1.1213 3.34923e-06
6.90998 1.11886 2.65551e-06
6.4123 1.13234 4.59737e-06
4.75252 1.13869 2.31583e-06
7.93635 1.14075 5.72229e-06
0.889379 1.16121 1.92719e-07
4.29324 1.14459 1.68468e-06
-0.423849 1.16162 -3.4042e-06
0 0 0
8.68117 1.15823 5.82671e-06
4.44226 1.17951 6.51045e-06
8.39964 1.15774 4.9948e-06
0.747825 1.18315 1.72267e-06
4.12578 1.17429 2.44775e-06
0.557436 1.17135 -5.23512e-08
3.20447 1.15421 3.11417e-06
7.51094 1.15054 5.5774e-06
6.60485 1.15294 7.31674e-06
10.1757 1.12779 4.6296e-06
0 0 0
7.34849 1.12028 3.71499e-06
5.49759 1.12361 2.19948e-06
2.75158 1.13309 8.88954e-07
6.05718 1.14701 2.94677e-06
2.06569 1.16788 -1.138e-06
6.03582 1.22302 3.36181e-07
4.77089 1.20435 8.28158e-07
-0.271955 1.20609 -2.28021e-06
2.28443 1.18734 -1.58363e-06
8.0738 1.11906 2.39181e-06
3.42164 1.08991 -1.99203e-06
8.7072 1.12101 2.88201e-06
5.25619 1.106 8.8744e-07
2.91543 1.1926 -2.81202e-06
1.83818 1.17832 -6.10247e-08
3.10678 1.22278 -1.46066e-06
2.72079 1.21869 4.70667e-07
3.22284 1.1666 -7.5722e-07
10.4041 1.16522 9.73193e-06
8.40635 1.11993 1.80771e-06
1.55471 1.12552 2.57783e-06
-0.102144 1.12507 1.59995e-06
0 0 0
10.3866 1.10806 5.87356e-06
8.48514 1.15209 7.27395e-06
8.10161 1.138 4.63684e-06
-4.81771 1.1892 4.80401e-07
3.3636 1.1694 6.73559e-06
-0.575946 1.15751 -5.60167e-07
0.168401 1.1495 9.63965e-07
3.02024 1.12048 -5.17792e-07
1.51413 1.12214 1.3719e-06
6.7814 1.11837 7.56422e-06
0 0 0
4.23264 1.12485 2.37885e-06
3.23898 1.16079 2.03876e-06
12.3621 1.12847 1.03565e-05
5.72262 1.16035 3.51341e-06
2.11271 1.15677 1.23559e-06
6.47296 1.16725 3.94995e-06
5.29018 1.16335 2.47221e-06
4.3779 1.1716 3.76786e-06
-4.94108 1.18944 -6.88627e-07
10.6726 1.16923 8.50677e-06
6.36284 1.16706 4.06988e-06
10.4925 1.12231 2.51439e-06
4.20478 1.13253 9.52557e-07
2.21558 1.12878 -2.6958e-06
6.78472 1.10901 1.80192e-06
3.0997 1.11449 1.83003e-06
0.347469 1.11703 3.51735e-08
13.3025 1.09237 4.94856e-06
2.27116 1.10986 1.68462e-06
7.63771 1.11045 4.1369e-06
3.72457 1.10401 3.03135e-06
6.29721 1.10874 1.7186e-06
0 0 0
8.25454 1.09948 8.31871e-07
3.25225 1.1086 4.06791e-07
8.69692 1.09293 7.655e-06
7.06976 1.08944 3.76061e-06
4.90475 1.08675 4.24085e-06
6.17363 1.09213 2.17628e-06
6.65735 1.0809 2.68745e-06
6.8147 1.0887 3.5878e-06
11.4031 1.08123 6.38202e-06
3.99277 1.10024 1.99537e-06
0 0 0
3.57294 1.0786 -1.21292e-06
10.4287 1.09305 7.16362e-06
7.56967 1.09004 4.76815e-06
8.80863 1.08758 5.79373e-06
5.20538 1.08494 -1.01392e-07
10.0815 1.09073 1.80167e-06
4.03279 1.09241 -1.4621e-06
-2.74942 1.10522 -1.93268e-06
10.5743 1.07956 5.43674e-06
6.0392 1.09741 -1.41514e-06
9.13448 1.08404 8.93464e-07
0.134361 1.11473 -3.92891e-06
-1.33719 1.10743 -3.81835e-06
16.8787 1.11019 1.31883e-05
4.76421 1.11714 1.56376e-06
2.01599 1.12676 3.28263e-06
0.575693 1.11645 -2.45979e-06
6.31003 1.11345 2.52477e-06
-5.09522 1.12646 -4.23594e-06
3.65773 1.11947 2.44571e-06
2.42864 1.11516 -1.92188e-07
-1.58355 1.12125 1.01238e-06
0 0 0
6.22379 1.12181 4.37323e-06
7.84919 1.12339 7.33438e-06
6.32917 1.11143 5.03076e-06
12.8165 1.11633 7.15319e-06
-0.434317 1.13603 3.28169e-06
7.30962 1.12805 5.35853e-06
4.34218 1.1249 5.06938e-06
2.75924 1.13236 2.13382e-06
3.08507 1.13024 4.84033e-06
4.00975 1.12841 2.86175e-06
0 0 0
6.73414 1.13645 7.80097e-06
3.98426 1.13241 4.84837e-06
2.32562 1.12446 2.45385e-06
-0.644088 1.13267 -4.08e-07
2.37016 1.11687 2.7087e-06
2.09803 1.13607 9.40255e-07
3.20105 1.1403 2.60892e-06
0.564248 1.14248 -2.06734e-06
10.4842 1.13473 2.7102e-06
10.1168 1.15267 5.5883e-06
1.33888 1.14822 -3.53255e-06
11.6976 1.05542 4.4215e-06
10.9349 1.05494 2.40765e-06
7.14897 1.12356 -4.00058e-06
7.45854 1.11982 2.71104e-06
-0.568385 1.13289 -2.54564e-06
7.0332 1.11909 2.98785e-06
7.3204 1.13092 3.70928e-06
8.98202 1.11755 4.81515e-06
4.28173 1.12897 6.92603e-08
3.36785 1.12408 -7.16973e-07
5.31649 1.13645 9.02926e-07
0 0 0
8.08571 1.12919 5.61131e-06
8.701 1.13026 7.00796e-06
-9.21736 1.13323 -6.18392e-06
9.16873 1.12833 6.18796e-06
5.14384 1.1221 2.64758e-06
7.352 1.1191 3.72106e-06
10.5358 1.10044 8.58229e-06
7.15157 1.11166 4.72705e-06
11.6716 1.10255 9.04759e-06
5.71062 1.12274 5.53034e-06
0 0 0
13.2543 1.0985 9.45264e-06
17.6103 1.1168 1.25247e-05
4.90478 1.10634 2.11567e-06
5.7716 1.14168 1.37382e-06
4.1224 1.1406 3.94867e-07
10.3783 1.16877 7.74338e-06
3.33715 1.1698 -3.74479e-06
5.42183 1.16353 2.11846e-06
13.6961 1.13602 2.15451e-06
11.8498 1.066 3.51164e-06
10.193 1.06195 4.25426e-06
11.6993 1.07331 5.10685e-06
7.58753 1.06995 1.91137e-06
5.41534 1.14555 7.60462e-07
12.4183 1.13543 3.31086e-06
6.82507 1.17613 1.47698e-06
8.88811 1.16402 5.91908e-06
6.67966 1.15689 2.85347e-06
5.39608 1.1388 1.43394e-06
7.58686 1.09603 2.28305e-06
10.0603 1.07793 2.79066e-06
5.87639 1.0865 2.68633e-06
0 0 0
17.9063 1.07647 1.24084e-05
12.7929 1.11712 7.39746e-06
5.47801 1.11443 2.60278e-06
6.79904 1.14481 3.97983e-06
10.531 1.12384 8.87336e-06
9.72971 1.11247 7.71338e-06
7.07437 1.11179 6.06041e-06
2.0153 1.10387 2.19323e-06
10.0933 1.09556 9.40894e-06
1.86758 1.11096 1.58591e-06
0 0 0
10.5517 1.11361 9.01211e-06
8.17397 1.14011 4.91146e-06
7.77974 1.13862 8.25063e-06
4.27828 1.15387 1.87576e-06
12.9804 1.13973 1.02292e-05
8.40283 1.15613 5.99075e-06
13.5251 1.14347 6.10185e-06
6.91787 1.14642 3.29595e-06
4.56988 1.14042 -5.02583e-07
11.3212 1.15877 4.40779e-06
5.56144 1.15893 -1.6345e-06
-0.0728133 1.21852 -1.84866e-06
12.0894 1.19319 8.51777e-06
11.8265 1.18171 8.94787e-06
5.22773 1.17831 7.10166e-07
2.42854 1.18548 1.05629e-06
6.51767 1.15798 1.74993e-06
5.03003 1.17854 3.27826e-07
1.24195 1.16961 -3.93746e-07
6.66876 1.1779 1.01045e-05
2.37765 1.16397 1.73312e-06
3.15055 1.17426 6.12561e-06
0 0 0
7.34361 1.16982 8.6887e-06
13.1104 1.16254 1.0655e-05
4.75125 1.16699 3.5329e-06
1.4105 1.16905 -2.76648e-06
9.06588 1.17644 5.46537e-06
7.19741 1.16247 4.19499e-06
7.47714 1.16594 9.6631e-06
4.8909 1.1576 6.06478e-06
2.24421 1.16975 3.92275e-09
6.38604 1.15573 3.94404e-06
0 0 0
13.8883 1.14331 1.2689e-05
1.82738 1.16276 2.90578e-06
3.64582 1.15082 8.81003e-07
9.02408 1.14568 3.35732e-06
10.0927 1.14713 7.09921e-06
12.0606 1.14615 5.20396e-06
4.62697 1.15509 1.57136e-07
5.30152 1.14523 4.00645e-07
2.98197 1.13927 -1.89482e-06
10.1681 1.13735 2.11828e-06
3.60906 1.14997 -1.17717e-06
10.5509 1.14375 6.04965e-06
3.50616 1.14521 -5.18289e-07
6.6524 1.14296 1.37735e-06
14.6018 1.14989 1.08507e-05
5.21739 1.14374 4.66481e-07
4.56336 1.13908 1.36975e-06
12.3605 1.14013 7.70792e-06
3.59172 1.14718 9.77133e-07
6.71046 1.14981 6.99828e-07
5.26142 1.13808 3.46777e-06
6.1321 1.13205 1.58692e-06
0 0 0
10.8052 1.13046 4.70797e-06
4.91909 1.13316 1.65304e-06
8.97196 1.1413 1.12634e-05
5.03497 1.15722 8.30343e-06
-3.59807 1.16534 3.8377e-07
2.71876 1.15407 2.01628e-06
-2.63917 1.1514 -2.63043e-06
4.72426 1.14387 3.46137e-06
4.95578 1.15333 5.35574e-06
7.16213 1.15514 4.85692e-06
0 0 0
13.3273 1.14371 9.75133e-06
3.67854 1.15561 -5.81003e-07
6.48621 1.14539 4.75104e-06
1.70893 1.1666 -2.24034e-07
5.23645 1.14861 1.62623e-06
10.9019 1.17346 6.83121e-06
8.71468 1.17066 2.82549e-06
3.12294 1.17907 -1.70856e-06
10.0904 1.1623 8.81857e-06
5.8473 1.18992 1.58637e-07
1.7795 1.18909 -7.6977e-07
12.9898 0.980564 3.43668e-06
14.9357 0.973668 5.82456e-06
6.14499 1.13288 -1.80996e-07
10.3047 1.12167 1.47311e-06
6.24496 1.13668 3.58257e-06
2.44349 1.12291 2.74111e-07
5.15919 1.11655 1.33233e-06
6.35165 1.12402 2.18199e-06
8.2196 1.11661 4.19959e-06
10.9939 1.10428 7.69508e-06
5.93171 1.12359 2.52012e-06
0 0 0
6.19207 1.11783 6.16816e-07
11.1807 1.12428 6.58394e-06
5.30738 1.127 4.83941e-06
9.18114 1.13411 6.97398e-06
4.02923 1.14655 3.20344e-06
4.09778 1.14597 3.76584e-06
4.64109 1.13413 1.70585e-06
7.13025 1.13653 7.1125e-06
11.1627 1.13046 6.01478e-06
6.07094 1.13072 3.91382e-06
0 0 0
6.70932 1.11491 2.92633e-06
0 0 0
5.8678 1.15355 4.28653e-06
8.43533 1.13201 3.62223e-06
12.337 1.13916 4.43845e-06
8.64276 1.11569 3.17716e-06
4.71439 1.12522 2.60415e-06
8.90036 1.11672 2.46988e-06
8.36867 1.11659 2.17548e-06
5.84333 1.17002 -9.3885e-07
6.95617 1.16854 2.04619e-06
12.4227 1.15086 3.13116e-06
5.47889 1.16001 -1.1697e-06
18.7528 1.12061 1.40453e-05
7.63415 1.145 2.87742e-06
6.86409 1.11492 3.9914e-06
6.6671 1.10521 3.16338e-06
9.86425 1.12324 6.3031e-06
5.25549 1.12294 1.36813e-06
14.381 1.11496 6.81292e-06
11.1004 1.0972 6.18659e-06
4.96709 1.09937 1.96772e-06
0 0 0
7.55936 1.09465 4.09224e-06
8.42743 1.09836 8.87337e-07
4.94297 1.08458 2.26186e-06
5.19805 1.09582 1.55739e-06
6.86353 1.11476 5.43356e-06
10.7245 1.11211 2.88547e-06
8.30673 1.10647 7.69508e-06
3.74884 1.11674 -4.54457e-07
5.95617 1.11615 1.39977e-06
1.13962 1.12941 1.32913e-06
0 0 0
17.6237 1.08403 1.42328e-05
6.50393 1.1153 4.2856e-06
0 0 0
12.5262 1.11076 9.27894e-06
8.43025 1.10091 2.71363e-06
0.97865 1.14679 -1.34157e-06
12.9892 1.14055 2.43536e-06
5.77572 1.16754 2.35931e-06
18.8981 1.14729 1.48825e-05
10.4417 1.16748 1.52483e-06
-4.98709 1.17829 -7.22006e-06
10.7097 1.17025 -7.34957e-08
7.84805 1.15253 8.57831e-07
5.39558 1.15966 2.62254e-07
7.4737 1.14825 3.68285e-06
7.10446 1.15228 4.17367e-06
8.36852 1.13455 8.494e-06
5.7236 1.14594 2.40621e-06
9.83356 1.13327 5.14308e-06
13.5671 1.14409 9.21667e-06
17.9387 1.11973 1.37191e-05
6.2408 1.1492 3.42928e-06
0 0 0
12.9242 1.13155 1.02872e-05
0.62479 1.16405 5.68757e-06
4.24156 1.14948 4.88588e-06
5.33592 1.1442 -1.49797e-07
11.1667 1.14015 1.04226e-05
6.35156 1.15101 4.15402e-06
9.55597 1.1353 8.1839e-06
5.5031 1.14869 2.9054e-06
6.3492 1.12848 4.58209e-06
2.67359 1.15477 -1.33506e-06
0 0 0
10.425 1.12124 8.52068e-06
4.00141 1.1325 3.10746e-06
2.58052 1.12399 -2.07707e-06
5.93869 1.14159 2.47257e-06
11.6679 1.1319 9.96974e-06
3.1831 1.14064 -1.76907e-06
-0.316984 1.13 -1.7947e-06
10.4054 1.13265 6.71102e-06
4.968 1.12762 3.23854e-07
7.07719 1.1175 2.63165e-06
12.2526 1.12236 9.01599e-06
5.34048 1.1563 1.25993e-07
3.56136 1.15252 -7.39353e-07
2.45635 1.15305 -1.64509e-06
5.85054 1.15048 4.14966e-07
5.71227 1.15231 1.72137e-06
8.14977 1.15154 4.34353e-06
2.01121 1.15711 5.66428e-07
6.52042 1.14456 4.20837e-06
5.62154 1.14538 2.4729e-06
11.8647 1.14571 8.97848e-06
-2.32883 1.15913 -8.80818e-08
0 0 0
5.19215 1.15539 1.77917e-06
1.96128 1.14951 9.89502e-08
1.11215 1.16142 4.24177e-06
10.0824 1.15865 1.23765e-05
4.625 1.15379 4.50583e-06
0.668294 1.16709 5.5173e-06
1.19861 1.15639 1.78058e-06
-7.86065 1.18223 -1.27389e-06
3.58854 1.15395 3.19075e-06
13.445 1.1216 1.38394e-05
0 0 0
6.01717 1.12747 7.65323e-06
10.2581 1.10777 5.73344e-06
0 0 0
6.06435 1.15548 4.81238e-06
2.92823 1.12656 1.672e-07
5.22743 1.16241 1.59507e-06
4.35734 1.16572 1.78269e-06
3.17216 1.1827 -1.52508e-06
6.30657 1.17213 1.28002e-06
4.54105 1.1858 1.77712e-06
8.829 1.1821 3.90064e-06
26.0893 0.948524 1.00877e-05
24.1163 0.966242 1.07445e-05
1.46412 1.1247 -3.77594e-06
1.09673 1.12447 -2.90933e-06
11.9818 1.10958 2.16191e-06
5.07913 1.10791 6.6808e-07
14.3978 1.09542 1.04656e-05
8.03149 1.10551 4.09411e-06
7.19787 1.10322 8.97001e-07
10.9542 1.09402 7.75984e-06
3.48879 1.11688 1.60356e-06
0 0 0
19.2352 1.08768 1.23723e-05
6.77543 1.13452 5.99152e-06
6.30921 1.10879 2.73438e-06
13.7927 1.10502 6.76505e-06
6.27541 1.1226 4.28317e-07
12.0591 1.12721 6.23249e-06
9.96732 1.11796 6.21889e-06
7.99283 1.11493 6.57378e-06
10.2285 1.12973 5.78466e-06
4.40981 1.14857 3.74909e-06
0 0 0
11.1071 1.13137 1.58825e-06
0.573053 1.1624 1.63535e-06
-0.252575 1.1642 -2.0382e-06
4.17054 1.16597 -3.199e-07
6.74915 1.14324 1.41915e-06
10.963 1.11273 5.28322e-06
4.31101 1.12863 5.89292e-07
14.3492 1.10681 1.13801e-06
5.44897 1.10506 -1.33982e-06
4.21087 1.14943 -2.39496e-06
6.16686 1.14791 -1.77047e-08
9.13758 1.14326 2.33074e-06
8.08346 1.14127 -5.46346e-07
-0.0916012 1.13788 -2.18138e-06
13.9586 1.1303 3.84675e-06
12.4934 1.11585 6.28752e-06
-0.415609 1.11975 -2.54098e-06
12.8652 1.12476 8.57531e-06
9.95416 1.12285 6.64531e-06
5.26461 1.1187 8.9696e-07
19.9964 1.09379 1.32849e-05
8.19235 1.10794 3.40726e-06
0 0 0
6.04882 1.12849 1.27793e-06
7.4991 1.11382 6.44893e-06
13.1812 1.11181 1.05574e-05
8.45955 1.10578 5.32031e-06
18.9635 1.11554 1.28042e-05
-0.808035 1.13143 2.44607e-07
1.87707 1.12229 -1.83297e-09
3.33762 1.12574 5.49645e-07
5.47222 1.12032 2.76828e-06
5.7792 1.13549 2.12745e-06
0 0 0
2.22357 1.13876 3.45758e-07
10.2431 1.14292 8.57143e-06
2.74172 1.13733 -5.88555e-07
9.71211 1.14049 2.03781e-06
1.8847 1.14576 -5.39691e-07
6.84428 1.14763 1.73871e-06
6.59711 1.15351 2.81057e-06
4.42714 1.16517 9.57385e-07
14.8693 1.14141 1.34608e-05
9.919 1.16727 2.9491e-06
6.26575 1.18243 2.76535e-06
-6.02188 1.10622 -6.16832e-06
4.05034 1.08838 -3.23652e-06
-3.48011 1.10257 -6.20582e-06
-0.802591 1.09079 -6.60552e-06
6.80825 1.08597 -1.28396e-06
3.08028 1.08458 -3.7859e-06
-3.46316 1.09626 -7.14474e-06
-1.01046 1.09005 -4.31185e-06
-0.0476173 1.10188 -2.01725e-06
-2.86853 1.09648 -2.78082e-06
-2.32871 1.09443 -3.47194e-06
0 0 0
-0.380469 1.08628 -2.50723e-06
5.42331 1.07825 -3.44234e-06
-2.68889 1.08577 -1.154e-06
1.08239 1.08337 -2.71236e-06
-0.96095 1.09834 -2.17921e-06
0.656731 1.08718 -2.71536e-06
2.65026 1.08296 -4.24279e-06
-9.06104 1.09228 -4.66572e-06
-0.0921672 1.07929 -2.09435e-06
-0.199562 1.08696 -5.53955e-06
0 0 0
3.16881 1.08994 -1.41519e-06
0.564706 1.0926 -4.49651e-06
3.29516 1.09655 -3.02538e-06
-2.27511 1.09898 -4.41972e-06
-0.243074 1.08888 -4.57793e-06
-0.567472 1.09396 -6.16559e-06
4.22237 1.09696 -3.05042e-06
5.5157 1.09481 -2.40005e-06
2.20952 1.09807 -2.66034e-06
4.34962 1.10838 -3.97201e-06
2.64266 1.10474 -4.83094e-06
0.50818 1.12655 -3.97817e-06
0.591409 1.1212 -4.73228e-06
3.12266 1.13004 -6.14957e-06
2.5108 1.11578 -4.70754e-06
0.491022 1.12695 -1.90081e-06
-1.16514 1.12397 -4.03694e-06
0.870076 1.13245 -5.89128e-06
-7.98369 1.13508 -3.87695e-06
-0.540316 1.13667 -4.80827e-06
-6.69689 1.12316 -7.05183e-06
3.40638 1.1243 -3.56945e-06
0 0 0
-3.36918 1.12865 -8.88144e-07
-3.92568 1.12603 -4.51838e-06
-8.08819 1.13538 -6.52328e-06
-10.2142 1.12976 -8.6376e-06
-1.13571 1.12962 -2.59654e-06
-8.08311 1.1318 -5.59847e-06
-8.4697 1.12895 -5.66565e-06
1.89469 1.131 -5.13917e-06
-2.3632 1.11971 -3.45039e-06
-5.09425 1.13665 -5.78889e-06
0 0 0
-9.40196 1.12711 -5.4876e-06
-1.03682 1.1297 -6.4157e-06
-3.36165 1.13506 -3.40739e-06
-0.876285 1.12476 -3.0862e-06
-0.899376 1.12219 -4.71259e-06
-4.06406 1.13734 -3.12313e-06
-4.56117 1.13627 -5.62655e-06
-6.50841 1.14253 -5.49096e-06
-2.02452 1.13277 -6.17298e-06
-2.35576 1.15044 -6.26407e-06
-1.41451 1.14609 -5.49056e-06
-3.10835 1.02148 -2.48127e-06
3.34082 1.00541 -3.19988e-06
1.98765 1.08545 -3.65566e-06
-5.11281 1.08936 -5.84833e-06
7.10938 1.08223 -1.6019e-06
1.78928 1.09384 -3.81062e-06
-2.6706 1.09711 -4.22085e-06
-0.0872525 1.097 -3.25804e-06
4.04027 1.08553 -1.73662e-06
-2.37124 1.09356 -2.18295e-06
2.08558 1.08986 -5.391e-06
0 0 0
2.44131 1.07902 -1.77225e-06
-3.07745 1.08502 -4.24587e-06
1.68048 1.08896 -9.09153e-07
-9.36701 1.09532 -4.08202e-06
-4.31805 1.08678 -4.52993e-06
1.98785 1.07879 -1.65341e-06
-3.23643 1.08937 -3.26157e-06
-0.745028 1.0722 -3.40205e-06
3.81188 1.06769 -1.37398e-06
0.223406 1.07443 -1.12497e-06
0 0 0
3.89078 1.06086 -1.60298e-06
2.27378 1.0772 -3.03126e-06
2.75152 1.07041 3.51915e-07
7.69762 1.09932 -3.77613e-06
3.76373 1.08991 -1.09688e-06
2.82743 1.13654 -5.46618e-06
2.49264 1.13204 -4.24223e-06
4.27023 1.11908 -3.88226e-06
-1.61441 1.12722 -6.2439e-06
8.02428 1.0408 -4.71996e-07
5.97255 1.04112 -3.98898e-06
0.364955 1.06787 -3.61738e-06
7.18096 1.05077 -2.2441e-06
-1.29766 1.13861 -6.56568e-06
3.05287 1.14754 -2.97278e-06
4.10091 1.15134 -1.83929e-06
-0.721169 1.15657 -7.16177e-06
-0.553363 1.1121 -1.60712e-06
-1.43686 1.09962 -2.49942e-06
-1.35346 1.07148 -2.25888e-06
-3.79316 1.06839 -2.40077e-06
-2.48035 1.05995 -3.09688e-07
0 0 0
8.03414 1.05698 3.57421e-06
-6.39231 1.08965 -4.55594e-06
-4.26033 1.08186 -1.83595e-06
-10.9747 1.10267 -4.55716e-06
-4.21869 1.08747 -2.74961e-06
-1.45675 1.07031 -1.48504e-06
-2.7292 1.06715 -3.35069e-06
-4.46355 1.07765 -2.082e-06
-2.91662 1.07593 -5.233e-07
-0.1234 1.07774 -1.03424e-06
0 0 0
-1.74122 1.08826 -1.53683e-07
-3.67926 1.09519 -2.22987e-06
-6.62855 1.1004 -3.74879e-06
-2.25691 1.0913 -3.2373e-06
-2.94652 1.11212 -1.51935e-06
2.06317 1.09942 -3.20036e-06
-4.21622 1.1108 -3.93514e-06
2.47683 1.09179 -1.94785e-06
3.94287 1.09554 -2.86736e-06
-5.87534 1.11071 -4.7947e-06
-1.36166 1.10743 -3.17011e-06
0.186165 1.08112 -2.19469e-06
6.18422 1.06929 -4.4003e-06
-1.52586 1.09264 -4.96942e-06
0.222832 1.0801 -4.00666e-06
-1.073 1.08262 -5.95323e-06
1.01726 1.07595 -4.41165e-06
-1.49012 1.08455 -2.38543e-06
-4.42616 1.09288 -6.76468e-06
1.09365 1.07062 -2.16716e-06
0.735061 1.07288 -3.75892e-06
-5.34298 1.07904 -5.63191e-06
0 0 0
1.60884 1.06538 -2.04197e-06
0.703694 1.07128 -4.81094e-07
-0.162672 1.06553 -1.88332e-06
1.36449 1.06777 -2.12416e-06
3.93388 1.06994 3.76442e-07
1.2777 1.06273 -8.77765e-07
-9.49111 1.07929 -5.38303e-06
1.88755 1.05678 3.52693e-07
2.40947 1.06298 1.32676e-06
1.02121 1.05738 -3.32234e-06
0 0 0
4.5571 1.05395 -2.41117e-06
0.502778 1.0684 -4.11428e-06
-1.00317 1.06586 -5.33325e-06
1.88146 1.06412 -2.37468e-06
1.7134 1.06821 -2.72759e-06
5.23215 1.06434 -1.07275e-06
1.65878 1.06636 -3.61838e-06
-0.682138 1.07208 -4.49059e-06
5.16044 1.06037 -4.0554e-06
-0.757337 1.0664 -4.34457e-06
3.90552 1.07203 -3.64873e-06
-3.33905 1.10377 -5.05821e-06
-8.09114 1.10295 -6.79713e-06
-0.341896 1.10359 -2.78753e-06
2.35433 1.09031 -1.52044e-07
-2.08089 1.09585 -4.04868e-06
-4.09905 1.09101 -4.62133e-06
-5.01587 1.09725 -4.69441e-06
0.609795 1.09528 -3.92286e-06
-4.4806 1.0925 -5.37401e-06
-4.13428 1.09388 -2.95989e-06
-2.45935 1.08676 -2.22687e-06
0 0 0
-6.07726 1.09616 -2.80425e-06
-2.06561 1.08567 -3.31181e-06
-4.77661 1.10205 -2.98731e-06
-7.24543 1.10428 -3.29621e-06
-2.44278 1.09909 1.52e-06
-12.8157 1.10432 -3.44346e-06
-5.14701 1.09487 -3.08652e-06
-0.752553 1.09165 -2.23609e-06
-5.28682 1.09308 -8.72565e-07
-9.94522 1.11148 -9.3794e-07
0 0 0
-1.38777 1.08074 -9.1956e-07
-6.5518 1.10328 -3.30932e-06
3.34408 1.08421 -1.77653e-06
-1.72329 1.08922 -1.92863e-06
-5.69308 1.10046 -4.01444e-06
-2.56203 1.1003 -2.99199e-06
-6.63254 1.10917 -6.69369e-06
1.768 1.10946 -3.39086e-06
-1.11047 1.10839 -3.32089e-06
0.603945 1.11916 -2.23071e-06
1.02673 1.11319 -5.26669e-06
-4.5195 1.01579 -3.11196e-06
7.48624 1.01196 -3.06117e-08
0.497685 1.07877 -4.93834e-06
4.56538 1.07241 -4.25624e-06
1.26867 1.07234 -4.37524e-06
3.08933 1.06293 -2.09783e-06
5.40716 1.08833 -1.48521e-07
0.405305 1.07451 -4.88549e-06
2.60029 1.07896 -2.43195e-06
6.79868 1.06856 -1.25452e-06
-0.585884 1.07785 -2.17503e-06
0 0 0
0.868253 1.08763 3.53499e-08
1.03222 1.08114 -3.30377e-06
-9.6646 1.09283 -6.86843e-06
5.27482 1.07579 -6.01406e-07
3.98155 1.07799 -4.41557e-07
3.20137 1.09178 6.33236e-10
-1.77588 1.08371 -4.47914e-06
-0.172189 1.07064 -1.92623e-06
2.78567 1.06083 1.90474e-06
-2.77637 1.05884 -2.0829e-06
0 0 0
2.61742 1.06764 -2.487e-06
1.75992 1.06355 -2.04517e-07
4.70997 1.05702 -2.19758e-06
4.2994 1.08457 -8.44444e-07
3.9383 1.08065 -5.16519e-07
1.48958 1.12684 -5.11845e-06
-0.939061 1.12289 -5.1135e-06
3.52413 1.10316 -3.42797e-06
1.17998 1.10123 -5.53161e-06
3.73216 1.04228 -3.61289e-06
5.51868 1.04481 -1.37894e-06
2.15534 1.087 -3.35072e-06
-0.686803 1.09048 -4.31065e-06
-2.80796 1.16645 -6.39956e-06
-0.89109 1.1476 -6.57546e-06
-1.11765 1.15204 -4.66719e-06
-5.44963 1.15203 -5.71795e-06
1.12898 1.11057 -2.85465e-06
-2.25514 1.10352 -4.99905e-06
-0.381974 1.06442 -2.95044e-06
-2.3379 1.06795 -3.53957e-06
-3.24934 1.07538 -4.10584e-06
0 0 0
0.0616621 1.06089 -5.42945e-07
-4.88395 1.07617 -4.74126e-06
3.64694 1.07 2.52138e-06
-3.39771 1.08965 -3.42567e-06
-1.2346 1.08192 -3.15019e-06
-5.81569 1.08846 -3.33991e-06
-1.0305 1.07459 3.71954e-07
-3.91522 1.08304 -3.15832e-06
-3.95658 1.07911 -2.42373e-06
-6.70501 1.08168 -1.63627e-06
0 0 0
1.05247 1.06615 -1.35579e-06
-1.27701 1.08775 -1.25879e-07
-3.69229 1.08795 -2.50463e-06
-5.94301 1.09891 -3.45791e-06
1.54995 1.08637 -1.62368e-06
-0.2778 1.09826 -3.04151e-06
-3.78878 1.09721 -3.96101e-06
-1.28217 1.08984 -4.30174e-06
-3.87432 1.08556 -5.27525e-06
1.0953 1.08872 -3.59781e-06
-1.38802 1.10471 -4.52771e-06
-4.31901 1.12468 -5.06024e-06
0.134312 1.12089 -6.20839e-06
-7.50248 1.12416 -9.60957e-06
1.70142 1.10409 -4.00561e-06
-4.51543 1.12326 -6.59712e-06
2.57006 1.10661 -4.72359e-06
0.633127 1.11366 -4.75697e-06
-3.3441 1.10753 -4.74502e-06
-2.64476 1.1215 -3.27778e-06
1.21961 1.10671 -2.93384e-06
-5.33015 1.11999 -5.84725e-06
0 0 0
-8.21091 1.12156 -4.92083e-06
-13.8291 1.13667 -9.18166e-06
-0.273887 1.10446 -2.50091e-06
-3.34765 1.11284 -5.84573e-06
-2.36169 1.12132 -1.54366e-06
-1.57197 1.11167 -5.79508e-06
-9.32534 1.12025 -5.63545e-06
-5.26235 1.10513 -5.6136e-06
3.96271 1.10379 -2.9243e-06
2.17055 1.0913 -1.26841e-06
0 0 0
-0.00850771 1.09482 -3.15518e-06
-1.21582 1.09226 -3.37901e-06
-4.81837 1.10793 -3.07612e-06
1.96952 1.11062 -2.07714e-06
0.678555 1.10615 -4.6437e-06
2.21561 1.10185 -2.44707e-06
-1.30165 1.12271 -4.60432e-06
-3.3053 1.13924 -6.05969e-06
4.01051 1.11681 -5.95476e-06
3.21852 1.1166 -4.71313e-06
-0.133426 1.12352 -4.9794e-06
-0.147775 1.1707 -5.60496e-06
-2.89323 1.1672 -4.92069e-06
1.13021 1.15873 -6.16862e-06
-4.56954 1.16567 -5.16537e-06
-0.473836 1.15686 -3.70317e-06
-4.46429 1.16461 -1.93693e-06
-4.14153 1.16478 -4.6072e-06
-2.85452 1.16109 -2.84163e-06
-2.35966 1.16814 2.60079e-06
-2.65072 1.14486 -3.69972e-06
-4.90256 1.17154 -2.90928e-06
0 0 0
-3.13082 1.1725 -1.60604e-06
-6.4543 1.17774 -4.30003e-06
-2.53133 1.16918 -1.30401e-06
-9.82702 1.17015 -4.02039e-06
-9.0519 1.17789 -4.10822e-06
-15.975 1.19151 -6.03642e-06
-3.94594 1.16636 -3.05266e-06
-2.92408 1.16129 -3.16232e-06
-8.17306 1.16927 -2.97721e-06
-1.99167 1.15529 -1.41099e-06
0 0 0
-7.1685 1.18476 -2.83233e-06
-8.96644 1.18466 -3.8536e-06
-7.92514 1.1938 -5.73806e-06
-3.50095 1.17708 -5.45656e-06
0.351104 1.17164 -6.57963e-07
-2.93719 1.19704 -6.10934e-06
-8.60268 1.20572 -3.2451e-06
-4.49985 1.19932 -2.99818e-06
-6.98553 1.19828 -8.03343e-06
-13.0758 1.21658 -8.67358e-06
-4.45778 1.21578 -6.20241e-06
-4.93741 0.926056 -1.9637e-06
5.61323 0.914277 -1.43178e-06
-1.01357 1.04589 -4.71033e-06
4.08177 1.04295 -2.52417e-06
3.09313 1.04518 -3.5341e-06
-1.05582 1.0304 -4.30629e-06
-1.31445 1.03647 -3.43797e-06
8.82713 1.02728 9.26928e-07
-2.20937 1.04624 -5.79853e-06
-0.953883 1.0386 -1.12816e-06
-0.0614548 1.06256 -3.1513e-06
0 0 0
5.71548 1.05322 1.22891e-06
1.55538 1.05648 -4.02674e-06
-0.252611 1.05103 -3.19459e-06
2.865 1.04638 -1.47392e-06
-6.02936 1.05644 -3.78434e-06
-0.393029 1.06184 -1.58725e-06
-0.412289 1.03874 -2.83697e-06
2.21756 1.05868 -3.39836e-07
-0.736412 1.06256 -4.05177e-06
-6.39011 1.08527 -4.0637e-06
0 0 0
-3.49325 1.07659 -7.83974e-07
5.19764 1.07746 -2.19635e-06
-0.264695 1.11022 -3.97067e-06
3.36266 1.07472 -4.54509e-06
-0.266644 1.08403 -3.34936e-06
1.9055 1.05271 -1.36069e-06
1.03158 1.0647 -4.70741e-06
2.44655 1.05371 -3.14908e-06
6.67296 1.05226 -4.08772e-07
2.47373 1.1061 -6.35246e-06
7.73328 1.1038 -4.30315e-06
0.403791 1.12319 -5.43903e-06
-5.0819 1.11829 -7.39734e-06
1.86934 1.08892 -5.26519e-06
0.271535 1.09691 -4.3119e-06
-2.55768 1.08812 -4.09198e-06
-2.3909 1.08234 -5.80076e-06
-3.5057 1.09606 -4.28138e-06
-1.29238 1.09759 -4.00775e-06
-1.98691 1.08908 -4.64108e-06
-3.37036 1.0961 -2.91225e-06
-3.43919 1.08065 -4.40915e-06
0 0 0
-4.22928 1.08979 -1.03935e-06
-1.85161 1.06293 -2.03116e-06
1.65167 1.05752 1.20387e-06
3.65772 1.05559 -1.22182e-06
-0.0636967 1.0598 -6.56579e-07
-1.99741 1.07424 -4.0807e-06
-3.89524 1.06622 -2.14934e-06
-3.68695 1.07668 -2.01457e-06
-6.99785 1.08923 -3.5336e-06
-0.715861 1.08652 -1.49044e-06
0 0 0
0.463124 1.07791 5.17984e-07
-1.90334 1.08747 -4.70826e-07
-5.21218 1.09603 -4.02754e-06
-4.56774 1.09083 -2.99645e-06
2.25892 1.0766 -3.68105e-07
-2.54074 1.09445 -1.92281e-06
4.87507 1.0856 -3.34525e-06
-3.74998 1.09411 -5.49438e-06
1.41327 1.08715 -1.96296e-06
-5.12751 1.09263 -7.35271e-06
-1.72283 1.09718 -5.72394e-06
-3.92532 1.11007 -5.58489e-06
2.00848 1.11514 -3.38873e-06
-6.16729 1.10948 -7.05657e-06
-1.90751 1.11241 -5.14666e-06
3.50785 1.10479 -4.85157e-06
-5.9222 1.12425 -6.01654e-06
1.49068 1.11092 -4.27056e-06
-2.95705 1.12131 -3.47037e-06
-2.07314 1.11339 -3.77124e-06
-2.47276 1.11538 -3.02353e-06
-4.89471 1.12381 -3.46936e-06
0 0 0
-0.742537 1.12268 -3.39209e-06
-1.43046 1.12938 -4.12165e-06
-4.78219 1.11675 -5.07074e-06
-0.771588 1.13126 -2.91549e-06
-2.79782 1.13623 -1.48971e-06
-2.69525 1.12332 -2.57802e-06
-4.55841 1.12055 -6.5794e-06
-8.30677 1.13555 -5.25511e-06
-6.32113 1.1216 -3.65238e-06
-9.37269 1.13771 -6.52509e-06
0 0 0
-2.34009 1.12332 -3.20882e-06
0.131363 1.10401 -2.93423e-06
2.47021 1.11641 -3.5194e-06
-3.49741 1.11782 -4.92058e-06
-1.09206 1.11189 -6.20509e-06
2.12806 1.10951 -2.31792e-06
-6.95035 1.13796 -8.19083e-06
-0.340847 1.1201 -4.99829e-06
-1.03192 1.11574 -6.78707e-06
-3.75689 1.1261 -6.04368e-06
3.67205 1.12638 -3.71106e-06
5.35897 1.13782 -3.44578e-06
-3.59842 1.13216 -3.514e-06
0.194984 1.128 -5.83661e-06
1.95598 1.13231 -3.92678e-06
-1.33256 1.13374 -5.70628e-06
4.19916 1.12623 -1.82795e-06
-3.20642 1.13872 -5.57013e-06
-1.16277 1.13921 -3.01029e-06
-5.16245 1.13793 -4.20069e-06
-0.413511 1.12254 -2.12081e-06
-3.67913 1.13285 -4.6523e-06
0 0 0
-3.02333 1.13171 -2.57933e-06
-4.23121 1.14329 -1.02426e-06
-5.14847 1.13583 -2.52074e-06
-4.86669 1.13914 -5.04965e-06
-7.5219 1.13737 -3.42313e-06
-7.79062 1.13906 -4.0767e-06
-2.29551 1.12725 -2.15113e-06
-2.24578 1.12571 8.68085e-07
0.315911 1.11408 -3.9885e-06
-1.84059 1.12123 -2.35623e-06
0 0 0
-1.51503 1.12757 -1.17684e-06
-9.97103 1.12514 -5.19417e-06
-0.301322 1.11427 -1.49031e-06
-3.05702 1.11522 -3.01268e-06
-5.94098 1.12548 -3.51804e-06
-1.93329 1.1291 -3.98331e-06
0.246741 1.13484 -2.52017e-06
-0.761071 1.14085 -2.09468e-06
-3.06289 1.13375 -5.81874e-06
-2.7271 1.15613 -4.71097e-06
-2.97617 1.15085 -1.96308e-06
3.98277 0.932039 1.86207e-06
4.59992 0.935897 -1.61512e-06
4.1553 1.06715 -3.86499e-06
-0.515437 1.06938 -4.50315e-06
-3.56893 1.08111 -4.148e-06
-2.18649 1.06063 -1.81548e-06
1.20787 1.06939 -3.65889e-06
-4.83426 1.07527 -4.87036e-06
4.85847 1.05927 -2.11535e-06
-0.0421911 1.0607 -1.88512e-06
0.613628 1.07658 -4.2055e-06
0 0 0
-0.680502 1.07798 -2.88077e-06
0.597787 1.07197 -2.50215e-06
3.31157 1.05888 -1.06438e-06
1.84175 1.06039 -3.76732e-06
-1.43065 1.08037 -3.924e-06
-3.66471 1.08685 -3.346e-06
10.8966 1.06035 -8.55561e-08
-2.24108 1.09413 -2.44623e-06
-1.71384 1.08638 -3.14334e-06
6.44208 1.10261 -2.24348e-06
0 0 0
2.22194 1.08409 -6.03692e-07
1.32384 1.10838 -1.45719e-06
2.4134 1.10551 -3.86944e-06
-3.2822 1.11041 -5.79003e-06
-1.8793 1.10408 -4.84674e-06
4.01956 1.08759 -1.0808e-07
4.91114 1.08235 -1.70097e-06
1.23921 1.09196 -5.18313e-06
4.29824 1.08423 -7.06318e-06
7.2019 1.12159 -3.11328e-06
4.66248 1.14264 -6.17943e-06
0.352529 1.15318 -5.67302e-06
-0.28069 1.14531 -5.46745e-06
1.49948 1.12069 -3.24476e-06
-1.80829 1.12898 -4.07376e-06
0.767535 1.11035 -4.14789e-06
-3.34224 1.11447 -4.88709e-06
1.40948 1.10411 -2.59546e-06
-3.31476 1.11401 -4.11616e-06
-1.19667 1.11755 -2.83825e-06
-6.51075 1.12156 -4.14893e-06
-1.73611 1.08957 -5.23969e-06
0 0 0
3.61099 1.08828 -1.43587e-06
3.09824 1.07174 -4.92349e-07
2.34269 1.06992 -1.47117e-06
1.14336 1.07471 -1.69229e-06
-3.23857 1.0892 -4.5239e-06
-4.76716 1.09683 -2.06487e-06
-4.49004 1.09146 -4.13511e-06
-11.7431 1.10044 -6.15476e-06
0.582028 1.09618 -1.16584e-06
0.127913 1.09234 -4.4165e-06
0 0 0
-1.19622 1.09028 -4.25215e-06
-0.533388 1.10832 7.30735e-07
-0.959811 1.09885 1.75019e-06
-3.95724 1.10693 -5.4606e-06
-4.95407 1.10398 -7.51088e-06
-2.00885 1.10919 -3.52523e-06
-2.45048 1.11255 -2.99985e-06
1.00557 1.10119 -3.54256e-06
-0.303736 1.10014 -2.02217e-06
2.55892 1.10508 -3.86635e-06
-3.00494 1.12877 -3.17541e-06
-1.01794 1.08671 -3.25579e-06
3.36258 1.07805 -2.87475e-06
3.0449 1.08646 -3.04106e-06
0.442305 1.08708 -4.99499e-06
1.02245 1.09544 -3.89049e-06
2.62272 1.07286 -1.51703e-06
2.90733 1.08753 -1.56104e-06
3.66264 1.06541 -4.415e-06
-0.382549 1.08372 -1.25024e-06
0.0980828 1.06184 -4.44454e-06
0.18842 1.07781 -1.02849e-06
0 0 0
3.10637 1.06063 -8.60136e-07
0.46616 1.07104 -2.00582e-06
-9.17754 1.08841 -4.72792e-06
1.37102 1.07537 -2.77776e-06
0.542107 1.06543 -4.07301e-06
1.01497 1.07589 -1.04341e-06
-0.0151769 1.05976 -3.07746e-06
2.65865 1.0724 -1.16296e-06
0.723194 1.06165 -3.09772e-06
0.241201 1.06302 -4.01473e-06
0 0 0
8.93484 1.04203 -1.05468e-06
-0.781197 1.06768 -4.48449e-06
0.164803 1.07012 -1.81697e-06
4.28175 1.06745 -3.0732e-06
3.49813 1.07003 -1.93864e-06
2.51171 1.07558 -4.08186e-06
3.21125 1.07159 -4.22967e-06
7.27228 1.07319 -2.36077e-06
4.84475 1.06267 -5.61818e-06
7.41174 1.06541 -2.46002e-06
2.63404 1.0687 -6.57212e-06
0.365973 1.10312 -6.19063e-06
8.12847 1.08761 -2.91324e-06
0.413196 1.10368 -3.66584e-06
0.143187 1.08194 -3.94503e-06
-8.03063 1.10153 -6.45622e-06
-2.01609 1.08541 -1.40577e-06
-5.57115 1.10168 -5.67606e-06
-2.75286 1.08819 -3.51701e-06
2.9237 1.09032 -3.76667e-06
-0.770031 1.0775 -3.2017e-06
0.748404 1.09307 -2.62547e-06
0 0 0
5.19449 1.07922 3.52465e-06
2.97177 1.09259 -2.55232e-06
2.78741 1.09465 2.41253e-06
-4.74933 1.09955 -4.35403e-06
1.01714 1.09631 -2.52535e-06
-2.13515 1.09049 -4.26873e-06
-0.463442 1.09606 -2.79332e-06
-3.51381 1.08485 -3.61857e-06
-6.77776 1.10814 -3.44496e-06
-3.73911 1.10634 -3.06557e-06
0 0 0
-0.973052 1.10243 3.87361e-07
2.02348 1.0928 -7.59753e-07
-0.185457 1.10153 -1.18987e-06
-2.56623 1.10185 -4.94508e-06
-0.768389 1.10461 -1.35138e-06
-0.922411 1.10738 -4.10904e-06
2.01608 1.11644 -3.86563e-06
3.97145 1.1158 1.17474e-07
-3.94157 1.11889 -5.2935e-06
3.29995 1.12244 -2.46446e-06
0.544038 1.13412 -3.30619e-06
-2.57718 1.01294 -2.37293e-06
3.16461 0.992087 -1.25139e-06
0.28065 1.09029 -4.29559e-06
3.47243 1.06847 -3.1834e-06
1.28899 1.08036 -3.22607e-06
4.15698 1.06867 -3.3101e-06
5.28674 1.07846 -1.65731e-06
-0.940175 1.08185 -3.03953e-06
0.921136 1.07337 -3.51129e-06
4.97962 1.06832 -2.29516e-06
9.22292 1.06699 1.48425e-06
0 0 0
6.75476 1.07228 -3.15371e-06
-1.78401 1.09003 -4.57118e-06
-0.0290303 1.08292 -2.48165e-06
-0.65678 1.08729 -4.12338e-06
0.294229 1.09302 -1.17567e-06
-0.68271 1.09223 -1.80308e-06
1.35884 1.08182 -2.34214e-06
3.69674 1.07208 -5.43334e-07
-1.4659 1.08126 -3.97943e-06
-3.10323 1.07799 -5.38885e-06
0 0 0
3.38053 1.06801 -2.6633e-06
-4.22001 1.07922 -4.47301e-06
4.38636 1.08402 -3.5259e-06
-8.83182 1.11946 -6.43002e-06
0.756219 1.1081 -4.15228e-06
8.57782 1.12796 -4.537e-06
1.44399 1.13404 -3.5858e-06
-1.62989 1.12159 -7.33542e-06
-0.365542 1.11578 -5.68313e-06
6.07659 1.04898 -4.74142e-06
0.979113 1.04428 -6.09299e-06
-5.38326 1.07232 -5.50418e-06
-10.1786 1.06947 -7.94051e-06
0 0 0
2.56879 1.11616 -9.48972e-07
0.340382 1.11915 -4.29787e-06
2.35699 1.16083 -4.06326e-06
-2.35168 1.13087 -5.687e-06
-10.4292 1.13006 -6.7557e-06
-0.216323 1.08276 -1.28098e-06
-1.76589 1.0965 -1.81486e-06
-0.311822 1.07284 -3.52493e-06
0 0 0
0.289026 1.0758 -2.07214e-06
-9.20788 1.09604 -2.55313e-06
-5.11882 1.08569 -2.34219e-06
-5.4706 1.08673 -2.92616e-06
-2.04755 1.09055 -4.80895e-07
-2.00134 1.07791 -3.65336e-06
-1.43328 1.08227 -2.17912e-06
-3.72797 1.09341 -6.69172e-07
-2.09687 1.07117 -1.86853e-06
-2.25641 1.08929 -3.18807e-06
0 0 0
-0.950322 1.08604 -2.45051e-06
0.365623 1.09848 -1.92125e-06
-0.876761 1.09403 -2.34178e-06
-1.40665 1.10844 -4.0494e-06
-4.2401 1.11672 -5.30226e-06
-0.319681 1.11025 -1.95456e-06
0.290993 1.1091 -5.00049e-06
1.05372 1.11119 -3.40531e-06
2.78001 1.12302 -1.85572e-06
-0.829375 1.1231 -3.29739e-06
-0.377632 1.11879 -3.0055e-06
-1.55355 1.09571 -4.1386e-06
5.13343 1.08187 -4.73448e-06
7.64348 1.09196 -5.24897e-06
4.15119 1.09133 -4.59744e-06
2.17824 1.09679 -4.72624e-06
-7.95567 1.09978 -6.96463e-06
2.95978 1.08417 -5.23973e-06
1.98965 1.08368 -2.26982e-07
-0.525853 1.08424 -3.87872e-06
1.30355 1.07794 -2.61031e-06
0.612965 1.09162 1.57018e-07
0 0 0
-1.18705 1.07671 -2.92786e-06
1.72478 1.07564 -4.43316e-06
3.07704 1.05952 -3.65084e-06
2.3206 1.08361 -1.50631e-06
4.15817 1.07496 3.37513e-07
-2.24376 1.07825 -4.99644e-06
4.316 1.05531 -1.22502e-06
5.88043 1.06834 -2.91347e-06
4.19482 1.06646 -3.08e-06
2.90567 1.06385 -3.03425e-06
0 0 0
4.30024 1.06371 -2.84731e-06
7.01735 1.07937 -3.22242e-06
5.70631 1.07538 -2.57785e-06
4.45343 1.07741 -3.72752e-06
5.51792 1.08151 -3.07278e-06
-7.06969 1.10311 -8.63086e-06
6.72182 1.08875 -2.75479e-07
4.30331 1.09096 -3.54183e-06
-0.177543 1.09415 -4.54067e-06
3.20311 1.09338 -4.02779e-06
2.5527 1.09363 -5.23148e-06
-4.55462 1.13172 -6.03658e-06
1.64405 1.11431 -3.10785e-06
-9.09661 1.13649 -7.52459e-06
0.718422 1.12017 -1.50424e-06
-3.6895 1.13149 -5.85244e-06
-1.30904 1.10474 -2.03681e-06
-2.98294 1.1104 -4.59198e-06
-1.98919 1.1033 -2.4258e-06
-1.16415 1.09929 -3.19276e-06
4.30863 1.09728 -1.14243e-06
-0.804059 1.11528 -2.83118e-06
0 0 0
0.837244 1.09944 -2.35792e-06
-1.29765 1.11277 -3.77913e-06
-7.77323 1.11074 -4.18707e-06
-4.65848 1.11613 -3.40955e-06
-1.51997 1.10474 -2.80549e-06
0.521062 1.11079 -5.71976e-07
1.2964 1.10587 -2.74534e-06
-5.75261 1.11942 -3.7364e-06
-0.772829 1.11235 -1.89928e-06
4.18606 1.10716 -1.6705e-06
0 0 0
-4.38634 1.11921 -2.99456e-06
-1.11083 1.10621 -1.95221e-06
-3.41475 1.10683 -1.83501e-06
-4.45235 1.1169 -4.69682e-06
-8.94503 1.11563 -4.88797e-06
-2.40723 1.12336 -6.19489e-06
-3.29077 1.1156 -4.93627e-06
0.94325 1.1145 -4.07187e-06
-11.7976 1.11975 -7.32381e-06
-1.45349 1.12034 -6.21711e-06
-0.680738 1.11595 -2.70919e-06
4.95932 1.04022 -1.70061e-06
10.5082 1.04787 -6.24308e-07
3.09638 1.1244 -5.26366e-06
3.2766 1.10097 -4.63978e-06
8.43532 1.10896 -1.89169e-06
2.91852 1.11221 -3.23791e-06
3.09172 1.11872 -4.48259e-06
2.09353 1.11778 -4.20178e-06
1.06116 1.12178 -3.66099e-06
4.39537 1.11843 -2.56755e-06
6.48333 1.10758 -2.16415e-06
0 0 0
-3.13547 1.11042 -2.3503e-06
3.65788 1.11938 4.85414e-07
4.06054 1.12309 -2.544e-06
5.9029 1.12195 -2.39994e-06
4.70181 1.12699 -2.51137e-06
6.0417 1.10895 -2.65618e-06
-2.48918 1.11152 -5.00378e-06
-1.25025 1.11394 -4.21222e-06
4.44702 1.09451 -4.85289e-06
3.10336 1.099 -4.09792e-06
0 0 0
9.15485 1.07976 -1.07468e-06
3.49176 1.10958 -2.12902e-06
9.69315 1.10261 -3.76996e-07
4.36302 1.1351 -1.50569e-06
4.22533 1.14183 -3.94967e-06
1.43192 1.18417 -4.64079e-06
3.12876 1.17503 -3.98495e-06
2.01935 1.1567 -5.22676e-06
2.51726 1.14459 -5.43014e-06
9.61586 1.0731 -2.68744e-06
4.85037 1.07347 -1.45649e-06
-2.38355 1.08349 -7.17776e-06
1.80565 1.08193 -2.6992e-06
5.97804 1.14215 -2.58206e-06
2.50621 1.14466 -5.21662e-06
0.954973 1.18369 -4.96335e-06
-0.883643 1.1685 -6.03331e-06
1.12629 1.1461 -5.3708e-06
0.371597 1.12083 -4.42429e-06
0.299176 1.0921 -3.13537e-06
6.8491 1.06069 -2.30281e-06
5.73704 1.07259 -1.2355e-06
0 0 0
4.09937 1.06209 -1.86981e-06
8.64523 1.07534 -5.6153e-07
-2.33232 1.0976 -3.31954e-06
-0.955026 1.10722 -2.68791e-06
-2.77276 1.09775 -3.77236e-06
-1.23388 1.1022 -1.85661e-06
0.170369 1.08124 -3.2717e-06
-2.32538 1.10197 -3.37948e-06
-0.223601 1.09048 -2.43579e-06
-6.032 1.10858 -5.83236e-06
0 0 0
-0.690202 1.08398 -2.3663e-06
-1.67507 1.10868 -2.74878e-06
3.7121 1.09261 -3.00901e-06
-1.12678 1.1192 -4.06768e-06
1.69087 1.10917 -4.03146e-06
0.198982 1.13079 -2.1903e-06
0.38021 1.11972 -3.56199e-06
7.32653 1.11601 -2.74419e-06
2.1346 1.11636 -4.26166e-06
-2.75945 1.1333 -5.97075e-06
6.05862 1.10717 -3.51546e-06
-14.4216 1.08843 -6.68187e-06
5.22962 1.05977 -4.00199e-06
-1.24768 1.07885 -5.8041e-06
-0.34156 1.07839 -3.81557e-06
0.645045 1.06971 -4.38674e-06
-4.82662 1.06863 -5.17489e-06
-8.92709 1.08723 -6.84046e-06
3.4736 1.06318 -1.3299e-06
-1.04259 1.07868 -3.91352e-06
2.7252 1.06676 -1.28101e-06
0.0208099 1.07775 1.65256e-07
0 0 0
1.88457 1.07423 -1.19346e-06
-1.21116 1.07314 -3.09259e-06
-0.555138 1.08045 -3.72264e-06
0.387003 1.07293 5.76534e-07
-3.00643 1.08612 -3.4108e-06
-0.485981 1.07565 -2.0827e-06
2.69102 1.07141 -2.70052e-06
2.2451 1.07599 -1.93632e-06
-3.15923 1.08911 -3.67145e-06
-2.86374 1.07725 -5.34592e-06
0 0 0
5.39057 1.06131 1.47392e-07
4.32019 1.07089 -4.87926e-06
-3.72556 1.0802 -3.72742e-06
2.88316 1.07985 -3.70499e-06
3.57206 1.06528 -3.89071e-06
2.6574 1.08605 -2.06486e-06
-0.0685369 1.09844 -2.76761e-06
-1.24187 1.09812 -3.93486e-06
0.704822 1.08294 -5.83098e-06
1.15741 1.09446 -4.34797e-06
-1.25914 1.0906 -6.16262e-06
0.791993 1.10917 -5.10878e-06
-1.7872 1.09974 -6.71801e-06
-4.93108 1.10219 -5.9477e-06
-1.6771 1.08919 -3.16437e-06
-3.54165 1.09724 -3.94985e-06
-7.23272 1.09461 -4.0985e-06
0.891556 1.09173 -8.57175e-07
-3.08656 1.08826 -4.73238e-06
-1.30169 1.08524 -2.35141e-06
-6.79291 1.07861 -5.59919e-06
-9.7621 1.0959 -6.0618e-06
0 0 0
-7.94895 1.08647 -3.67964e-06
-4.96664 1.08566 -3.55888e-06
-8.8686 1.09619 -2.71271e-06
-5.33045 1.08094 -2.0288e-06
-4.07849 1.09373 -2.3764e-06
-7.02317 1.09042 -3.2517e-06
-1.5004 1.09012 -8.78796e-08
-8.27719 1.08631 -4.80581e-06
-4.50827 1.08861 -2.48468e-06
-1.45271 1.08141 -2.56543e-06
0 0 0
0.889805 1.08506 -1.11543e-06
-3.51187 1.09632 -2.333e-06
-3.22629 1.10297 6.4559e-07
-20.7623 1.10576 -6.82335e-06
-3.88883 1.0875 -3.76722e-06
-2.75487 1.08814 1.29693e-06
-3.26185 1.09172 -6.06279e-06
-2.93929 1.09077 -4.54404e-06
-3.20844 1.09813 -2.44854e-06
0.365259 1.09613 -2.00006e-06
-0.210113 1.09884 -5.45168e-06
3.85016 0.909376 5.74713e-07
2.75211 0.925145 -1.67949e-06
1.61843 1.05666 -1.82586e-06
2.54676 1.06025 -2.8027e-06
2.47117 1.06158 -2.27171e-06
1.38433 1.05689 -3.16101e-06
0.511757 1.06471 -3.91017e-06
6.12382 1.05994 -9.57219e-07
1.70974 1.06236 -3.49139e-06
-0.0229257 1.0429 -4.308e-06
-5.55641 1.06364 -5.86884e-06
0 0 0
-0.148261 1.05616 -1.49352e-06
8.93665 1.05564 3.7577e-07
1.91545 1.05955 -3.55369e-06
-4.19715 1.06859 -5.58486e-06
1.66498 1.07285 -3.11123e-06
3.23685 1.07643 -7.80462e-07
-0.273562 1.07973 -3.64905e-06
0.446126 1.09748 -4.44357e-06
4.13721 1.10068 -2.93351e-07
-3.40365 1.11102 -4.24e-06
0 0 0
8.70164 1.09272 3.9265e-07
1.62768 1.11383 -2.88349e-06
-1.93209 1.12086 -6.5805e-06
-3.74168 1.1097 -6.53151e-06
0.968271 1.10513 -5.05653e-06
3.20851 1.06927 -6.41959e-07
-1.5523 1.07981 -7.21094e-06
1.80763 1.07281 -5.04151e-06
1.65083 1.07658 -4.05804e-06
1.26106 1.1261 -7.54414e-06
2.49564 1.13966 -3.21152e-06
-4.07599 1.14507 -7.52399e-06
-0.0872352 1.13901 -7.07337e-06
-1.86624 1.11182 -4.7834e-06
-1.29027 1.11869 -4.54808e-06
-4.73666 1.10986 -5.18399e-06
-1.66395 1.10792 -3.71065e-06
-5.24499 1.1067 -5.4456e-06
-0.282286 1.1152 -4.27813e-06
2.98688 1.11236 -6.62009e-07
-1.32561 1.10583 -4.6516e-06
-5.40413 1.10538 -5.2321e-06
0 0 0
-7.36993 1.11668 -4.25256e-06
-0.286415 1.10187 -9.05631e-07
-3.28865 1.09902 -5.27365e-06
-2.37404 1.08985 -4.1299e-06
2.47823 1.09565 6.59157e-07
0.00250495 1.09608 -1.75303e-06
-6.85216 1.09042 -3.9515e-06
-7.94295 1.09827 -4.97916e-06
0.175079 1.09615 -4.37717e-06
-1.28832 1.09183 -3.5017e-06
0 0 0
-4.65623 1.09703 -4.54656e-06
-4.67547 1.11176 -3.11144e-06
-3.66831 1.11857 -3.41445e-06
-10.6495 1.12743 -6.55229e-06
2.2267 1.10537 -1.8216e-06
-1.15621 1.11248 -3.85745e-06
1.88801 1.11521 -3.93906e-06
-0.876228 1.11596 -7.57504e-06
-0.530355 1.11241 -4.75065e-06
-0.567551 1.1104 -2.31753e-06
-11.7112 1.13079 -1.03608e-05
-6.14907 1.07172 -4.91164e-06
-1.14743 1.058 -2.89822e-06
0.247966 1.0753 -5.033e-06
-4.10391 1.06448 -6.88389e-06
-1.76407 1.05835 -5.18125e-06
0.40222 1.05201 -3.49109e-06
-0.226375 1.06234 -4.08326e-06
-7.34128 1.06128 -6.56571e-06
-2.33689 1.06965 -4.69872e-06
-0.84839 1.05391 -4.00589e-06
0.161502 1.06116 -2.40574e-06
0 0 0
-2.31907 1.07354 -4.28239e-06
-4.96211 1.08106 -5.15139e-06
0.014333 1.06777 -2.29455e-06
1.46737 1.06112 -2.76644e-06
-0.241072 1.07118 -4.26692e-06
-2.56684 1.05839 -4.27682e-06
0.289154 1.0534 -3.49223e-06
0.364443 1.0562 -2.72621e-06
-1.74655 1.06339 -2.88482e-06
-0.034578 1.06285 -2.70912e-06
0 0 0
1.40095 1.0516 -4.26473e-06
-0.727249 1.05383 -5.2908e-06
-1.54631 1.05875 -5.65146e-06
0.788431 1.06558 -3.72008e-06
-0.795006 1.07106 -4.584e-06
0.611168 1.06259 -4.02194e-06
-2.25168 1.06947 -6.68713e-06
-0.81208 1.07728 -4.67345e-06
1.31149 1.07844 -3.28107e-06
1.81671 1.07525 -5.33546e-06
-0.0325582 1.07228 -5.19169e-06
1.53091 1.09115 -4.71243e-06
0.429654 1.09685 -1.82016e-06
1.4862 1.07825 -4.84818e-06
-3.8822 1.10647 -5.95484e-06
-0.391283 1.08443 -3.9581e-06
-3.65695 1.07914 -3.8713e-06
-0.598846 1.0802 -3.61606e-06
-0.814683 1.08271 -1.78592e-06
-5.14621 1.08169 -4.38117e-06
-1.78872 1.07903 -2.14939e-06
-3.82288 1.08769 -4.71987e-06
0 0 0
1.31905 1.07589 -2.35327e-06
-2.61705 1.08104 -1.71721e-06
-8.23915 1.08691 -5.40767e-06
-4.84646 1.07584 -2.37502e-06
-9.88702 1.09582 -5.45155e-06
-2.52748 1.08483 -3.44231e-06
-4.49001 1.08233 -2.88607e-06
-2.6863 1.07696 -3.403e-06
-0.312982 1.07558 -9.50494e-07
-3.58075 1.07484 -1.09067e-06
0 0 0
-1.73478 1.06556 -2.11004e-06
-4.06128 1.07993 -4.33271e-06
-5.2273 1.09228 -3.23313e-06
-5.24946 1.0763 -5.34225e-06
-6.46789 1.08286 -5.63272e-06
-6.11043 1.08014 -3.98296e-06
-7.59255 1.085 -4.29967e-06
-2.38253 1.06835 -4.2475e-06
-1.56363 1.07623 -2.84113e-06
-4.41913 1.09128 -4.5495e-06
-1.67698 1.08608 -6.05589e-06
-0.99237 0.935684 -1.56939e-06
7.51135 0.934513 1.69164e-07
4.00572 1.05724 -2.39718e-06
1.64268 1.05812 -4.0923e-06
2.38217 1.05754 -2.42583e-06
0.474299 1.05159 -4.3823e-06
3.02232 1.0455 -2.43463e-06
5.83606 1.03782 -2.11961e-06
4.86419 1.05677 1.82464e-06
-3.81102 1.05385 -4.87704e-06
1.82377 1.04392 -2.33375e-06
0 0 0
4.10247 1.05859 3.15653e-07
5.81717 1.06055 -1.58713e-06
-0.10001 1.0641 -1.92071e-06
3.68882 1.06943 -1.17537e-06
-0.403753 1.07026 -3.46492e-06
3.39232 1.06833 -2.19982e-06
2.17107 1.06272 -3.95574e-06
0.965792 1.08491 -3.28192e-06
3.53255 1.0727 -2.13034e-06
3.41333 1.09169 -1.79028e-06
0 0 0
2.86497 1.0827 -2.58056e-06
0.646715 1.10784 -2.57676e-06
-4.66669 1.12403 -6.03713e-06
1.76163 1.09786 -1.49398e-06
1.88657 1.08999 -4.54047e-06
5.03668 1.05769 -1.66281e-06
5.4242 1.07143 -5.66103e-07
6.12292 1.0734 -3.12881e-06
5.97495 1.06704 -4.28716e-06
-1.67544 1.12916 -7.72068e-06
4.28879 1.12238 -4.87087e-06
-0.284485 1.1337 -4.52291e-06
-1.75995 1.12721 -5.88114e-06
-3.2534 1.09528 -2.29773e-06
-3.03269 1.0992 -4.93432e-06
3.29715 1.08005 -3.19629e-06
-3.77203 1.07506 -4.36381e-06
-2.22771 1.09786 -3.24685e-06
-2.98678 1.09639 -3.69427e-06
0.336921 1.08378 -3.39525e-06
-1.50647 1.08919 -3.5954e-06
0.802294 1.07212 -2.32996e-06
0 0 0
1.86694 1.06559 1.78257e-06
-0.40678 1.07937 -3.86436e-06
-7.41071 1.06838 -4.90912e-06
-0.845139 1.06476 -2.09477e-06
-2.62949 1.0712 -2.07266e-06
-4.41608 1.08538 -3.74458e-06
-4.24803 1.06398 -3.47119e-06
0.0213243 1.0751 -3.87822e-06
1.68626 1.06881 -3.74125e-06
-2.65432 1.09128 -3.37808e-06
0 0 0
-3.88872 1.08873 -3.42884e-06
0.122873 1.08512 -2.93263e-06
-3.75047 1.09158 -5.70378e-06
-0.371894 1.09809 -2.64974e-06
-5.3648 1.08442 -4.07885e-06
0.852468 1.0967 -1.55355e-06
-5.71122 1.0953 -5.00584e-06
-3.79202 1.09387 -4.81929e-06
-3.85249 1.10011 -4.66288e-06
-0.794026 1.11094 -2.65692e-06
-0.948593 1.09689 -3.90563e-06
-0.0765431 1.10029 -4.9682e-06
2.63582 1.08818 -4.99399e-06
4.1567 1.0983 -2.62089e-06
0.88624 1.09037 -3.58519e-06
-3.82514 1.09996 -7.10212e-06
4.14563 1.08756 -2.03889e-06
2.41379 1.09947 -2.84381e-06
3.5399 1.08893 -2.45095e-07
3.56721 1.09099 -2.31023e-06
3.72478 1.08092 -2.31654e-06
5.50569 1.07567 -3.82037e-06
0 0 0
4.2352 1.08107 -1.50317e-06
6.72895 1.07746 9.64712e-07
5.27315 1.07811 -3.28099e-06
2.7492 1.08164 -4.63603e-06
8.57174 1.07451 -3.36652e-06
5.79155 1.07892 8.56522e-08
5.1612 1.07176 -8.8698e-07
4.75675 1.08253 5.21158e-08
0.504732 1.07029 -2.79156e-06
5.54163 1.07634 -3.80934e-06
0 0 0
6.32792 1.07362 -2.56924e-06
10.8267 1.07049 -4.92058e-08
3.13125 1.08963 -9.39535e-07
10.743 1.07969 1.09133e-07
5.62145 1.08326 -2.01239e-06
6.76594 1.09607 -2.74426e-06
4.7094 1.09326 -3.55815e-06
2.05262 1.10669 -5.26143e-06
1.24002 1.10688 -4.80735e-06
7.94654 1.09705 -3.58594e-06
5.02501 1.11175 -2.75607e-06
4.88474 1.11962 -3.04817e-06
9.70564 1.11381 -2.08359e-06
-0.510057 1.12457 -3.04612e-06
2.75889 1.12586 -1.26555e-06
-0.154857 1.11806 -4.5229e-06
-8.26523 1.12232 -6.81772e-06
1.49643 1.11385 -3.01777e-06
2.88645 1.10584 -2.11191e-06
0.0944377 1.12141 -3.34974e-06
0.979025 1.10793 -2.59683e-06
0.362271 1.10661 -1.99279e-06
0 0 0
2.14446 1.11747 -2.18023e-06
3.30032 1.10245 -1.43004e-06
2.79832 1.10886 -3.45101e-07
0.88181 1.11442 -2.05265e-06
1.7011 1.11689 1.08643e-06
-1.10665 1.12781 -4.3155e-06
3.01366 1.10081 -6.26181e-07
-2.45568 1.11854 -5.62373e-07
2.77125 1.11037 2.21776e-06
0.0397796 1.12121 -3.48993e-06
0 0 0
-0.0819446 1.10242 -2.45785e-06
3.33132 1.11816 -2.18775e-06
0.848763 1.11277 -2.78081e-06
-1.31859 1.12298 -2.72803e-06
5.66655 1.10922 -5.64518e-07
-1.63878 1.12745 -2.40376e-06
-2.62168 1.1215 -4.85316e-06
3.90396 1.12245 -2.78971e-06
3.68559 1.10619 -3.66167e-06
-3.11128 1.13771 -7.10159e-06
3.52581 1.13677 -1.19116e-06
4.76179 1.02876 -5.21454e-07
4.55855 1.01007 -1.88912e-06
0.232093 1.10487 -5.33372e-06
4.6337 1.091 -4.01276e-06
1.68918 1.11845 -3.13391e-06
-2.52948 1.11136 -5.51933e-06
-4.52881 1.11347 -5.53168e-06
0.529501 1.09776 -4.21239e-06
0.961311 1.09464 -5.26695e-06
9.65814 1.07699 -3.50346e-06
5.00542 1.09848 -4.30642e-06
0 0 0
7.98747 1.07452 -1.58365e-06
2.60006 1.09577 -4.07874e-06
2.02435 1.09934 -4.58203e-06
1.86685 1.10899 -3.80773e-06
3.16139 1.08364 -4.02895e-06
-0.361535 1.09889 -5.03484e-06
-3.38829 1.08603 -4.9345e-06
6.09468 1.07434 -4.90348e-06
-0.766531 1.07515 -5.70882e-06
0.844247 1.0744 -6.08918e-06
0 0 0
7.54063 1.07441 -6.91767e-07
-3.27036 1.09617 -7.40078e-06
6.56929 1.06796 -2.54405e-06
3.26396 1.11783 -3.0268e-06
2.65278 1.11257 -5.1197e-06
4.27577 1.15404 -3.77522e-06
5.3661 1.13062 -4.67395e-06
0.642569 1.12327 -6.996e-06
7.64729 1.11209 -2.42249e-06
2.32228 1.06921 -6.26864e-06
9.57414 1.04536 -3.25556e-06
4.54712 1.08287 -2.722e-06
5.14738 1.07707 -2.64595e-06
2.91401 1.15288 -4.5359e-06
3.00253 1.15317 -4.56694e-06
-0.584358 1.18133 -6.21723e-06
-1.61802 1.19168 -5.72541e-06
3.58545 1.13361 -3.77572e-06
-1.63192 1.12948 -6.37557e-06
-0.0731381 1.07659 -3.29862e-06
0.578726 1.0707 -5.40991e-06
-6.63269 1.0795 -6.92985e-06
0 0 0
2.27318 1.07748 -1.89759e-06
1.27422 1.08488 -4.40526e-06
4.48054 1.08785 -3.93674e-06
-1.22583 1.10774 -3.50682e-07
-0.179265 1.10277 -4.00366e-06
1.99141 1.08779 -1.64524e-06
-2.51986 1.08141 -1.53029e-06
2.71167 1.08594 -2.73916e-06
-7.60796 1.09177 -4.33942e-06
-5.52211 1.09049 -4.67346e-06
0 0 0
2.17792 1.08558 -8.12654e-07
4.18078 1.10799 -2.1533e-06
-1.65284 1.11425 -3.2077e-06
-1.72961 1.11783 -3.28159e-06
-7.65149 1.12211 -7.60409e-06
0.207237 1.12544 -3.8626e-06
-1.62017 1.12971 -3.08978e-06
0.285589 1.12183 -4.96148e-06
-1.45579 1.12063 -7.49979e-06
3.72907 1.12346 -2.55591e-06
2.04299 1.1149 -5.45747e-06
-6.53453 1.07561 -3.0792e-06
1.91696 1.06895 -2.82436e-06
7.78487 1.07702 1.26173e-06
-0.801214 1.07525 -6.23337e-06
2.49898 1.07216 -4.44536e-06
1.51179 1.07373 -3.07543e-06
2.97832 1.07889 -4.48446e-06
3.58275 1.06323 -2.88729e-06
-9.92995 1.07763 -5.0236e-06
-2.61919 1.06359 -4.33079e-06
2.74058 1.05994 -3.30015e-06
0 0 0
-4.11241 1.06837 -4.99619e-06
0.803047 1.05059 -3.12514e-06
-3.64234 1.06453 -3.15225e-06
2.21113 1.04628 -2.58992e-06
0.508004 1.05757 -2.38349e-06
0.386856 1.05987 -3.49973e-06
0.440442 1.06654 -4.94924e-06
6.01106 1.05246 -1.16131e-06
-2.25166 1.0713 -3.89711e-06
6.14162 1.04999 -3.65872e-06
0 0 0
3.29807 1.05293 5.97307e-08
4.53747 1.05614 -2.65679e-06
5.78288 1.04791 -1.5128e-06
1.47853 1.06553 -1.77532e-06
0.586287 1.0582 -3.87566e-06
4.58427 1.07051 -4.9039e-06
6.43223 1.05257 -2.29068e-06
2.8761 1.07974 -9.68892e-07
-2.86688 1.06934 -5.138e-06
1.48303 1.07763 -6.75472e-06
2.53157 1.07422 -4.30547e-06
3.44856 1.08553 -2.79308e-06
1.44491 1.08535 -3.99672e-06
5.68966 1.08654 -4.07105e-06
0.859375 1.08173 -4.96385e-06
2.32722 1.08123 -4.19367e-06
3.36482 1.07859 -3.82069e-06
-0.420662 1.08555 -2.52233e-06
0.512234 1.08365 -4.68439e-06
-2.26377 1.09654 -3.51912e-06
1.61559 1.0766 -2.53725e-06
-2.02352 1.09084 -3.12146e-06
0 0 0
-2.27847 1.08888 -2.22225e-06
-7.30008 1.11014 -6.13658e-06
-0.942207 1.093 -2.03348e-06
6.64348 1.09091 2.05584e-06
-4.15319 1.09683 -3.55606e-06
-1.54701 1.07936 -3.37226e-06
-5.35411 1.07898 -3.59851e-06
-5.79364 1.09188 -2.1268e-06
-4.46606 1.08004 -3.44351e-06
-4.49303 1.08876 -1.82708e-06
0 0 0
-3.54178 1.09257 -3.47325e-06
1.99138 1.08912 -2.2054e-06
-1.76313 1.08756 -2.3337e-06
-2.11834 1.10218 -5.63323e-06
0.967332 1.09691 -3.53819e-06
7.50939 1.10454 -1.42776e-06
-6.47889 1.11768 -6.0137e-06
-2.04131 1.11962 -4.94672e-06
-0.371357 1.0943 -4.38963e-06
-0.923302 1.12809 -2.6138e-06
-3.93268 1.10906 -3.66778e-06
1.66211 1.00961 -1.67309e-06
6.51023 1.01862 -3.06002e-06
7.27034 1.07421 -2.97163e-06
-0.626389 1.07155 -4.57004e-06
4.74441 1.08892 -2.90779e-06
4.57978 1.07684 -4.26783e-06
4.82098 1.08425 -1.84826e-06
-3.97042 1.07708 -4.47903e-06
0.220464 1.06649 -3.97291e-06
0.0380834 1.06171 -3.96641e-06
5.2643 1.07444 -3.08e-06
0 0 0
3.65066 1.05723 -8.95957e-07
3.06137 1.06522 -2.07165e-06
1.09073 1.07612 -1.75559e-06
1.63051 1.07296 -4.37211e-06
-2.11655 1.08294 -3.86522e-06
-1.99567 1.08567 -2.02628e-06
-0.0651867 1.07282 -2.48301e-06
-0.0635355 1.07162 -1.75442e-06
-1.50308 1.07858 -4.42906e-06
-3.06637 1.0662 -4.26651e-06
0 0 0
2.54092 1.07002 -3.68959e-06
-1.00464 1.06851 -4.30459e-06
2.26754 1.0637 -1.62661e-06
2.42966 1.0862 -1.12721e-06
5.0753 1.06828 -3.38378e-06
5.62299 1.10292 -5.14449e-06
-0.44576 1.10774 -3.75226e-06
2.45488 1.0907 -9.61298e-07
-0.183577 1.10036 -2.52464e-06
2.76897 1.04874 -4.2404e-06
5.10775 1.03886 -4.85488e-06
-2.56067 1.08113 -4.64059e-06
-3.75724 1.07316 -4.86743e-06
-3.44461 1.17116 -8.62988e-06
-1.62073 1.13182 -4.08054e-06
0.89996 1.16826 -2.77381e-06
-5.22624 1.17601 -7.73817e-06
-2.55137 1.11499 -4.70791e-06
-2.83724 1.11463 -5.59253e-06
2.90834 1.04674 -1.02045e-06
5.30007 1.04325 -1.50858e-06
-2.11006 1.04635 -3.67862e-06
0 0 0
0.0601846 1.03988 -1.55514e-06
1.07746 1.07537 -1.98065e-07
-2.60059 1.06763 -3.29111e-06
5.06794 1.07896 -4.58094e-06
-5.10674 1.07699 -3.50761e-06
-3.2511 1.0705 -3.0232e-06
-5.47094 1.0729 -4.90567e-06
-1.05573 1.06558 -6.93105e-07
-4.82134 1.06982 -4.98478e-06
-6.19004 1.07316 -1.59619e-06
0 0 0
-4.33131 1.0714 -3.51504e-06
-2.70446 1.07351 -3.6835e-06
-2.12906 1.09102 -1.77289e-06
7.0817 1.08128 2.57143e-07
0.241725 1.09232 -1.00151e-06
-3.49833 1.10085 -4.73238e-06
-1.67188 1.09042 -2.67864e-06
-1.52744 1.09683 -2.9937e-06
-0.967205 1.08488 -5.47455e-06
3.03469 1.07904 -4.87725e-06
6.15449 1.0836 -2.89472e-06
-7.74179 1.09241 -7.20997e-06
-2.10345 1.0816 -5.85553e-06
3.74232 1.06564 -4.13834e-06
-0.295402 1.06501 -5.06964e-06
5.26284 1.0655 -4.64943e-06
-2.01636 1.06927 -5.52821e-06
-5.45025 1.08014 -7.68655e-06
-1.58769 1.07447 -5.9594e-06
-1.20208 1.06791 -4.88577e-06
-11.5227 1.0859 -8.3797e-06
2.76794 1.06942 -4.37497e-06
0 0 0
3.73856 1.0747 -1.18103e-06
0.919864 1.07585 -4.92257e-06
-0.513215 1.07494 -2.75071e-06
-3.54563 1.07224 -4.65849e-06
-0.0758942 1.06331 -3.89382e-06
-2.05675 1.06759 -1.8064e-06
3.29111 1.06118 -1.59442e-06
4.09369 1.05622 -2.55422e-06
4.75364 1.06057 -2.44187e-06
1.25353 1.06699 -3.29636e-06
0 0 0
7.50798 1.04736 -6.48214e-08
1.55808 1.07218 -3.67067e-06
2.5985 1.07519 -3.61777e-06
0.0335997 1.07311 -3.13335e-06
6.06921 1.0695 -1.52227e-06
-3.26638 1.09038 -5.94507e-06
3.82298 1.07716 -1.97707e-06
5.89044 1.07765 -1.47092e-06
-0.0229436 1.07852 -6.933e-06
3.40179 1.07084 -2.49891e-06
1.38359 1.08871 -6.3164e-06
-1.39004 1.07706 -5.89194e-06
-2.121 1.09226 -6.30879e-06
1.34757 1.08188 -4.16492e-06
-2.54407 1.08655 -4.17012e-06
-1.9717 1.07624 -3.48267e-06
1.39375 1.07999 -3.55553e-06
-0.0958423 1.08836 -2.57289e-07
-4.01721 1.08544 -3.13147e-06
2.85109 1.08455 -2.20012e-06
-4.29656 1.08927 -3.99439e-06
4.27256 1.08557 -3.33375e-07
0 0 0
-3.88664 1.08965 -2.05165e-06
-1.81446 1.07861 -4.10924e-06
-5.42049 1.08187 -3.44088e-06
-5.61045 1.08844 -5.73723e-06
-4.41057 1.08501 -5.01926e-06
-2.22779 1.09122 -3.08538e-06
-0.902613 1.0691 -2.38157e-06
-3.94128 1.07998 -1.87319e-06
-3.14146 1.07532 -2.5803e-06
-5.42277 1.0737 -2.6009e-06
0 0 0
6.57824 1.07074 2.5857e-06
-0.760594 1.07184 -1.60947e-06
-4.51332 1.08695 -3.52756e-06
4.56233 1.0742 -2.15992e-06
-2.04759 1.08073 -3.49785e-06
-0.955944 1.08069 -5.70566e-07
-10.0507 1.09568 -5.81803e-06
-2.10212 1.08409 -4.50198e-06
2.67333 1.07787 -3.36679e-07
3.61697 1.086 -3.37118e-06
-0.515394 1.10334 -3.11217e-06
-3.3936 0.930716 -1.93329e-06
2.66911 0.933597 -2.38249e-06
-0.247328 1.0633 -5.61652e-06
3.98769 1.05802 -3.18409e-06
-2.14083 1.06347 -4.80158e-06
-2.07679 1.0576 -3.9799e-06
-1.23022 1.06652 -3.75142e-06
3.61415 1.06099 -6.8302e-07
4.93361 1.0782 -1.81035e-06
-1.81365 1.07732 -1.02857e-06
-1.32138 1.07889 -3.38144e-06
0 0 0
-4.26493 1.09288 -2.55283e-06
-7.3759 1.07774 -5.77801e-06
-0.0896698 1.06034 -2.59117e-06
1.75733 1.07029 -3.69171e-06
-4.92856 1.08144 -4.38663e-06
-1.68115 1.06961 -3.75576e-06
-0.673327 1.06304 -2.37564e-06
1.50325 1.07184 -1.48095e-06
-0.16304 1.08339 -4.07545e-06
6.55936 1.09074 -2.8637e-06
0 0 0
0.574018 1.08972 -2.43277e-06
-2.2372 1.09609 -3.84854e-06
-1.63455 1.10549 -5.15662e-06
-1.43058 1.08164 -5.13266e-06
5.01673 1.07822 -3.41933e-06
-0.856237 1.0654 -4.86049e-06
-0.723056 1.07845 -4.03303e-06
-1.18618 1.07499 -6.94098e-06
-1.12019 1.06348 -6.15204e-06
6.35944 1.11635 -3.57898e-06
7.70757 1.09943 -2.97188e-06
-1.7213 1.10761 -5.77436e-06
-4.29929 1.11507 -5.25476e-06
-4.60179 1.09146 -3.24037e-06
-3.41167 1.08883 -4.10403e-06
-2.03171 1.08346 -4.09486e-06
-3.37784 1.08244 -4.76385e-06
-3.98094 1.09507 -3.83411e-06
-2.42862 1.09875 -3.89048e-06
-2.75784 1.10411 -1.23199e-06
-9.52403 1.10961 -4.89096e-06
-2.88048 1.08893 -3.65014e-06
0 0 0
-10.9572 1.11416 -1.79011e-06
-5.09787 1.09365 -3.31751e-06
-5.73769 1.08842 -2.46887e-06
-6.35531 1.09386 -3.39107e-06
-4.57119 1.0886 -2.07297e-06
-5.73804 1.09793 -5.37576e-06
-6.45294 1.09359 -4.32455e-06
-0.403964 1.09154 -1.92386e-06
-5.92828 1.09006 -2.25829e-06
-2.34858 1.09463 -1.65591e-06
0 0 0
-5.94651 1.10293 -5.24419e-06
-2.62828 1.1007 -2.62863e-06
-3.10288 1.11617 1.54003e-06
-0.437123 1.10987 -3.52918e-06
-15.0386 1.12657 -6.28312e-06
1.41508 1.09761 -1.80213e-06
-2.50106 1.11478 -3.4765e-06
-6.50627 1.11839 -5.62138e-06
-1.60953 1.11171 -6.07309e-06
-3.60715 1.12875 -4.51275e-06
-0.648843 1.13518 -5.14656e-06
-0.847341 1.07544 -3.25824e-06
-1.13619 1.06748 -6.0479e-06
1.58715 1.07041 -4.48908e-06
1.05983 1.06608 -4.09802e-06
-0.666999 1.08497 -4.89531e-06
-9.40133 1.08633 -7.60275e-06
1.61672 1.07907 -6.64993e-07
-0.277052 1.07323 -4.6292e-06
1.31013 1.09207 -3.54007e-06
-1.3148 1.07022 -3.22299e-06
-12.8196 1.08144 -1.86065e-06
0 0 0
-0.292805 1.07801 -2.92853e-06
-20.5151 1.10088 -5.01598e-06
1.18267 1.05683 -1.71168e-06
-2.00745 1.08292 -2.19675e-06
-3.77926 1.07603 -4.98205e-06
-0.299551 1.07611 -2.74312e-06
-0.0558232 1.07249 -3.58233e-06
0.734715 1.061 -3.25725e-06
0.949336 1.07298 -2.00422e-06
5.00347 1.07306 -2.3304e-06
0 0 0
3.22355 1.07677 -8.50482e-07
4.49905 1.07275 -2.10078e-06
-0.796681 1.08203 -2.79898e-06
2.50723 1.08042 -4.61417e-06
-0.807638 1.08453 -5.69209e-06
1.08213 1.0871 -3.67231e-06
-0.182853 1.09949 -2.87976e-06
0.925395 1.10081 -6.91093e-06
-1.10382 1.08832 -6.27827e-06
2.76092 1.08359 -3.74322e-06
-1.3026 1.08571 -6.50572e-06
4.68914 1.09985 -3.31647e-06
-2.63806 1.10288 -5.86223e-06
-2.6324 1.1073 -5.1801e-06
0.908832 1.08696 -2.5059e-06
-4.82591 1.10323 -5.12303e-06
-9.9684 1.09346 -5.27e-06
-1.46855 1.10014 -3.55852e-06
-0.836806 1.08683 -2.28291e-06
-1.7201 1.09501 -1.39997e-06
-3.19584 1.08949 -2.49835e-06
-2.60528 1.09375 -8.82158e-07
0 0 0
-1.92185 1.08415 -2.31885e-06
1.34607 1.08469 -3.33629e-07
-11.9219 1.09668 -6.05007e-06
-3.54864 1.09008 -3.79964e-06
-7.16806 1.10384 -4.46929e-06
-3.3207 1.07893 -3.92401e-06
-5.66018 1.08086 -3.13343e-06
-2.90424 1.08046 -9.88552e-07
-3.18911 1.08889 -1.41536e-06
1.54378 1.08131 2.5227e-07
0 0 0
1.06182 1.08527 3.93105e-06
2.6816 1.07773 -2.38787e-07
-4.73753 1.08767 -2.84339e-06
-4.01816 1.09174 -4.06064e-06
-7.72332 1.09084 -5.92859e-06
-8.68695 1.10606 -4.58602e-06
-3.26005 1.0901 -4.92997e-06
-2.36453 1.09742 -2.91367e-06
0.228835 1.08669 -3.99851e-06
-9.01577 1.11678 -6.25026e-06
0.482143 1.09492 -3.56644e-06
2.51223 0.937729 3.47736e-06
3.69844 0.952522 -8.89483e-07
-8.43582 1.07744 -7.57414e-06
1.90423 1.07094 -3.64969e-06
4.80781 1.061 -3.23341e-06
1.02161 1.0588 -1.66725e-06
-3.37484 1.08483 -5.14345e-06
0.703446 1.07086 -3.47553e-06
3.99988 1.07671 -9.97101e-07
-2.51428 1.07238 -4.67414e-06
-8.60099 1.08451 -4.87878e-06
0 0 0
-0.165051 1.07786 7.60442e-07
-4.09138 1.08648 -5.30029e-06
-8.01922 1.07471 -5.4016e-06
-4.07634 1.08366 -1.37696e-06
-3.40839 1.07598 -3.67382e-06
-1.93167 1.08568 -2.156e-06
3.6504 1.05734 -1.91199e-06
-1.84801 1.08167 -4.70311e-06
-1.30231 1.10169 -2.21417e-06
2.38085 1.10232 -1.76942e-06
0 0 0
-2.92503 1.10504 -4.10628e-06
-0.114305 1.11016 -3.70743e-06
-3.15272 1.12579 -5.82336e-06
-1.94799 1.10366 -3.6155e-06
-0.211359 1.10011 -4.99166e-06
0.644793 1.06186 -3.676e-06
-0.51215 1.0777 -3.35739e-06
-3.19902 1.08603 -2.90664e-06
0.717603 1.07769 -3.74749e-06
-7.3992 1.1261 -7.94043e-06
-1.6223 1.13358 -7.58671e-06
4.04922 1.11474 -1.89758e-06
0.201384 1.11796 -6.21903e-06
3.69685 1.08424 -2.4683e-06
-5.69552 1.10327 -5.43406e-06
-2.16366 1.09539 -1.75753e-06
1.04401 1.08247 -3.44334e-06
-0.56195 1.0985 -1.15642e-06
-4.43211 1.09482 -3.98999e-06
-9.32678 1.11409 -5.28984e-06
-5.08878 1.09894 -3.50924e-06
-5.25861 1.10077 -2.40803e-06
0 0 0
-0.658486 1.08407 1.58901e-06
-5.87453 1.07916 -3.68314e-06
-1.58641 1.06862 -4.64987e-08
-4.27672 1.08892 -1.37366e-06
-7.9152 1.09583 -3.01811e-06
-4.07365 1.08263 -1.4861e-06
0.339758 1.06535 -1.38533e-06
-0.145505 1.08122 7.9798e-08
-5.52855 1.08821 -1.93361e-06
-2.47234 1.08083 -4.0323e-06
0 0 0
-2.2549 1.08158 -5.66616e-07
-2.97078 1.08305 -7.35351e-07
-6.09016 1.10087 -3.5491e-06
-0.543355 1.09988 -3.03305e-06
-3.0365 1.09176 -2.94877e-06
-2.80278 1.10124 -4.00839e-06
1.30176 1.09806 -3.16409e-06
-2.64718 1.10492 -2.69101e-06
-8.33469 1.10669 -7.81191e-06
-5.27089 1.10512 -3.37935e-06
-2.70711 1.11207 -5.36031e-06
-5.15403 1.09355 -4.42082e-06
-0.13938 1.0814 -1.36234e-06
-2.38919 1.10288 -5.87571e-06
-3.264 1.0858 -5.01195e-06
0.948 1.09076 -4.81298e-06
-3.11977 1.09122 -6.5143e-06
-1.92779 1.08765 -5.19628e-06
4.06509 1.0829 -3.08674e-06
1.13441 1.08305 -2.36912e-06
0.437331 1.08533 -4.5612e-06
1.77725 1.06901 -2.64244e-06
0 0 0
7.85067 1.06248 -1.07242e-06
-0.098556 1.06846 -4.16281e-06
-0.542806 1.07076 -2.72191e-06
-1.68168 1.07001 -4.91193e-06
-5.05918 1.08106 -6.28351e-06
-0.429088 1.06497 -2.64685e-06
-1.44759 1.06999 -3.40923e-06
-1.19874 1.06956 -4.01935e-06
-0.947392 1.07066 -4.84681e-06
-3.38195 1.06422 -4.98497e-06
0 0 0
2.37013 1.05538 -2.38991e-06
-0.847919 1.06674 -6.40763e-06
1.27986 1.06654 -3.42891e-06
1.09726 1.06721 -4.33788e-06
-1.05481 1.06697 -6.21221e-06
3.95555 1.07053 -4.99865e-06
0.693706 1.08056 -5.7233e-06
2.81333 1.08137 -2.84865e-06
2.61608 1.0736 -1.9555e-06
5.08947 1.08604 -4.69589e-06
0.719657 1.07531 -5.6935e-06
-2.93503 1.12281 -5.85865e-06
-2.47995 1.11985 -6.213e-06
0.825604 1.11492 -6.6485e-06
-1.48144 1.11866 -3.36822e-06
0.180472 1.11722 -2.87702e-06
-4.78436 1.10972 -4.23975e-06
-2.47976 1.10878 -3.33442e-06
-2.55441 1.10797 -2.82424e-06
-6.93883 1.10623 -6.20031e-06
-3.96621 1.09594 -4.42708e-06
-9.64141 1.11633 -4.68013e-06
0 0 0
-2.26692 1.11031 -4.77143e-07
-4.24341 1.10337 -4.37957e-06
-6.11871 1.10883 -3.04342e-06
-5.43163 1.12806 -3.45063e-06
-6.33535 1.12584 -4.00747e-06
-8.20058 1.11845 -2.75016e-06
-4.20282 1.10837 -3.2873e-06
-6.6677 1.11883 -3.99766e-06
3.66623 1.11281 -1.44159e-06
-4.58183 1.12586 -3.80908e-06
0 0 0
0.804208 1.1063 -1.78514e-06
1.44242 1.1116 -3.21201e-06
-2.58071 1.12119 -3.26158e-06
-2.85886 1.12311 -5.20841e-06
-6.77197 1.12453 -5.04982e-06
-3.45521 1.13057 -3.72027e-06
0.555871 1.11722 -4.3367e-06
-5.06534 1.13354 -3.71966e-06
-6.03911 1.13292 -5.29516e-06
-3.43378 1.12855 -5.45032e-06
-4.99371 1.1367 -5.77542e-06
-9.12967 1.00111 -4.05072e-06
2.84744 0.990914 -4.43373e-06
-2.02294 1.08652 -4.00173e-06
-0.755762 1.0773 -3.76923e-06
-3.14685 1.09486 -3.96423e-06
-0.0259766 1.09463 -5.17393e-06
-1.31409 1.07471 -2.23003e-06
-1.84078 1.06785 -3.33125e-06
2.32417 1.04992 -9.52712e-07
0.320475 1.05836 -1.95925e-06
-0.0162409 1.06018 -3.15145e-06
0 0 0
-2.50048 1.06342 -2.54662e-06
3.0089 1.05968 -1.00588e-06
1.46676 1.06473 -1.73834e-06
-1.42865 1.0714 -2.36442e-06
-9.68932 1.08244 -4.03301e-06
-2.79088 1.07146 -3.18584e-06
-2.95243 1.07396 -1.99847e-06
-2.07115 1.06459 -3.07313e-06
2.71651 1.06097 -1.88709e-06
-1.44044 1.06828 -2.70833e-06
0 0 0
-2.68441 1.06933 -2.97521e-06
-0.631188 1.05207 -2.11445e-06
1.03636 1.06351 -5.2188e-07
-1.24632 1.05711 -2.68126e-06
-1.61467 1.07305 -4.51533e-06
3.31361 1.08861 -4.12228e-06
3.52029 1.08892 -4.65233e-06
1.75131 1.08266 -4.7366e-06
4.94905 1.08253 -2.2262e-06
1.61861 1.03266 -4.00347e-06
-0.358458 1.03782 -4.97831e-06
-2.11204 1.07335 -5.36571e-06
-4.29634 1.06121 -3.42511e-06
-4.87877 1.13398 -5.16109e-06
-11.3162 1.13026 -6.33878e-06
-4.06012 1.16964 -4.55471e-06
-10.7475 1.16868 -7.41863e-06
-8.64199 1.14181 -7.20928e-06
-5.78654 1.12816 -5.23426e-06
-6.79668 1.07762 -4.66173e-06
-3.98496 1.05963 -3.36083e-06
-1.28589 1.06311 -6.40429e-07
0 0 0
0.917261 1.04857 1.57462e-06
-4.89644 1.08531 -2.85019e-06
-7.13641 1.08172 -4.39882e-06
0.968266 1.08619 -1.27224e-06
-7.53077 1.10231 -4.16454e-06
-5.74758 1.07804 -2.35107e-06
-9.80856 1.09152 -3.34955e-06
-4.81002 1.08125 -3.00283e-06
-3.13428 1.08226 -2.13977e-06
-7.41218 1.09214 -1.6165e-06
0 0 0
-5.62847 1.09739 -1.9598e-06
-2.64459 1.08895 -1.09638e-06
-4.29932 1.08856 -1.93859e-06
-7.43537 1.09677 -4.4769e-06
1.23202 1.09196 -3.39946e-06
-4.43521 1.09599 -4.0084e-06
-5.45718 1.09595 -3.73311e-06
-1.17398 1.09058 -3.70231e-06
-6.48641 1.09124 -4.35438e-06
-1.89253 1.09247 -1.822e-06
-9.47447 1.09528 -6.96588e-06
-3.25492 1.08427 -2.16747e-06
4.79304 1.07935 -2.26523e-06
-0.179614 1.08744 -4.90077e-06
1.5804 1.08305 -4.49309e-06
-1.15873 1.08933 -6.35599e-06
4.69279 1.06766 -5.0008e-06
-2.66053 1.09146 -5.87858e-06
-2.0241 1.08212 -5.64772e-06
4.78357 1.06208 -3.26205e-06
-0.785773 1.0827 -3.89388e-06
2.8801 1.07242 -2.56435e-06
0 0 0
2.66535 1.06185 -3.1036e-06
2.17252 1.06138 -3.8906e-06
-6.10619 1.07791 -3.66081e-06
0.238779 1.07205 -3.03069e-06
-5.8204 1.07679 -6.03202e-06
-1.37674 1.07259 -3.78945e-06
-1.01248 1.07868 -5.45971e-06
-2.23901 1.08542 -4.3281e-06
2.53684 1.0762 -3.00725e-06
1.25138 1.06743 1.29004e-06
0 0 0
1.87862 1.07442 4.74622e-07
3.47237 1.06527 -2.30222e-06
-1.12916 1.07945 -3.61167e-06
-2.30291 1.08155 -4.01612e-06
2.29501 1.07808 -5.53235e-06
3.12081 1.073 -3.12265e-06
4.62673 1.08478 -3.28209e-06
0.937706 1.08996 -4.81585e-06
6.62096 1.08655 -2.87941e-06
7.18669 1.07912 -4.09079e-06
1.94316 1.10826 -6.9922e-06
-3.11101 1.11397 -7.2168e-06
-5.87362 1.11125 -7.08682e-06
-3.54721 1.12126 -6.25682e-06
-1.98977 1.11076 -4.13967e-06
-4.81776 1.11848 -3.9251e-06
-8.63299 1.10699 -7.93147e-06
-5.23855 1.11307 -5.48836e-06
-3.37023 1.10161 -1.82136e-06
-3.57254 1.1052 -3.98372e-06
-0.887424 1.09483 -2.64024e-06
-2.47614 1.11302 -5.20479e-06
0 0 0
0.50125 1.09119 -2.2185e-06
-3.99296 1.11446 -3.26247e-06
-4.6743 1.12282 -3.59558e-06
-5.49627 1.11666 -4.3761e-06
-7.78238 1.12278 -4.19811e-06
-4.80437 1.11117 -3.22234e-06
-3.26384 1.1183 -2.46556e-06
-7.52765 1.11265 -3.53313e-06
-5.42718 1.12772 -5.36109e-06
-13.426 1.13375 -7.05428e-06
0 0 0
-3.96973 1.12772 -3.7105e-06
-4.00218 1.11968 -3.36406e-06
-4.68605 1.12747 -3.30433e-06
-6.45873 1.12673 -4.59243e-06
-5.13284 1.1263 -2.01016e-06
-2.52553 1.123 -2.55037e-06
1.23512 1.13319 -5.46794e-06
0.0717292 1.11737 -1.3938e-06
2.74707 1.11963 -4.6978e-06
-2.14194 1.1511 3.33587e-08
-2.28856 1.14151 -7.75396e-06
-0.244021 1.03242 -2.6454e-06
3.10042 1.04379 -1.71757e-06
-6.23335 1.12242 -7.45405e-06
-10.4669 1.12849 -9.31773e-06
0.526003 1.11355 -5.30009e-06
-2.92824 1.12028 -6.18308e-06
-4.4857 1.11734 -2.09415e-06
-7.28505 1.1046 -7.23732e-06
1.5662 1.09913 -3.42901e-06
4.78489 1.08896 -1.83607e-06
3.9916 1.09703 -4.40164e-06
0 0 0
2.23943 1.09887 -3.44889e-06
-4.5782 1.1111 -6.12185e-06
4.16458 1.09773 -3.80467e-07
-5.1134 1.10676 -2.87521e-06
0.280751 1.0987 -2.1248e-06
-8.71701 1.11389 -3.23507e-06
0.679357 1.09157 -4.09217e-06
-0.0568172 1.0935 -2.06798e-06
-2.85891 1.09014 -4.69191e-06
5.12701 1.08146 -5.99765e-07
0 0 0
1.29212 1.08914 -3.43816e-06
-0.148615 1.0873 -3.77612e-06
2.54162 1.0818 -4.43607e-06
-0.999468 1.10427 -5.40143e-06
-1.71652 1.11426 -7.44134e-06
-2.9504 1.1366 -6.23471e-06
-1.27895 1.1532 -5.65674e-06
6.65807 1.12107 -3.01781e-06
-0.9177 1.12782 -8.30774e-06
5.98188 1.0553 -3.31573e-06
5.6969 1.05155 -3.65879e-06
-9.06614 1.08515 -7.34363e-06
-0.381524 1.06352 -4.43515e-06
3.69023 1.11714 -4.57944e-06
2.56133 1.11812 -3.97053e-06
-4.06527 1.17298 -6.0584e-06
-3.16616 1.16992 -6.87324e-06
-6.54351 1.14223 -4.08098e-06
-8.41171 1.15169 -6.56298e-06
-3.73684 1.09329 -4.34185e-06
-3.95577 1.08288 -3.47433e-06
-2.36614 1.07177 -2.92522e-06
0 0 0
-6.87086 1.07841 -2.98966e-06
1.53634 1.08385 1.65258e-07
-1.57455 1.09216 -4.49317e-08
-0.993936 1.11032 -1.95275e-06
-4.19858 1.10355 -2.15561e-06
-5.67766 1.09975 -4.71503e-06
-4.73623 1.10465 -3.37833e-06
-11.6643 1.11412 -6.71287e-06
-3.47288 1.09839 -2.38894e-06
-3.55329 1.10978 -1.50673e-06
0 0 0
-0.152043 1.11202 -1.68992e-06
-2.70834 1.11581 -1.71623e-06
-4.07224 1.1091 -5.19586e-06
-1.6015 1.1138 -2.70332e-06
-2.03011 1.11991 -1.88835e-06
-3.18035 1.11071 -2.09111e-06
-3.30721 1.12492 -3.36201e-06
-1.84151 1.12361 -3.80984e-06
-3.92313 1.12449 -6.47036e-06
-3.9792 1.11776 -4.49096e-06
-0.0257879 1.12305 -3.03449e-06
-3.34242 1.12434 -3.0556e-06
7.69298 1.10155 -3.70252e-06
0.394228 1.11691 -2.53474e-06
-0.399894 1.11874 -3.53915e-06
-1.12683 1.12352 -3.676e-06
5.69185 1.10054 -2.4831e-06
0.652613 1.11491 -3.00383e-06
0.794152 1.1113 -3.05666e-06
-4.27712 1.11959 -6.02798e-06
-1.55335 1.11215 -3.84364e-06
-7.90366 1.12397 -5.50967e-06
0 0 0
3.76588 1.10809 9.05917e-07
2.28158 1.11168 -3.29401e-06
-0.0708574 1.11605 -4.46605e-07
2.34322 1.11753 -1.54748e-06
1.22317 1.11903 -3.44538e-06
-2.87447 1.12664 -5.04331e-06
-1.24918 1.10246 -4.12543e-06
2.14719 1.11665 -2.2437e-06
0.5567 1.11131 -2.14006e-06
-0.234753 1.12719 -1.98483e-06
0 0 0
7.02045 1.09859 -2.55279e-06
-1.65559 1.11643 -4.33308e-06
5.85559 1.10544 -1.57917e-07
5.30693 1.11113 -1.48369e-06
4.04488 1.11042 -3.3563e-06
1.62334 1.1317 -4.93083e-06
-2.59276 1.12802 -6.45934e-06
0.349216 1.13703 -6.22284e-06
2.78386 1.11682 -2.77018e-06
-0.317035 1.13252 -4.77171e-06
1.20499 1.11759 -5.00455e-06
-4.11199 1.15056 -4.39911e-06
3.26274 1.12918 -3.33224e-06
-2.29557 1.14103 -5.61189e-06
2.73595 1.12857 -4.60522e-06
-0.275942 1.12669 -3.83407e-06
-3.48786 1.1379 -4.91933e-06
4.38859 1.1279 -7.68838e-08
0.924085 1.12402 -4.78262e-06
1.91474 1.11626 -1.39459e-06
-4.25459 1.1262 -3.08811e-06
-3.85489 1.13262 -7.27861e-06
0 0 0
3.6102 1.13257 -1.32885e-06
-2.45212 1.14272 -2.33925e-06
-3.34717 1.13107 -5.48364e-06
0.510901 1.13875 -3.14741e-06
-1.50885 1.13711 -9.78011e-07
-2.28132 1.14344 -2.67847e-06
-6.8783 1.14373 -2.69203e-06
0.831524 1.15501 -1.01316e-06
-4.44869 1.14024 -2.43732e-06
-6.02033 1.17001 -3.80448e-06
0 0 0
-4.18854 1.16487 -2.00132e-06
-5.20192 1.18111 5.64275e-08
-9.63232 1.1789 -2.3279e-06
-11.9869 1.18117 -8.01102e-06
1.8922 1.15638 -1.71214e-06
-5.90984 1.17873 -5.66047e-06
-7.05718 1.17441 -5.96788e-06
-3.29018 1.16596 -5.38644e-06
-4.03745 1.17193 -3.25812e-06
-1.83512 1.19394 -5.3336e-06
4.79359 1.18555 -2.49815e-06
3.84293 0.949487 1.83346e-07
5.40098 0.952059 -1.17302e-06
1.03344 1.10132 -2.69815e-06
10.0062 1.09923 -2.25742e-06
8.17877 1.0845 -2.88771e-06
-0.2642 1.08013 -1.2096e-06
-1.60855 1.09071 -6.85871e-06
1.98598 1.08831 -9.06774e-07
-2.25218 1.09676 -4.02307e-06
2.17252 1.08045 -2.87968e-06
-4.62017 1.09961 -5.92181e-06
0 0 0
-0.56259 1.08921 -3.01503e-06
9.24734 1.0764 -3.03178e-06
4.32854 1.0779 -2.43285e-06
-6.14441 1.09213 -5.50714e-06
0.921892 1.08709 -1.89457e-06
-0.668418 1.10618 -3.04428e-06
0.783473 1.09655 -3.95122e-06
-5.10847 1.11629 -3.99548e-06
-0.83566 1.1217 -4.24386e-06
-1.05814 1.12946 -4.98252e-06
0 0 0
-5.03576 1.12604 -4.70987e-06
4.32497 1.11461 -5.61966e-06
-4.1439 1.13561 -5.87085e-06
-1.99118 1.1075 -5.24729e-06
2.52813 1.10499 -2.62958e-06
1.23667 1.09267 -4.18832e-06
0.690439 1.10353 -3.87967e-06
2.82838 1.14454 -6.44578e-06
6.76682 1.13048 -5.21745e-06
2.50997 1.15924 -5.64483e-06
1.10598 1.16154 -4.32908e-06
8.00959 1.11556 -2.89536e-06
-0.766717 1.10926 -7.32766e-06
3.35765 1.08329 -2.49493e-06
-2.34925 1.09721 -3.25528e-06
0.394127 1.07635 -4.01515e-06
-0.344975 1.07441 -3.66148e-06
3.01349 1.08963 -1.68911e-06
-0.128188 1.09095 -2.46909e-06
1.07433 1.09265 -3.0559e-06
0.87975 1.07838 -2.99811e-06
6.09247 1.07575 -1.17075e-06
0 0 0
-4.38337 1.09048 -4.39023e-06
3.33633 1.08633 -1.82293e-06
-4.3691 1.08046 -5.38472e-06
-1.13898 1.08882 -2.33401e-06
-0.549092 1.09364 -4.2445e-06
-2.04261 1.08864 -3.83167e-06
-4.5346 1.08285 -4.66086e-06
-1.90946 1.08449 -1.57142e-06
-5.89851 1.09652 -4.07173e-06
-7.14741 1.10837 -3.20142e-06
0 0 0
0.0622607 1.0915 -2.32687e-06
0.198285 1.08227 -6.89683e-07
-0.357252 1.09495 -2.96859e-06
-2.35099 1.10048 -3.87139e-06
-3.95956 1.09491 -3.77111e-06
-0.816733 1.09742 -3.37522e-06
-0.549421 1.09214 -2.95302e-06
-2.68884 1.1013 -4.35403e-06
-3.85968 1.10325 -5.56331e-06
1.46843 1.10357 -4.69992e-06
1.50388 1.10941 -2.36681e-06
-5.12159 1.09234 -5.85935e-06
-1.68329 1.09218 -5.78483e-06
3.37601 1.09066 -1.55742e-06
6.06148 1.08703 -3.0124e-06
-4.67777 1.10822 -6.43084e-06
1.40678 1.0809 -2.83107e-06
-0.665149 1.08117 -4.34009e-06
1.40659 1.08484 -5.65811e-06
0.213889 1.09151 -2.73749e-06
0.345577 1.07697 -2.44735e-06
1.60376 1.08887 -4.96543e-06
0 0 0
1.55681 1.08995 3.34796e-07
2.58257 1.0868 -2.4849e-06
0.83736 1.09149 -3.5607e-06
2.18811 1.09222 -2.40708e-06
-4.01575 1.09306 -4.51329e-06
-4.16642 1.09001 -3.0327e-06
1.26108 1.08123 -3.74764e-06
-3.26063 1.08327 -5.25e-06
5.06087 1.06981 -1.97276e-06
0.209735 1.08046 -3.13439e-06
0 0 0
1.63039 1.06692 -3.3689e-06
-2.03744 1.06715 -4.96405e-06
0.989395 1.07845 -4.24177e-06
-1.1302 1.08055 -4.0421e-06
2.66314 1.07932 -2.97441e-06
5.40888 1.08321 -2.18547e-07
1.66496 1.08318 -4.3789e-06
1.56819 1.09046 -3.97699e-06
2.01871 1.07987 -6.65654e-06
10.1945 1.07623 -2.01876e-06
3.51815 1.08081 -6.57268e-06
1.86758 1.08728 -4.38216e-06
2.66812 1.088 -5.51689e-06
5.98351 1.0785 -2.79107e-06
-0.69675 1.09135 -3.51788e-06
0.493058 1.091 -4.15712e-06
1.57773 1.08556 -3.09396e-06
-1.72196 1.09688 -4.65566e-06
-5.02058 1.09454 -4.5757e-06
1.51118 1.08405 -1.463e-06
0.626255 1.08636 -2.96767e-06
-3.76537 1.08612 -4.351e-06
0 0 0
-0.474636 1.09762 -1.72221e-06
-3.80572 1.10264 -4.53331e-06
0.420578 1.08852 -2.9301e-06
-3.54895 1.08894 -4.89821e-06
1.31325 1.09431 -5.0167e-08
0.827014 1.08571 3.72023e-07
-0.643476 1.0911 -1.76047e-06
2.80168 1.08552 3.46274e-07
1.85242 1.08143 -2.27445e-06
-10.3808 1.0951 -5.70499e-06
0 0 0
2.92772 1.06998 -2.00498e-06
-2.0814 1.09282 -3.61458e-07
-5.02864 1.09568 -4.87301e-06
-5.08773 1.10111 -3.13907e-06
0.927955 1.07759 -2.95336e-06
-0.694633 1.11351 -2.91818e-06
-0.742619 1.09382 -2.41357e-06
2.41586 1.10018 -3.39991e-06
6.92298 1.08473 -2.07439e-06
-0.764056 1.1181 -7.06047e-06
0.330691 1.10469 -6.9699e-06
4.69163 0.930897 1.60077e-06
8.44769 0.939754 -8.08266e-07
5.69416 1.07055 -3.22268e-06
5.08475 1.06151 -4.46308e-06
3.08552 1.0622 -2.35096e-06
0.152561 1.05686 -4.58431e-06
2.49855 1.05483 -7.53038e-07
1.19811 1.05847 -2.95333e-06
5.31029 1.07087 -2.9516e-06
4.09233 1.06568 -3.32024e-07
4.4515 1.07543 -3.00995e-06
0 0 0
2.96067 1.06467 -4.15518e-07
-0.425812 1.07357 -2.43893e-06
1.89719 1.05704 -3.78693e-06
5.64502 1.05239 -2.50994e-06
2.42974 1.05853 -3.6711e-06
3.45304 1.07135 -1.14858e-06
0.994397 1.07059 -3.24477e-06
3.02281 1.06842 -2.64548e-06
-1.09393 1.0765 -4.04153e-06
5.54885 1.0822 -2.6677e-06
0 0 0
1.7384 1.08462 -1.79422e-06
4.45692 1.08546 -1.16413e-06
5.84695 1.08835 -2.36724e-06
2.96889 1.07504 -3.76796e-06
2.20441 1.07224 -3.84289e-06
6.12131 1.0638 -6.00276e-07
1.61578 1.06616 -5.0145e-06
3.21551 1.10112 -4.32751e-06
7.51248 1.06274 -2.46751e-06
6.11126 1.12592 -3.88698e-06
3.06817 1.11818 -5.4319e-06
1.44914 1.13377 -9.91e-07
0.293891 1.12164 -4.71958e-06
-2.66924 1.09561 -5.6684e-06
-3.52929 1.09411 -4.76248e-06
-1.41548 1.08645 -5.94393e-06
1.37224 1.08089 -2.28076e-06
-1.6366 1.09937 -4.66765e-06
-2.56193 1.09685 -7.36718e-07
0.893366 1.08449 -3.42149e-06
-0.81243 1.09222 -2.08108e-06
4.00084 1.06974 -3.83402e-08
0 0 0
0.931242 1.0767 -2.03038e-07
-4.47128 1.08551 -3.16564e-06
1.37301 1.07341 -1.72276e-06
2.29134 1.06776 1.82208e-06
0.867784 1.09066 2.2659e-06
-2.16342 1.07855 -1.0352e-06
7.03945 1.06712 -5.27508e-07
4.47129 1.07499 -3.21911e-06
1.33978 1.08297 -5.57625e-07
-2.27362 1.09267 -2.64314e-06
0 0 0
-3.57809 1.09239 -2.51577e-06
-1.3729 1.09938 -5.24734e-06
-2.77281 1.10016 -1.24787e-06
-2.23243 1.09443 -3.16087e-06
3.81449 1.09399 -2.66661e-06
-2.09269 1.09763 -1.98722e-06
1.47572 1.08972 -9.74438e-07
-4.29068 1.10066 -5.23704e-06
-0.904717 1.08944 -4.7618e-06
1.16709 1.10077 -2.54663e-06
-3.70301 1.11074 -5.67072e-06
-3.17936 1.09193 -4.6721e-06
0.622034 1.08354 -4.63056e-06
0.58427 1.09245 -6.69644e-06
-1.16126 1.09125 -5.6278e-06
0.0586573 1.09359 -4.09922e-06
-3.0116 1.08755 -2.98854e-06
-3.56719 1.08929 -6.32906e-06
0.696448 1.07586 -1.49024e-06
-2.14011 1.07791 -4.09969e-06
-1.51862 1.06943 -3.52336e-06
-6.05409 1.08598 -5.9821e-06
0 0 0
-3.06719 1.06825 -4.26587e-06
-2.07857 1.0757 -4.59629e-06
-3.13414 1.08343 -6.25656e-06
-1.66653 1.08378 -2.14184e-06
-2.89073 1.0943 -4.16073e-06
3.86245 1.07806 -2.96949e-06
-6.58267 1.09062 -6.50479e-06
-2.8558 1.09423 -5.19504e-06
-2.26267 1.09694 -2.76291e-06
-3.42421 1.0965 -6.89238e-06
0 0 0
-4.8271 1.10189 -4.97954e-06
-1.15602 1.10536 -3.4055e-06
2.13296 1.09017 -4.32982e-06
-1.9827 1.10362 -5.04925e-06
-3.64382 1.11013 -7.18299e-06
-2.63303 1.10793 -5.81529e-06
-0.743746 1.09322 -5.06141e-06
-3.4175 1.1181 -7.24606e-06
-0.637626 1.10272 -5.52209e-06
3.06669 1.1059 -6.38705e-06
-0.0601904 1.10477 -6.88832e-06
1.13745 1.1159 -3.90056e-06
-0.6482 1.11686 -4.25348e-06
-2.93082 1.10176 -6.34868e-06
6.40536 1.1152 -1.4404e-06
-2.9741 1.11631 -3.28977e-06
-3.57266 1.1144 -5.60025e-06
-8.49925 1.11437 -5.96873e-06
-1.8493 1.11404 -4.88422e-06
-6.88313 1.11553 -6.60335e-06
-4.14231 1.10823 -4.8724e-06
-10.2659 1.1189 -5.53385e-06
0 0 0
-4.09421 1.11461 -2.86162e-06
-9.46775 1.12285 -6.51388e-06
-3.22504 1.11016 -1.85187e-06
-14.5323 1.13008 -7.59003e-06
-18.6257 1.15032 -9.56121e-06
-3.41825 1.11713 -5.31303e-06
-13.275 1.13152 -7.57027e-06
-6.58545 1.12221 -7.75732e-06
-6.09069 1.12049 -4.94704e-06
-8.81403 1.13747 -4.37185e-06
0 0 0
-7.37431 1.12637 -6.21058e-06
-5.4782 1.12628 -5.38648e-06
-7.4037 1.12322 -5.22146e-06
-5.19869 1.13032 -4.31783e-06
-5.81283 1.12716 -5.3494e-06
-6.01739 1.13876 -4.77322e-06
-6.04829 1.1261 -7.87359e-06
1.35047 1.12523 -3.59036e-06
-2.78779 1.12413 -8.45068e-06
-4.2319 1.14013 -7.97588e-06
-6.69735 1.14044 -6.2235e-06
3.74028 1.03471 4.90463e-07
0 0 0
0.600112 1.10572 -3.3993e-06
5.78524 1.10774 -2.33884e-06
-2.41451 1.14648 -4.72224e-06
-2.47914 1.14383 -4.81578e-06
-1.26612 1.13085 -3.48701e-06
1.18582 1.11844 -4.20055e-06
-1.34015 1.12587 -3.90571e-06
-7.20639 1.12116 -7.3296e-06
0.383926 1.11708 -4.17257e-06
0 0 0
-3.13533 1.12388 -5.75589e-06
-7.57572 1.13747 -6.53571e-06
-6.58361 1.13235 -4.1044e-06
3.08056 1.1161 -3.23724e-06
-4.99743 1.11841 -3.56969e-06
2.80331 1.10311 -3.95481e-06
3.60658 1.09223 -1.76151e-06
-5.34134 1.10912 -4.62994e-06
-3.33246 1.10925 -4.95815e-06
-2.3295 1.10586 -4.75769e-06
0 0 0
-2.32491 1.11884 -6.11735e-06
1.2073 1.10119 -3.82296e-06
-0.380037 1.1111 -4.93031e-06
-9.37903 1.14603 -7.61818e-06
5.85836 1.12352 -2.54771e-06
-1.54197 1.17697 -5.82439e-06
3.06931 1.1617 -4.30398e-06
0.987001 1.15596 -5.54012e-06
4.60452 1.15635 -3.73588e-06
5.0066 1.0903 -4.20352e-06
1.46812 1.09885 -5.37875e-06
-2.08566 1.10564 -4.3373e-06
0.678751 1.09574 -2.56268e-06
-8.75939 1.15088 -6.85523e-06
-4.69469 1.14757 -5.76642e-06
-3.5773 1.20509 -4.81714e-06
-9.18107 1.20984 -8.29417e-06
-5.76135 1.18068 -6.80086e-06
-2.07608 1.15794 -3.7155e-06
-3.72211 1.12692 -2.51502e-06
-6.28867 1.1184 -5.07536e-06
-6.44212 1.10683 -5.43936e-06
0 0 0
-0.321812 1.10142 1.77818e-07
-3.83398 1.12047 -4.3272e-06
-2.00428 1.12611 -2.21168e-06
-4.52312 1.12965 -4.18664e-06
-5.24581 1.13114 -5.08731e-06
-5.90908 1.13432 -1.90746e-06
-3.7124 1.12431 -3.11899e-06
-4.48447 1.13586 -3.31496e-06
-14.6709 1.14602 -7.45657e-06
-4.35596 1.13814 -3.196e-06
0 0 0
-5.62108 1.15144 -3.68575e-06
-6.88241 1.15669 -6.43328e-06
-5.2651 1.16335 -3.98001e-06
-2.5563 1.14964 -6.01235e-06
-2.93068 1.15131 -6.35614e-06
-1.6187 1.15455 -3.14839e-06
-11.4851 1.17118 -8.175e-06
-7.58551 1.16042 -6.17906e-06
-2.09199 1.14877 -5.41252e-06
-5.87247 1.16641 -4.8723e-06
-2.48295 1.16781 -5.38569e-06
-6.63552 1.12891 -5.00158e-06
1.25601 1.12417 -6.4944e-06
1.5576 1.12847 -2.92508e-06
4.19561 1.1187 -5.31052e-06
4.08645 1.12514 -3.34797e-06
0.373176 1.10987 -5.49423e-06
1.23038 1.11383 -2.72879e-06
-1.96633 1.11908 -3.95417e-06
-0.345104 1.10682 -1.38161e-06
2.34018 1.10533 -3.89181e-06
-7.49733 1.12798 -5.89301e-06
0 0 0
0.361654 1.11224 -3.48045e-06
-0.489081 1.1121 -2.1896e-06
-4.8672 1.12873 -6.43084e-06
-3.65391 1.12383 -5.22746e-06
-3.67541 1.11481 -5.16986e-06
-4.15039 1.12052 -5.04824e-06
-1.7992 1.1144 -3.98917e-06
-3.14264 1.11379 -4.28757e-06
-0.749063 1.09007 -3.70121e-06
0.566519 1.10574 -3.28158e-06
0 0 0
2.19579 1.09277 -2.25722e-06
0.899521 1.10896 -3.45028e-06
4.10937 1.09678 -3.69625e-06
1.32747 1.10904 -1.70626e-06
-5.94402 1.12188 -6.91184e-06
0.0895069 1.11157 -5.82909e-06
0.363083 1.09981 -4.91219e-06
-3.46074 1.12559 -6.91098e-06
6.71562 1.09272 -2.53073e-06
-0.0438969 1.11715 -5.91616e-06
8.0367 1.09754 -1.27581e-06
-3.14611 1.12505 -6.09535e-06
-4.7039 1.11632 -7.47188e-06
2.6398 1.11139 -5.68462e-06
-4.19252 1.11683 -6.49729e-06
-3.44072 1.13519 -6.17179e-06
-0.417569 1.11515 -3.89685e-06
-8.62946 1.12158 -7.85041e-06
-3.89217 1.11316 -4.97699e-06
-6.92926 1.13184 -7.58012e-06
-2.33554 1.12259 -2.49506e-07
-0.874708 1.12364 -7.88579e-06
0 0 0
-9.42474 1.13554 -5.69362e-06
-5.62659 1.12836 -5.25163e-06
-5.29703 1.14429 -2.53369e-06
-6.23356 1.14921 -4.02284e-06
-1.19769 1.13655 -3.9837e-06
-6.23695 1.14247 -2.23275e-06
-6.1068 1.13968 -4.36603e-06
-5.73541 1.13486 -5.28206e-06
-6.22898 1.15086 -2.62771e-06
-4.18494 1.12028 -4.68635e-06
0 0 0
-4.39106 1.13438 -4.4098e-06
-1.48652 1.12584 -3.40805e-06
-6.88794 1.14685 -5.06528e-06
0.120619 1.13485 -2.27994e-06
-9.30695 1.14038 -7.07578e-06
-8.92104 1.14938 -4.68802e-06
-3.16926 1.14277 -2.80909e-06
-4.64722 1.15745 -4.81755e-06
-4.98343 1.14288 -5.12471e-06
0.990467 1.16638 -4.91486e-06
-4.81765 1.16379 -8.0577e-06
2.43627 1.00569 -9.05504e-07
7.00043 1.01252 -1.46454e-06
-4.43558 1.11038 -7.26933e-06
0.44073 1.09262 -4.26731e-06
2.66251 1.09874 -2.80511e-06
-2.79193 1.11099 -5.42104e-06
-3.12239 1.09024 -4.2812e-06
2.58402 1.06725 -3.86055e-06
-1.86955 1.09858 -2.37911e-06
-3.32208 1.06836 -5.03319e-06
-0.894253 1.08763 -3.69368e-06
0 0 0
3.84028 1.07226 -3.05449e-06
0.201881 1.07734 -2.32719e-06
-2.0534 1.07836 -2.69386e-06
-0.506535 1.07406 -3.22768e-06
-2.25801 1.08818 -5.76502e-06
2.73968 1.06453 -3.02144e-06
5.29251 1.0596 -2.44673e-06
4.44161 1.06315 -3.67301e-06
-5.60608 1.07116 -4.06398e-06
2.32312 1.06285 -2.71222e-06
0 0 0
7.26355 1.06282 -2.74257e-06
-3.45222 1.07353 -4.06303e-06
1.23025 1.07521 -1.45087e-06
-3.24979 1.10494 -5.84325e-06
11.617 1.08362 9.49592e-07
3.99071 1.12502 -2.79714e-06
-3.80398 1.14306 -6.99692e-06
1.13713 1.13523 -3.31784e-06
-3.74413 1.12266 -7.01707e-06
-0.208963 1.07592 -6.75054e-06
-7.00703 1.07379 -8.27853e-06
-5.9575 1.08916 -5.40974e-06
-2.95886 1.07601 -3.79052e-06
-4.70386 1.13007 -4.64151e-06
0.518734 1.11709 -2.33323e-06
-8.77128 1.17215 -8.76815e-06
-6.1242 1.14717 -7.18093e-06
-4.26719 1.12887 -4.91158e-06
-1.83326 1.11926 -6.03982e-06
-10.7375 1.08611 -6.8519e-06
-4.18357 1.08111 -2.35598e-06
-3.15761 1.07351 -3.18802e-06
0 0 0
-5.85861 1.08061 -2.07532e-06
-1.03441 1.08214 -3.84727e-06
-2.92015 1.07564 -2.56413e-06
-9.19051 1.09746 -3.68308e-06
-1.8283 1.09063 -1.58448e-06
-8.0594 1.09378 -4.17947e-06
-5.82076 1.08463 -3.39321e-06
-5.76689 1.09805 -3.76274e-06
-6.3378 1.10624 -4.04707e-06
-8.59759 1.1245 -6.06785e-06
0 0 0
-0.376845 1.10993 -4.23863e-06
-0.882574 1.11692 -1.91911e-06
-7.76022 1.13172 -4.79377e-06
-2.82129 1.1191 -1.75227e-06
-0.800302 1.10824 -5.16839e-06
-4.73953 1.11261 -6.50767e-06
-8.31449 1.11658 -6.10787e-06
0.239708 1.11211 -2.20237e-06
-2.96883 1.11347 -4.22227e-06
-5.24901 1.10624 -5.38258e-06
-5.07738 1.11122 -4.60847e-06
-7.6686 1.13668 -6.79127e-06
-3.05221 1.12128 -6.21455e-06
-4.75761 1.12694 -7.13945e-06
1.82094 1.12355 -3.25829e-06
-2.72201 1.13262 -6.36325e-06
3.39661 1.12003 -3.38707e-06
-5.64388 1.13709 -4.55374e-06
1.65221 1.12565 -4.33126e-06
2.51544 1.13145 -3.9346e-06
-5.68758 1.13643 -4.46971e-06
-4.34733 1.13898 -3.41872e-06
0 0 0
-4.27938 1.12451 -4.25508e-06
-0.135681 1.11678 -4.39689e-06
-2.09695 1.11429 -5.95779e-06
-1.17637 1.11179 -3.6371e-06
-10.7888 1.13113 -6.54154e-06
-4.96287 1.11719 -5.12468e-06
-0.748297 1.10929 -2.9047e-06
-10.3028 1.13872 -6.70477e-06
-2.89837 1.11938 -4.22135e-06
-3.63348 1.13445 -3.2009e-06
0 0 0
1.07321 1.11943 -5.09549e-06
-4.01235 1.1179 -7.0512e-06
-3.48703 1.12082 -6.70034e-06
-8.06361 1.12264 -8.03278e-06
-12.061 1.11758 -8.76396e-06
5.31118 1.10731 -5.56874e-06
-4.01882 1.11297 -8.74876e-06
-0.161195 1.11143 -6.77112e-06
0.362144 1.10659 -5.02418e-06
-0.0305503 1.11777 -8.19022e-06
-2.2745 1.12456 -7.87938e-06
-8.72098 1.14737 -7.24857e-06
3.69714 1.12718 -6.34198e-06
-2.13083 1.14128 -5.02939e-06
-3.8715 1.1489 -6.11861e-06
-0.760956 1.13423 -5.36049e-06
-2.94977 1.12973 -5.56014e-06
-5.56201 1.13022 -5.74047e-06
-5.81648 1.12303 -4.32337e-06
-1.22584 1.12135 -1.61253e-06
-7.21359 1.14326 -5.22385e-06
-9.60638 1.13382 -5.88575e-06
0 0 0
-3.1919 1.14352 -1.11337e-07
-8.33363 1.14253 -6.40357e-06
-1.59424 1.13149 -4.4287e-06
-3.11729 1.1557 -5.923e-06
-2.70275 1.14856 -4.07608e-07
-9.07982 1.14794 -8.03988e-06
-7.44478 1.14432 -4.64575e-06
-10.3729 1.15354 -1.92435e-06
-5.0047 1.15199 -3.39449e-06
-11.017 1.16121 -3.2025e-06
0 0 0
-6.27432 1.15252 -4.52786e-06
-6.46521 1.15138 -5.7435e-06
0.247568 1.14061 -3.98553e-06
-6.94597 1.1524 -5.22039e-06
-12.8739 1.16031 -6.13602e-06
-4.92433 1.15726 -3.58933e-06
-8.5796 1.16565 -7.19305e-06
-10.1323 1.15337 -8.17864e-06
-3.14944 1.16871 1.19324e-06
-3.80896 1.16422 -4.92762e-06
-0.618492 1.17334 -7.27917e-06
-2.46866 0.940472 -8.49938e-07
1.61492 0.943062 -2.21722e-06
0.0543166 1.07683 -3.72299e-06
1.59859 1.08061 -6.03727e-06
-2.76033 1.06921 -6.3482e-06
-1.43071 1.06795 -4.39974e-06
-0.573988 1.06052 -3.45959e-06
-0.947539 1.06071 -3.66369e-06
0.755996 1.07577 -3.69518e-06
-4.09124 1.08366 -5.0529e-06
4.5729 1.0805 -2.89195e-06
0 0 0
4.98833 1.08031 -2.46163e-07
-0.343236 1.08704 6.23074e-07
0.880815 1.0713 -2.27421e-06
-8.76816 1.07616 -7.06603e-06
-5.008 1.09407 -4.41823e-06
-10.5472 1.11135 -7.24945e-06
-0.463094 1.09396 -1.38078e-06
-3.74422 1.10553 -4.32092e-06
-5.61981 1.11908 -4.36069e-06
-0.00681822 1.11286 -4.11497e-06
0 0 0
0.730783 1.10542 -2.10257e-06
-2.36359 1.11817 -4.91571e-06
6.96664 1.11272 -1.95294e-06
0.461612 1.08433 -5.08384e-06
-1.97633 1.08108 -4.16692e-06
-0.0406687 1.08088 -5.1343e-06
2.42861 1.09044 -4.06667e-06
0.203014 1.13217 -7.31065e-06
-1.09248 1.12043 -6.21259e-06
-7.02956 1.17635 -1.05205e-05
4.24468 1.15206 -4.64088e-06
-5.77487 1.13891 -8.98833e-06
-5.30161 1.13423 -7.94727e-06
-8.24067 1.1154 -7.91417e-06
3.02499 1.10842 -9.81278e-07
-1.38188 1.09056 -5.94541e-06
-4.86535 1.10069 -3.19659e-06
-9.96857 1.12424 -7.34551e-06
-3.25653 1.11215 -4.33918e-06
-4.14435 1.11143 -3.206e-06
-5.76372 1.10101 -5.98806e-06
-5.59369 1.1052 -4.75407e-06
0 0 0
-1.97334 1.10185 -1.75301e-06
-15.5917 1.11987 -8.65496e-06
-3.05326 1.08506 -4.78703e-06
-8.42862 1.09753 -4.66028e-06
-4.73565 1.10149 -4.42017e-06
-5.19846 1.09151 -4.82485e-06
-13.6584 1.10363 -3.49765e-06
0.19495 1.08102 -1.27975e-06
2.6142 1.08276 -1.48296e-06
-0.748369 1.09007 -1.31147e-06
0 0 0
-4.63859 1.09715 -4.96282e-06
-4.96067 1.09929 -3.42141e-06
-7.18068 1.12276 -5.12343e-06
-3.96987 1.11593 -2.18416e-06
0.18365 1.112 -5.23823e-06
-6.85768 1.12895 -6.67579e-06
-3.8557 1.12933 -3.4397e-06
-5.94475 1.12433 -7.05951e-06
-1.36137 1.10398 -3.25259e-06
-3.47988 1.10449 -1.69112e-06
-1.68792 1.11441 -4.14829e-06
-7.73483 1.08705 -4.56443e-06
-2.84366 1.08031 -5.26614e-06
-2.47159 1.09127 -4.81921e-06
-9.50825 1.09825 -6.73406e-06
1.10634 1.09682 -5.81085e-06
-2.07576 1.0835 -3.88288e-06
0.766977 1.09752 -5.57032e-06
-9.81062 1.11149 -7.86074e-06
-1.33314 1.09575 -1.29347e-06
-2.03999 1.07835 -2.43183e-06
-1.11201 1.06871 -4.34054e-06
0 0 0
-5.31968 1.08497 -3.68594e-06
-6.91996 1.08902 -7.2187e-06
-14.4547 1.09057 -6.03054e-06
-5.18354 1.08149 -6.1381e-06
-3.89731 1.09105 -2.5571e-06
-2.14936 1.07412 -3.04071e-06
-4.53526 1.08862 -6.59872e-06
-1.70632 1.08071 -4.62552e-06
-5.24127 1.10187 -4.7461e-06
-3.19437 1.08724 -3.97936e-06
0 0 0
-4.87497 1.09006 -2.36584e-06
-2.82336 1.07104 -4.73448e-06
-2.33792 1.07301 -3.62143e-06
-3.36462 1.07925 -4.58562e-06
-1.38625 1.0717 -6.12982e-06
-4.1141 1.07382 -6.0571e-06
-0.0312969 1.07625 -6.30978e-06
-6.23491 1.096 -6.95551e-06
-2.65341 1.08358 -5.23543e-06
0.212721 1.08643 -3.2123e-06
4.31964 1.08577 -2.07415e-06
-2.30047 1.1113 -3.53781e-06
-1.9869 1.09724 -3.01236e-06
-5.62712 1.09597 -7.30698e-06
-3.75759 1.1124 -4.04002e-06
-5.32475 1.11119 -5.8231e-06
-0.709646 1.08801 -1.86814e-06
-3.8518 1.09377 -4.74806e-06
-5.83661 1.09918 -3.20188e-06
-5.57994 1.10079 -3.55656e-06
-6.1058 1.09279 -4.05731e-06
-7.25414 1.10338 -2.46389e-06
0 0 0
-4.67528 1.10706 -2.12485e-06
-10.8122 1.11536 -5.96791e-06
-3.3839 1.09998 6.26244e-07
-15.0535 1.12016 -5.11286e-06
-9.75033 1.11532 -4.54245e-06
-4.34317 1.10018 -3.64803e-06
-9.12086 1.11114 -4.63176e-06
-9.67263 1.10192 -3.34744e-06
-8.80805 1.10748 -5.08034e-06
-6.37361 1.10821 -3.65649e-06
0 0 0
-3.23325 1.11298 -2.51856e-06
-9.12636 1.11376 -4.86344e-06
-5.37631 1.11729 -3.57515e-06
-6.22205 1.11077 -4.03021e-06
-10.1096 1.1154 -5.4848e-06
-10.0858 1.13021 -6.69097e-06
-4.19571 1.12677 -2.09899e-06
-3.81595 1.10674 -3.19159e-06
-4.03563 1.10943 -5.71228e-06
-13.282 1.15182 -7.25397e-06
-13.6797 1.14457 -1.02412e-05
-2.54155 0.938104 -7.83872e-07
2.15008 0.936498 -1.30931e-06
-0.737593 1.06752 -5.69297e-06
-0.22529 1.0781 -2.66013e-06
-1.39542 1.06693 -4.99226e-06
-0.529832 1.06675 -4.35096e-06
-1.39616 1.06276 -4.29123e-06
-3.3712 1.07264 -3.70173e-06
-0.253504 1.06397 -4.45384e-06
-2.70132 1.06836 -3.23788e-06
-2.03345 1.07296 -4.89019e-06
0 0 0
-2.10606 1.06657 -2.31937e-06
-2.34432 1.06541 -4.75023e-07
2.14126 1.05986 1.83939e-06
-3.22402 1.06094 -4.27842e-06
-1.05584 1.06971 -2.67629e-06
-8.51825 1.09117 -6.79467e-06
-7.5197 1.07743 -4.97336e-06
-4.07186 1.09236 -4.65617e-06
-1.76273 1.09587 -3.3401e-06
-2.15634 1.10212 -3.05543e-06
0 0 0
0.658804 1.10526 -4.67505e-06
-2.06303 1.10175 -5.34036e-06
-9.45755 1.1079 -5.98309e-06
-7.38216 1.09169 -6.74356e-06
-3.74942 1.07191 -4.58013e-06
-2.66058 1.08041 -4.96098e-06
0.0106098 1.08313 -4.6314e-06
-0.687256 1.13519 -2.38656e-06
-2.48214 1.11604 -6.02752e-06
-2.3533 1.1463 -6.70104e-06
-0.0420319 1.155 -4.67046e-06
-7.60436 1.14648 -7.97119e-06
-0.168597 1.11078 -6.72482e-06
-6.63438 1.10652 -7.75933e-06
1.04207 1.09033 -3.3276e-06
-2.04657 1.09279 -4.74022e-06
-5.78797 1.08927 -3.64488e-06
-8.91725 1.0726 -6.25594e-06
-5.02269 1.08627 -1.60523e-06
-4.85079 1.07083 1.67108e-07
0 0 0
-4.36674 1.08442 -9.52552e-07
0 0 0
-3.45005 1.0757 -1.53396e-06
-7.52947 1.10182 -4.79703e-06
-3.76924 1.09259 -4.77384e-06
-10.4445 1.09543 -4.76037e-06
-4.32433 1.08983 -4.16309e-06
-3.33668 1.08064 -1.15657e-06
-11.2481 1.08708 -4.99217e-06
-10.951 1.09582 -5.44736e-06
-9.73918 1.09649 -5.93011e-06
-5.42787 1.09751 -5.19371e-06
0 0 0
-2.92867 1.09559 -1.57613e-06
-8.7373 1.10009 -2.12921e-06
-4.66216 1.10207 -3.56445e-06
-0.328953 1.10988 -2.23796e-06
-6.45636 1.10959 -3.83916e-06
-6.31093 1.10399 -4.26557e-06
-4.45656 1.10614 -3.19648e-06
-2.57628 1.09435 -2.87468e-06
-3.04747 1.08518 -3.51748e-06
-10.1747 1.10528 -7.68964e-06
-4.30548 1.09796 -6.43263e-06
-5.59723 1.0948 -4.80673e-06
-1.91406 1.08952 -4.12215e-06
2.24002 1.0744 -5.49877e-06
2.66254 1.07284 -3.55963e-06
3.57407 1.08719 -4.71938e-06
0.369583 1.07218 -4.15835e-06
1.54416 1.07448 -6.05485e-06
1.51991 1.06837 -3.12897e-06
-0.962249 1.06923 -3.90852e-06
-0.905946 1.06822 -4.08099e-06
1.10292 1.08416 -3.70054e-06
0 0 0
5.17259 1.06398 4.58243e-07
1.62782 1.07009 -3.34737e-06
0.0149165 1.07636 -2.6584e-06
-0.327784 1.08342 -2.61882e-07
6.22556 1.06246 -1.71456e-06
2.8587 1.07622 -2.86977e-06
1.95685 1.06241 -2.17491e-06
0.459433 1.06262 -3.73119e-06
6.0504 1.05803 -2.41057e-06
-0.0233967 1.07378 -5.28004e-06
0 0 0
3.45975 1.05517 -1.12853e-06
4.12819 1.06251 -2.31444e-06
-1.24839 1.06685 -4.49861e-06
2.47653 1.05902 -1.98153e-06
1.664 1.05431 -2.953e-06
2.92371 1.07144 -3.60971e-06
3.36542 1.0645 -1.42011e-06
2.04183 1.07524 -4.94504e-06
2.13458 1.07559 -3.83336e-06
3.14624 1.0796 -3.57731e-06
2.98573 1.079 -2.95348e-06
-1.29536 1.10105 -5.55265e-06
-0.184581 1.10245 -2.91682e-06
-0.361377 1.09566 -3.9576e-06
-4.5656 1.10571 -6.5619e-06
-8.79135 1.11346 -7.41693e-06
-2.08974 1.08917 -4.16018e-06
-0.108236 1.09649 -2.30518e-06
-2.89071 1.0965 -2.98715e-06
-1.79512 1.09485 -5.37533e-06
-1.96371 1.08824 -3.30014e-06
-3.91527 1.10705 -5.35562e-06
0 0 0
-3.48079 1.09927 -1.29763e-06
-3.79593 1.1119 -2.41484e-06
-0.893664 1.08351 -1.43043e-06
-5.14542 1.11531 -3.12477e-06
-4.31348 1.09385 -2.67553e-06
-3.4085 1.1093 -4.42952e-06
-5.68371 1.09995 -5.00617e-06
-11.459 1.11571 -5.96569e-06
1.24039 1.08841 1.01395e-07
-5.08512 1.10928 -3.6028e-06
0 0 0
-4.03816 1.09065 -1.31371e-06
1.20316 1.09858 -2.5412e-06
-0.179467 1.08598 -2.82484e-06
-5.31033 1.11124 -5.21146e-06
-2.95646 1.11353 -5.0346e-06
-4.9958 1.11561 -4.73386e-06
1.05254 1.10363 -2.25914e-06
-1.02343 1.12025 -4.00331e-06
-0.116072 1.10219 -3.54322e-06
-1.07803 1.11816 -5.07928e-06
-1.41811 1.11383 -5.39162e-06
7.22927 0.998984 2.7797e-06
5.97867 0.999072 -9.49381e-07
2.50065 1.08838 -3.11577e-06
-2.33403 1.0765 -5.6571e-06
1.80757 1.09461 -4.4797e-06
-0.888126 1.08667 -5.2984e-06
5.03849 1.07093 -1.66596e-06
3.45532 1.07447 -4.34129e-06
1.45088 1.07144 -2.25134e-06
1.21147 1.06322 -4.76169e-06
-0.825956 1.07273 -3.5065e-06
0 0 0
4.10657 1.06976 1.49558e-06
0.27056 1.08147 -2.28518e-06
0.761442 1.07279 -2.43135e-06
1.7887 1.06985 -3.84576e-06
1.56255 1.07385 -1.89409e-06
-1.72107 1.07625 -2.19562e-06
1.7575 1.0657 -1.3492e-06
-1.24447 1.06613 -3.0491e-06
-5.41738 1.07411 -5.93223e-06
-4.51664 1.06984 -4.34223e-06
0 0 0
8.33259 1.04103 -2.33821e-06
3.74017 1.05688 -2.59277e-06
1.23129 1.06045 -4.27527e-06
5.40404 1.09547 -1.1693e-06
6.8396 1.07314 -3.52781e-06
0.104337 1.13869 -6.61339e-06
0.788036 1.13402 -5.31069e-06
4.39299 1.14122 -4.52216e-06
1.41261 1.13018 -5.31169e-06
-1.31292 1.06331 -5.11339e-06
4.87906 1.04606 -4.10061e-06
-0.209376 1.05812 -4.53385e-06
1.81032 1.05383 -1.54672e-06
-2.76871 1.10925 -3.81735e-06
-1.5486 1.09331 -5.84518e-06
2.93995 1.12683 -2.87807e-06
-1.47583 1.13748 -4.41692e-06
-6.43893 1.11347 -7.49314e-06
-5.00098 1.10698 -5.35416e-06
-4.57364 1.07706 -4.64038e-06
-1.14914 1.06272 -2.16669e-06
-1.30343 1.06084 -2.34042e-06
0 0 0
1.18432 1.06292 -2.37282e-06
-1.53856 1.0703 -2.50923e-06
-3.26112 1.07137 -4.33009e-06
-1.47955 1.07455 -2.11955e-06
-0.532296 1.06297 -2.66609e-06
-2.33913 1.06827 -1.87918e-06
-1.99253 1.05627 -3.33254e-06
-2.0001 1.07107 -8.41242e-07
-1.39912 1.07473 -2.64946e-06
-1.45099 1.09777 -2.64938e-06
0 0 0
-2.80151 1.0824 -3.40349e-06
-0.498798 1.08788 -2.66107e-06
1.20446 1.0815 -8.68013e-07
-0.165912 1.07652 -8.02814e-07
-3.13722 1.07778 -2.071e-06
1.09071 1.08724 1.26392e-06
-1.48835 1.08344 -5.0008e-06
-1.56761 1.09213 -4.94937e-06
3.85178 1.07187 -2.33715e-06
-0.910212 1.09479 -3.45458e-06
-0.539072 1.09957 -2.32947e-06
-2.40308 1.08 -4.43885e-06
5.70837 1.07751 -5.28278e-06
3.90677 1.06202 -5.59056e-06
8.2489 1.06578 -4.01288e-06
0.969748 1.08587 -4.0188e-06
3.34609 1.07139 -1.03755e-06
0.251042 1.06997 -5.99582e-06
-0.439829 1.07886 -5.19632e-06
1.88144 1.06481 -2.91422e-06
1.63156 1.07303 -5.7709e-06
0.966275 1.08107 -2.35905e-06
0 0 0
6.92302 1.06389 -2.51431e-06
-0.88408 1.07069 -4.11168e-06
-0.0651635 1.07261 -3.92155e-06
2.77967 1.06332 -3.03889e-06
4.87696 1.06961 -2.84899e-06
0.517188 1.07355 -3.02948e-06
2.31051 1.06556 -3.27252e-06
-0.389196 1.08107 -5.09923e-06
-1.2392 1.07948 -5.7073e-06
1.16032 1.07073 -3.42244e-06
0 0 0
11.0743 1.05275 -1.19633e-06
3.84883 1.06184 -3.41797e-06
0.856931 1.06397 -5.0218e-06
0.870753 1.0638 -2.84091e-06
3.10923 1.0648 -1.97279e-06
2.9782 1.07533 -5.54942e-06
0.556531 1.07882 -6.0316e-06
2.39281 1.07993 -5.85381e-06
1.10338 1.07886 -6.48145e-06
4.26145 1.079 -3.78249e-06
3.12787 1.08892 -5.30205e-06
-0.162865 1.10796 -7.30909e-06
-1.02035 1.09741 -4.71405e-06
3.78601 1.1096 -6.45795e-06
-3.36388 1.11506 -5.62743e-06
1.71424 1.10986 -1.3928e-06
-1.41827 1.1117 -4.53894e-06
-4.31325 1.1285 -3.72624e-06
-6.16285 1.12279 -5.92963e-06
-0.200488 1.11371 -2.71727e-06
-2.79405 1.11906 -3.87838e-06
-1.9123 1.11371 -3.61538e-06
0 0 0
-4.56019 1.11142 -3.96186e-06
-1.27177 1.11477 -1.37842e-06
-5.18694 1.10603 -4.79703e-06
-2.43081 1.1102 -4.71549e-06
-5.02657 1.09824 -4.75749e-06
-3.2678 1.10545 -5.54963e-06
-3.46675 1.10735 -1.61801e-06
-2.69342 1.09725 -4.18954e-06
-4.35457 1.11129 -4.56767e-06
-2.88161 1.11512 -9.62684e-07
0 0 0
-3.03202 1.0993 -3.20087e-06
-6.39346 1.10706 -2.81353e-06
-2.70534 1.12073 -5.13967e-06
-2.98737 1.12196 -1.95899e-06
-2.15343 1.11298 -2.97472e-06
3.65543 1.11809 -2.5017e-06
-3.16875 1.11788 -6.23366e-06
-0.250472 1.11729 -6.41847e-06
-2.83062 1.11764 -6.35847e-06
-0.765166 1.12264 -4.30697e-06
0.278012 1.1224 -6.45938e-06
-1.79696 1.02795 -2.20107e-06
4.66184 1.03363 -1.43815e-06
-1.74621 1.11473 -7.02228e-06
6.97942 1.10266 -4.62694e-06
0.458025 1.11396 -7.41395e-06
-1.15889 1.11507 -5.50647e-06
0.379758 1.1045 -3.32484e-06
2.0775 1.09504 -4.3615e-06
4.12611 1.09197 -3.69984e-06
-0.314723 1.10768 -2.4856e-06
-0.861078 1.09995 -2.83991e-06
0 0 0
7.08702 1.07877 -2.54378e-06
0.854085 1.08882 -4.08986e-06
-3.00568 1.11082 -4.80041e-06
-2.19589 1.10663 -5.17021e-06
-0.997567 1.10073 -2.39249e-06
1.4461 1.10874 -2.07143e-06
-1.07137 1.09734 -4.68468e-06
-0.040711 1.10122 -2.30033e-06
0.66848 1.10638 -3.7137e-06
-2.65048 1.09842 -5.17486e-06
0 0 0
5.74635 1.07917 -2.05743e-06
3.52484 1.09372 -2.81675e-06
0.835392 1.10166 -4.7347e-06
-4.5167 1.11791 -7.64761e-06
1.51481 1.11865 -5.71728e-06
3.59242 1.16042 -5.59693e-06
-4.86046 1.17819 -6.676e-06
2.04642 1.15731 -4.3034e-06
4.13099 1.15696 -7.32374e-06
0.80627 1.09889 -6.36432e-06
5.30967 1.08966 -4.15155e-06
-1.44224 1.09173 -2.01578e-06
-3.99504 1.1007 -4.28283e-06
-4.00961 1.14721 -3.7739e-06
-4.15091 1.15661 -5.0356e-06
0.873423 1.18679 -5.34525e-06
-2.01066 1.17843 -4.84765e-06
-0.502009 1.13451 -4.87904e-06
-6.14923 1.13253 -6.13521e-06
-1.64758 1.09936 -2.22475e-06
-1.98771 1.04529 -1.2143e-07
0.679622 1.12272 9.24171e-08
0 0 0
-6.58066 1.12006 -3.73445e-06
2.96192 1.11443 -5.19018e-07
-3.16329 1.10402 -3.47494e-06
-3.44693 1.10772 -2.18799e-06
-2.9218 1.09667 -2.65542e-06
2.79666 1.09861 2.43547e-07
-1.52474 1.08992 6.22381e-07
-1.69863 1.10507 -2.33888e-06
-7.2313 1.11183 -3.35278e-06
-2.95714 1.12802 -5.35038e-06
0 0 0
-4.80751 1.12746 -2.65965e-06
0.630598 1.13137 -1.62795e-06
-5.76909 1.14027 -5.74113e-06
-4.97898 1.1189 -4.40303e-06
-2.92911 1.11183 -2.36593e-06
-1.59614 1.11618 -1.77496e-06
-0.717625 1.10133 -1.33217e-06
-1.45545 1.11233 -1.69155e-06
0.0704664 1.11067 -5.12976e-06
-2.16387 1.1339 -6.47358e-06
-2.17654 1.13189 -5.25901e-06
-1.17663 1.08935 -3.69963e-06
5.41393 1.07192 -4.48041e-06
8.67535 1.07894 -5.60383e-06
3.55896 1.0842 -3.01217e-06
0.120786 1.09936 -5.64215e-06
1.99052 1.0867 -3.91603e-06
-0.582144 1.10014 -4.5485e-06
4.38475 1.08942 -4.89802e-06
4.44007 1.08899 -5.6666e-06
-2.10418 1.08334 -5.76329e-06
-0.682855 1.07709 -3.97152e-06
0 0 0
5.99515 1.06711 -1.95894e-06
4.81509 1.0742 -9.14217e-07
-4.29689 1.08643 -3.67731e-06
1.55541 1.08844 -2.73715e-06
-2.98017 1.08064 -4.66138e-06
1.13721 1.08334 -1.11329e-06
-0.965699 1.07179 -3.70967e-06
6.36122 1.07563 -2.94718e-06
2.05145 1.08132 -2.00862e-06
-1.235 1.0808 -6.10483e-06
0 0 0
2.49538 1.06618 -2.71e-06
1.30066 1.07722 -3.80752e-06
0.0708657 1.08449 -2.76796e-06
-4.86855 1.09381 -8.41288e-06
6.15358 1.07432 -3.65344e-06
1.43604 1.07842 -4.08088e-06
-0.800741 1.08692 -7.09927e-06
3.22864 1.08083 -5.78379e-06
2.65083 1.07268 -5.03741e-06
6.65736 1.07175 -5.10761e-06
5.58119 1.07073 -2.32269e-06
0.475344 1.09961 -4.44735e-06
-2.59319 1.09808 -4.32422e-06
-3.16898 1.10376 -5.67417e-06
-1.00265 1.09171 -4.87274e-06
-2.58694 1.09715 -3.51191e-06
-0.547505 1.09351 -3.04251e-06
0.133859 1.08286 -4.16758e-06
-0.946844 1.08217 -1.69912e-06
-1.45133 1.08546 -2.02208e-06
-1.1996 1.08775 -2.94597e-06
-4.67956 1.10489 -4.06215e-06
0 0 0
-1.81623 1.08891 -2.6602e-06
2.91887 1.09265 -2.93496e-06
-1.81812 1.08997 -2.55122e-06
-1.78222 1.09828 -2.9411e-06
-5.25918 1.10369 -5.34784e-06
0.349194 1.09145 -2.42719e-06
-0.311331 1.08588 -1.55804e-06
-3.31924 1.08592 -2.40132e-06
0.707426 1.07684 -5.05044e-07
-7.99374 1.09963 -3.13061e-06
0 0 0
-0.283296 1.07031 -3.08781e-07
-0.608593 1.09059 -1.25e-06
-0.832314 1.08169 -1.83787e-06
-2.19102 1.10302 -3.63639e-06
2.37429 1.08469 -4.09796e-06
-3.97651 1.10726 -2.58794e-06
-0.61716 1.09476 -2.16471e-06
1.03503 1.0959 -3.05367e-06
3.37284 1.0939 -1.15467e-06
-4.28195 1.12748 -5.47148e-06
-8.50452 1.14881 -9.00098e-06
0.836081 0.975929 -9.44413e-07
9.55947 0.953075 -2.09292e-07
1.91995 1.10564 -6.13787e-06
3.90664 1.09991 -4.75817e-06
2.79964 1.09115 -9.47212e-07
1.53865 1.0873 -3.79913e-06
-0.795101 1.09144 -3.00119e-06
-6.20371 1.10114 -6.65378e-06
-6.53358 1.10954 -8.11914e-06
5.95804 1.09133 -2.93307e-06
2.28903 1.10677 -3.44897e-06
0 0 0
-2.92996 1.12645 -5.35628e-06
3.38149 1.10877 6.51705e-07
1.55143 1.09605 -2.46253e-06
-3.28934 1.10739 -4.02415e-06
-0.915748 1.11257 -5.02014e-06
5.70971 1.11756 -3.05829e-06
2.21404 1.10958 -3.69031e-06
1.98449 1.13203 -3.62815e-06
2.63283 1.12644 -3.1578e-06
1.46786 1.14478 -2.4227e-06
0 0 0
5.3484 1.12973 -2.50023e-06
6.59957 1.12112 -2.26193e-06
4.89587 1.14111 -3.75921e-06
2.15897 1.10244 -4.5239e-06
3.62551 1.08019 -2.58122e-06
1.48542 1.08973 -4.05896e-06
0.831566 1.09425 -4.66019e-06
-2.11694 1.13737 -8.15876e-06
-4.15653 1.13424 -9.26967e-06
0.86491 1.15323 -6.47168e-06
7.57514 1.15932 -3.31426e-06
-4.48564 1.17224 -6.84768e-06
1.66913 1.15507 -5.32278e-06
-4.93274 1.13686 -6.86026e-06
-3.02962 1.13472 -5.7067e-06
5.1827 1.12076 -2.52499e-06
2.31341 1.12164 -2.84282e-06
-7.84965 1.14405 -6.44015e-06
-3.52861 1.12863 -4.23754e-06
-5.38007 1.15501 -5.61821e-06
-0.0783646 1.12452 -1.18324e-06
-2.66506 1.12539 -2.78502e-06
0 0 0
-4.97121 1.1397 -3.60543e-06
-3.85974 1.12613 -3.63688e-06
1.97285 1.10899 5.12885e-07
-12.6414 1.12357 -3.73486e-06
-5.40546 1.12092 -6.5731e-06
-7.39446 1.13748 -4.89717e-06
-0.814675 1.10974 -2.58548e-06
2.2869 1.10563 -2.16194e-06
-4.50994 1.1156 -1.62999e-06
-9.89024 1.12466 -7.05833e-06
0 0 0
-1.12851 1.12506 5.97006e-07
-13.145 1.13622 -8.04632e-06
-4.50617 1.13659 -4.58339e-06
-7.91866 1.16024 -3.71518e-06
-0.176142 1.14918 -2.23344e-06
-7.41489 1.16404 -2.78053e-06
-1.96791 1.16381 -4.36765e-06
2.20327 1.15521 -1.78599e-06
1.1279 1.12652 -4.38999e-06
-0.0313325 1.141 -6.54834e-06
-1.54854 1.16116 -3.53574e-06
2.3018 1.08645 -2.10372e-06
-5.06731 1.08599 -8.701e-06
2.35826 1.08589 -4.36712e-06
-0.465908 1.08044 -5.82792e-06
4.18648 1.09358 -5.1631e-06
1.64581 1.07438 -5.79287e-06
3.49178 1.09781 -5.93676e-06
4.25454 1.09039 -6.77772e-07
-1.75459 1.08664 -5.11905e-06
3.92759 1.07498 -4.2219e-06
0.959236 1.08258 -4.92876e-06
0 0 0
7.06105 1.08145 -3.2879e-06
4.8028 1.0782 -3.74788e-06
0.406347 1.08242 -4.20134e-06
5.0952 1.07012 -4.33892e-06
2.99533 1.07288 -2.00808e-06
-4.05005 1.07909 -6.36923e-06
1.17929 1.06487 -4.29177e-06
2.98545 1.06942 -3.39774e-06
1.44426 1.07485 -3.08624e-06
3.60864 1.07233 -4.35574e-06
0 0 0
4.20054 1.06876 -3.2846e-06
1.0598 1.08519 -4.44185e-06
3.80648 1.08208 -4.56399e-06
2.95539 1.07666 -2.44584e-06
1.82566 1.07666 -5.05478e-06
8.47172 1.06903 -3.46602e-06
1.40835 1.06641 -4.98856e-06
7.18858 1.06668 -4.83083e-06
4.60417 1.06514 -3.84007e-06
9.2111 1.06285 -3.20061e-06
1.54554 1.08127 -3.83442e-06
0.209334 1.0993 -7.38748e-06
-2.77025 1.10765 -5.46644e-06
-5.14596 1.10432 -6.12672e-06
-3.32949 1.11661 -5.28504e-06
-0.708423 1.10827 -4.68663e-06
-0.698325 1.09113 -3.31156e-06
5.83411 1.09605 -2.42394e-07
2.48109 1.10112 -2.75345e-06
0.401295 1.08787 -1.87809e-06
-3.59986 1.10095 -2.4821e-06
-3.39883 1.09833 -4.13894e-06
0 0 0
2.11027 1.09607 -6.75374e-07
-1.98485 1.09491 -1.08668e-06
-3.41048 1.10196 -6.31654e-06
-4.11112 1.10411 -2.9676e-06
-2.41824 1.10984 -3.53305e-06
-2.80873 1.11696 -2.44659e-06
-7.28435 1.11373 -3.60358e-06
-4.44664 1.0961 -4.23026e-06
-5.95578 1.10945 -3.49055e-06
-3.20141 1.09669 -3.3003e-06
0 0 0
-0.200608 1.09345 -8.36864e-07
-4.08573 1.09568 -3.64306e-06
-4.87839 1.10403 -4.33236e-06
-5.41137 1.10104 -4.68131e-06
-2.89524 1.09486 -4.89163e-06
1.3529 1.11261 -2.42691e-06
-1.60185 1.11041 -3.14778e-06
-4.57836 1.11389 -7.11626e-06
-0.81288 1.10723 -5.04263e-06
-1.30109 1.12432 -5.64542e-06
3.69799 1.11812 -2.36132e-06
-0.00440544 0.94129 -1.14258e-06
4.4315 0.958149 -3.22834e-06
3.67521 1.079 -6.03787e-06
1.42608 1.07698 -4.86232e-06
5.09673 1.06198 -4.58579e-06
1.88446 1.056 -3.52686e-06
3.58392 1.05879 -1.95073e-06
0.15187 1.06387 -3.51393e-06
-2.35778 1.07947 -5.8338e-06
1.00607 1.06517 -3.33583e-06
1.09778 1.092 -3.80981e-06
0 0 0
-2.92944 1.08779 -5.0419e-06
0.667578 1.08227 -2.11421e-06
1.67851 1.06795 -2.25675e-07
2.57725 1.06649 -5.81824e-06
0.674494 1.08129 -2.91935e-06
-0.927802 1.10116 -2.91722e-06
-5.30235 1.08908 -6.42995e-06
3.16132 1.10077 -3.12632e-07
1.46429 1.10132 -5.80175e-06
-1.92968 1.12065 -5.49325e-06
0 0 0
2.57801 1.09872 -2.42211e-06
10.9087 1.09358 -3.27956e-06
0.977006 1.09385 -3.09188e-06
3.74628 1.06552 -1.80404e-06
3.58225 1.06633 -2.37041e-06
0.608142 1.06182 -4.68228e-06
7.50567 1.07439 -4.93087e-06
-0.637901 1.1176 -5.65605e-06
1.31556 1.10699 -4.33998e-06
1.2328 1.14305 -6.38925e-06
-1.08881 1.1281 -6.63121e-06
0.797074 1.13785 -4.96726e-06
3.10368 1.13119 -6.04907e-06
-2.79563 1.10655 -6.30243e-06
0.408 1.10764 -3.55734e-06
-1.37556 1.11001 -4.15474e-06
0.522082 1.07952 -2.61418e-06
-1.67632 1.1096 -2.14861e-06
-0.617619 1.1007 -5.91407e-06
-0.889256 1.1103 -5.1381e-06
-10.1811 1.10083 -5.75199e-06
-0.584851 1.09201 -4.66854e-06
0 0 0
0.0145939 1.08339 -1.84887e-06
-6.26388 1.09654 -3.70467e-06
-4.14702 1.09029 -5.42909e-06
-4.09866 1.08056 -3.4554e-06
-2.88429 1.09131 -4.23095e-06
-4.30157 1.09145 -4.86243e-06
-1.86397 1.07846 -1.75304e-06
-2.09873 1.08113 -2.98792e-06
-3.83928 1.09026 -1.5017e-06
2.76263 1.08534 -2.43457e-06
0 0 0
0.968707 1.08081 -9.353e-07
-5.1196 1.0958 -5.10512e-06
3.19774 1.09025 -1.4523e-06
-2.33962 1.12135 -6.96898e-06
-1.43471 1.09659 -2.0553e-06
-5.8028 1.12612 -7.02682e-06
-2.27883 1.11302 -2.86056e-06
-0.653509 1.11769 -3.32201e-06
-0.734318 1.09915 -4.02613e-06
-1.24907 1.11688 -4.8218e-06
-0.867837 1.09832 -3.51594e-06
-8.31235 1.09964 -8.44777e-06
1.99172 1.09335 -3.76073e-06
0.415934 1.09276 -4.40358e-06
2.03416 1.09148 -3.49062e-06
-0.0867335 1.0866 -3.98618e-06
-3.31075 1.09311 -4.15863e-06
-1.3874 1.09722 -4.59446e-06
1.11054 1.08186 -4.23797e-06
-0.0527554 1.08392 -3.90949e-06
-2.53251 1.07554 -3.7875e-06
-0.476267 1.07871 -2.67475e-06
0 0 0
2.31602 1.07388 -1.70707e-06
5.15719 1.06785 -4.18007e-06
1.7188 1.07726 -5.02944e-06
-1.2108 1.08212 -3.09823e-06
-5.2648 1.08546 -5.03236e-06
1.11459 1.0808 -3.58002e-06
1.46743 1.0753 -2.75892e-06
-4.42267 1.08424 -3.59336e-06
-1.53038 1.08814 -5.01104e-06
0.487297 1.06583 -3.02935e-06
0 0 0
2.98118 1.08038 -2.02294e-06
-1.72383 1.0656 -3.89329e-06
1.45907 1.07889 -2.06e-06
-3.97252 1.07078 -4.02921e-06
-0.840547 1.07697 -2.36772e-06
0.556425 1.07003 -2.42374e-06
7.56594 1.06357 -2.35791e-06
0.23543 1.08297 -4.46274e-06
5.40894 1.07762 -2.97371e-06
-2.02332 1.0904 -6.88927e-06
0.826253 1.09362 -6.75055e-06
2.96077 1.12706 -4.49129e-06
-2.2147 1.12669 -5.05714e-06
-12.9722 1.15453 -9.09877e-06
-3.34456 1.13385 -4.92177e-06
-4.67769 1.13503 -4.11006e-06
-4.19834 1.13673 -4.14387e-06
-6.65821 1.14284 -4.39075e-07
-7.26397 1.14295 -4.73232e-06
-8.63484 1.13457 -6.52996e-06
-5.05116 1.14235 -6.0898e-06
-6.22989 1.12255 -5.92878e-06
0 0 0
-4.2946 1.06355 -1.81862e-06
-17.3242 1.14333 -6.44069e-06
-13.1509 1.15119 -6.82711e-06
-6.79809 1.13948 -6.15578e-06
-7.84416 1.14254 -2.47774e-06
-8.89764 1.13276 -4.60173e-06
-4.37677 1.13947 -3.2979e-06
-5.08452 1.12658 -4.21056e-06
-11.9605 1.14768 -5.60006e-06
-4.43758 1.13128 -3.64713e-06
0 0 0
-2.19174 1.13135 -3.64551e-06
-0.998407 1.1249 -3.94225e-06
-5.91317 1.13559 -5.40675e-06
-9.28133 1.13509 -6.85707e-06
-6.12555 1.13665 -1.80566e-06
-7.0803 1.13489 -5.86743e-06
-3.97493 1.12503 -4.3634e-06
-0.00552316 1.1254 -4.86365e-06
-5.96111 1.12587 -3.6682e-06
0.494968 1.1129 -5.95814e-06
-3.40531 1.12649 -5.7024e-06
-3.31586 1.00418 -1.48703e-06
1.57435 1.00419 -2.62681e-06
-1.27373 1.08915 -4.65532e-06
-0.874611 1.0851 -4.99119e-06
-7.87887 1.11128 -6.52814e-06
-3.04636 1.09832 -6.47161e-06
-1.14399 1.09473 -4.60043e-06
-1.20284 1.09004 -3.63936e-06
6.03061 1.08115 -1.46062e-06
-8.56461 1.08384 -7.08639e-06
-4.91504 1.10113 -6.10316e-06
0 0 0
10.0276 1.06185 1.02782e-06
-4.19914 1.0833 -5.87801e-06
0.752257 1.07286 -1.79166e-06
-0.451517 1.07111 -3.50806e-06
-2.93985 1.07428 -2.17192e-06
1.05117 1.07148 -3.01092e-06
1.68605 1.06598 -4.87505e-06
2.97611 1.08126 -2.06247e-06
-2.40935 1.08057 -3.7434e-06
-10.3459 1.08986 -4.2828e-06
0 0 0
2.68264 1.07595 1.29933e-06
5.14238 1.07598 -6.15173e-06
-2.51979 1.07599 -3.46102e-06
-7.5318 1.1046 -6.37293e-06
-2.05873 1.09366 -2.83025e-06
-0.0446668 1.13531 -6.26844e-06
1.57402 1.13013 -3.72531e-06
-7.26645 1.12983 -9.10923e-06
0.966437 1.11555 -4.83012e-06
-1.85798 1.07486 -5.3425e-06
1.76441 1.05889 -3.32834e-06
0.477848 1.10341 -2.81255e-06
-3.25348 1.11367 -7.81931e-06
-1.14634 1.15693 -6.52034e-06
1.53149 1.15129 -1.59027e-06
-8.81026 1.18228 -6.04717e-06
-7.57067 1.18297 -8.79763e-06
-6.08602 1.14091 -4.88007e-06
-5.59002 1.13577 -2.73146e-06
-2.61796 1.09498 -4.30552e-06
-6.5029 1.09701 -4.42269e-06
-4.71287 1.08938 -2.77866e-06
0 0 0
1.56471 1.0758 -1.03903e-06
-2.55092 1.08387 -1.14623e-06
-2.55424 1.07744 -3.57493e-06
2.23478 1.08563 -5.67123e-09
-7.32835 1.09347 -3.39332e-06
-2.61151 1.08131 -3.28073e-06
-13.3499 1.08826 -3.52984e-06
-12.6068 1.10196 -5.12235e-06
-10.1156 1.10307 -4.55301e-06
-2.94162 1.10757 -1.89728e-06
0 0 0
-5.43461 1.1 -2.55965e-06
-9.19541 1.12638 -4.98155e-06
-5.46072 1.11815 -5.72439e-06
-4.94781 1.10645 -4.00852e-06
-6.11879 1.10132 -3.91309e-06
2.85693 1.09157 5.05318e-07
-5.38218 1.09947 -3.50554e-06
-1.45087 1.10008 -4.73595e-06
-5.87636 1.10121 -5.66468e-06
-4.70263 1.1171 -6.31165e-06
-0.83822 1.11798 -3.07809e-06
-1.53654 1.09593 -4.40411e-06
-2.60507 1.09383 -6.84977e-06
-5.2864 1.0932 -7.86049e-06
0.752363 1.08659 -4.26593e-06
0.77148 1.08972 -4.56932e-06
1.40373 1.08808 -4.43267e-06
3.01968 1.0826 -3.57472e-06
3.20173 1.07357 -2.46711e-06
-1.05184 1.07472 -4.51969e-06
-2.57428 1.07739 -6.67618e-06
-3.42419 1.07751 -3.53617e-06
0 0 0
5.10166 1.05939 -2.23578e-06
2.80879 1.06804 -9.60891e-07
-4.91857 1.06314 -5.58323e-06
1.68449 1.06272 -3.40223e-06
1.58385 1.06017 -2.51837e-06
-2.15434 1.07293 -2.74082e-06
-0.835239 1.06778 -3.86556e-06
0.512903 1.07775 -2.5345e-06
1.648 1.06773 -2.39247e-06
2.61282 1.07142 -2.3251e-06
0 0 0
0.625124 1.06636 -4.42466e-06
2.34211 1.06879 -2.39009e-07
6.65727 1.05429 -1.63946e-06
5.92262 1.05875 -3.9333e-06
0.190384 1.06237 -3.60037e-06
-5.08732 1.0755 -5.66187e-06
4.46392 1.05359 -8.87558e-07
3.32268 1.06931 -5.46065e-06
-0.792856 1.06746 -4.81069e-06
1.67557 1.07393 -5.04935e-06
2.8931 1.06632 -6.42194e-06
2.05115 1.08552 -3.46669e-06
-3.54374 1.08395 -6.55544e-06
-11.0117 1.11016 -9.98568e-06
-6.01877 1.09871 -3.5327e-06
-0.311338 1.09669 -4.10343e-06
1.69993 1.09486 1.19023e-06
-4.83317 1.10856 -6.09159e-06
-3.69711 1.0911 -2.62894e-06
-4.11902 1.08054 -3.93053e-06
-4.37391 1.07862 -2.91055e-06
-6.65759 1.06789 -4.28732e-06
0 0 0
0 0 0
3.71772 1.09504 7.07654e-07
-4.02337 1.05509 -2.92079e-07
-6.35027 1.1152 -3.41806e-06
-5.2633 1.10355 -4.55681e-06
-9.11142 1.11427 -4.86631e-06
-0.279329 1.08799 -2.24883e-06
-3.31585 1.10195 -2.99367e-06
-3.99453 1.08953 -4.04758e-06
-0.910293 1.09435 -3.31114e-06
0 0 0
-15.2576 1.09928 -7.24725e-06
-4.68079 1.09868 -5.25832e-06
-0.206931 1.08194 -2.94485e-06
-7.14011 1.1042 -5.85869e-06
-2.5793 1.09506 -2.5796e-06
0.199715 1.09654 -4.08162e-06
-5.62432 1.09641 -4.71584e-06
-5.60789 1.10477 -2.66175e-06
-2.69326 1.08933 -3.91819e-06
2.38303 1.1173 -2.5691e-06
-0.763847 1.10778 -4.84576e-06
-3.69542 1.0225 -2.41305e-06
0.341163 1.02043 -3.70916e-06
-2.48991 1.0949 -4.69115e-06
-2.04677 1.09112 -7.07926e-06
-0.800686 1.10353 -3.98512e-06
1.77493 1.09173 -4.74481e-06
6.20206 1.09295 -2.3977e-06
-1.14731 1.0797 -4.0384e-06
2.96938 1.07889 -3.10575e-06
-0.904616 1.07649 -3.61363e-06
2.89273 1.07962 -2.93333e-06
0 0 0
3.87787 1.0726 1.16902e-06
-0.626377 1.07094 -3.72852e-06
-0.130229 1.06364 -3.77506e-06
-1.97025 1.07462 -4.03067e-06
0.991135 1.06617 -2.9094e-06
-6.73443 1.07737 -5.86658e-06
-5.9759 1.07806 -7.21057e-06
1.32485 1.05551 -2.841e-06
2.76686 1.05713 -2.62694e-06
-4.43661 1.07093 -5.38433e-06
0 0 0
4.71645 1.04941 -2.19769e-06
2.12921 1.0622 -3.18129e-06
2.30246 1.06093 -3.35966e-06
-0.219445 1.07758 -3.21546e-06
-0.634171 1.0715 -3.43488e-06
-1.42212 1.11414 -6.93798e-06
0.743815 1.10637 -4.21573e-06
1.9773 1.08822 -5.02661e-06
-2.84582 1.10053 -4.83917e-06
7.68784 1.04063 -2.51207e-06
-0.135784 1.04085 -5.55124e-06
1.12354 1.10639 -9.28238e-07
-2.6816 1.09463 -6.34657e-06
-1.57049 1.15823 -6.09909e-06
1.23145 1.15283 -5.17499e-06
-2.84175 1.17413 -3.76241e-06
-1.77823 1.16003 -3.25275e-06
-4.46537 1.10904 -3.94522e-06
-0.736795 1.10151 -4.21569e-06
-1.26007 1.06911 -3.10333e-06
-2.37234 1.05954 -4.2166e-06
0.611486 1.06385 -1.50083e-06
0 0 0
-0.867192 1.07236 -1.91895e-06
-0.160463 1.05798 -2.41333e-06
3.76358 1.0569 -1.34436e-07
-4.44956 1.07487 -2.3145e-06
-3.56109 1.07233 -2.23905e-06
-2.91389 1.06784 -2.2304e-06
-3.84962 1.07205 -2.65418e-06
-0.00951323 1.08046 -2.65583e-06
-2.76204 1.07821 -4.05079e-06
-1.58263 1.09874 -4.67843e-06
0 0 0
-2.38289 1.08514 -1.21993e-06
0.329647 1.09109 -3.05012e-06
-2.45832 1.0871 -4.56029e-06
-2.67967 1.08715 -3.68863e-06
-4.52245 1.07599 -3.54293e-06
-0.277843 1.0942 -3.01849e-06
-4.42384 1.07686 -4.61347e-06
-4.35185 1.09314 -5.09111e-06
-3.0814 1.0913 -4.77082e-06
0.692453 1.09346 -2.12719e-06
-3.59844 1.10166 -4.88526e-06
-11.5212 1.1378 -9.92268e-06
3.24226 1.10693 -5.07657e-06
0.579978 1.10705 -6.53227e-06
4.36424 1.10092 -4.56599e-06
-0.734299 1.11425 -5.88335e-06
-2.33563 1.10462 -4.31194e-06
-0.243204 1.10879 -4.51477e-06
1.74371 1.10673 -2.68774e-06
-0.535423 1.1097 -3.15556e-06
-5.53673 1.11563 -6.22278e-06
2.36725 1.11605 -4.6863e-06
0 0 0
2.87429 1.10954 -2.88498e-06
2.06943 1.10494 -1.12168e-06
4.21376 1.10314 -1.74366e-06
-1.31914 1.10931 -4.90975e-06
0.726222 1.10592 -5.23152e-06
1.24995 1.10237 -3.90228e-06
4.80457 1.09561 -1.82245e-06
-10.4009 1.10861 -8.4398e-06
1.83555 1.09119 -2.08011e-06
1.21661 1.09967 -3.59602e-06
0 0 0
1.92522 1.09637 -3.43305e-06
8.26572 1.09364 -2.04737e-06
3.83194 1.10347 -4.54063e-06
7.3465 1.1008 -3.9538e-06
0.727001 1.1029 -4.2483e-06
2.30623 1.10772 -5.86483e-06
-1.71425 1.11455 -6.17393e-06
0.739044 1.10697 -5.81194e-06
6.21502 1.09307 -9.6332e-07
1.56059 1.10064 -3.56916e-06
-4.69435 1.10673 -8.55653e-06
-1.41367 1.13379 -6.06732e-06
-0.516199 1.08977 -4.60792e-06
-1.76539 1.11517 -4.40094e-06
0 0 0
3.65342 1.1013 -1.93333e-06
3.9412 1.06569 -1.89446e-06
-0.705569 1.09464 -3.32363e-06
0 0 0
0.497842 1.07594 -1.32132e-06
-2.75882 1.04023 -2.60482e-06
-1.46875 1.08732 -4.18298e-06
0 0 0
0 0 0
0.19848 1.09008 -3.90141e-06
-4.22387 1.07723 -4.78113e-06
-4.58791 1.11046 -3.68164e-06
-7.53685 1.12131 -1.65998e-06
-10.7138 1.13093 -7.11405e-06
1.01567 1.1052 -4.52434e-06
-7.16389 1.12643 -5.58995e-06
-1.88568 1.11701 -3.74673e-06
0.616826 1.11783 -1.19349e-06
0 0 0
-2.70934 1.11996 -2.96746e-06
-0.0910726 1.1162 -3.62988e-06
2.99717 1.11771 -3.64213e-06
-1.43295 1.1238 -2.94588e-06
3.51308 1.11346 -3.67578e-06
-0.299283 1.1249 -2.12343e-06
0.826694 1.1247 -4.29666e-06
-5.59837 1.13653 -5.29293e-06
4.90534 1.12486 -3.91818e-06
5.12355 1.1294 -2.01545e-06
5.18558 1.15118 -3.40744e-06
0.327297 0.927834 -6.15379e-07
1.84662 0.92988 -1.61981e-06
-0.5331 1.06879 -6.43487e-06
3.14582 1.07603 -5.28286e-06
-0.638455 1.06868 -4.21302e-06
-0.946591 1.04914 -3.69905e-06
0.987504 1.05624 -2.32703e-06
4.46182 1.02708 -3.5718e-06
0.937427 1.04068 -4.54981e-06
0 0 0
4.34666 1.03307 -2.02385e-06
0 0 0
6.41726 1.03478 1.03389e-06
-2.98364 1.06947 -4.89244e-06
0.775983 1.05774 -2.58059e-06
-12.4615 1.07627 -6.6321e-06
1.43084 1.05768 -2.81993e-06
-5.03319 1.08358 -6.9256e-06
1.70476 1.0636 -2.4396e-06
-1.30437 1.08104 -5.13817e-06
-1.55494 1.09591 -3.89091e-06
4.04493 1.09781 -3.55153e-06
0 0 0
1.42286 1.08814 -3.63793e-06
2.88817 1.09072 -3.72071e-06
-1.82474 1.1135 -4.71722e-06
0.147801 1.07012 -2.77511e-06
-6.09422 1.06618 -7.33222e-06
3.39498 1.06419 -1.61885e-06
2.30803 1.05353 -4.64214e-06
4.29423 1.10152 -2.64212e-06
0.413749 1.08916 -5.94007e-06
0.71621 1.11793 -7.1868e-06
0.492521 1.11985 -6.53211e-06
-1.85306 1.14301 -8.25682e-06
-3.74023 1.14566 -6.72849e-06
4.95517 1.11023 -4.44494e-06
-3.86295 1.11858 -2.99449e-06
4.42861 1.10265 -2.53013e-06
-1.60505 1.10661 -6.32473e-06
2.87982 1.10936 -3.46181e-06
-0.693927 1.10613 -4.05395e-06
-2.86281 1.11687 -2.18027e-06
-5.572 1.1087 -5.58792e-06
-4.30431 1.11392 -3.59892e-06
0 0 0
1.86816 1.09969 -7.69105e-07
-0.827337 1.10573 -3.92068e-07
-6.4866 1.08676 -2.06385e-06
-7.78023 1.0981 -5.53389e-06
0 0 0
-0.726762 1.08012 -1.86378e-06
-1.05716 1.06711 -1.723e-06
-2.31702 1.09328 -2.00194e-06
-7.30977 1.09657 -6.58843e-06
2.58912 1.0929 -9.29057e-07
0 0 0
-5.36001 1.09483 -5.27375e-06
-5.82683 1.10362 -4.26003e-06
-3.53448 1.11013 -3.19727e-06
-5.56513 1.12617 -3.18734e-06
-5.90221 1.11125 -4.44552e-06
-6.01121 1.12499 -4.54635e-06
-4.66542 1.1335 -3.49e-06
-3.91867 1.13828 -4.38633e-06
-2.11431 1.12208 -6.48383e-06
-5.32435 1.13852 -6.48472e-06
-1.94139 1.13417 -7.51943e-06
-4.08106 1.07935 -5.03327e-06
-5.17071 1.08948 -7.93849e-06
-1.52921 1.07534 -5.97156e-06
3.32061 1.07098 -4.23649e-06
-0.63046 1.08013 -4.85502e-06
1.9852 1.07888 -3.08459e-06
-1.15366 1.08085 -4.46588e-06
0.705873 1.0825 -3.54499e-06
0.7812 1.05738 -2.74264e-06
2.34347 1.05395 -4.7191e-06
2.1128 1.04041 -4.92283e-06
0 0 0
0 0 0
4.44896 1.0523 -3.11489e-06
3.15684 1.04393 -2.22287e-06
4.81684 1.0709 -1.76611e-06
2.59079 1.06455 -1.94554e-06
3.8968 1.06745 -4.05587e-06
2.87932 1.0739 -2.32619e-06
2.80818 1.06546 -4.10999e-06
3.80056 1.07401 -2.97158e-06
-1.34545 1.07185 -3.59527e-06
0 0 0
5.56386 1.07011 -2.72184e-06
3.36895 1.06857 -3.51731e-06
1.7628 1.07506 -4.30112e-06
6.87271 1.04363 -1.17629e-06
0.526775 1.05137 -3.25348e-06
1.6554 1.03118 -3.26021e-06
0 0 0
6.77345 1.05621 -1.01998e-06
0.162145 1.04448 -6.9402e-06
7.12058 1.05681 -4.33676e-06
4.76802 1.07124 -7.09117e-06
-0.558811 1.09979 -6.22897e-06
3.10681 1.09309 -3.71642e-06
0.110585 1.0889 -4.6311e-06
-0.692959 1.09744 -2.97615e-06
-3.34969 1.097 -5.03107e-06
-2.1251 1.09364 -3.3527e-06
-1.38925 1.08544 -3.66331e-06
-4.33679 1.09359 -3.90497e-06
0.464132 1.0737 -2.11734e-06
-2.52791 1.08649 -4.54723e-06
-1.67425 1.08478 -3.19572e-06
0 0 0
2.81967 1.09229 -6.56344e-07
-0.796318 1.08263 -2.04311e-06
-0.9652 1.09421 -1.7565e-06
-13.4827 1.1108 -6.76422e-06
-0.427108 1.09846 -2.67784e-06
-3.41888 1.08785 -4.14315e-06
-1.35937 1.0853 -4.42108e-07
-4.56953 1.09049 -2.752e-06
-5.04889 1.09665 -4.36952e-06
-1.84129 1.08212 -2.75129e-06
0 0 0
0.268779 1.08817 -2.37284e-06
2.08689 1.09124 -1.79505e-06
-4.35432 1.09431 -5.29159e-06
-1.83244 1.09533 -5.86414e-06
-4.24876 1.0965 -2.71433e-06
-4.19732 1.10609 -6.00977e-06
-5.70653 1.11367 -5.72212e-06
-3.63401 1.10723 -2.92965e-06
-0.553933 1.10443 -3.07209e-06
-2.26757 1.11465 -5.80226e-06
1.15843 1.10224 -4.60453e-06
3.59617 0.922858 -5.00703e-08
4.03458 0.953498 -1.15239e-06
1.10534 1.06862 -4.70776e-06
-1.6849 1.07504 -5.71283e-06
1.44599 1.06983 -2.92818e-06
3.25598 1.0556 -4.04323e-06
3.25274 1.04948 -3.52279e-06
-0.316951 1.05636 -3.10757e-06
5.86442 1.04708 -1.09832e-06
3.81972 1.06714 -1.29074e-06
-1.4381 1.06977 -4.11022e-06
0 0 0
4.81018 1.06945 -1.31737e-06
3.20004 1.05111 -1.85054e-06
-4.46655 1.07033 -6.43214e-06
4.26174 1.04587 4.67334e-07
3.79779 1.06694 -9.74892e-07
-0.354773 1.06967 -4.11063e-06
0.60892 1.07438 -2.96155e-06
-0.189533 1.0741 -3.41205e-06
-2.65863 1.09593 -3.56227e-06
-6.39451 1.10967 -6.95287e-06
0 0 0
7.28916 1.08212 -1.01116e-06
2.87198 1.09439 -1.9391e-06
-0.344262 1.10363 -5.60507e-06
-0.17528 1.05993 -5.06085e-06
4.51451 1.05426 -5.13389e-06
5.83408 1.04006 -1.05584e-06
6.02214 1.04983 -4.42347e-06
1.5276 1.08889 -6.14273e-06
5.31769 1.09608 -1.98667e-06
4.4789 1.10893 -6.80278e-07
4.99373 1.1185 -7.72859e-06
1.50658 1.14103 -1.77145e-06
-3.77068 1.13004 -4.49159e-06
2.15588 1.10108 -2.56888e-06
-2.23214 1.11274 -4.79109e-06
0.617014 1.09888 -2.15177e-06
-4.02431 1.0979 -5.42597e-06
4.68352 1.09153 -1.13072e-06
0.38105 1.1052 -1.37271e-06
-1.78519 1.09937 -3.58126e-06
-3.89032 1.09694 -2.27204e-06
-3.16087 1.10227 -2.06984e-06
0 0 0
-0.287876 1.08187 -3.72477e-06
-2.66728 1.09187 -3.9061e-06
1.81145 1.07891 -2.49902e-06
-1.20957 1.09319 5.30896e-07
-10.1542 1.09754 -3.42124e-06
-2.37011 1.08102 -1.24217e-06
0.967972 1.07339 1.00552e-06
-1.6314 1.08304 -2.61636e-06
-3.30711 1.09689 -2.63892e-06
-5.88619 1.09226 -4.63254e-06
0 0 0
0.175437 1.08795 2.70864e-06
-2.36133 1.08514 -3.897e-06
-4.30135 1.09908 -3.47041e-06
-3.36835 1.11702 -5.73014e-06
0.449802 1.10661 -2.34495e-06
-5.50626 1.11755 -5.40214e-06
-5.86366 1.13643 -4.01886e-06
-5.56015 1.12192 -5.51082e-06
-2.81313 1.11362 -5.74692e-06
-3.19559 1.11402 -5.13517e-06
-2.2049 1.11264 -4.01367e-06
-3.38066 1.14856 -3.80066e-06
-2.21048 1.1559 -6.01816e-06
3.18593 1.14788 -3.22285e-06
-0.878949 1.13947 -5.03436e-06
3.27683 1.13084 -4.58287e-06
2.82348 1.12038 -4.98772e-06
5.21224 1.12027 -8.39512e-07
-3.82343 1.12816 -6.5907e-06
-3.47925 1.12918 -6.24974e-06
0.528899 1.11255 -5.96499e-06
1.75989 1.11662 -2.27196e-06
0 0 0
3.06039 1.10605 -1.90694e-06
-0.193979 1.11767 -1.41064e-06
-9.8668 1.12645 -6.15975e-06
-0.533895 1.11476 -3.79462e-06
-0.547004 1.11525 -4.57013e-06
0.154452 1.12528 -4.51835e-06
-4.03054 1.11315 -4.69174e-06
-2.16675 1.12077 -4.22709e-06
-0.861119 1.10867 -4.73816e-06
-0.0686533 1.12189 -5.75641e-06
0 0 0
1.27741 1.10567 -2.42336e-06
-8.38809 1.12851 -6.58871e-06
5.30968 1.10819 -2.73404e-06
0.784325 1.10602 -3.54262e-06
-1.8896 1.10502 -6.12313e-06
3.59086 1.11242 -5.52531e-06
-1.28985 1.11918 -4.36737e-06
4.19088 1.11552 -6.33321e-06
5.90222 1.102 -4.48987e-06
0.460241 1.12406 -6.68214e-06
6.63302 1.10677 -5.1488e-06
-1.16781 1.13292 -5.14021e-06
-1.56896 1.12128 -5.47648e-06
-4.09952 1.14471 -5.94168e-06
2.92761 1.12682 -3.24361e-06
0.273263 1.14034 -3.06742e-06
-11.924 1.14373 -9.0869e-06
-3.83854 1.14196 -5.74179e-06
-8.24411 1.13959 -5.83759e-06
-3.43282 1.14567 -2.91957e-06
-0.789638 1.12638 -5.14138e-06
-1.16929 1.13909 -7.38976e-07
0 0 0
-3.08865 1.14444 -5.23283e-06
-3.2169 1.14116 -5.17204e-06
-6.39592 1.15431 -1.58252e-06
-2.78203 1.15609 -2.70926e-06
-1.53217 1.13851 -4.08258e-06
-6.49572 1.15021 -5.20768e-06
-2.37674 1.13974 -2.97794e-06
-0.778417 1.15004 -2.38199e-06
-8.65179 1.16339 -5.32441e-06
-7.09228 1.14721 -3.62112e-06
0 0 0
-0.668076 1.15422 -1.2079e-06
-6.49523 1.14942 -6.73473e-06
2.53472 1.14221 -3.46522e-06
-0.679762 1.14887 -1.36518e-06
-7.46952 1.15483 -5.93534e-06
-2.89253 1.14695 -4.65424e-06
-5.30005 1.16689 -6.24668e-06
-4.69541 1.16247 -7.63996e-06
1.48854 1.13783 -2.62134e-06
-5.56884 1.17093 -7.58306e-06
-3.27498 1.17038 -5.27499e-06
-0.456692 1.05132 -1.15765e-06
8.59891 1.0336 -3.65109e-06
-1.17468 1.1293 -5.76317e-06
1.25966 1.11248 -3.34584e-06
0.845972 1.13389 -5.87391e-06
1.85668 1.1269 -4.3794e-06
-3.13568 1.12584 -6.6921e-06
2.88174 1.11078 -1.90647e-06
2.18628 1.1014 -4.06031e-06
1.78055 1.10463 -4.5963e-06
2.21803 1.10788 -1.55775e-06
0 0 0
0.17079 1.09565 -3.66892e-06
-4.87829 1.1024 -5.95679e-06
0 0 0
0.819579 1.10157 -2.77092e-06
1.54191 1.08054 -4.17631e-06
-2.88747 1.12239 -6.58966e-06
5.24737 1.10331 -4.28087e-06
-1.06477 1.11926 -3.56718e-06
-9.08487 1.11595 -7.85022e-06
-1.69415 1.11104 -3.58586e-06
0 0 0
2.64645 1.09039 -3.83776e-06
-1.6042 1.11401 -4.65908e-06
4.29671 1.09618 -3.13986e-06
-0.105927 1.13494 -4.64649e-06
-0.439368 1.11986 -2.57949e-06
0.90072 1.17182 -2.25578e-06
0.439362 1.1656 -6.41919e-06
5.26468 1.14336 -4.58945e-06
-4.79492 1.15777 -8.04358e-06
0.477861 1.06957 -4.67555e-06
0.673337 1.07386 -4.56899e-06
1.81059 1.09258 -6.78025e-06
0.986172 1.07557 -3.24968e-06
0.717961 1.17221 -7.81942e-06
-3.69261 1.1612 -6.54146e-06
-3.16639 1.19154 -7.53312e-06
-9.93364 1.19898 -9.88428e-06
-2.92854 1.12939 -3.94842e-06
-1.85264 1.13038 -1.13019e-06
-0.13516 1.08402 -1.45902e-06
-5.54851 1.09721 -4.02248e-06
-2.30676 1.09247 -2.91331e-06
0 0 0
0.43636 1.09605 -1.61334e-07
0.157209 1.09151 -2.46098e-06
1.53777 1.07754 -2.41214e-06
-2.05874 1.09104 -3.72627e-06
-1.8731 1.08766 -3.38229e-06
-1.22048 1.10404 -2.1892e-06
-3.50009 1.1024 -2.51875e-06
-3.38711 1.11856 -3.04603e-06
-4.46852 1.1278 -5.71064e-06
-3.81255 1.13587 -3.01421e-06
0 0 0
-3.43687 1.14213 -4.60783e-06
-3.10561 1.12303 -4.64545e-06
-11.2734 1.13702 -8.31218e-06
-3.16223 1.11671 -4.98487e-06
-4.28081 1.12035 -5.49824e-06
-4.25853 1.11905 -4.61834e-06
3.11155 1.11758 -1.68998e-06
-2.24077 1.12368 -6.95021e-06
-2.58803 1.11764 -5.46676e-06
0.0535144 1.13677 -4.33065e-06
-7.7633 1.14988 -7.15429e-06
-0.203109 1.08983 -3.3499e-06
2.20891 1.09273 -5.72648e-06
1.102 1.09233 -4.71135e-06
4.70161 1.08254 -5.46923e-06
-2.01831 1.09474 -5.76501e-06
0.311387 1.0856 -4.93849e-06
-9.61814 1.09348 -8.74348e-06
0.895706 1.07891 -5.3002e-06
-3.06766 1.07351 -6.09424e-06
-2.84779 1.0634 -4.48392e-06
3.76143 1.06444 -2.88313e-06
0 0 0
3.35185 1.05731 -1.83288e-06
-0.3451 1.07275 -5.35554e-06
0.958425 1.07086 -5.0793e-06
-1.30532 1.07226 -4.30156e-06
2.52806 1.07162 -4.32086e-06
1.50466 1.07179 -2.60822e-06
-0.998169 1.06397 -4.84558e-06
5.95482 1.06676 1.76443e-07
-1.31228 1.07626 -2.0973e-06
-6.40175 1.07926 -3.84757e-06
0 0 0
2.67467 1.06057 -2.17778e-06
1.7018 1.07217 -4.86414e-06
1.59326 1.07142 -3.65672e-06
2.33734 1.06666 -4.30543e-06
-2.16638 1.07646 -6.40027e-06
7.53025 1.06438 -3.69309e-06
1.36485 1.05946 -3.61306e-06
1.53037 1.08994 -2.93976e-06
5.62151 1.06945 -5.05403e-06
3.422 1.08024 -3.85352e-06
10.2453 1.07824 -4.87566e-06
-2.25177 1.10726 -3.5084e-06
-6.92078 1.1132 -7.14305e-06
-1.23717 1.11587 -5.6379e-06
-1.50639 1.12449 -5.05922e-06
-4.66834 1.12025 -7.23143e-06
-4.56489 1.1183 -5.40619e-06
-4.13169 1.07829 -5.29006e-06
-6.15894 1.09477 -5.33407e-06
-7.94796 1.08325 -4.3314e-06
0 0 0
-12.5023 1.11649 -2.46125e-06
0 0 0
-2.92257 1.09104 -2.16554e-06
-10.2042 1.12174 -4.968e-06
-7.33555 1.11071 -5.33786e-06
-3.66492 1.12055 -5.34121e-06
-8.02231 1.13595 -5.57703e-06
-9.07022 1.12526 -4.65732e-06
-3.41787 1.10953 -4.17429e-06
-4.85246 1.11182 -2.9454e-06
-3.63501 1.12065 -2.02548e-06
-7.7377 1.1226 -6.40725e-06
0 0 0
-11.4723 1.13218 -4.56929e-06
-3.53769 1.11598 -7.10408e-06
-1.74269 1.11854 -4.99486e-06
-2.43569 1.11718 -4.52591e-06
-4.97636 1.12647 -4.28588e-06
-3.57417 1.12506 -6.05332e-06
-2.18477 1.11118 -6.01145e-06
1.13955 1.13228 -7.67115e-06
-4.92336 1.13288 -4.74805e-06
-2.19118 1.14271 -5.42744e-06
0 0 0
-2.49048 1.02358 -2.65141e-06
6.33161 1.00803 -2.26269e-06
7.15309 1.08793 -2.73007e-06
-3.08272 1.101 -6.95199e-06
-1.33447 1.10595 -5.00682e-06
0.190718 1.10784 -5.30778e-06
6.3441 1.09529 -5.15549e-06
-0.104233 1.09968 -3.61214e-06
0.555694 1.10017 -2.97139e-06
-0.5066 1.08326 -4.22787e-06
1.53128 1.08382 -2.965e-06
0 0 0
4.94595 1.07567 -1.24758e-06
-1.9071 1.09155 -3.9964e-06
-5.17553 1.08618 -6.74799e-06
4.10799 1.09462 -4.37261e-06
3.0434 1.08374 -2.3904e-06
1.31569 1.09093 -2.3983e-06
-0.600506 1.08676 -6.6017e-06
-3.35526 1.09551 -6.11189e-06
1.6883 1.07995 -4.63306e-06
-3.50597 1.07997 -5.54824e-06
0 0 0
5.13812 1.06845 -2.39393e-06
1.35177 1.08374 -3.98178e-06
3.57383 1.06242 -2.00886e-06
-0.81848 1.10384 -4.71102e-06
1.90275 1.08788 -5.65032e-06
0.330129 1.14493 -3.78126e-06
4.89104 1.14318 -3.66765e-06
3.6157 1.13165 -4.36392e-06
5.91905 1.12424 -3.53163e-06
8.22663 1.04549 -3.58436e-06
0.967628 1.05548 -3.43529e-06
3.48166 1.08813 -3.09698e-07
-2.29262 1.08769 -3.98805e-06
-2.67467 1.14733 -4.35137e-06
-2.4994 1.14598 -6.62287e-06
-2.6809 1.19676 -5.25349e-06
-7.54005 1.20825 -1.04848e-05
2.04894 1.1377 -3.1299e-06
1.23493 1.14808 -3.65483e-06
1.69843 1.09396 -2.556e-06
-3.31207 1.09812 -3.71917e-06
-2.7585 1.09473 -1.53934e-06
0 0 0
1.2027 1.08497 -1.93961e-06
0.944221 1.08639 -3.00226e-06
-5.64546 1.09611 -5.65704e-06
-5.0598 1.08703 -4.75093e-06
-11.7149 1.10764 -3.93747e-06
-0.897506 1.0896 -2.68269e-06
-2.76396 1.09811 -1.82918e-06
-5.46875 1.12211 -3.92528e-06
-3.52376 1.10767 -5.10745e-06
-4.7083 1.1378 -3.86901e-06
0 0 0
-4.44223 1.12724 -4.33262e-06
-0.336737 1.07793 -3.31792e-06
-3.36296 1.09218 -5.12877e-06
-1.21684 1.06843 -2.3074e-06
0 0 0
1.07237 1.09535 -1.67615e-06
-6.66807 1.09562 -5.80408e-06
-0.685412 1.14146 -4.55783e-06
-4.51749 1.12273 -4.41655e-06
-5.43231 1.12906 -8.39081e-06
4.4386 1.11689 -4.32934e-06
-5.57597 1.13869 -5.82212e-06
-6.70547 1.14162 -9.09089e-06
3.2695 1.13245 -1.8093e-06
-6.1388 1.13524 -7.38186e-06
0.275531 1.14433 -2.01457e-06
-0.052898 1.13624 -2.58562e-06
-1.13145 1.13774 -6.08368e-06
-9.46902 1.12494 -8.11811e-06
-2.3954 1.14589 -6.08977e-06
-11.2926 1.13704 -9.45353e-06
-2.7874 1.12752 -4.30258e-06
0 0 0
0.0967651 1.13028 -4.94647e-06
-1.51248 1.11341 -5.29956e-06
-6.47043 1.12679 -7.01928e-06
0.521843 1.12364 -1.99825e-06
3.06079 1.11583 -2.30455e-06
-0.14347 1.12258 -5.89293e-06
-10.8837 1.11998 -7.92056e-06
1.11898 1.10678 -4.14235e-06
-5.63679 1.12381 -5.8793e-06
-1.75407 1.13116 -3.51508e-06
0 0 0
0.284868 1.10646 -2.55763e-06
0.847342 1.12549 -5.08073e-06
1.46207 1.11539 -3.03619e-06
-2.36307 1.1335 -4.60685e-06
4.34308 1.1246 -1.54101e-06
-2.77686 1.12129 -6.36861e-06
-5.43006 1.12064 -5.34392e-06
0.255801 1.11777 -5.46562e-06
-0.0740104 1.10954 -5.40458e-06
-5.85399 1.11426 -9.52898e-06
3.95907 1.09626 -8.12186e-06
-0.17291 1.13306 -5.2537e-06
-5.82782 1.13327 -6.69439e-06
2.10155 1.1238 -3.28894e-06
-2.71368 1.12245 -4.90911e-06
2.11364 1.12416 -2.73838e-06
1.06777 1.11377 -2.53731e-06
2.1727 1.12496 -2.13871e-06
1.79494 1.12092 -3.77582e-06
-2.39063 1.12557 -2.05688e-06
-1.2786 1.10871 -3.13299e-06
-3.6143 1.12512 -3.96249e-06
0 0 0
-1.53085 1.11901 -5.48899e-07
-0.946945 1.1318 -2.68759e-06
-0.916755 1.11931 -2.93854e-06
-4.9767 1.12608 -4.83371e-06
-2.26785 1.12277 -2.00083e-06
-4.34358 1.13697 -1.18676e-06
2.73846 1.1116 -1.44499e-06
-5.51374 1.13287 -3.59478e-06
1.70232 1.12292 -1.47561e-06
-5.77592 1.12907 -2.98638e-06
0 0 0
-3.32802 1.1256 -1.01844e-06
-2.37286 1.13188 -3.73992e-06
-3.33146 1.12834 -1.91139e-06
-7.03164 1.1438 -4.23554e-06
0.891388 1.12848 -2.9625e-06
-2.70735 1.14619 -2.96885e-06
0.753731 1.14414 -4.27506e-08
-1.44158 1.14581 -7.97464e-07
-0.187098 1.1436 -1.19079e-06
0 0 0
-0.597294 1.16692 -6.29615e-06
3.00228 0.928189 7.67223e-07
10.2953 0.91606 6.56824e-06
-11.8715 1.09319 -7.04059e-06
-2.43803 1.07015 -6.89567e-06
-11.2102 1.08977 -5.55661e-06
-4.64118 1.06883 -8.03356e-06
-23.444 1.08652 -6.25212e-06
-14.684 1.08337 -8.82872e-06
-16.7401 1.08666 -6.61114e-06
-40.0742 1.10159 -1.28027e-05
-28.0841 1.09839 -1.01721e-05
0 0 0
-20.4483 1.09616 -6.57634e-06
-19.62 1.09484 -7.01419e-06
-8.97517 1.0807 -5.84933e-06
-35.3846 1.12076 -8.72269e-06
-38.7934 1.11549 -1.13385e-05
-36.9221 1.12551 -1.00156e-05
-38.3461 1.11736 -1.17039e-05
-17.1187 1.11518 -4.25919e-06
-31.0765 1.13384 -1.0197e-05
-14.2505 1.1171 -7.52572e-06
0 0 0
-35.6768 1.14399 -9.98814e-06
-36.9244 1.12921 -9.08743e-06
-34.8253 1.1355 -9.03996e-06
-40.9413 1.11464 -8.93839e-06
-18.908 1.08692 -8.00587e-06
-35.773 1.11502 -1.15659e-05
-20.276 1.10487 -8.00839e-06
-24.3303 1.15197 -1.02781e-05
-44.9844 1.16114 -1.3913e-05
-43.9578 1.1778 -1.45794e-05
-41.9275 1.1716 -1.20592e-05
-42.3144 1.18167 -1.43718e-05
-40.7971 1.17039 -1.00218e-05
-42.4238 1.16234 -1.1677e-05
-39.0574 1.17124 -1.15761e-05
-37.4541 1.15362 -1.26959e-05
-45.3892 1.14468 -1.01646e-05
-36.8569 1.14749 -1.09862e-05
-41.0795 1.14581 -8.62144e-06
-39.1765 1.14792 -1.00204e-05
-41.7794 1.1449 -1.23855e-05
-43.5565 1.14303 -5.03961e-06
0 0 0
-36.8583 1.14478 -9.70011e-06
-39.885 1.14353 -1.03412e-05
-39.6203 1.13918 -7.03254e-06
-30.6776 1.12502 -8.11995e-06
-43.2051 1.14455 -8.84508e-06
-39.1828 1.14629 -8.61434e-06
-32.4388 1.14018 -9.67974e-06
-45.6015 1.14318 -9.19329e-06
-38.3931 1.13237 -7.78469e-06
-37.0649 1.13949 -8.80708e-06
0 0 0
-31.9066 1.13416 -8.90989e-06
-32.3973 1.13203 -9.58769e-06
-31.4998 1.13946 -9.89852e-06
-34.9771 1.14363 -1.05243e-05
-18.1604 1.12437 -7.33687e-06
-32.9888 1.15009 -1.01923e-05
-24.1219 1.14189 -1.02229e-05
-21.5349 1.1432 -5.17156e-06
-20.1967 1.14776 -9.49443e-06
-28.6663 1.15436 -1.0677e-05
-17.1595 1.14132 -6.54099e-06
-12.1104 1.10456 -6.80318e-06
-0.227644 1.0808 -4.01889e-06
-1.91614 1.08049 -5.57328e-06
-3.11548 1.09894 -6.96927e-06
-4.04153 1.10757 -4.86538e-06
5.18122 1.08007 -3.45611e-06
3.82091 1.08508 -4.09014e-06
-0.63151 1.09378 -2.30592e-06
-2.50984 1.09738 -5.5191e-06
3.54045 1.0781 -1.51588e-06
1.06621 1.08388 -5.15607e-06
0 0 0
0.322948 1.09251 -2.6621e-06
-7.91313 1.09482 -5.20751e-06
-1.47942 1.09458 -3.39666e-06
-3.73549 1.09866 -5.11081e-06
1.30178 1.07669 -3.14268e-06
1.78989 1.08145 -4.3345e-06
-5.43735 1.0851 -4.76363e-06
2.22329 1.08878 -3.81564e-06
-0.665588 1.08927 -4.61133e-06
-2.28463 1.08848 -5.70802e-06
0 0 0
4.19896 1.08149 -2.69167e-06
-0.0875047 1.09968 -5.06681e-06
0.0224377 1.09037 -5.13072e-06
-0.194931 1.09866 -6.6289e-06
-1.98736 1.08669 -5.40464e-06
2.30423 1.08621 -3.86341e-06
-2.94528 1.09209 -7.01766e-06
6.82512 1.09221 -2.51249e-06
-0.486757 1.09077 -4.80997e-06
3.59674 1.09585 -5.9296e-06
-0.246157 1.10561 -7.25795e-06
-2.56501 1.1257 -5.72797e-06
-1.69064 1.11005 -2.15723e-06
-5.18665 1.11796 -5.46528e-06
1.26302 1.11046 -3.57701e-07
-5.06865 1.11696 -5.32895e-06
-3.20423 1.11841 -2.86107e-06
-3.96467 1.06753 -2.9461e-06
-1.58277 1.07899 -4.1872e-06
-4.91444 1.05386 -3.35286e-06
0 0 0
-6.62114 1.10236 -3.72163e-06
0 0 0
-1.04616 1.08355 -1.05664e-07
-7.65037 1.11187 -5.10474e-06
-2.55592 1.11069 -1.41503e-06
-3.30667 1.1066 -5.43095e-06
-10.9948 1.12765 -6.79601e-06
-9.41153 1.12172 -3.7472e-06
-4.30504 1.10915 -5.21614e-06
1.42071 1.09629 4.15465e-07
-3.85781 1.10709 -3.2196e-06
-7.83511 1.1101 -3.82658e-06
0 0 0
-2.87983 1.10057 -9.2423e-07
-3.92818 1.0918 -2.88156e-06
-6.84915 1.12307 -2.4443e-06
-4.47008 1.11848 -2.2099e-06
-5.17015 1.12636 -6.52586e-06
-4.67914 1.13244 -4.90306e-06
-4.63593 1.11813 -3.61237e-06
-4.1057 1.1334 -5.28427e-06
-11.3662 1.12704 -8.81117e-06
-0.949259 1.14929 -4.23474e-06
-1.82151 1.13203 -5.26151e-06
9.11255 0.942428 1.67117e-06
2.621 0.975838 -5.68497e-06
-1.6852 1.10978 -5.90401e-06
-0.263052 1.10265 -4.00255e-06
5.03266 1.09948 -5.4902e-06
4.51057 1.08686 -3.72281e-06
-4.0803 1.10016 -7.15257e-06
-3.08799 1.09119 -5.87505e-06
2.35903 1.09611 -3.77712e-06
-2.16774 1.09608 -5.15024e-06
2.91602 1.09907 -3.60884e-06
0 0 0
0.873715 1.10149 -2.87828e-06
-2.0899 1.10541 -6.63605e-06
3.788 1.08986 -2.92954e-06
-3.68752 1.11543 -7.78118e-06
-2.00167 1.10682 -4.95589e-06
-4.50665 1.12337 -5.15758e-06
3.02368 1.10843 -3.76059e-06
-1.69623 1.11759 -5.23219e-06
2.46409 1.11372 -1.7558e-06
-3.94807 1.14649 -5.32314e-06
0 0 0
2.34405 1.1251 -2.31873e-06
1.50082 1.11906 -4.49815e-06
-4.00747 1.14658 -7.34057e-06
0.0467362 1.10751 -4.80809e-06
1.40851 1.09128 -4.69255e-06
-1.1784 1.10888 -4.45444e-06
2.02509 1.10372 -3.5482e-06
0.167687 1.15423 -6.80331e-06
-4.28703 1.13384 -7.86473e-06
2.57405 1.13753 -4.82046e-06
-0.255728 1.16401 -8.25674e-06
-4.18448 1.14427 -6.13037e-06
-7.75516 1.12748 -8.43265e-06
-2.62334 1.11552 -4.47198e-06
-0.674114 1.10863 -4.3348e-06
-4.34701 1.11924 -5.97235e-06
-5.02872 1.09226 -5.61761e-06
-9.09373 1.11331 -5.25271e-06
2.62921 1.09039 -1.43416e-06
-0.125938 1.10124 -3.92094e-06
-5.64763 1.09871 -3.03415e-06
-11.9615 1.10615 -7.56859e-06
0 0 0
-1.10847 1.11184 -1.22816e-06
-11.3187 1.11386 -6.18546e-06
-1.94301 1.09973 -3.09955e-06
-5.18784 1.1002 -5.09644e-06
-2.64862 1.10495 -3.92076e-06
-3.08684 1.10398 -4.93909e-06
-5.05013 1.1006 -2.67334e-06
-4.13418 1.09739 -3.45579e-06
-5.48231 1.1062 -4.11668e-06
-5.1068 1.1 -5.94707e-06
0 0 0
-8.32111 1.10387 -5.22486e-06
-3.49032 1.10059 -3.07418e-06
-4.94285 1.10261 -5.41386e-06
-1.27996 1.10999 -3.2967e-06
-2.51028 1.11203 -3.51233e-06
-6.95975 1.11808 -4.00115e-06
-1.44231 1.12378 -3.34543e-06
-4.92981 1.13572 -5.87722e-06
-5.33779 1.12699 -4.87859e-06
-6.09875 1.14423 -8.35799e-06
-1.73136 1.13266 -4.08784e-06
-5.72797 1.12651 -3.80496e-06
2.9741 1.1198 -2.60923e-06
-0.968068 1.12085 -6.0243e-06
-1.72637 1.11204 -6.83373e-06
1.38653 1.11466 -2.12351e-06
-6.54463 1.11697 -9.38742e-06
-2.71528 1.08821 -5.94235e-06
-2.72531 1.0859 -5.07082e-06
0 0 0
-0.383557 1.07964 -2.04937e-06
-1.03608 1.0856 -3.08318e-06
0 0 0
-4.74901 1.08933 -3.92837e-06
-1.34987 1.08253 -4.17993e-06
-0.73742 1.08527 -2.09008e-06
-9.16182 1.10569 -9.47008e-06
-0.613736 1.09546 -3.96591e-06
-4.84308 1.10883 -7.34107e-06
-4.54246 1.09969 -6.4712e-06
-2.97739 1.10776 -5.00939e-06
-1.50661 1.09674 -3.46048e-06
-5.90513 1.11264 -4.69329e-06
0 0 0
-2.62727 1.10426 -6.18168e-06
-1.83175 1.10445 -3.41798e-06
-1.04068 1.09377 -4.45736e-06
-2.29913 1.10408 -3.67485e-06
-3.46441 1.09583 -4.32545e-06
-3.16306 1.10562 -5.3737e-06
0.658116 1.10704 -5.72586e-06
-3.73497 1.10908 -4.79851e-06
-3.57538 1.11687 -8.30873e-06
3.69251 1.10844 -6.65341e-06
1.90614 1.114 -6.45013e-06
1.0756 1.13712 -3.69227e-06
-8.47614 1.15833 -7.81917e-06
-15.5966 1.17627 -1.20946e-05
-5.49964 1.14664 -3.89703e-06
-6.56556 1.17371 -5.54924e-06
-4.73471 1.15077 -6.82132e-06
-4.08478 1.16811 -3.71109e-06
-7.2828 1.15559 -5.86801e-06
-7.05615 1.15655 -4.39106e-06
-7.76566 1.14258 -6.47579e-06
-4.65524 1.14955 -6.34191e-06
0 0 0
-7.87116 1.15834 -3.44399e-06
-12.4942 1.1772 -3.44701e-06
-3.22898 1.14414 -5.2345e-06
-8.00398 1.17316 -3.56338e-06
-13.196 1.17505 -5.75876e-06
-0.890864 1.16501 1.24925e-06
-1.99971 1.15188 -2.57504e-06
-4.96126 1.16824 -4.01936e-06
-12.9168 1.16822 -5.41873e-06
-10.8931 1.17285 -7.08629e-06
0 0 0
-5.66603 1.16001 -4.19402e-06
-7.57659 1.16976 -3.98534e-06
-9.45833 1.17371 -5.31785e-06
-9.20388 1.17678 -6.21593e-06
-7.18544 1.1662 -5.12266e-06
-8.39283 1.18012 -6.50758e-06
-6.34906 1.16866 -4.61914e-06
-4.18999 1.18074 -6.25774e-06
-2.02647 1.16159 -2.65973e-06
-3.85181 1.17673 -4.60283e-06
-1.98934 1.17844 -6.19522e-06
-2.26298 1.00847 -2.03977e-06
1.02325 0.997657 -3.40152e-06
-1.87822 1.08377 -5.60153e-06
2.66752 1.07588 -6.43139e-06
-2.076 1.11307 -3.49102e-06
-4.65906 1.10198 -7.27278e-06
0.0691847 1.09321 -4.36848e-07
-0.435096 1.0991 -4.31645e-06
-1.80792 1.08207 -4.7649e-06
-4.83429 1.08894 -5.26433e-06
1.70694 1.07555 -4.32404e-06
0 0 0
-1.46482 1.08927 -3.86671e-06
-3.3442 1.07205 -3.80965e-06
-4.12764 1.08075 -4.94245e-06
-1.75259 1.0781 -5.00786e-06
6.62085 1.05969 -1.61226e-06
-2.70994 1.0772 -3.88436e-06
4.65142 1.06002 -4.48243e-06
0.641603 1.0762 -1.44368e-06
0.134994 1.06982 -4.35862e-06
2.46059 1.07024 -3.89476e-06
0 0 0
-0.221243 1.07322 -2.26897e-06
-1.41358 1.07581 -4.06088e-06
2.49139 1.07404 -4.09257e-06
0.862411 1.09055 -4.65781e-06
-2.66711 1.09655 -2.44528e-06
3.42002 1.11976 -1.67911e-06
1.39567 1.12311 -4.28154e-06
3.0306 1.12584 -2.99727e-06
1.38854 1.12031 -6.20507e-06
-8.20817 1.06748 -9.38842e-06
3.22642 1.0578 -1.11442e-06
-2.38849 1.08748 -4.87182e-06
-3.9961 1.08852 -5.56155e-06
-8.17755 1.15978 -7.59183e-06
-2.75093 1.17002 -2.44535e-06
-7.21898 1.2181 -5.3198e-06
-11.2425 1.21447 -6.75614e-06
-6.27333 1.15343 -5.03335e-06
-11.2207 1.14918 -6.58885e-06
-2.60287 1.09963 -2.26315e-06
-8.75817 1.10431 -3.844e-06
-12.4398 1.10308 -6.92671e-06
0 0 0
-1.28028 1.08522 -9.78868e-07
-10.0517 1.11008 -4.37694e-06
-4.14081 1.09186 -4.77019e-06
-6.1169 1.09435 -5.2708e-06
-3.29411 1.08855 -1.03339e-06
-5.67791 1.08894 -4.13721e-06
-8.51124 1.08737 -3.30851e-06
-10.4364 1.11206 -5.09103e-06
-1.59562 1.09516 -1.68775e-06
-7.41031 1.10372 -5.50043e-06
0 0 0
-8.89679 1.1136 -4.72455e-06
-3.1309 1.09906 -1.09089e-06
-7.70062 1.10082 -4.5245e-06
-8.42683 1.09811 -5.00861e-06
-5.35972 1.09238 -3.10797e-06
-3.34934 1.10335 -4.62988e-06
-5.63082 1.10027 -5.76161e-06
-7.88932 1.11201 -4.82472e-06
-1.15843 1.09272 -2.92021e-06
-2.21009 1.11807 -4.22506e-06
-4.32186 1.10924 -5.45802e-06
-8.28506 1.09999 -6.12344e-06
1.28519 1.09124 -4.65431e-06
0.301954 1.09774 -3.27403e-06
0.483777 1.09887 -4.76292e-06
-4.49462 1.08755 -6.96509e-06
2.85906 1.09155 -1.71537e-06
0.950778 1.09112 -2.71535e-06
-3.28165 1.09024 -3.16567e-06
-1.31941 1.08102 -1.69958e-06
-1.32808 1.07289 -2.3874e-06
-2.0585 1.07945 -1.83875e-06
0 0 0
0.667599 1.05854 -4.1174e-06
-2.18224 1.08041 -4.42586e-06
-2.19965 1.0727 -3.92275e-06
-2.53182 1.08712 -3.73783e-06
-7.72934 1.08877 -6.62502e-06
-1.43048 1.07684 -2.71796e-06
-4.60085 1.07805 -2.7211e-06
-3.06014 1.09037 -3.04249e-06
-2.03256 1.07073 -3.55921e-06
-1.44934 1.08079 -3.41408e-06
0 0 0
1.0247 1.06422 -1.76908e-06
-2.40316 1.07959 -5.20182e-06
-3.42548 1.08151 -3.86698e-06
-1.26946 1.09017 -4.06335e-06
0.321115 1.08574 -3.50793e-06
-2.19785 1.08753 -4.10598e-06
-0.813518 1.08206 -3.30885e-06
-2.54828 1.09139 -4.75678e-06
-0.237804 1.09774 -7.79353e-06
-0.283744 1.09328 -5.15699e-06
-1.92331 1.08896 -4.56196e-06
-4.27601 1.11155 -4.13685e-06
-2.27782 1.09795 -3.96077e-06
-5.7177 1.10535 -6.19393e-06
-5.56438 1.11871 -4.3749e-06
-5.67154 1.12394 -6.65342e-06
-2.25706 1.09387 -4.07214e-06
-8.07688 1.11807 -6.04481e-06
-4.70252 1.10203 -4.58748e-06
-10.8002 1.12635 -6.1299e-06
-7.36563 1.10984 -7.02141e-06
-5.92501 1.10873 -3.36394e-06
0 0 0
-7.66558 1.11302 -2.43181e-06
-4.75886 1.11133 -2.68889e-06
-7.77531 1.10394 -5.7014e-06
-8.0869 1.11404 -5.82771e-06
-4.8638 1.10985 -1.67052e-06
-12.2435 1.12208 -5.13374e-06
-5.88612 1.11201 -4.01718e-06
-12.5729 1.12747 -4.64777e-06
-1.49271 1.0939 -4.42345e-07
-9.40483 1.11466 -4.6863e-06
0 0 0
-7.11207 1.10917 -2.93676e-06
-7.20709 1.11457 -3.83629e-06
-5.59255 1.11125 -5.33524e-06
-3.99567 1.11396 -4.02492e-06
-6.82581 1.09995 -3.50089e-06
-3.57268 1.11835 -1.2713e-06
-5.40028 1.11517 -5.82356e-06
-7.82299 1.12796 -6.51903e-06
-4.61942 1.11022 -5.99668e-06
-0.192463 1.13929 -3.36715e-06
-2.08514 1.11992 -2.06667e-06
0.539399 1.02522 -1.87287e-06
3.06491 1.02973 -1.57137e-06
1.63009 1.09526 -5.32572e-06
-4.24001 1.08657 -6.59993e-06
-0.730983 1.10682 -4.11544e-06
-4.95204 1.11535 -5.08906e-06
-0.127518 1.10782 -5.46176e-06
-0.328214 1.10217 -2.50011e-06
0.604051 1.10873 -4.428e-06
-2.79914 1.1041 -5.0128e-06
0.182158 1.10645 -5.08498e-06
0 0 0
-2.96447 1.10832 -2.45493e-06
-0.972952 1.09175 -2.60858e-06
-6.29971 1.10602 -3.76193e-06
-2.09325 1.09568 -2.60347e-06
5.38449 1.0877 -2.8664e-06
-6.80756 1.10304 -7.88489e-06
-3.24309 1.09606 -5.09675e-06
-4.15541 1.10676 -5.3149e-06
-2.06906 1.09544 -4.5955e-06
2.12429 1.09793 -2.14219e-06
0 0 0
9.01664 1.08222 5.82573e-07
-2.96016 1.10138 -4.49772e-06
-1.2769 1.09803 -3.72851e-06
1.95314 1.10947 -5.58988e-06
0.33613 1.11711 -2.80485e-06
-1.303 1.15351 -4.61858e-06
2.08714 1.14074 -6.66139e-06
-0.73312 1.14392 -5.67239e-06
-8.21571 1.1598 -1.07368e-05
5.79817 1.06457 -1.39855e-06
0.629873 1.0703 -5.83797e-06
-5.03837 1.10225 -5.46829e-06
-0.508376 1.09976 -2.74984e-06
-6.01815 1.18003 -7.97222e-06
-4.67038 1.16431 -6.29668e-06
-4.26397 1.2118 -4.43651e-06
-0.0733127 1.1918 -6.01052e-06
-3.9684 1.1629 -5.41137e-06
-7.28876 1.15761 -6.72438e-06
-5.7277 1.11786 -4.89502e-06
-3.65369 1.09881 -2.68379e-06
-11.3766 1.11665 -7.86133e-06
0 0 0
-5.01337 1.10628 -9.19849e-07
-11.7328 1.11942 -6.06304e-06
-0.937188 1.10213 -4.09724e-06
-2.81398 1.09699 -1.61646e-06
-10.2661 1.10791 -6.34414e-06
-7.7399 1.10497 -3.97649e-06
-6.64178 1.1019 -5.53106e-06
-3.15531 1.09906 -2.7172e-06
-0.720842 1.09958 -3.68908e-06
-5.31934 1.11809 -4.09947e-06
0 0 0
-6.44806 1.11854 -3.43187e-06
-7.30253 1.11844 -4.07462e-06
-5.86371 1.11527 -4.19626e-06
-6.57281 1.10073 -3.9888e-06
-11.3633 1.11742 -6.5924e-06
-5.61407 1.10197 -2.64893e-06
-4.6259 1.10109 -2.10536e-06
-5.86928 1.11387 -4.74796e-06
2.9181 1.08926 -3.14177e-06
-4.80358 1.11586 -6.48863e-06
-5.09026 1.11445 -6.35945e-06
-9.28244 1.08579 -6.91855e-06
3.79188 1.08109 -1.85209e-06
5.85898 1.07175 -3.05642e-06
5.9884 1.06479 -4.86251e-06
0.790643 1.07904 -5.71939e-06
3.63886 1.0617 -2.96437e-06
2.34766 1.06807 -2.9494e-06
-1.80042 1.08758 -6.54385e-06
1.72433 1.08899 -3.42149e-06
0.200257 1.08012 -2.9304e-06
2.11059 1.07858 -4.15609e-06
0 0 0
4.14581 1.07319 -2.20167e-06
-0.662789 1.09074 -3.3354e-06
-1.09981 1.08331 -5.82915e-06
3.56142 1.07535 -4.39434e-06
3.70393 1.08417 -5.79108e-06
-6.20825 1.09312 -8.22836e-06
2.73936 1.07757 -2.58596e-06
4.26431 1.07213 -4.78339e-06
0.249774 1.08121 -3.27163e-06
-1.1149 1.08577 -5.48872e-06
0 0 0
4.59721 1.06642 -3.2338e-06
2.86991 1.08011 -4.57476e-06
1.26555 1.07904 -3.04339e-06
2.46406 1.0923 -4.20612e-06
-1.16199 1.09328 -4.75607e-06
0.523172 1.09936 -5.12474e-06
0.0710419 1.08984 -5.02765e-06
0.393463 1.09709 -6.84022e-06
1.36577 1.08591 -5.37856e-06
3.22867 1.0865 -5.29653e-06
4.11253 1.09967 -2.87284e-06
-1.72717 1.12085 -5.66969e-06
0.15946 1.10984 -6.31305e-06
1.93601 1.10847 -5.32157e-06
-1.59183 1.11931 -2.23049e-06
-3.38674 1.11895 -5.68275e-06
-2.10386 1.1146 -4.40192e-06
-2.55693 1.10704 -3.80409e-06
-3.32523 1.10984 -5.19665e-06
-2.73626 1.10581 -3.17373e-06
-4.68609 1.09983 -3.24223e-06
-5.0912 1.11067 -5.32769e-06
0 0 0
2.71961 1.10186 -1.5659e-06
-0.696991 1.10613 -2.20651e-06
-0.550778 1.10771 -3.20807e-06
0.227981 1.1028 -2.57193e-06
2.91202 1.1158 -1.87614e-07
-10.0876 1.13714 -7.0354e-06
-5.37827 1.11683 -5.5908e-06
-2.7011 1.10442 -2.23261e-06
-2.77773 1.12388 -2.24679e-06
-4.01365 1.10109 -4.13441e-06
0 0 0
0.141772 1.11109 -2.72921e-06
-3.04562 1.10741 -2.89191e-06
-1.88547 1.11837 1.40859e-07
0.5536 1.10114 -2.88396e-06
-4.01398 1.1139 -2.38614e-06
0.082379 1.11239 -4.16755e-06
-0.964399 1.11026 -3.87381e-06
-0.351223 1.115 -1.11731e-06
-1.43708 1.11447 -3.02585e-06
-1.30603 1.12662 -4.57559e-06
0.556453 1.12974 -4.38244e-06
6.29886 0.903707 3.0334e-06
4.76093 0.926005 -1.52984e-06
1.16795 1.08193 -3.97703e-06
2.7326 1.07874 -3.30755e-06
1.02533 1.08416 -4.15737e-06
2.61739 1.07643 -3.24368e-06
2.28439 1.07468 -4.54245e-06
1.05554 1.06679 -5.24218e-06
0.445345 1.07133 -2.87103e-06
1.71243 1.06355 -3.66504e-06
5.91617 1.0586 -2.48025e-06
0 0 0
5.50666 1.07281 -1.0889e-06
2.72014 1.0661 -2.40652e-06
6.28439 1.05812 -2.61257e-06
2.13247 1.0634 -2.03125e-06
1.81569 1.06728 -4.08082e-06
-0.839832 1.08067 -4.42421e-06
0.732795 1.07418 -3.30198e-06
0.814055 1.08202 -3.5279e-06
-0.193351 1.07924 -4.18173e-06
-1.43419 1.10279 -4.2312e-06
0 0 0
4.62172 1.08354 -2.54969e-06
4.83247 1.08584 -3.21681e-06
0.488486 1.10711 -3.56383e-06
-4.3174 1.07628 -6.11319e-06
0.0833821 1.06769 -2.91988e-06
1.55412 1.06813 -4.86665e-06
3.11864 1.07097 -4.77712e-06
2.18815 1.09694 -4.66782e-06
-1.44101 1.09803 -6.55709e-06
0.659625 1.10428 -5.36225e-06
4.66724 1.11522 -7.74239e-06
-0.14956 1.11571 -4.28459e-06
4.74284 1.0901 -4.45962e-06
-2.94756 1.08977 -5.1027e-06
-2.16928 1.08726 -4.5732e-06
-2.07695 1.08463 -5.5866e-06
0.558622 1.07067 -4.77571e-06
-6.4324 1.08966 -6.96091e-06
-3.69221 1.08909 -3.51863e-06
-1.85165 1.08333 -3.46842e-06
-3.19605 1.07612 -3.30481e-06
-5.72328 1.09293 -2.73074e-06
0 0 0
-1.55582 1.08931 -2.60318e-06
-1.12548 1.08201 -3.89126e-06
-2.45437 1.08568 -3.34672e-07
-2.2761 1.08667 -3.14487e-06
-2.58521 1.08482 -1.87643e-06
-1.80459 1.08107 -9.02434e-08
1.19315 1.07896 -2.22167e-06
-2.26217 1.08208 -3.19744e-06
-1.14966 1.07976 -2.61861e-06
-0.0880178 1.0789 -2.0399e-06
0 0 0
5.24404 1.09077 -2.70866e-06
0.476546 1.07755 -2.79843e-06
0.777253 1.09252 -1.98337e-06
-7.37184 1.11778 -5.15827e-06
-3.09264 1.10373 -4.11537e-06
0.341195 1.1015 -2.60615e-06
3.32328 1.09935 -4.1033e-06
-3.23924 1.12147 -5.2192e-06
-2.19647 1.11689 -5.06626e-06
0.142321 1.12205 -4.73851e-06
-8.67305 1.15027 -9.2593e-06
-13.4111 1.11947 -8.4891e-06
-0.260627 1.09552 -5.0226e-06
2.03766 1.09625 -3.40114e-06
3.36584 1.0898 -3.15731e-06
0.180949 1.09653 -4.4705e-06
-0.0453046 1.10599 -4.95104e-06
0.855668 1.10426 -7.56502e-06
-4.95112 1.11775 -6.70974e-06
1.49092 1.10157 -3.44792e-06
-7.05203 1.09506 -6.76345e-06
1.22337 1.10168 -5.86854e-06
0 0 0
1.95039 1.09856 -9.68241e-07
5.64605 1.0843 -3.92224e-06
-2.03783 1.09873 -6.15168e-06
1.34825 1.09605 -1.58834e-06
0.665093 1.08772 -3.11409e-06
0.311774 1.10092 -3.94202e-07
-2.91292 1.09534 -2.91731e-06
-1.18193 1.0845 -2.36497e-06
-0.350317 1.08696 -4.56647e-06
0.652445 1.07909 -5.67627e-06
0 0 0
4.26283 1.07318 1.50384e-06
6.58491 1.08283 -1.44067e-06
4.83899 1.08436 -3.10623e-06
-7.64392 1.10579 -7.18447e-06
0.316522 1.09112 -3.28275e-06
-1.46423 1.09741 -6.16618e-06
-0.246132 1.09496 -5.31453e-06
5.71511 1.07438 -3.48028e-06
1.61028 1.07446 -4.85429e-06
1.33881 1.08862 -7.13272e-06
4.48859 1.09029 -2.53904e-06
-6.07765 1.12151 -7.20363e-06
-1.47181 1.11128 -2.67998e-06
3.77226 1.10566 -3.6902e-06
-1.06964 1.10947 -4.50121e-06
-0.112604 1.10901 -3.81723e-06
-5.18807 1.1062 -4.03002e-06
-5.44036 1.11 -5.18955e-06
-1.99724 1.11012 -2.11463e-06
-6.90197 1.11742 -4.16817e-06
-2.95469 1.09915 -3.14282e-06
2.92854 1.09661 -2.41931e-06
0 0 0
-0.864826 1.09746 -2.19062e-06
-2.11762 1.09573 -4.43507e-06
-4.51748 1.11075 -2.48891e-06
-3.91803 1.11879 -4.357e-06
0.320122 1.12343 -1.45808e-06
-5.51551 1.11973 -2.97353e-06
-1.52735 1.1052 -1.9576e-06
4.06271 1.10143 -2.92698e-06
-3.14079 1.10579 -3.31599e-07
-2.3645 1.1096 -1.66011e-06
0 0 0
0.368646 1.09364 -1.97573e-06
-2.83195 1.11273 -4.04417e-06
-0.864519 1.10696 -5.0803e-06
4.37265 1.09838 -1.32476e-07
-5.84923 1.10103 -6.44336e-06
-5.01471 1.12532 -4.54489e-06
-0.654147 1.11171 -5.45954e-06
0.594722 1.11894 -4.27165e-06
0.739172 1.12097 -5.99104e-06
0.0793775 1.14079 -5.22101e-06
-4.32779 1.14288 -6.13155e-06
5.37873 0.960194 1.12256e-06
1.82586 0.9668 -2.73454e-06
1.85064 1.10977 -3.85735e-06
-1.46645 1.1208 -4.99002e-06
3.0029 1.09995 -3.41125e-06
3.43637 1.09804 -1.53908e-06
1.39264 1.09026 -1.87799e-06
-0.507931 1.09777 -5.5635e-06
1.39424 1.11087 -3.61793e-06
5.11744 1.08426 -1.44273e-06
-4.44918 1.07891 -2.89701e-06
0 0 0
5.07237 1.0693 -1.97521e-06
0 0 0
2.68611 1.06429 -3.94372e-06
4.63764 1.05892 -2.79753e-06
0.817603 1.08809 -4.73139e-06
1.83126 1.10356 -4.04627e-06
-4.11087 1.12184 -4.63844e-06
2.06016 1.12385 -3.53904e-06
-0.492132 1.12302 -6.02724e-06
-2.60418 1.1315 -5.38195e-06
0 0 0
3.3207 1.11688 -4.33407e-06
4.59737 1.12781 -3.93374e-06
1.47707 1.12921 -6.72511e-06
2.21382 1.10318 -4.09216e-06
1.58414 1.09706 -4.43317e-06
6.94085 1.09687 -1.2701e-06
3.1853 1.10508 -3.76768e-06
2.16263 1.15642 -3.93867e-06
3.96199 1.13821 -5.1879e-06
1.08835 1.14462 -6.86211e-06
2.05582 1.14749 -5.66466e-06
-3.78181 1.16738 -6.90126e-06
1.70489 1.14763 -1.7626e-06
-1.39652 1.1425 -4.42707e-06
-0.695957 1.13955 -4.82807e-06
-1.19288 1.13506 -3.65846e-06
2.08442 1.1156 -3.80582e-06
-6.99808 1.12546 -6.02218e-06
-3.94173 1.12881 -3.90417e-06
-2.53889 1.12113 -2.29735e-06
-0.125214 1.1098 -1.41201e-06
2.31935 1.11935 -1.19028e-06
0 0 0
1.7887 1.10579 1.50138e-07
-6.78808 1.12369 -3.18525e-06
-4.08781 1.11903 -2.62417e-06
-6.00958 1.10098 -4.05137e-06
-4.53945 1.12051 -4.0919e-06
-5.74721 1.11891 -1.90846e-06
-7.11177 1.12325 -4.82037e-06
1.84407 1.11105 -3.51272e-06
-4.0108 1.12348 -3.9151e-06
-5.86976 1.10916 -4.20286e-06
0 0 0
-2.06471 1.1215 -2.72307e-07
-4.32771 1.13479 -3.58511e-06
-2.31744 1.12415 -2.10609e-06
-1.70088 1.12187 -4.60415e-06
-5.40168 1.11884 -6.4501e-06
-1.53706 1.13006 -4.27448e-06
-3.23457 1.13331 -6.35831e-06
-1.9823 1.13399 -3.09621e-06
-6.54634 1.13825 -3.3518e-06
-4.1431 1.13506 -6.19357e-06
0.400266 1.12128 -4.56897e-06
0.869801 1.10222 -8.2022e-07
7.53341 1.09081 -4.05928e-06
7.82266 1.09512 -1.12893e-06
1.07723 1.09982 -4.00786e-06
6.48001 1.0987 -2.89099e-06
8.4317 1.07981 -2.86756e-06
5.17047 1.09002 -3.29962e-06
3.21748 1.07299 -5.13769e-06
2.96479 1.07128 2.64201e-07
5.3839 1.06663 -1.91161e-06
-3.4559 1.08269 -4.71664e-06
0 0 0
2.86108 1.06218 -3.19533e-06
1.83022 1.07028 -2.67228e-06
7.50275 1.05641 2.69622e-07
-2.47771 1.09411 -3.35514e-06
1.29276 1.07151 -2.31243e-06
1.67944 1.09572 -3.02896e-06
-4.08421 1.07735 -6.35004e-06
-0.540771 1.08223 -5.35876e-06
0.190045 1.07551 -3.0194e-06
3.05003 1.07524 -1.88352e-06
0 0 0
6.52123 1.05629 -1.60756e-06
3.59522 1.0735 -1.90367e-06
-0.125301 1.07938 -2.50949e-06
2.50204 1.07933 -3.15223e-06
3.9982 1.07566 -1.74299e-06
4.57035 1.08288 -2.44406e-06
4.51429 1.08596 -5.57804e-06
3.76874 1.09194 -5.63879e-06
1.95623 1.08651 -4.00885e-06
0.360764 1.08661 -5.82853e-06
2.44413 1.07427 -5.05433e-06
0.878785 1.11743 -4.88868e-06
-2.50449 1.11012 -6.97055e-06
2.35243 1.11664 -8.60024e-07
-8.12487 1.13181 -7.81434e-06
-2.6977 1.13 -5.55879e-06
0.20672 1.11913 -2.74525e-06
-4.27273 1.11584 -4.0079e-06
4.9452 1.11459 -1.29491e-06
-1.84952 1.12603 -4.43781e-06
1.62133 1.12902 -5.49345e-07
-5.06888 1.12587 -3.66972e-06
0 0 0
-2.42387 1.13116 -3.16083e-06
-4.92707 1.11437 -4.98095e-06
-2.02523 1.12374 8.41334e-07
-4.04311 1.11841 -1.74595e-06
-5.84233 1.11843 -5.19414e-06
-5.04981 1.11938 -3.07776e-06
-5.60915 1.11705 -3.8673e-06
-3.88651 1.11104 -3.1186e-06
-6.47597 1.11367 -3.12989e-06
-9.58578 1.10957 -4.71184e-06
0 0 0
0.134901 1.1161 -1.61554e-06
0.228742 1.11084 -2.00677e-06
-2.56044 1.11831 -1.84415e-06
0.811578 1.10755 -1.22606e-06
-1.59057 1.11491 -3.01505e-06
-0.227083 1.11542 -2.93571e-06
4.7114 1.10948 -7.06532e-07
-3.64364 1.08547 -3.45774e-06
-2.18362 1.10351 -3.47283e-06
0 0 0
-1.1258 1.11051 -1.69245e-06
2.25077 1.00386 -1.06901e-06
3.41699 1.00309 -4.66031e-06
3.31036 1.08302 -3.62845e-06
-1.3099 1.07918 -6.60831e-06
0.485372 1.09838 -3.78969e-06
1.27216 1.0854 -2.80834e-06
2.80658 1.09042 -4.58252e-06
2.63034 1.07809 -2.62534e-06
1.06474 1.09241 -2.83403e-06
0.326765 1.08772 -2.48474e-06
-0.545696 1.09943 -4.00097e-06
0 0 0
7.6166 1.08135 1.73168e-07
1.78999 1.08591 -5.69145e-06
-5.73227 1.0878 -6.03377e-06
-3.16157 1.10239 -3.8731e-06
1.16185 1.08387 -3.58718e-06
-0.632627 1.09021 -4.29998e-06
6.4637 1.06241 -1.60638e-06
1.82519 1.09016 -4.04603e-06
6.99483 1.07408 -1.7602e-06
-2.3203 1.0871 -5.23123e-06
0 0 0
8.90967 1.06689 -3.02715e-06
3.46311 1.08398 -4.48847e-06
2.15201 1.0786 -3.60382e-06
-6.39687 1.12299 -9.32926e-06
7.82461 1.09239 -1.77544e-06
-4.35836 1.15955 -7.32939e-06
7.90179 1.1461 -5.49232e-06
0.599456 1.14971 -6.61715e-06
0.51789 1.14414 -6.40787e-06
4.06315 1.08159 -4.12066e-06
5.5767 1.07141 -2.66485e-06
-7.00425 1.1011 -7.72707e-06
2.46554 1.07283 -4.53035e-06
-9.47073 1.17697 -8.41519e-06
-3.33588 1.15056 -5.16412e-06
-3.97855 1.20486 -5.63186e-06
-0.483037 1.18016 -3.29464e-06
-14.647 1.17575 -1.18165e-05
-0.635634 1.13784 -4.9585e-06
-0.0898047 1.10504 -3.73445e-06
2.66664 1.09217 -3.73699e-06
-0.978944 1.10135 -3.51414e-06
0 0 0
2.14693 1.08568 -4.49157e-07
0.898769 1.11259 -3.74629e-06
0.0920831 1.09997 -2.72411e-06
-1.51254 1.10481 -5.15627e-06
-1.87093 1.09794 -2.33875e-06
-2.19161 1.10219 -8.15196e-07
-1.21891 1.08873 -2.12406e-06
-1.77514 1.10275 -2.42406e-06
-4.77106 1.1004 -4.65339e-06
-2.01351 1.12166 -2.65782e-06
0 0 0
-0.548239 1.10922 -3.41684e-06
2.05282 1.11042 -2.75775e-06
4.14443 1.0925 -1.62842e-06
-1.41015 1.11522 -3.92641e-06
-5.67796 1.10033 -5.77914e-06
-4.84682 1.10853 -4.47147e-06
-1.66688 1.0901 -4.47197e-06
2.37687 1.10197 -3.68098e-06
-2.38059 1.09088 -3.92818e-06
-4.94395 1.11479 -5.73657e-06
3.71177 1.10585 -5.86247e-06
2.23575 1.09118 -2.12875e-06
0.137082 1.0872 -4.52209e-06
-8.09581 1.11525 -8.89585e-06
-1.87464 1.09258 -4.58379e-06
0.0277902 1.10095 -3.37403e-06
-3.8164 1.0918 -4.47962e-06
7.53266 1.07544 -4.14575e-06
0.685901 1.09078 -4.13598e-06
1.10793 1.07715 -2.85074e-06
0.215708 1.07361 -4.5881e-06
0.427316 1.07667 -3.57167e-06
0 0 0
4.02306 1.08012 -1.95495e-06
1.41029 1.07802 -2.64087e-06
-1.52415 1.0831 -3.93881e-06
-3.80379 1.08465 -4.64911e-06
4.28368 1.07822 -2.46956e-06
2.08506 1.08495 -3.32041e-06
1.50797 1.08514 -3.97955e-06
4.08811 1.09008 -3.06877e-06
0.70925 1.11101 -6.24092e-08
0.725041 1.08091 -3.68591e-06
0 0 0
4.49435 1.08045 -1.07512e-06
3.33827 1.08131 -6.42119e-07
0.390591 1.08744 -6.27219e-06
-0.605793 1.10423 -5.36027e-06
3.96089 1.09158 -8.63311e-07
1.6441 1.11006 -4.50685e-06
1.91324 1.10151 -4.76257e-06
2.03751 1.10072 -3.41313e-06
7.65515 1.09806 -2.52467e-06
2.20299 1.10672 -1.64092e-06
3.05384 1.09493 -5.18977e-06
4.95731 1.12197 -5.74768e-06
-2.59997 1.1164 -5.02096e-06
-0.928782 1.14292 -3.68399e-06
-2.78909 1.14087 -5.30596e-06
-4.18634 1.16285 -5.76838e-06
-1.80327 1.13453 -3.97101e-06
-4.07032 1.15626 -3.80404e-06
-0.703839 1.14269 -3.28788e-06
-5.23023 1.15866 -4.64934e-06
-2.16041 1.14751 -4.48141e-06
-6.77573 1.14663 -5.53918e-06
0 0 0
-2.56964 1.15211 -1.40012e-06
-7.03126 1.15538 -5.38995e-06
-7.96558 1.14145 -5.36407e-06
-6.43517 1.14017 -3.19765e-06
-1.5447 1.12455 -4.28117e-06
-1.49866 1.11855 -5.66142e-06
-6.48898 1.12616 -6.16622e-06
-3.73525 1.13007 -5.59505e-06
-3.09265 1.12113 -3.45423e-06
-2.54081 1.13286 -2.77956e-06
0 0 0
-4.72768 1.13911 -5.38574e-06
-1.99125 1.13124 -4.2787e-06
-7.59096 1.14871 -5.02996e-06
-7.18356 1.15174 -2.70503e-06
-4.28264 1.1489 -4.84227e-06
-1.47989 1.13397 -3.79999e-06
-6.13346 1.14623 -6.9506e-06
-2.36938 1.13046 -2.55066e-06
-3.50564 1.12435 -5.44065e-06
-2.66068 1.14196 -4.99796e-06
-4.53915 1.13924 -6.86021e-06
-1.4994 1.03325 -1.91478e-06
4.84533 1.02074 -1.61545e-06
-0.744038 1.10738 -7.85135e-06
-1.85764 1.09561 -6.37355e-06
0.189731 1.10552 -5.04877e-06
2.53649 1.11158 -6.09253e-06
-2.16397 1.10406 -6.58481e-06
-0.363565 1.0942 -4.60021e-06
1.73952 1.09764 -4.92324e-06
-0.00321386 1.08527 -4.37806e-06
-0.631828 1.10752 -5.24952e-06
0 0 0
2.14607 1.07866 -2.06891e-06
7.35234 1.07674 -3.80611e-06
0.733541 1.08745 -3.00818e-06
4.74394 1.09105 -1.26841e-06
-0.869586 1.08853 -5.02727e-06
6.32101 1.07525 -9.53213e-07
-1.00109 1.07689 -4.22551e-06
-2.47135 1.07631 -5.405e-06
-2.92465 1.08315 -4.92871e-06
-0.71844 1.06461 -5.16901e-06
0 0 0
4.26704 1.06085 -2.86222e-06
3.5466 1.06876 -3.45059e-06
3.0933 1.07519 -2.73214e-07
1.77964 1.09848 -4.37169e-06
0.29457 1.10128 -4.85085e-06
3.62976 1.14601 -3.69886e-06
-0.297139 1.15331 -5.93847e-06
1.04413 1.14218 -5.75731e-06
3.3335 1.13459 -4.86945e-06
2.73147 1.06816 -4.74687e-06
4.07314 1.05438 -4.13534e-06
-1.2383 1.08462 -4.13885e-06
-3.72533 1.07472 -4.57922e-06
-0.931782 1.13682 -6.6635e-06
-2.78069 1.12181 -4.66051e-06
-2.6851 1.18661 -4.01189e-06
-4.84196 1.17196 -7.30992e-06
2.4521 1.1318 -3.02988e-06
-2.48001 1.14534 -2.56019e-06
0.761484 1.0959 -3.33915e-07
2.26286 1.0811 -3.06422e-06
0.638175 1.09717 -3.86391e-06
0 0 0
-0.531602 1.09321 -3.62226e-06
-6.898 1.11452 -6.88653e-06
-2.80981 1.10585 -4.0049e-06
-4.20229 1.11319 -4.17788e-06
-1.76492 1.10085 -1.84691e-06
-5.79059 1.10622 -4.05458e-06
-7.17359 1.10415 -6.51071e-06
-4.69324 1.10439 -5.61735e-06
-10.3778 1.10528 -4.02354e-06
-5.27692 1.11801 -4.46781e-06
0 0 0
-4.72054 1.10989 -2.65902e-06
2.37365 1.10168 -1.71364e-06
-4.97589 1.11157 -3.8509e-06
-4.40252 1.11027 -4.0174e-06
-4.77514 1.10075 -4.75406e-06
-0.0707602 1.10393 -5.44884e-06
-3.68767 1.09373 -3.58866e-06
4.07662 1.09578 -3.6256e-06
4.06764 1.09128 -1.51814e-06
-6.51402 1.12116 -6.28294e-06
2.02764 1.11206 -5.13069e-06
-5.94726 1.10211 -8.27396e-06
8.23138 1.07165 -4.91436e-06
6.38547 1.07041 -2.17499e-06
5.01528 1.07328 -1.77547e-06
8.15686 1.07877 -5.10812e-07
0.254109 1.07472 -5.56006e-06
-0.880793 1.0874 -6.52924e-06
0.282664 1.0877 -3.08685e-06
2.58484 1.08846 -2.71649e-06
2.02889 1.08482 -1.00511e-06
0.0346895 1.08638 -3.86916e-06
0 0 0
3.38333 1.07679 -1.91536e-06
6.98225 1.06718 -1.09275e-06
5.52663 1.06853 -2.13964e-06
-0.132264 1.08101 -2.03813e-06
5.28104 1.06966 -1.93922e-06
4.27809 1.07732 -2.71308e-06
5.6402 1.07145 1.33433e-06
-1.52568 1.07339 -5.51743e-06
1.53254 1.08563 -3.8039e-06
7.58801 1.07854 -3.80542e-06
0 0 0
2.00666 1.0874 -2.47324e-06
0.935064 1.08684 -2.89324e-06
-0.522867 1.08468 -5.48491e-06
2.74354 1.08131 -3.24537e-06
1.50168 1.08179 -3.79342e-06
0.945135 1.0881 -5.72181e-06
8.89002 1.07845 -4.11877e-06
4.72226 1.09371 -3.16113e-06
3.38949 1.08471 -5.77905e-06
2.02279 1.09539 -4.78772e-06
-0.594991 1.09391 -8.05945e-06
1.7329 1.11083 -5.3285e-06
-8.24618 1.12546 -6.29972e-06
4.31512 1.10765 -3.89382e-06
-2.3544 1.12659 -3.95532e-06
2.81753 1.10806 -3.82945e-06
-1.58735 1.11932 -5.57311e-06
1.26106 1.10809 -3.61389e-06
4.23638 1.1036 -3.21611e-06
-12.8602 1.12439 -7.9857e-06
2.17894 1.11007 -3.31182e-06
-3.46682 1.11346 -4.9701e-06
0 0 0
0.204815 1.11616 1.67422e-06
1.72535 1.09627 -4.08228e-06
-3.87719 1.10198 -3.76425e-06
-4.79578 1.10405 -3.96115e-06
-7.82582 1.11415 -4.54306e-06
-2.55941 1.10261 -4.3192e-06
-4.84474 1.09303 -1.96837e-06
-5.0006 1.10638 -4.20862e-06
-2.50489 1.09954 -1.71211e-06
-4.93373 1.10397 -5.75471e-06
0 0 0
-3.94214 1.0899 -4.23163e-06
-2.61913 1.10602 -4.84287e-06
-1.91219 1.09107 -5.51612e-06
-3.95614 1.11136 -5.31382e-06
-1.09486 1.09968 -4.15464e-06
-12.145 1.13137 -7.58433e-06
-2.3136 1.10325 -4.71865e-06
-2.4991 1.12401 -5.10877e-06
2.63611 1.09526 -2.43161e-06
-2.50386 1.12796 -6.37379e-06
2.7204 1.12079 -4.19157e-06
1.64042 0.920354 2.02342e-07
9.44615 0.910566 -1.0676e-06
0.705645 1.07301 -4.9365e-06
6.02874 1.07111 -3.68935e-06
1.80841 1.08449 -4.65767e-06
3.51273 1.06475 -6.04676e-07
1.16128 1.07207 -5.14916e-06
6.38859 1.06754 -1.93414e-06
-1.07194 1.07626 -6.02547e-06
-1.48548 1.06054 -5.1388e-06
-0.631138 1.06591 -3.40673e-06
0 0 0
3.48677 1.0626 -1.49154e-06
-2.07786 1.07357 -4.03871e-06
4.19275 1.06045 -2.96345e-06
0.752934 1.06206 -2.78718e-06
-1.51472 1.06499 -4.09592e-06
-4.92132 1.07067 -3.70369e-06
0.593888 1.06191 -2.56709e-06
-2.71284 1.06628 -5.59741e-06
1.59293 1.06442 -2.84692e-06
-2.00859 1.09773 -5.971e-06
0 0 0
1.04426 1.08261 -2.85439e-06
0.589262 1.10108 -3.91668e-06
-3.40241 1.1123 -6.44754e-06
0.76277 1.07027 -4.11052e-06
0.841213 1.06553 -2.95462e-06
3.86857 1.06791 -4.10859e-06
-1.3637 1.08067 -6.87897e-06
2.44177 1.10331 -3.74274e-06
-0.39982 1.09654 -5.42975e-06
-0.502099 1.10632 -5.49082e-06
2.66967 1.1037 -3.5183e-06
-4.29474 1.12054 -4.18598e-06
-3.87122 1.10996 -5.5877e-06
-5.71945 1.0922 -6.64781e-06
-2.66603 1.09399 -1.88618e-06
1.86286 1.08239 -3.09659e-06
-4.26445 1.08326 -4.0191e-06
-1.15685 1.09534 -5.76216e-06
-2.10065 1.08962 -2.37099e-06
-9.9696 1.11102 -6.38364e-06
-3.81691 1.09276 -2.95983e-06
-3.99836 1.09921 -2.87951e-06
0 0 0
0.251503 1.09243 6.41909e-07
-7.32019 1.09239 -5.24421e-06
-2.6789 1.08124 -4.68238e-06
-7.80123 1.09288 -5.62339e-06
-5.06544 1.08731 -1.75372e-06
-4.80732 1.0854 -4.4529e-06
-6.32432 1.08383 -2.84298e-06
-4.35927 1.09433 -2.47552e-06
-5.86694 1.08305 -2.95529e-06
-1.2028 1.09799 -3.3331e-06
0 0 0
-10.4742 1.10111 -4.20111e-06
0.359303 1.09415 -1.53322e-06
-4.27232 1.09896 -2.00904e-06
-3.37906 1.1054 -2.19256e-06
-1.66103 1.0957 -5.4755e-06
-6.5385 1.10014 -5.58322e-06
4.01283 1.08971 -3.16018e-06
-3.48933 1.10397 -4.56131e-06
-2.00829 1.09494 -7.07176e-07
-7.00484 1.11882 -5.23054e-06
-3.45148 1.11017 -4.96194e-06
-12.2261 1.09861 -5.15709e-06
5.50128 1.07031 -2.29437e-06
7.26652 1.05323 -2.00697e-06
5.78789 1.06144 -5.15872e-06
1.03167 1.0726 -2.99958e-06
1.62243 1.06669 -5.14057e-06
0.319603 1.07129 -4.44258e-06
1.70399 1.06731 -4.23136e-06
1.04898 1.06975 -3.99635e-06
1.39549 1.06533 -3.68452e-06
3.72075 1.06819 -5.32657e-06
0 0 0
-1.61806 1.08191 -3.35532e-06
-0.493442 1.07756 -4.73364e-06
0.219461 1.07249 -3.51352e-06
-2.95138 1.07137 -5.52609e-06
5.27747 1.05887 -3.96928e-06
4.21949 1.06188 -8.61072e-07
3.88239 1.05446 -3.81798e-06
0.567055 1.06782 -2.23951e-06
1.47164 1.06756 -3.19412e-06
1.55131 1.07463 -1.99434e-06
0 0 0
2.59631 1.053 -2.00706e-06
-3.91886 1.07315 -5.48017e-06
1.56201 1.06284 -5.0882e-06
-1.10484 1.06226 -4.90588e-06
-0.146884 1.06647 -3.77933e-06
0.880532 1.06682 -4.66206e-06
2.20443 1.07141 -3.43663e-06
1.64791 1.07272 -5.25535e-06
5.94081 1.05827 -5.25025e-06
0.708141 1.08172 -5.68204e-06
2.82723 1.07196 -5.08609e-06
2.84084 1.09157 -5.73576e-06
3.7114 1.10444 -1.53156e-06
-0.459909 1.10975 -2.84687e-06
-4.59045 1.10217 -4.59795e-06
-2.43737 1.11356 -1.91773e-06
-2.73369 1.10336 -4.49286e-06
-2.42351 1.10452 -3.28046e-06
-1.93591 1.08997 -2.92334e-06
-1.76822 1.09909 -4.08828e-06
-2.90333 1.09132 -1.81272e-06
-2.47954 1.09227 -3.19676e-06
0 0 0
-2.94545 1.10854 -1.5161e-07
-0.309415 1.09911 -1.53987e-06
-6.92758 1.09812 -4.50331e-06
-5.41073 1.08804 -4.19186e-06
-5.25999 1.09817 -4.48712e-06
-10.7747 1.09507 -3.0864e-06
-7.46267 1.10143 -3.08602e-06
-2.49079 1.08553 -3.23045e-06
-5.43296 1.10234 -6.01837e-06
-5.11664 1.07958 -4.2297e-06
0 0 0
-1.76609 1.0942 -1.28241e-06
-6.14267 1.08993 -2.9974e-06
-3.85263 1.09085 -4.23209e-06
-2.21329 1.08285 -2.67591e-06
-6.25193 1.08467 -5.67609e-06
-5.69674 1.09276 -3.19133e-06
-1.13257 1.08963 -3.23929e-06
-4.8653 1.09158 -6.63964e-06
0.982533 1.10143 -3.69937e-06
-4.09014 1.11347 -5.50579e-06
-1.93501 1.10692 -7.00799e-06
5.29796 0.904278 2.76397e-07
7.52072 0.917549 1.76941e-06
5.34389 1.05759 -3.44234e-06
0.0768833 1.07592 -4.34527e-06
0.572299 1.06849 -3.75859e-06
-0.00537313 1.04984 -4.97481e-06
1.24783 1.0536 -2.49117e-06
1.78999 1.05028 -1.94581e-06
0.378581 1.06473 -3.35731e-06
-7.47522 1.04772 -7.33798e-06
0.816621 1.04802 -3.87516e-06
0 0 0
3.39587 1.04555 -2.97565e-06
-0.412473 1.05596 -4.74425e-06
-0.435372 1.06306 -2.78298e-06
3.11002 1.04999 -1.44005e-06
-1.78607 1.0511 -5.73202e-06
1.82441 1.05256 -2.80985e-06
0.821567 1.04359 -2.78286e-06
1.43581 1.05994 -3.14174e-06
-1.82298 1.07607 -4.91849e-06
-0.575176 1.07878 -4.26271e-06
0 0 0
4.83661 1.07381 -1.45737e-06
1.01356 1.08794 -3.66101e-06
-2.51034 1.08599 -4.89713e-06
0.142327 1.06371 -4.31469e-06
1.53279 1.05084 -3.88669e-06
2.20117 1.05363 -1.66137e-06
5.63509 1.05332 -2.64405e-06
0.942446 1.08784 -5.72614e-06
-1.02711 1.08673 -5.86671e-06
-0.467712 1.08263 -6.75239e-06
1.93791 1.0966 -7.15372e-06
-0.705519 1.1054 -5.29277e-06
2.05948 1.08779 -5.494e-06
1.67862 1.07289 -2.1008e-06
-2.48285 1.08832 -4.89393e-06
-0.236444 1.0737 -3.76212e-06
-3.3683 1.0669 -3.28376e-06
2.85393 1.07623 -1.8362e-06
-2.79607 1.07181 -3.60706e-06
-2.53696 1.08337 -3.36346e-06
-5.1866 1.08506 -4.19097e-06
-2.17199 1.07629 -3.93338e-06
0 0 0
-4.63964 1.07821 -4.29805e-06
-4.25664 1.06651 -2.99202e-06
0.355443 1.06161 -2.81605e-06
-3.23655 1.07255 -3.65466e-06
0.157309 1.07384 -1.57707e-06
-5.56187 1.07118 -4.91279e-06
-4.89932 1.06069 -2.60211e-06
-0.791461 1.0556 -1.43134e-06
5.43225 1.05769 -3.53021e-06
-6.27735 1.07076 -4.15746e-06
0 0 0
0.548305 1.07323 -4.98367e-07
-0.569757 1.06349 -6.78038e-07
-0.822908 1.07244 -3.00327e-06
-0.028608 1.08074 -1.70039e-06
-0.981039 1.08405 -3.00087e-06
-4.00137 1.07678 -2.23785e-06
-3.0806 1.08333 -3.42616e-06
2.13435 1.08106 -2.73724e-06
-2.72779 1.07711 -4.07562e-06
-5.66946 1.0855 -6.62948e-06
-0.169762 1.09378 -4.14132e-06
-3.47854 1.0997 -4.66451e-06
5.1855 1.09568 -3.51861e-06
5.39933 1.09276 -7.02263e-06
1.24617 1.09293 -3.89552e-06
1.39793 1.0975 -3.9246e-06
1.76766 1.10136 -5.50165e-06
0.989952 1.08157 -2.62356e-06
1.9371 1.1021 -5.93848e-06
4.76795 1.0942 -3.63886e-06
-0.628057 1.10401 -3.39592e-06
5.52691 1.08885 -9.89211e-07
0 0 0
-2.05088 1.09375 -4.03327e-06
5.89437 1.07605 -3.50592e-06
-0.873809 1.09324 -5.55785e-06
2.13787 1.08099 -3.0907e-06
2.96977 1.0938 -3.12312e-06
0.0774246 1.10609 -3.78187e-06
0.574119 1.10162 -4.67514e-06
-4.23523 1.09685 -5.39123e-06
-1.09182 1.09647 -4.93126e-06
-0.986354 1.09978 -1.31817e-06
0 0 0
1.41884 1.09419 -3.03662e-06
1.75183 1.09431 -4.31786e-06
0.0592586 1.09838 -3.27796e-06
2.21258 1.09479 -1.55983e-06
3.15522 1.09727 -3.47747e-06
0.0284539 1.11489 -4.84727e-06
-0.103206 1.11095 -3.04751e-06
-0.170441 1.10853 -7.03522e-06
0.794768 1.09907 -5.82628e-06
-5.34745 1.11459 -8.37942e-06
1.20518 1.10185 -3.42532e-06
-1.00511 1.10797 -6.56848e-06
-0.0216399 1.11458 -5.73417e-06
-5.08391 1.11893 -6.80073e-06
-5.49676 1.09632 -5.0496e-06
1.81996 1.12466 -3.43689e-06
-0.682224 1.11546 -4.67288e-06
-6.24654 1.14693 -7.44429e-06
-8.17205 1.13575 -6.50884e-06
0.561382 1.14612 -5.41492e-06
-5.99171 1.12953 -6.33661e-06
-13.0865 1.15282 -6.58428e-06
0 0 0
-4.67474 1.14272 -4.18224e-06
0.591123 1.12622 -3.48626e-06
-3.43582 1.12195 -1.46865e-06
-3.44563 1.13062 -2.66712e-06
-5.0597 1.13318 -5.3491e-06
4.05221 1.1131 1.93508e-06
-10.585 1.12461 -6.73337e-06
-5.8025 1.11916 -4.14693e-06
-2.29153 1.12554 -4.57485e-06
-4.47096 1.14367 -4.977e-06
0 0 0
-2.70829 1.12695 -2.84765e-06
-7.81447 1.14848 -6.92679e-06
-3.06903 1.13064 -6.30163e-06
0.293108 1.14864 -4.58193e-06
-5.43781 1.1394 -6.45209e-06
-10.384 1.15656 -7.58156e-06
3.25838 1.11286 -3.71078e-06
-1.88746 1.12117 -5.24803e-06
0 0 0
0.460016 1.11213 -5.07543e-06
-8.37814 1.11926 -3.55661e-06
-5.15061 1.01388 -1.79899e-06
-3.20199 1.01654 -4.96332e-06
-0.46094 1.08293 -5.76528e-06
2.11862 1.08182 -4.66004e-06
-0.748486 1.09753 -5.46005e-06
-2.13192 1.1032 -7.63356e-06
-1.67818 1.0856 -3.66588e-06
1.7889 1.08106 -2.82544e-06
3.51988 1.06033 -2.43157e-06
1.58375 1.06861 -2.06406e-06
-5.61588 1.08639 -4.41549e-06
0 0 0
6.09535 1.06815 -5.48026e-07
-1.58281 1.07431 -4.78053e-06
-2.52175 1.06228 -3.6081e-06
-5.10442 1.07165 -4.28653e-06
0 0 0
-2.42987 1.06832 -2.49074e-06
2.51817 1.04868 -3.76841e-06
-4.06491 1.07376 -4.80445e-06
1.26559 1.06695 -3.10584e-06
-3.20433 1.0739 -4.83522e-06
0 0 0
3.68171 1.06367 -1.81394e-06
7.16452 1.0524 -3.43988e-06
0.644336 1.06966 -2.65511e-06
-6.23562 1.09404 -6.46798e-06
0.537489 1.09231 -5.42285e-06
4.70605 1.12827 -2.83188e-06
2.2192 1.13039 -6.77431e-06
0.351482 1.11613 -6.9215e-06
-0.904234 1.12436 -6.38249e-06
1.19583 1.04813 -4.50789e-06
2.71251 1.0438 -5.49726e-06
-1.78695 1.07276 -6.04334e-06
-0.900382 1.0801 -3.69691e-06
-1.17124 1.12972 -4.21303e-06
-3.38954 1.14143 -5.1395e-06
-5.84653 1.18962 -8.26368e-06
-5.58633 1.17976 -7.71111e-06
-8.2176 1.14847 -5.61622e-06
-2.31368 1.14372 -6.04436e-06
-5.08495 1.10288 -5.06996e-06
-4.77619 1.08936 -3.18043e-06
-3.54848 1.09804 -3.63892e-06
0 0 0
0.0385251 1.09038 3.00865e-07
-6.64009 1.1181 -4.04411e-06
-3.00114 1.10321 -4.08578e-06
-5.26291 1.12161 -3.62045e-06
-5.09385 1.1103 -2.64266e-06
-3.9919 1.10106 -4.4582e-06
1.74602 1.10314 -1.30787e-06
-6.85951 1.10563 -3.92198e-06
1.85954 1.07932 -3.31516e-06
-6.82265 1.11344 -5.44995e-06
0 0 0
1.11525 1.09007 -1.48415e-06
-8.1417 1.11164 -5.52399e-06
-4.16025 1.10696 -2.16593e-06
-0.600287 1.09787 -3.84265e-06
-3.61035 1.10902 -5.39943e-06
1.73325 1.10039 -4.3702e-06
-8.18051 1.12561 -4.666e-06
-7.7932 1.10471 -8.63886e-06
-1.91103 1.10595 -5.89148e-06
-3.38658 1.10457 -3.64136e-06
-2.10821 1.10254 -4.51992e-06
-3.96326 1.04649 -1.36238e-06
0 0 0
-0.129682 1.07381 -3.62027e-06
0.695585 1.05844 -2.72082e-06
-0.487506 1.08587 -4.35191e-06
1.346 1.07542 -3.09232e-06
-3.28773 1.09088 -5.25049e-06
-0.887107 1.07816 -4.91999e-06
0.365855 1.08997 -2.88104e-06
-1.58019 1.08376 -3.25337e-06
-8.57235 1.10243 -6.20064e-06
0 0 0
1.34758 1.0866 -2.38177e-06
-1.6522 1.08188 -3.45639e-06
0.694594 1.06659 -2.94293e-06
-2.03638 1.04864 -2.82658e-06
-7.78106 1.06188 -6.19346e-06
-5.79239 1.05091 -4.05019e-06
0 0 0
2.11933 1.06926 -2.56966e-06
0.527045 1.04589 -2.41534e-06
5.83057 1.05826 -2.78944e-06
0 0 0
4.62012 1.06641 4.34705e-07
-1.36878 1.07687 -5.30239e-06
-5.16633 1.07963 -3.90489e-06
5.7583 1.06756 -2.42346e-06
4.07643 1.06064 -3.92095e-06
2.42063 1.07016 -4.47237e-06
1.52355 1.07924 -3.48841e-06
-0.980198 1.04394 -4.743e-06
4.13382 1.05564 -3.36661e-06
5.96011 1.03872 -3.73514e-06
0 0 0
-1.43868 1.10216 -3.62096e-06
-3.82758 1.08956 -6.49175e-06
3.46017 1.00742 -1.36428e-06
-1.80437 1.11298 -3.38987e-06
-1.18293 1.10811 -3.85007e-06
-6.37351 1.11256 -5.37828e-06
-0.30089 1.1126 -2.56466e-06
-4.72583 1.12151 -4.60379e-06
-5.0409 1.11499 -5.72901e-06
0.216607 1.11085 -4.32122e-06
0.551616 1.1218 2.68033e-06
0 0 0
-12.1967 1.13683 -6.97178e-06
-4.89714 1.12607 -2.65886e-06
0.0482123 1.11876 -4.90333e-06
-1.17595 1.11395 -2.05486e-06
-7.67683 1.13986 -4.10402e-06
2.15867 1.11323 -4.37624e-06
-8.07143 1.13409 -5.04536e-06
-1.93477 1.11641 -2.40997e-06
-4.13669 1.11767 -4.46758e-06
-3.02579 1.10528 -4.27279e-06
0 0 0
-7.12316 1.12273 -5.71524e-06
-5.86819 1.11557 -3.43177e-06
-2.16017 1.11178 -3.88607e-06
-1.48276 1.11542 -2.20113e-06
0.866377 1.09524 -1.85257e-06
-2.17067 1.11781 -3.49689e-06
-0.299446 1.11534 -2.44681e-06
1.60726 1.11748 -1.48972e-06
-2.77677 1.12135 -6.355e-06
1.95129 1.11914 -5.18547e-06
-4.69836 1.12845 -6.31086e-06
-2.60052 1.03914 -7.13325e-07
-0.22103 1.05584 -3.93153e-06
0.109096 1.09664 -3.25915e-06
5.96987 1.09109 -4.31114e-06
1.59623 1.10315 -4.0553e-06
1.97017 1.09594 -4.33656e-06
1.59633 1.08696 -4.31212e-06
-0.650752 1.09515 -3.7992e-06
0.834421 1.09481 -4.71773e-06
-1.90789 1.09832 -3.91988e-06
-1.33483 1.09239 -4.2741e-06
0 0 0
3.32362 1.08653 -2.13259e-06
3.79482 1.07977 -1.76282e-06
-1.46183 1.09017 -5.28238e-06
-2.06163 1.08276 -2.87787e-06
0.0235225 1.08674 -4.18504e-06
-1.45787 1.06241 -4.20119e-06
3.28434 1.05462 -1.84671e-06
1.23684 1.03291 -1.66248e-06
0 0 0
2.52908 1.05947 -2.61609e-06
0 0 0
4.43875 1.04582 -3.92212e-07
-2.78229 1.09988 -7.21255e-06
0.0646148 1.08476 -4.19144e-06
-0.446947 1.10467 -4.28973e-06
1.45234 1.10557 -5.60029e-06
1.48068 1.14467 -5.50651e-06
-5.62904 1.16134 -9.45722e-06
0.818175 1.14073 -5.42738e-06
-2.02675 1.14585 -6.35234e-06
0.671767 1.07215 -5.80589e-06
3.79367 1.07515 -4.25774e-06
-1.69076 1.09045 -5.25073e-06
-2.21739 1.09672 -2.94339e-06
-1.37522 1.14773 -5.02576e-06
-1.62665 1.16493 -5.40051e-06
-9.30768 1.20889 -7.38112e-06
-5.20926 1.20438 -6.67324e-06
-4.94754 1.13889 -5.56966e-06
-5.4219 1.12136 -3.94133e-06
-5.47416 1.04122 -2.57459e-06
0 0 0
4.59013 1.01753 1.1955e-06
0 0 0
0 0 0
-2.24399 1.07073 -2.55598e-06
0 0 0
0.522182 1.06872 -5.21859e-07
-1.34405 1.06713 -3.80214e-06
-5.3548 1.08445 -4.44046e-06
0 0 0
-3.44873 1.09562 -2.38502e-06
0.50068 1.07665 -1.69412e-06
-1.72985 1.09364 -2.12062e-06
0 0 0
-5.79695 1.11828 -3.63713e-06
-0.472302 1.08663 -1.42426e-06
-10.0052 1.10692 -3.27493e-06
-10.564 1.09311 -5.01167e-06
0 0 0
-5.04785 1.13115 -6.18881e-06
-2.5177 1.11398 -5.60253e-06
-7.6394 1.13311 -5.80427e-06
-2.49902 1.12598 -4.02675e-06
3.1061 1.08699 -2.61601e-06
-2.01918 1.11499 -4.53337e-06
-8.61028 1.11259 -8.07599e-06
3.95898 1.09435 -5.04764e-06
-0.729706 1.09254 -6.05664e-06
-0.74951 1.09956 -5.35868e-06
-2.58051 1.09434 -5.61259e-06
-2.81215 1.09673 -7.32451e-06
1.16879 1.09667 -3.6738e-06
1.22777 1.0916 -4.71611e-06
-2.55064 1.08851 -6.1676e-06
-7.05306 1.08892 -8.06022e-06
-0.78595 1.09381 -6.05723e-06
0 0 0
0.588453 1.08802 -3.90788e-06
-7.21185 1.09118 -7.24896e-06
-3.25042 1.08739 -4.03478e-06
-4.66001 1.09953 -3.81655e-06
3.93923 1.08514 -3.13926e-06
-6.65327 1.09945 -7.30549e-06
1.34382 1.0833 -2.02455e-06
-1.80565 1.0901 -3.72111e-06
-8.05492 1.10233 -7.29072e-06
-0.383367 1.08814 -5.49788e-06
0 0 0
0.366876 1.08674 -1.5174e-06
-0.859857 1.08423 -5.144e-06
-4.04504 1.09159 -6.23851e-06
0.843053 1.09619 -5.98332e-06
5.17651 1.07813 -2.9922e-06
-6.21738 1.08907 -8.60334e-06
-1.29123 1.09232 -5.26769e-06
-1.41401 1.09107 -6.0765e-06
0.436914 1.08821 -6.78904e-06
0.238741 1.10432 -5.01131e-06
6.58356 1.09107 -5.72936e-06
-3.43944 1.12079 -6.52944e-06
-3.15305 1.11588 -6.047e-06
0.230234 1.10626 -4.18817e-06
-4.7639 1.12588 -7.633e-06
2.81118 1.11371 -5.00159e-06
-3.60296 1.11816 -4.04955e-06
1.98289 1.12008 -4.90961e-06
-3.43094 1.12091 -1.02453e-06
-4.81551 1.13487 -4.22618e-06
-4.67502 1.11644 -4.26981e-06
-1.35315 1.1259 -6.57302e-06
0 0 0
-12.9019 1.14574 -6.43473e-06
-6.77102 1.13381 -4.20775e-06
0.872643 1.11992 -3.70622e-06
-4.84529 1.14175 -5.28616e-06
-3.82392 1.13336 -4.16087e-06
-6.32856 1.14316 -5.35508e-06
-4.19112 1.12647 -5.16621e-06
-4.06083 1.13268 -3.60884e-06
-6.79766 1.13334 -3.12106e-06
-3.98312 1.12147 -1.94787e-06
0 0 0
0.441774 1.11195 -2.80793e-06
-5.49532 1.13352 -4.53497e-06
-2.2341 1.11433 -4.70568e-06
-6.8182 1.14084 -6.02653e-06
-1.85007 1.11047 -3.53964e-06
-6.59338 1.12972 -6.05162e-06
-2.52565 1.12724 -4.89085e-06
-3.11634 1.1441 -6.79144e-06
-5.81745 1.12672 -6.15062e-06
-12.7107 1.16496 -7.70758e-06
-3.83957 1.14616 -7.98161e-06
-3.96022 0.925611 -2.53698e-06
1.29389 0.92772 -3.27822e-06
2.04587 1.06777 -5.35348e-06
0.638982 1.08326 -4.40116e-06
-8.20649 1.08504 -6.87807e-06
2.61909 1.06095 -3.5348e-06
-0.363037 1.07111 -4.47728e-06
2.47747 1.05427 -3.55706e-06
-0.776725 1.07353 -5.81674e-06
-2.34959 1.06226 -5.80127e-06
3.61307 1.06296 -2.75897e-06
0 0 0
2.97367 1.06489 -1.71403e-06
-6.64625 1.07853 -6.46081e-06
-2.58387 1.06877 -2.62875e-06
0.838925 1.06791 -5.23788e-06
-1.21237 1.07717 -3.71742e-06
-1.33215 1.07668 -5.39179e-06
3.79554 1.06438 -3.1014e-06
-2.7751 1.08056 -4.21936e-06
-1.92712 1.09655 -5.6945e-06
-13.5901 1.12187 -1.0891e-05
0 0 0
1.60444 1.08614 -3.07074e-06
-1.27176 1.10336 -5.31637e-06
-2.78294 1.1141 -5.07456e-06
2.30212 1.07557 -2.18125e-06
0.907124 1.06258 -4.76061e-06
4.47892 1.07428 -5.3869e-06
-3.56081 1.08851 -8.08393e-06
-4.10048 1.10466 -9.38692e-06
4.05132 1.095 -7.18332e-06
1.73163 1.10125 -8.09099e-06
-0.410916 1.11163 -7.70408e-06
-4.12719 1.12717 -6.48944e-06
-5.11739 1.12947 -5.17098e-06
1.38964 1.09466 -1.6049e-06
-6.43694 1.10251 -7.0661e-06
-0.855026 1.0959 -3.702e-06
-1.43453 1.08574 -4.12801e-06
-5.85275 1.09847 -6.81433e-06
-3.67016 1.10402 -3.05366e-06
-3.80869 1.1008 -5.13821e-06
-3.86326 1.0992 -5.10708e-06
-5.85397 1.11043 -4.46928e-06
0 0 0
-2.44211 1.1011 -2.70731e-06
-2.59833 1.09999 -3.22858e-06
-2.99506 1.09069 -4.54373e-06
-3.21768 1.10407 -4.08201e-06
-7.77721 1.10504 -5.00636e-06
-6.24617 1.08997 -4.3533e-06
-6.61226 1.08323 -4.00998e-06
-9.77237 1.09976 -6.12708e-06
-1.17397 1.09377 -5.23034e-07
-2.26782 1.10783 -1.01416e-06
0 0 0
-1.31607 1.10507 -3.35807e-06
-6.5091 1.11957 -5.95204e-06
0.0636493 1.09824 -2.42798e-06
-3.72488 1.12613 -1.78469e-06
-0.219716 1.12065 -2.71889e-06
-5.38098 1.11378 -3.72906e-06
-9.00798 1.11843 -5.85905e-06
-4.23808 1.12184 -4.96723e-06
-0.173117 1.1139 -4.90375e-06
-5.59987 1.13152 -7.53181e-06
-1.43334 1.13652 -8.17463e-06
-1.02464 1.09147 -3.57337e-06
-0.630682 1.08846 -6.2515e-06
-0.899966 1.0836 -5.11408e-06
2.50531 1.08724 -5.18387e-06
2.30516 1.08829 -4.48709e-06
0.820943 1.07384 -3.23771e-06
1.65622 1.0887 -3.76093e-06
1.52702 1.08895 -3.74423e-06
2.77171 1.10486 -3.12564e-06
-2.37517 1.09072 -2.94612e-06
-8.70797 1.09722 -6.1834e-06
0 0 0
1.67438 1.09045 -2.06928e-07
5.23375 1.07897 -3.06023e-07
-4.69612 1.08737 -4.87777e-06
2.4099 1.08654 -5.11167e-06
4.29858 1.07967 -3.16156e-06
0.045164 1.08634 -2.60173e-06
1.8969 1.0865 -6.44589e-06
-0.295149 1.08615 -2.10591e-06
0.131978 1.08876 -4.55873e-06
-2.16244 1.09008 -4.77576e-06
0 0 0
-0.267772 1.07848 -4.00974e-06
2.03143 1.0793 -2.1442e-06
-0.25264 1.09576 -1.64974e-06
3.60513 1.08083 -4.20603e-06
1.08201 1.08913 -5.03568e-06
0.30888 1.05137 -2.98999e-06
-0.553099 1.09069 -5.42459e-06
1.29767 1.09184 -4.19445e-06
1.75649 1.08642 -4.92645e-06
2.64255 1.08446 -5.45132e-06
1.92388 1.07696 -6.45068e-06
-5.58179 1.10559 -7.42573e-06
1.17442 1.09901 -3.62751e-06
5.41711 1.08962 -3.64179e-06
-5.46409 1.10083 -4.55122e-06
-2.26015 1.09829 -4.42117e-06
-0.838476 1.09487 -1.89697e-06
-1.14061 1.10129 -4.01689e-06
-11.2054 1.1074 -7.6169e-06
-4.5833 1.12269 -3.27298e-06
3.48074 1.08458 -2.75557e-06
2.70875 1.10281 -4.78494e-07
0 0 0
-2.68789 1.09477 -3.7458e-06
-6.07818 1.09738 -4.54354e-06
-8.75337 1.09618 -5.0309e-06
-0.560876 1.10175 -5.54833e-06
-2.71214 1.09641 -3.22789e-06
-3.31077 1.10732 -8.49421e-07
-3.32313 1.09536 -3.07359e-06
-1.18481 1.10754 -9.60526e-07
-6.99901 1.10701 -4.74007e-06
-4.83988 1.09501 -3.63996e-06
0 0 0
6.32214 1.08772 -1.1533e-06
-0.418869 1.08146 -2.84155e-06
-1.46653 1.11661 -2.00844e-06
-2.23647 1.09818 -6.1426e-06
-4.46754 1.10561 -4.44994e-06
1.1689 1.10246 -1.00174e-06
-1.07122 1.11214 -5.30999e-06
-7.93427 1.12101 -6.31536e-06
-1.44692 1.10564 -2.35976e-06
-17.4266 1.13871 -9.97134e-06
-6.39736 1.11942 -6.3055e-06
-0.548118 0.934357 -5.49775e-07
4.73768 0.948001 3.26792e-07
-2.30122 1.08403 -5.62221e-06
1.81967 1.08731 -2.65609e-06
-2.97343 1.08978 -4.38626e-06
2.07226 1.07525 -1.81076e-06
2.62198 1.07068 -2.12709e-06
-1.34005 1.07735 -3.53978e-06
-0.593443 1.07986 -5.6464e-06
1.18001 1.06906 -4.39444e-06
6.5091 1.06356 -4.45329e-06
0 0 0
-4.5816 1.08076 -5.03501e-06
1.05077 1.07782 -4.33444e-06
-0.840966 1.06867 -5.01814e-06
1.92952 1.07853 -1.7972e-06
-0.437987 1.06921 -4.67345e-06
-7.32816 1.08102 -6.64141e-06
0.428527 1.06257 -3.34256e-06
5.45503 1.06974 -2.42715e-06
-0.80544 1.07626 -3.12248e-06
-1.88186 1.07849 -4.92427e-06
0 0 0
5.76264 1.05804 -2.20222e-06
3.90096 1.05799 -2.19569e-06
0 0 0
3.7429 1.0722 -1.64788e-06
-1.2231 1.05426 -5.35753e-06
1.30447 1.08389 -2.18142e-06
-2.54782 1.08438 -5.78945e-06
1.4297 1.10415 -5.84468e-06
2.11834 1.08851 -5.37499e-06
-0.913232 1.11051 -5.78625e-06
2.71195 1.10628 -6.66644e-06
-8.70232 1.12331 -9.60587e-06
-3.67009 1.10958 -4.193e-06
-1.17911 1.08926 -6.15283e-06
-9.84072 1.1049 -9.3151e-06
-1.6297 1.08482 -2.89133e-06
1.03625 1.07949 -2.89272e-06
3.114 1.07789 -3.07798e-06
-1.63447 1.0844 -2.87171e-06
1.69888 1.086 1.94561e-07
0.348783 1.08781 -2.79734e-06
-4.64793 1.08861 -4.13834e-06
0 0 0
5.6578 1.08373 1.32694e-07
-2.41894 1.08606 1.05167e-06
0.289476 1.07328 -2.33652e-06
-6.68838 1.08586 -3.93699e-06
-4.35735 1.08813 -3.34415e-06
-4.35644 1.07976 -2.72288e-06
-0.457995 1.06801 2.02747e-06
-0.554094 1.06983 -1.17071e-06
-3.55389 1.08398 -1.97118e-06
-1.13473 1.09172 -4.46525e-06
0 0 0
-2.36862 1.09804 -2.81281e-06
3.10928 1.0915 -2.59714e-06
-1.57043 1.09013 -4.98191e-06
-5.01926 1.10796 -4.70799e-06
-1.78474 1.1049 -3.56856e-06
-4.49363 1.10199 -3.35942e-06
-5.38938 1.10415 -6.14964e-06
-4.14864 1.10664 -7.04799e-06
1.55967 1.09249 -4.76198e-06
-2.27189 1.10948 -4.75213e-06
-9.479 1.12195 -7.31629e-06
-0.412774 1.08038 -2.49679e-06
0.436084 1.07799 -6.67413e-06
2.79603 1.081 -3.48483e-06
0.256512 1.08197 -2.98956e-06
0.283119 1.08002 -4.85708e-06
-4.93389 1.07223 -4.38304e-06
-1.1446 1.08139 -3.87779e-06
-2.21064 1.07462 -5.24138e-06
-9.41989 1.10156 -1.12905e-05
-5.96009 1.07804 -5.79876e-06
0.791915 1.08775 -5.84212e-06
0 0 0
3.31756 1.07847 -1.12181e-06
-3.26456 1.08388 -4.06137e-06
-2.11001 1.07658 -6.04213e-06
-2.2111 1.0712 -3.78725e-06
-9.37021 1.08081 -7.2287e-06
0.258415 1.07575 -4.6201e-06
3.92031 1.06674 -3.76475e-06
2.11031 1.06866 -2.97543e-06
4.06753 1.06888 -3.83165e-06
0.167399 1.08425 -3.33798e-06
0 0 0
2.13388 1.06935 -4.17385e-06
-0.734769 1.07643 -5.04747e-06
-3.14445 1.07845 -5.19844e-06
-1.46702 1.07441 -5.95879e-06
3.42577 1.07505 -4.35866e-06
-4.07448 1.08789 -6.55458e-06
-0.398882 1.08707 -6.75525e-06
0.889042 1.08537 -5.25341e-06
-1.12288 1.10163 -6.18165e-06
1.95685 1.09793 -4.87782e-06
-2.07169 1.11727 -7.41909e-06
2.31511 1.12252 -6.87213e-06
-4.63043 1.133 -7.58489e-06
-3.35587 1.13947 -6.14411e-06
-3.8367 1.13051 -5.60782e-06
-3.02223 1.13333 -4.07962e-06
-2.0139 1.1295 -4.31901e-06
-10.7521 1.13826 -9.03604e-06
-5.83516 1.14065 -5.42495e-06
-14.0318 1.14061 -8.92276e-06
-1.43549 1.1235 -3.16433e-06
-2.15437 1.11955 -5.09947e-06
0 0 0
-4.6509 1.12351 -4.98826e-06
-8.51162 1.14015 -5.54318e-06
-3.76137 1.14065 -4.92727e-06
-8.75984 1.15672 -4.11965e-06
-7.0623 1.14065 -5.6822e-06
-2.26511 1.14724 -4.88416e-06
-4.76747 1.14234 -2.14902e-06
-4.70575 1.13563 -3.42452e-06
-6.28546 1.12942 -5.3089e-06
0.584343 1.11644 -3.68824e-06
0 0 0
-5.0234 1.11587 -6.58152e-06
-4.87497 1.11629 -3.85811e-06
-2.93826 1.11699 -5.27565e-06
-2.54873 1.10909 1.44117e-07
0.868867 1.10427 -1.7209e-06
-0.444438 1.11563 -3.71547e-06
-2.83123 1.11684 -4.59126e-06
-2.83122 1.13339 -3.37908e-06
-3.85572 1.12024 -3.59142e-06
2.17734 1.12471 -4.85831e-06
-3.32662 1.12497 -4.13976e-06
-7.5644 1.03656 -5.01688e-06
0.306743 1.03419 -4.91725e-06
-0.745444 1.08053 -5.33278e-06
-0.135843 1.09029 -6.38459e-06
1.7124 1.08553 -5.25217e-06
-2.4415 1.07854 -6.97043e-06
2.45648 1.08562 -3.17891e-06
1.83569 1.0755 -5.05372e-06
0.129687 1.09353 -3.22438e-06
2.55083 1.07867 -5.84539e-06
5.30395 1.09294 -3.4792e-06
0 0 0
5.51 1.07674 -3.33864e-06
-8.03022 1.08889 -8.70521e-06
7.82042 1.07039 -2.55685e-06
0.456951 1.08079 -4.91717e-06
3.0729 1.06919 -1.76921e-06
-0.498988 1.07542 -3.30365e-06
-1.18699 1.07061 -4.29465e-06
-0.385025 1.07058 -5.5747e-06
4.83257 1.06094 -3.41402e-06
1.93917 1.06436 -3.2043e-06
0 0 0
8.77781 1.06472 -2.71797e-06
-0.864998 1.07753 -4.78887e-06
1.53261 1.05946 -3.35212e-06
3.47119 1.09836 -6.02525e-06
-2.55313 1.09185 -6.30533e-06
3.66211 1.14192 -2.94542e-06
4.5879 1.12908 -4.351e-06
1.84105 1.12296 -4.74943e-06
-5.67744 1.12386 -8.96743e-06
4.29071 1.06409 -3.3092e-06
4.33672 1.05027 -3.78703e-06
3.71243 1.09127 -3.91182e-06
-1.26091 1.07669 -4.62442e-06
-4.13495 1.16532 -8.73974e-06
1.45614 1.16003 -8.20744e-06
1.40796 1.19475 -3.46499e-06
-2.52819 1.18808 -7.33572e-06
0.410498 1.15544 -4.67814e-06
-3.8961 1.14999 -5.65646e-06
-5.84779 1.09392 -4.6798e-06
-3.4163 1.10581 -5.99886e-06
-10.1093 1.0903 -6.66808e-06
0 0 0
-1.15827 1.0852 -2.03837e-06
-13.1136 1.10522 -5.8503e-06
-8.3316 1.09785 -5.53448e-06
-3.93184 1.11225 -4.06463e-06
1.87955 1.10028 -8.76213e-07
-3.06052 1.11288 -4.76761e-06
-4.82826 1.11105 -3.63549e-06
-5.30802 1.11881 -4.84532e-06
-6.38772 1.10771 -1.59117e-06
-8.81716 1.11157 -4.74334e-06
0 0 0
-2.00226 1.10663 -3.84462e-06
-6.343 1.1109 -4.59592e-06
-3.08639 1.10342 -4.08538e-06
-1.02369 1.12515 -4.39746e-06
-2.03049 1.11992 -1.97907e-06
-3.21712 1.13146 -4.30599e-06
-6.51049 1.13624 -6.31872e-06
-8.07202 1.16036 -3.34262e-06
-5.22178 1.14094 -3.71401e-06
-2.05106 1.13279 -6.7416e-06
-4.86617 1.13957 -5.63586e-06
-1.4041 1.09893 -2.98826e-06
-0.649003 1.08551 -7.43037e-06
4.35378 1.09074 -6.02877e-06
0.45019 1.07375 -3.67107e-06
-6.4594 1.09731 -8.23955e-06
6.7092 1.08144 -1.98775e-06
-7.36059 1.10807 -8.62744e-06
-0.54612 1.08626 -4.88842e-06
-2.10888 1.11155 -5.74354e-06
1.7809 1.08712 -2.91016e-06
7.54199 1.09966 -2.37005e-06
0 0 0
5.25495 1.08705 -2.89324e-06
-0.959216 1.09789 -5.56811e-06
0.536437 1.09371 -4.01667e-06
-4.45537 1.10629 -5.33372e-06
-5.24433 1.10471 -7.34874e-06
-5.96141 1.10713 -6.66123e-06
-6.21537 1.10898 -7.96831e-06
0.303183 1.09804 -4.75211e-06
-3.03661 1.11203 -4.64885e-06
0.229044 1.10939 -3.24714e-06
0 0 0
4.68931 1.10293 -4.76242e-06
-3.71224 1.12351 -4.54364e-06
-9.21004 1.12268 -9.90671e-06
-0.847868 1.12771 -7.65876e-06
1.76975 1.11343 -2.98805e-06
0.060172 1.13271 -3.57987e-06
0.887796 1.11383 -4.83214e-06
1.65043 1.12534 -6.14808e-06
11.5268 1.08604 -3.31184e-06
-2.5332 1.14343 -8.40038e-06
4.65646 1.1071 -4.6094e-06
-1.77404 1.17944 -8.02873e-06
0.827436 1.16266 -4.77095e-06
-1.50221 1.18453 -4.97904e-06
-7.30707 1.18028 -4.56532e-06
-0.955848 1.18191 1.70906e-06
-11.2297 1.1746 -7.24934e-06
-5.28701 1.18364 -5.0126e-06
-9.48759 1.16981 -7.15328e-06
-3.70468 1.16213 -4.91228e-06
-3.41009 1.14284 -7.96308e-06
-9.31474 1.16376 -7.91492e-06
0 0 0
3.21537 1.14093 -2.36807e-07
-7.91713 1.17508 -3.96503e-06
-5.73997 1.15103 -5.87928e-06
-14.1882 1.17593 -9.708e-06
-9.95372 1.15434 -8.44768e-06
-11.8581 1.17282 -7.16558e-06
-5.40774 1.13787 -4.70696e-06
-8.05787 1.16036 -5.55699e-06
-18.8268 1.15289 -8.92501e-06
-4.59278 1.1411 -6.56595e-06
0 0 0
-3.35741 1.13409 -4.64417e-06
-5.15329 1.13694 -3.91499e-06
-5.97358 1.13106 -5.85716e-06
-7.50456 1.16337 -7.03217e-06
-12.3896 1.14143 -6.60738e-06
0.406569 1.13516 -2.5891e-06
-4.32336 1.1279 -2.34725e-06
-3.26121 1.14545 -5.42978e-06
-7.91404 1.14024 -8.68306e-06
-5.08905 1.16013 -7.77887e-06
0.793629 1.14447 -6.70375e-06
-10.2959 1.07825 -6.92293e-06
4.64051 1.06127 -5.27019e-06
0.470016 1.11902 -6.12356e-06
1.03915 1.08629 -6.01258e-06
2.4448 1.09332 -5.62264e-06
4.06781 1.0942 -5.10804e-06
5.48781 1.09627 -3.55764e-06
-4.46135 1.11207 -6.08181e-06
1.58754 1.10159 -4.31206e-06
6.11059 1.09283 -3.73459e-06
5.53906 1.12302 -1.37846e-06
0 0 0
2.04358 1.1111 -1.13188e-07
1.36892 1.11429 -5.51827e-06
0.151612 1.11534 -3.87379e-06
0.80968 1.11377 -5.28576e-06
6.05376 1.11208 -8.27619e-07
-3.2421 1.10339 -4.88677e-06
1.31735 1.09727 -2.17083e-06
2.39755 1.09978 -1.85361e-06
2.44023 1.09006 -4.55655e-06
2.57889 1.09417 -4.5982e-06
0 0 0
6.66902 1.08892 -2.80189e-06
0.888233 1.10138 -5.33855e-06
0.323169 1.09106 -5.10387e-06
1.29673 1.10753 -4.21434e-06
3.07127 1.10768 -2.46572e-06
1.1862 1.15561 -4.12776e-06
1.3082 1.14778 -6.93408e-06
-0.523606 1.14731 -8.67397e-06
1.91904 1.13048 -4.86039e-06
3.42688 1.0824 -3.87162e-06
2.07254 1.06499 -5.12571e-06
-3.43011 1.08761 -6.60243e-06
-9.78257 1.09323 -8.4605e-06
-6.19301 1.16835 -8.58336e-06
-3.66904 1.15405 -4.7886e-06
2.0367 1.19525 -6.0875e-06
0.742268 1.18149 -4.84351e-06
0.0417595 1.16264 -7.06462e-06
-5.54472 1.1792 -6.46291e-06
-4.4703 1.11919 -6.0972e-06
-2.32115 1.10505 -3.12602e-06
0.936024 1.08023 -3.74095e-06
0 0 0
-1.28007 1.0824 -2.60776e-06
-10.5875 1.10656 -6.09541e-06
-2.29694 1.08618 -2.51715e-06
4.44272 1.09412 -2.3157e-06
-3.2482 1.09857 -3.603e-06
-3.15147 1.11114 -3.81935e-06
2.87262 1.0861 -1.80828e-06
-4.72096 1.10372 -6.32568e-06
-4.24123 1.10837 -4.26762e-06
-3.96217 1.11023 -4.079e-06
0 0 0
-2.08381 1.09654 -4.93373e-06
0.0628442 1.09844 -2.35091e-06
-2.49774 1.10468 -4.84153e-06
-16.3359 1.11641 -8.20239e-06
-20.8129 1.13674 -5.75216e-06
-1.25665 1.12599 -5.76745e-07
-10.5752 1.12781 -8.06372e-06
-3.36005 1.1417 -7.5776e-06
0.746517 1.12499 -3.60255e-06
-4.07701 1.14271 -7.73461e-06
1.46891 1.13499 -5.29815e-06
-4.64484 1.09496 -3.75371e-06
2.62696 1.08302 -6.34899e-06
-1.30258 1.07161 -5.70445e-06
-0.966188 1.08728 -3.59955e-06
0.768034 1.07862 -3.41499e-06
-0.476327 1.07062 -5.22733e-06
0.368426 1.06638 -3.55145e-06
2.49671 1.06582 -4.77445e-06
1.35958 1.06719 -3.94678e-06
-6.75701 1.09074 -6.42868e-06
7.88869 1.07387 -3.4593e-06
0 0 0
2.17735 1.08555 -2.51143e-06
3.21657 1.07726 -3.23643e-06
2.8314 1.08517 -4.52708e-06
3.45547 1.08238 -4.45819e-06
-0.898758 1.09896 -6.1278e-06
6.29092 1.08452 -4.30134e-06
-1.21872 1.07841 -5.35586e-06
0.605663 1.07899 -2.76012e-06
3.02677 1.07201 -4.30927e-06
0.594592 1.07642 -3.29909e-06
0 0 0
3.14555 1.07414 -9.29141e-07
4.68462 1.07199 -4.83648e-07
1.67582 1.08589 -3.39757e-06
0.423279 1.08166 -5.46253e-06
5.18306 1.07679 -3.82964e-06
6.49845 1.07638 -4.30134e-06
1.24615 1.07948 -4.013e-06
0.965773 1.08282 -6.34639e-06
5.777 1.07333 -4.26551e-06
0.139744 1.07955 -5.51662e-06
2.58803 1.07248 -4.04207e-06
0.0396109 1.10497 -4.6261e-06
-7.79496 1.10791 -6.5167e-06
3.51828 1.10799 -4.73827e-06
-3.64151 1.11767 -5.99283e-06
-2.97704 1.10795 -4.22578e-06
-1.32329 1.10281 -4.24364e-06
-3.0327 1.11191 -4.25892e-06
-3.91411 1.1133 -3.79603e-06
1.99013 1.1045 -5.64202e-06
1.21044 1.08842 -2.03723e-06
-2.77064 1.09445 -3.44071e-06
0 0 0
5.74507 1.09528 -2.77483e-07
-7.05105 1.09601 -5.40858e-06
-15.2764 1.10392 -8.81975e-06
-0.79769 1.09286 -7.35377e-06
-1.23914 1.10711 -2.72415e-06
-11.026 1.11633 -5.20512e-06
-2.65455 1.09468 -1.21318e-06
-6.18832 1.10477 -2.55304e-06
-2.63322 1.10813 -4.67831e-06
1.49895 1.10049 -5.44426e-06
0 0 0
-2.1668 1.0995 -3.18459e-06
2.31756 1.10266 -2.7717e-06
-1.19125 1.09974 -3.35186e-06
-5.84024 1.1179 -3.55333e-06
-8.08641 1.11408 -4.89997e-06
-6.55543 1.12725 -3.3881e-06
-0.577545 1.11274 -3.45048e-06
-3.67761 1.13243 -4.51572e-06
-9.72546 1.1237 -8.44039e-06
-0.629934 1.1286 -6.27353e-06
-2.59964 1.12388 -6.08655e-06
-1.31738 0.910652 1.61218e-07
3.33775 0.91744 -2.68387e-06
-0.136761 1.05051 -5.91528e-06
8.93038 1.04919 -2.40608e-06
2.18094 1.04918 -4.08623e-06
4.86918 1.03953 -3.70703e-06
3.87964 1.04347 -4.62484e-06
4.94658 1.04812 -2.91683e-06
1.75602 1.0461 -4.73e-06
2.38043 1.03943 -2.67486e-06
1.41799 1.05442 -3.62563e-06
0 0 0
7.76692 1.0492 -2.60971e-06
7.07554 1.04206 -1.3492e-06
6.55799 1.04609 -1.39638e-06
2.49593 1.05057 -1.94249e-06
1.77254 1.05508 -3.64945e-06
4.99386 1.05208 -2.70698e-06
-2.46408 1.05269 -4.80891e-06
-7.95127 1.06751 -5.85493e-06
-2.72296 1.06498 -2.98086e-06
0.784942 1.07852 -3.50192e-06
0 0 0
2.74796 1.07748 -1.79329e-06
-3.03597 1.08815 -5.81613e-06
3.16785 1.0861 -9.75708e-07
0.437927 1.05804 -3.74762e-06
-2.68551 1.04945 -4.8733e-06
3.04188 1.0672 -3.17426e-06
3.95214 1.06846 -5.20301e-06
6.24592 1.0739 -4.66305e-06
4.37536 1.08081 -3.5655e-06
12.3068 1.07422 -3.99566e-06
4.50118 1.07968 -4.63829e-06
7.22699 1.09018 -4.71475e-06
-0.661197 1.08427 -3.20755e-06
3.27539 1.06267 -2.76299e-06
2.61379 1.06539 -1.27689e-06
-0.0305181 1.06599 -1.43774e-06
-1.08261 1.06241 -2.23757e-06
-2.22604 1.0707 -3.23654e-06
0.249548 1.07004 -1.02928e-06
2.01573 1.07978 -3.07843e-06
-2.07223 1.07935 -3.52724e-06
-3.55418 1.08202 -2.56063e-06
0 0 0
-5.61858 1.08559 -6.72829e-07
-0.136179 1.07091 -1.61019e-06
-3.99725 1.07852 -3.7829e-06
-1.81539 1.06222 -4.89677e-07
-0.927302 1.08558 -4.49358e-07
-1.35837 1.07478 -2.26692e-06
-5.19329 1.06878 -4.12063e-06
-2.82768 1.0661 -2.81236e-06
-0.248085 1.06684 -2.17519e-06
-8.15825 1.08756 -5.08123e-06
0 0 0
-1.85718 1.0753 -2.38557e-06
-8.52532 1.08879 -4.57076e-06
1.4495 1.08584 -3.63172e-06
-2.81817 1.07393 -3.32289e-06
-0.220757 1.07307 -4.1435e-06
-1.28365 1.07598 -2.79694e-06
-2.52045 1.09181 -4.12148e-06
6.68986 1.073 6.50399e-08
1.79086 1.07807 -3.6412e-06
-0.666763 1.0934 -4.67269e-06
-2.30984 1.10115 -3.86907e-06
-12.2329 1.13224 -7.33734e-06
7.50606 1.0956 -2.92064e-06
0.28281 1.1066 -4.86314e-06
0.762834 1.11582 -3.40476e-06
-0.652468 1.11735 -4.213e-06
1.60113 1.10373 -3.27035e-06
4.20594 1.11328 -2.7798e-06
-0.600948 1.11751 -6.93518e-06
-5.68781 1.11911 -8.24772e-06
4.77973 1.09354 -2.72526e-06
-1.98674 1.11831 -3.54651e-06
0 0 0
7.17794 1.09576 -2.79472e-06
1.84868 1.10956 -5.11824e-06
4.23973 1.0954 -2.71931e-06
1.05416 1.1113 -4.37454e-06
-7.55312 1.11678 -7.38908e-06
-2.06105 1.10288 -4.95292e-06
5.43275 1.08441 4.17348e-07
-3.12798 1.09886 -4.18411e-06
-0.0102536 1.0908 -4.07509e-06
-8.36817 1.10104 -6.2768e-06
0 0 0
3.7364 1.09026 -2.04735e-06
3.06878 1.09626 -3.54613e-06
0.191367 1.09426 -2.99463e-06
4.32099 1.10208 -4.62679e-06
-1.32541 1.09539 -5.90402e-06
2.15725 1.09441 -5.68647e-06
3.55282 1.09184 -4.62738e-06
4.57024 1.09484 -4.85e-06
-0.632227 1.10048 -5.47633e-06
5.32628 1.10738 -6.92215e-06
-2.99013 1.10532 -7.11753e-06
0.4806 1.14222 -4.70051e-06
-2.08525 1.1268 -3.27926e-06
-3.90303 1.13384 -5.35268e-06
-0.449826 1.12634 -6.27095e-06
-0.499201 1.13785 -3.91244e-06
-0.501096 1.12415 -3.64429e-06
-5.11754 1.12858 -3.87815e-06
-2.50271 1.13623 -4.19117e-06
-4.86132 1.13851 -5.73673e-06
-4.61252 1.12827 -4.28808e-06
-4.59806 1.13687 -3.69215e-06
0 0 0
3.28297 1.12154 -1.42957e-06
-6.64147 1.13608 -3.13209e-06
-10.9876 1.14711 -8.24808e-06
0.851464 1.13372 -2.55688e-06
-5.00216 1.14052 -2.89238e-06
-0.964256 1.12159 -2.51931e-06
-4.84772 1.12271 -1.15872e-06
-6.78454 1.13225 -4.14996e-06
-7.39196 1.1474 -5.74299e-06
-7.4949 1.12948 -6.94473e-06
0 0 0
-5.16194 1.12658 -3.82934e-06
-2.40554 1.11915 -1.01748e-06
-5.98402 1.13619 -3.51702e-06
-8.82073 1.13056 -6.41466e-06
-1.44987 1.11384 -2.17936e-06
-4.50142 1.12526 -4.1759e-06
-6.40397 1.13389 -3.15811e-06
-2.25719 1.13483 -6.0193e-06
-0.0160333 1.13508 -4.81711e-06
-4.30294 1.16953 -6.21031e-06
-5.33036 1.15907 -7.49735e-06
1.91268 0.942231 2.23122e-07
7.02797 0.959165 2.42679e-07
-3.10796 1.09989 -6.86019e-06
5.17936 1.09026 -7.39524e-07
-0.65924 1.09937 -5.62489e-06
6.46332 1.08899 -5.38859e-07
2.67649 1.10154 -1.81143e-06
6.88854 1.09968 1.43509e-06
2.09439 1.10017 -2.18102e-06
6.9329 1.09595 7.1492e-07
0.256846 1.09886 -3.90809e-06
0 0 0
2.48402 1.11632 -3.97187e-06
0.856962 1.11792 -1.74594e-06
4.81121 1.10453 -2.8435e-06
0.24777 1.10697 -3.1295e-06
2.46912 1.11321 -2.98884e-06
1.45044 1.1162 -3.06608e-06
3.92953 1.10089 -2.24997e-06
8.14972 1.10751 1.52568e-06
4.92086 1.12464 4.02036e-07
-1.23126 1.13879 -3.49296e-06
0 0 0
-4.84213 1.15081 -4.61244e-06
1.2774 1.14735 -4.74779e-06
3.14115 1.15648 -5.64693e-06
-0.535243 1.12763 -2.45286e-06
3.73017 1.10655 -1.09067e-06
0.596397 1.11721 -3.43417e-06
1.719 1.12654 -4.38215e-06
0.796373 1.15669 -5.40581e-06
1.27207 1.13418 -3.5528e-06
0.712396 1.15351 -6.35032e-06
4.97691 1.15296 -6.95486e-06
-1.8726 1.15179 -5.89822e-06
1.52416 1.13852 -5.07687e-06
-2.88544 1.10973 -5.27536e-06
2.98314 1.11536 -3.82026e-06
-1.55111 1.11189 -4.54721e-06
-1.96571 1.10817 -2.66019e-06
-0.131601 1.10816 -2.07816e-06
-2.82363 1.12258 -5.16398e-06
1.97501 1.12985 -1.13339e-07
-4.979 1.11397 -2.35027e-06
-2.28737 1.13186 -2.88436e-06
0 0 0
6.60308 1.12649 3.96128e-06
-4.34661 1.11935 -4.69175e-06
-2.54498 1.11837 -2.33177e-06
-0.418387 1.10524 -2.19033e-06
-3.09547 1.12052 -3.74483e-06
-5.19414 1.11276 -4.58048e-06
-0.570652 1.09716 -1.53307e-06
-5.09446 1.1084 -1.39699e-06
-3.03956 1.12203 -4.11297e-06
-6.61842 1.13389 -6.33911e-06
0 0 0
1.20217 1.11838 1.09698e-06
-4.95916 1.12439 -4.48551e-06
-5.94164 1.12929 -5.74386e-06
0.644464 1.12939 9.35482e-07
-3.15165 1.1308 -5.80829e-06
-1.65934 1.12664 -2.00484e-06
2.51578 1.12623 -4.50622e-06
-2.8135 1.13554 -4.77998e-06
-8.31259 1.13454 -8.00068e-06
-3.01694 1.14408 -4.98552e-06
-3.854 1.1519 -4.28881e-06
6.20184 1.08075 -1.97756e-06
3.57569 1.06842 -3.05388e-06
4.88606 1.06505 -1.77947e-06
8.71511 1.05847 2.61217e-07
4.56906 1.07092 -3.70308e-06
-0.722428 1.06672 -6.22454e-06
5.43632 1.06804 -2.64458e-06
4.54332 1.06563 -6.71575e-07
2.49323 1.0645 -9.39843e-07
5.89455 1.05872 -1.6499e-06
2.47159 1.06902 -4.35407e-06
0 0 0
11.0782 1.03953 2.02262e-06
2.95208 1.05505 -2.57256e-06
4.89564 1.05207 -1.51516e-06
-1.59609 1.06926 -3.92428e-06
3.27545 1.06032 -8.4161e-07
2.46507 1.07028 -3.63006e-06
7.68475 1.05605 -5.54879e-07
1.6536 1.07156 -1.43239e-06
1.40494 1.05555 -3.57444e-06
3.51711 1.06541 -3.62894e-06
0 0 0
3.29366 1.06299 -1.64236e-06
3.7752 1.081 -2.24834e-06
0.925589 1.0761 -4.26444e-06
1.00123 1.07822 -3.25108e-06
5.20465 1.06271 -1.51878e-06
1.91697 1.08256 -4.14905e-06
3.1783 1.07325 -1.28589e-06
5.14113 1.06959 -2.76866e-06
3.39216 1.06631 -5.80153e-06
4.2429 1.07305 -2.51425e-06
4.47171 1.08785 -2.27124e-06
-7.26271 1.10439 -6.9807e-06
0.428094 1.08812 -4.80308e-06
-0.828548 1.10424 -5.06805e-06
4.99215 1.09046 -6.56096e-07
8.26491 1.10186 -2.30486e-06
-0.0851532 1.0822 -2.66784e-06
-2.15466 1.08726 -3.19471e-06
0.300101 1.07982 -2.33112e-06
0.272256 1.08948 -1.80482e-06
1.36121 1.08156 -3.52659e-06
1.17853 1.09875 -1.77359e-06
0 0 0
-1.73428 1.09415 -4.08043e-06
5.22433 1.09528 3.56906e-07
0.00675135 1.09554 -1.47892e-06
4.64603 1.09516 -7.68694e-07
6.0949 1.09004 -2.18235e-06
-2.45419 1.09423 -2.68809e-06
2.46842 1.08731 -3.55334e-07
0.24244 1.09754 9.97662e-09
-1.27396 1.09852 -3.16212e-06
-4.55907 1.10323 -3.81231e-06
0 0 0
4.78135 1.08812 9.02971e-07
1.64551 1.09901 1.19485e-06
-0.201343 1.09082 -3.01573e-06
-1.99102 1.09792 -4.32265e-06
-1.30332 1.08837 -1.99082e-06
0.356964 1.09926 -5.21433e-06
0.400699 1.09005 -3.63102e-06
-1.4214 1.11352 -4.75341e-06
3.10096 1.08513 -2.62037e-06
5.19425 1.11212 -3.19328e-06
-0.457788 1.11563 -4.69447e-06
5.84981 1.01969 -1.6061e-06
-2.04643 1.0202 -4.77122e-06
-6.99053 1.07963 -7.11921e-06
1.91883 1.05517 -2.99047e-06
8.28917 1.06031 -4.13763e-06
4.7027 1.06629 -1.59072e-06
3.45131 1.07873 -1.42218e-06
-1.35403 1.08363 -5.13582e-06
2.26848 1.0824 -1.34136e-06
-1.38155 1.07949 -4.19151e-06
-0.659215 1.09887 -3.51516e-06
0 0 0
1.90927 1.08682 -2.65897e-06
4.46554 1.08371 -4.23172e-06
5.47379 1.07677 -1.13129e-06
0.643436 1.09936 -3.08731e-06
0.288084 1.09024 -2.83967e-06
-0.0582266 1.09079 9.6885e-07
0.410867 1.07551 -3.48464e-06
-3.70718 1.08148 -3.06603e-06
0.898547 1.07462 -3.54258e-06
1.8798 1.07592 -4.14143e-06
0 0 0
-7.13149 1.07614 -4.14494e-06
3.76426 1.08232 -2.29676e-06
1.3093 1.08251 -3.89816e-06
-1.81206 1.10432 -5.42943e-06
-0.648379 1.09388 -4.02411e-06
-4.01046 1.13695 -6.80173e-06
0.740743 1.12897 -6.79558e-06
4.17595 1.11528 -2.42282e-06
2.24496 1.11134 -6.01238e-06
1.1308 1.06287 -4.27009e-06
4.2976 1.04514 -1.49029e-06
-0.386843 1.06255 -3.0467e-06
4.03378 1.03882 -2.26012e-06
-0.294548 1.13039 -2.98295e-06
-3.45047 1.13407 -5.76058e-06
-11.612 1.20154 -9.62577e-06
-6.39158 1.18349 -6.52588e-06
-1.59673 1.15227 -4.89201e-06
-3.47416 1.1607 -3.1789e-06
0.919771 1.09994 -1.88853e-06
-0.0541008 1.08916 -3.06707e-06
1.70908 1.07583 -3.98512e-06
0 0 0
0.686773 1.06297 -1.1279e-06
-2.56158 1.07871 -4.23112e-06
-0.487348 1.08652 -3.42512e-07
-2.33828 1.08942 -1.55716e-06
1.18831 1.0881 -1.25657e-06
-0.250705 1.09735 -4.36158e-07
-5.13365 1.08508 -2.97867e-06
-3.49874 1.08961 -2.24442e-06
1.18861 1.07704 -3.75038e-06
-0.587677 1.08794 -5.82158e-07
0 0 0
-6.31825 1.0897 -2.38378e-06
1.94536 1.08662 -9.97902e-07
-0.509131 1.07343 -1.81044e-06
-3.9467 1.09957 -3.30784e-06
-3.22136 1.09179 -4.57942e-06
-6.22735 1.12323 -4.77731e-06
-7.66467 1.0838 -5.77635e-06
-1.50215 1.10607 -7.57711e-07
0 0 0
2.06608 1.09881 -3.78118e-06
-7.41117 1.08854 -7.03964e-06
1.90721 1.06518 -3.82947e-06
1.59089 1.06165 -5.17691e-06
7.73966 1.06054 -3.659e-06
-5.92486 1.07717 -5.98897e-06
2.64601 1.06162 -3.37907e-06
2.62414 1.06446 -4.57626e-06
8.70576 1.06507 2.72033e-07
6.45137 1.06677 -3.11105e-06
9.07179 1.05952 -4.9716e-10
2.0126 1.06173 -2.67232e-06
-5.46596 1.08519 -4.56514e-06
0 0 0
2.02445 1.07734 -3.31051e-06
1.27431 1.0654 -5.34469e-06
3.09444 1.06605 -1.23043e-06
0.71178 1.05999 -3.10558e-06
5.0199 1.0621 -1.35552e-07
-0.45191 1.0689 -1.28023e-06
0.769101 1.06156 -2.7378e-06
1.19232 1.06119 -5.23102e-06
0.916086 1.06477 -2.10012e-06
5.48384 1.0611 -2.67992e-07
0 0 0
8.96889 1.05741 -1.41434e-06
6.93002 1.0505 1.27067e-06
4.38094 1.06903 -2.6793e-06
-1.47224 1.06631 -4.60368e-06
-0.49025 1.07805 -5.87096e-06
2.15137 1.06998 -2.86741e-06
6.1014 1.07303 -9.9709e-07
8.16434 1.05809 -4.13906e-06
3.23498 1.07409 -4.95751e-06
4.77411 1.0626 -5.37675e-06
4.33768 1.07172 -5.69731e-06
0.885976 1.10648 -4.62014e-06
0.86591 1.10338 -6.28618e-06
6.77074 1.08685 -3.38368e-06
-10.3263 1.10096 -8.60859e-06
-0.721002 1.08764 -2.25351e-06
-3.46131 1.0999 -4.65741e-06
-3.0499 1.09451 -2.99848e-06
0.728856 1.09335 -4.69079e-06
0.640907 1.09687 2.97994e-07
-1.7795 1.10009 -5.08512e-06
-1.77719 1.10015 -4.14593e-06
0 0 0
0.214371 1.10486 -1.86731e-06
3.53883 1.09746 -3.5618e-06
-4.48861 1.1101 -4.61335e-06
-5.49842 1.11846 -5.29512e-06
0.699423 1.10753 -3.13451e-06
-5.25283 1.1097 -3.10216e-06
1.60651 1.09898 -3.11662e-06
-5.31342 1.1086 -2.21117e-06
-3.22915 1.10782 -1.81559e-06
-0.353817 1.09964 -2.88565e-06
0 0 0
2.6705 1.10627 -2.18077e-06
-3.74972 1.10663 -3.11184e-06
-2.44641 1.10795 -2.16984e-06
-7.53562 1.09387 -6.35384e-06
-5.43509 1.10429 -4.71668e-06
-9.8332 1.11235 -7.5937e-06
0.973553 1.10732 -4.07251e-06
-3.02762 1.09821 -4.63025e-06
6.63565 1.09149 -2.50511e-06
1.75387 1.10702 -2.19935e-06
-5.20047 1.11766 -3.11599e-06
0 1 0
1.41837 1.01209 -2.38113e-06
6.22336 1.05061 5.54369e-07
3.22615 1.05033 -1.99397e-06
3.82343 1.06814 -1.48697e-06
5.79675 1.06842 -6.08168e-07
5.57562 1.06256 -2.36742e-06
2.94767 1.06852 -6.53711e-07
-0.137123 1.07546 -1.76026e-06
-0.00690432 1.07734 -1.29156e-06
3.46635 1.07498 -2.17379e-06
0 0 0
4.07213 1.07529 2.995e-07
4.04711 1.07083 -1.04808e-06
-4.94076 1.08209 -5.02094e-06
0.0305463 1.08636 -2.08622e-06
-0.438662 1.08162 -4.4305e-06
0.767614 1.08071 -2.25382e-06
1.42469 1.0852 -1.96215e-06
0.805595 1.07396 -1.16569e-06
-0.828432 1.07166 -2.93054e-06
0.882125 1.07298 -9.33897e-07
0 0 0
3.89565 1.06631 -1.04294e-06
2.22785 1.07204 -3.0582e-06
9.28779 1.07231 2.5233e-06
1.60853 1.08602 1.97269e-07
-0.445232 1.10058 -4.1007e-06
10.7484 1.11561 -3.26841e-06
-2.07685 1.13655 -6.66704e-06
2.07401 1.11303 -4.94233e-06
1.88397 1.1249 -4.58931e-06
2.86881 1.04944 -1.96948e-06
4.12453 1.04489 -5.4406e-06
3.08436 1.03466 -1.00489e-06
-0.566224 1.04573 -4.79269e-06
-1.48588 1.10151 -6.1911e-06
-0.332807 1.10315 -5.38177e-06
-3.70559 1.16754 -5.18995e-06
-1.50287 1.15092 -4.48199e-06
5.14894 1.13054 -2.1233e-06
2.67432 1.12042 -1.91304e-06
5.16431 1.0765 1.11463e-06
7.93609 1.06864 1.99861e-06
-0.948547 1.05439 -2.1185e-06
0 0 0
-0.444125 1.05976 -2.90696e-06
-0.507251 1.05563 -1.33262e-06
-2.03398 1.05708 -1.7444e-06
-0.204454 1.06826 -2.8236e-06
-0.0275321 1.07219 -1.17537e-06
-0.996117 1.0749 -1.50467e-06
-0.0887233 1.0749 -2.25381e-06
-0.941261 1.07451 -6.85479e-07
-2.37731 1.06051 -2.19528e-06
1.01425 1.05379 2.01858e-06
0 0 0
2.50677 1.06016 -3.03909e-07
4.60402 1.04143 -1.92379e-06
0.55175 1.06387 -1.29121e-06
0.278547 1.0564 -1.88808e-06
0.45197 1.06194 -1.27619e-06
0.387668 1.07698 -1.02651e-06
8.10369 1.07364 8.62771e-07
2.18105 1.08306 -1.08675e-06
-7.74525 1.08805 -5.20096e-06
-0.583564 1.0906 -4.0738e-06
2.71084 1.08329 -3.44968e-06
-7.33969 1.09371 -6.59557e-06
0.0701865 1.0951 -4.56633e-06
-2.06328 1.09097 -4.13089e-06
3.90331 1.08589 -4.82058e-06
-0.266525 1.10524 -3.804e-06
2.09342 1.10378 -1.56917e-06
4.21421 1.00453 -1.24798e-06
-0.00692602 1.0562 -2.87979e-06
-2.07472 1.08938 -4.32533e-06
-0.616753 1.07798 -6.49347e-06
-1.76911 1.0805 -5.08236e-06
0 0 0
2.11023 1.07866 -2.4537e-06
2.95436 1.06775 -2.0426e-06
-4.43246 1.08317 -6.61835e-06
-8.9969 1.08341 -7.00092e-06
-4.57305 1.08321 -2.31763e-06
-0.563085 1.06861 -3.79759e-06
-4.03181 1.08451 -4.16929e-06
-1.69989 1.07734 -6.04699e-06
-3.53872 1.08843 -4.51954e-06
-0.867068 1.07222 -2.91303e-06
0 0 0
-3.97127 1.07905 -4.1484e-06
-4.77484 1.08721 -3.60504e-06
-2.16627 1.08452 -6.25825e-06
3.541 1.07722 -2.00714e-06
-0.26476 1.07183 -4.63968e-06
-7.23524 1.08729 -6.36467e-06
-1.68735 1.0799 -3.88054e-06
5.87444 1.07732 -3.69518e-06
0.197828 1.06743 -5.58584e-06
-0.19948 1.09351 -5.42973e-06
1.79512 1.09525 -4.96414e-06
1.54761 1.1007 -4.97612e-06
-0.760263 1.10311 -2.44759e-06
-4.66082 1.10078 -4.98507e-06
3.01751 1.1046 -3.05774e-06
-4.30276 1.09787 -5.79517e-06
-6.42426 1.09743 -5.44098e-06
-4.91734 1.09019 -3.30736e-06
-2.94311 1.08835 -1.76376e-06
-0.587223 1.06808 -3.70748e-06
-8.59366 1.08346 -4.59484e-06
-0.977861 1.07425 -2.23704e-06
0 0 0
2.63503 1.07812 1.21992e-06
-6.35242 1.07363 -3.21886e-06
-2.95163 1.06438 -1.85478e-06
0 0 0
-2.14801 1.06952 -2.32766e-06
-9.64354 1.06727 -5.26264e-06
-4.45228 1.08766 -3.82814e-06
-3.69083 1.07765 -5.60624e-06
-3.98615 1.0942 -2.11941e-06
-20.5694 1.05808 -6.73704e-06
0 0 0
-10.0085 1.09697 -4.30146e-06
-4.05279 1.09424 -5.30451e-06
-2.99013 1.09773 -3.31603e-06
-4.90663 1.11012 -5.50926e-06
-3.13461 1.10425 -2.24198e-06
-2.43119 1.10327 -5.0987e-06
-5.68161 1.11265 -3.91753e-06
-5.18096 1.10426 -4.28521e-06
-1.1201 1.10595 -3.81499e-06
-17.4803 1.12187 -9.88567e-06
-1.57994 1.11278 -5.46924e-06
-1.60997 0.961319 -2.09411e-06
10.1923 0.944168 -7.39824e-07
-0.527063 1.10857 -3.91715e-06
-0.635755 1.11458 -4.36157e-06
-5.4821 1.10476 -4.89822e-06
-1.69544 1.08547 -5.27399e-06
1.20288 1.0877 -3.80367e-06
1.63818 1.08295 -5.33836e-06
-0.841219 1.10103 -5.80532e-06
-0.629901 1.07973 -3.41047e-06
-0.598296 1.08906 -3.7259e-06
0 0 0
4.60507 1.07978 -1.71904e-06
-0.877467 1.08859 -2.73395e-06
-0.789536 1.07701 -4.44739e-06
-4.36703 1.09098 -4.5947e-06
-1.37465 1.0821 -3.40527e-06
-1.708 1.09052 -3.55975e-06
-4.96282 1.07715 -5.3555e-06
-0.607389 1.09048 -5.51647e-06
-1.66633 1.08749 -3.01274e-06
-3.15417 1.11386 -5.56028e-06
0 0 0
1.62733 1.11129 -2.01483e-06
-1.09477 1.11141 -2.98064e-06
-3.00235 1.11084 -3.4103e-06
1.39861 1.0988 -4.55364e-06
1.92711 1.07292 -3.55673e-06
6.83929 1.09377 -3.35249e-06
-0.610113 1.1164 -5.25018e-06
2.19136 1.10672 -3.92223e-06
1.73327 1.10182 -4.09449e-06
-3.97526 1.10835 -9.74779e-06
5.63789 1.10711 -4.62978e-06
-2.74004 1.11445 -5.79986e-06
-1.27856 1.10879 -2.2011e-06
-3.34227 1.08645 -4.74192e-06
0.562419 1.09201 -3.04509e-06
-1.3358 1.0924 -4.88682e-06
-0.594493 1.09095 -1.1466e-06
-2.3015 1.0983 -4.1105e-06
-3.10039 1.09092 -4.67741e-06
-5.36428 1.0969 -3.26923e-06
-4.82042 1.09117 -3.21401e-06
2.5368 1.07416 2.32654e-07
0 0 0
0.349467 1.09438 -4.53272e-06
-2.49684 1.08377 -3.67927e-06
0.172196 1.07177 -2.27813e-06
-6.13179 1.08535 -2.79866e-06
1.04236 1.07554 -1.50614e-06
-2.73596 1.07784 -1.50587e-06
2.61293 1.07465 -3.36181e-07
-5.48849 1.08368 -3.56778e-06
-5.1201 1.08928 -2.80399e-06
-3.96718 1.08934 -2.44868e-06
0 0 0
0.851785 1.08063 -1.68633e-06
-5.04969 1.09222 -5.29873e-06
-0.318926 1.07747 -7.23692e-07
-1.79026 1.07554 -2.78481e-06
0 0 0
4.74631 1.09399 6.0168e-08
-2.08814 1.09325 -1.90836e-06
-4.21252 1.12097 -3.95179e-06
-1.29332 1.11509 -2.86439e-06
4.79229 1.11836 -9.90073e-07
-8.47506 1.13481 -6.76156e-06
-5.91471 1.10757 -2.27387e-06
1.7733 1.09405 -4.47552e-06
-3.24985 1.10504 -6.38139e-06
2.19769 1.1062 -4.32296e-06
-1.20639 1.1011 -3.79558e-06
2.37006 1.09595 -4.93778e-06
0.512694 1.09609 -3.38529e-06
-7.76261 1.11364 -8.76087e-06
-0.0174627 1.10039 -4.11881e-06
2.84804 1.09927 -6.56432e-06
-5.39501 1.13225 -3.79295e-06
0 0 0
-2.29171 1.12768 -1.9873e-06
-2.58458 1.11409 -5.21748e-06
-1.54688 1.11418 -4.69588e-06
-1.95438 1.11999 -5.49307e-06
-3.46503 1.11979 -5.64398e-06
-3.84516 1.12933 -6.91474e-06
-1.26941 1.12387 -3.96738e-06
-0.181854 1.11679 -5.15493e-06
-2.01095 1.12846 -8.42105e-07
-3.9523 1.12033 -3.61363e-06
0 0 0
-14.8848 1.13492 -6.99864e-06
-4.05809 1.11689 -5.81895e-06
0.690539 1.10269 -2.93863e-06
-6.57688 1.10313 -4.41738e-06
-1.59025 1.10036 -5.41001e-06
-1.37967 1.12433 -4.67587e-06
-0.795855 1.11073 -6.12555e-06
-0.524015 1.11604 -4.74459e-06
-0.438698 1.11786 -4.44301e-06
5.31588 1.12081 -2.07303e-06
0.655532 1.12099 -6.35505e-06
-3.7105 1.11843 -5.00038e-06
0.448044 1.11611 -5.09617e-06
-2.45896 1.12371 -6.60391e-06
-3.08232 1.12654 -4.27511e-06
-5.48716 1.15242 -5.9158e-06
-0.813868 1.12255 -5.35353e-06
-1.27419 1.06593 -2.92725e-06
-7.80266 1.12326 -6.97682e-06
-6.33916 1.1194 -7.53194e-06
-3.27461 1.10979 -3.68197e-06
-8.3721 1.10728 -5.02999e-06
0 0 0
-2.86037 1.11142 -5.05717e-06
-3.55065 1.11546 -2.2949e-06
-3.86406 1.11224 -4.23997e-06
-2.43284 1.10451 -3.35513e-06
-9.76617 1.12394 -8.09175e-06
-3.50801 1.10626 -3.16355e-06
-6.67314 1.11543 -4.12638e-06
-8.74699 1.13168 -5.97732e-06
-7.22756 1.12279 -4.82033e-06
-5.67383 1.12136 -6.05009e-06
0 0 0
-2.133 1.11544 -3.32384e-06
-3.74821 1.11563 -2.61093e-06
-6.22981 1.12748 -4.56567e-06
-2.87075 1.12974 -5.77606e-06
0.777049 1.12438 -2.3063e-06
-4.78756 1.15445 -2.04963e-06
0.955619 1.13395 -5.60457e-06
-4.42504 1.14414 -6.24376e-06
-5.86646 1.13847 -6.80063e-06
-5.5119 1.15441 -5.14623e-06
-7.1852 1.15662 -7.55028e-06
0.095868 0.950018 -1.1911e-06
4.09471 0.955521 -1.37809e-06
-1.14089 1.09178 -5.23305e-06
2.70718 1.08971 -1.74875e-06
1.77001 1.08762 -4.6981e-06
-0.582804 1.08396 -5.67123e-06
6.33162 1.07265 3.75903e-07
-2.16268 1.10157 -5.28113e-06
7.51892 1.07449 -8.43665e-07
-6.09577 1.0952 -3.6786e-06
6.57474 1.08071 4.96967e-07
0 0 0
5.7917 1.08593 -1.326e-06
-2.27354 1.08366 -4.88118e-06
-0.73419 1.07274 -2.21867e-06
-1.24927 1.07111 -1.87292e-06
-2.97172 1.09098 -4.55955e-06
-3.72653 1.09527 -1.24548e-06
4.61279 1.08718 -2.10631e-06
2.64718 1.0858 -6.00687e-07
4.66611 1.09782 -5.9822e-07
-2.12876 1.12302 -5.50865e-06
0 0 0
2.21938 1.11329 -3.23628e-06
5.57459 1.10876 -4.55646e-06
4.42229 1.11874 -4.08186e-06
0.0433898 1.1087 -4.97237e-06
0.0352291 1.11313 -1.35779e-06
-6.0162 1.12424 -5.39837e-06
0.652252 1.11792 -2.87873e-06
7.36018 1.11462 -3.35347e-06
6.36839 1.11168 -3.2888e-06
2.58708 1.12026 -6.44755e-06
0.92926 1.12723 -4.31862e-06
-2.94259 1.14409 -7.06662e-06
0.818414 1.13401 -5.52092e-06
-1.9349 1.11242 -2.55018e-06
-4.17323 1.11799 -5.05154e-06
-3.97957 1.11877 -4.58412e-06
-5.12402 1.10538 -5.16061e-06
1.27092 1.10949 -4.96354e-06
-1.2022 1.1085 -3.00471e-06
-9.17741 1.12554 -8.2334e-06
-11.8175 1.11727 -6.08771e-06
-6.10436 1.11076 -3.20157e-06
0 0 0
-4.13113 1.11774 -3.16872e-06
-3.10899 1.10093 -3.13978e-06
-5.28819 1.1099 -3.8057e-06
-9.89224 1.10071 -6.18322e-06
1.50516 1.10395 -3.10107e-06
-9.00835 1.10775 -4.77572e-06
-2.67289 1.08941 -3.66127e-06
-8.90039 1.09408 -5.54719e-06
-4.88386 1.09962 -2.87834e-06
-4.99909 1.11699 -2.58329e-06
0 0 0
-6.24974 1.1083 -2.82484e-06
-6.82869 1.11819 -4.56129e-06
-2.45261 1.12005 -4.08059e-06
-4.825 1.1233 -3.87046e-06
-6.27187 1.12127 -4.28476e-06
-4.57137 1.12368 -3.22789e-06
-4.12652 1.12494 -4.18181e-06
-0.771657 1.08726 -3.64928e-06
-14.4735 1.11411 -8.87046e-06
-4.04382 1.09089 -4.71439e-06
0 0 0
-2.40375 1.06287 -5.3848e-06
0.2999 1.05562 -3.26104e-06
0.596941 1.05045 -5.5052e-06
0.993165 1.04587 -2.88598e-06
2.80162 1.04353 -6.40061e-07
2.56189 1.04238 -3.38842e-06
6.08577 1.03919 -1.481e-06
-0.375012 1.05013 -3.39212e-06
-1.42057 1.05826 -4.42397e-06
3.32904 1.04085 -2.16375e-06
4.54659 1.04875 -2.09655e-06
0 0 0
4.53975 1.04044 7.25157e-08
2.77237 1.03563 -8.5473e-07
1.01084 1.04525 -4.17401e-06
-0.10445 1.0511 -5.29946e-06
-1.18897 1.04318 -3.00249e-06
2.3502 1.05363 -3.92047e-06
5.82379 1.03647 -1.85528e-07
-4.81037 1.06388 -2.72168e-06
1.20589 1.05536 -2.28817e-06
2.88428 1.06089 -2.79179e-06
0 0 0
3.26967 1.05376 -1.83833e-06
-3.46834 1.06697 -4.92559e-06
4.65223 1.05913 -3.84893e-06
-7.43271 1.08004 -8.22795e-06
2.73077 1.07429 -3.30638e-06
4.63657 1.06542 -2.96274e-06
-0.208168 1.0762 -4.20438e-06
-7.59622 1.08553 -8.71787e-06
3.43043 1.07171 -5.62169e-06
5.95934 1.0702 -4.34308e-06
10.8455 1.06229 -1.54897e-06
-2.08599 1.08933 -5.79478e-06
0.681099 1.08778 -4.61893e-06
0.790054 1.07546 -3.52506e-06
-4.35242 1.09078 -4.82727e-06
3.99099 1.08046 -2.59474e-06
2.92815 1.07832 -4.56152e-06
-2.57962 1.07519 -4.99725e-06
1.80703 1.08114 -2.72322e-06
1.9549 1.08167 -2.40787e-06
-3.66669 1.08123 -3.92521e-06
-1.66685 1.08377 -2.72781e-06
0 0 0
-7.02799 1.08943 -2.32413e-06
2.98383 1.08333 -1.67418e-06
-4.07519 1.09586 -4.57385e-06
-3.95963 1.09908 -3.10908e-06
0.666235 1.08428 -3.23128e-06
-2.77213 1.0996 -2.14479e-06
-6.37407 1.0972 -3.33542e-06
-5.46437 1.10626 -5.82675e-06
-2.71721 1.10198 -1.38315e-07
-7.52672 1.10857 -3.00363e-06
0 0 0
-7.05263 1.09857 -3.65564e-06
-2.5821 1.09548 -3.9352e-06
0.311721 1.08533 -4.73161e-06
-12.3038 1.10082 -4.57001e-06
-5.25418 1.09122 -3.62353e-06
-0.510448 1.09249 -2.76867e-07
-2.89165 1.10009 -5.16718e-06
-3.11413 1.10004 -5.88046e-06
-4.14085 1.09205 -3.23981e-06
0.700698 1.09111 -5.06187e-06
-0.195948 1.10129 -4.13599e-06
-4.04374 1.00284 -2.88004e-06
7.38473 0.999146 -3.96668e-07
-0.502797 1.04189 -4.46415e-06
3.14212 1.04935 -2.33942e-06
5.00081 1.05992 -1.65437e-06
1.08786 1.05806 -3.7125e-06
9.2513 1.05855 -4.37271e-08
-0.89746 1.06215 -4.37864e-06
1.55095 1.05219 -4.67676e-06
-3.49714 1.04714 -4.83192e-06
0.44883 1.06581 -2.30518e-06
0 0 0
4.84454 1.04736 1.69457e-06
3.06062 1.04965 -3.13078e-06
1.14034 1.05042 -3.25725e-06
-1.56667 1.0604 -3.26477e-06
5.26883 1.04593 -1.48864e-06
-4.70621 1.05591 -4.38972e-06
1.92135 1.05588 -2.51402e-06
2.19175 1.04232 -2.61077e-07
5.89662 1.03945 -2.48497e-06
-0.842684 1.04821 -3.1465e-06
0 0 0
4.03495 1.04146 -4.55263e-07
-2.00659 1.05824 -5.79658e-06
1.44574 1.05586 -2.9945e-06
-0.497562 1.07389 -4.99293e-06
5.83977 1.0699 -2.3786e-07
-0.698598 1.11923 -6.33047e-06
0.43517 1.10582 -3.73622e-06
-2.03782 1.11202 -5.43237e-06
3.00221 1.0997 -5.0063e-06
6.71972 1.03746 1.56948e-06
2.19156 1.04067 -5.51459e-06
-0.272268 1.04724 -1.43924e-06
-0.940418 1.05488 -1.8851e-06
-1.88939 1.11676 -5.34285e-06
-4.78595 1.11683 -4.75384e-06
-3.17134 1.1546 -4.99195e-06
-4.30481 1.15985 -5.92858e-06
-7.35096 1.13879 -5.91793e-06
-6.4734 1.13168 -6.14721e-06
-3.25012 1.08917 -5.73004e-06
-3.96029 1.09159 -5.47131e-06
-3.20233 1.05562 -2.05142e-06
0 0 0
-2.40708 1.05277 -1.15303e-06
-4.49243 1.05463 -2.3717e-06
-2.83369 1.05568 -1.91467e-06
-2.58455 1.06807 -5.03272e-07
-5.87469 1.06405 -2.37274e-07
-1.95626 1.07614 -2.68453e-06
-3.45364 1.05793 -2.32561e-06
-6.49628 1.08511 -3.44026e-06
-1.95729 1.06987 -2.49019e-06
-6.51722 1.08087 -4.82057e-06
0 0 0
-2.6416 1.07632 -1.89244e-06
-4.41951 1.06633 -3.46823e-06
-12.9801 1.07909 -7.18914e-06
-0.73714 1.06927 -3.76373e-06
-2.53317 1.07068 -2.98311e-06
-5.36775 1.09092 -3.31691e-06
-0.947695 1.07883 -1.55139e-06
-0.175104 1.09169 -4.62316e-06
-0.599249 1.10149 -5.52465e-06
-8.41051 1.09919 -6.39326e-06
-4.08625 1.10677 -5.23817e-06
-1.19726 1.0809 -1.53677e-06
-0.429951 1.07142 -4.90702e-06
-8.34492 1.07771 -7.04134e-06
-2.00725 1.07469 -5.30107e-06
-0.506573 1.07061 -3.03514e-06
-1.07297 1.07027 -1.48396e-06
-1.92139 1.06248 -4.14165e-06
3.32758 1.05493 -2.60421e-06
-0.713327 1.06462 -2.15505e-06
1.18261 1.047 -5.03684e-06
-1.48432 1.06683 -6.45182e-07
0 0 0
1.11926 1.05707 -1.55e-06
-0.949061 1.05427 -2.75805e-06
-1.43574 1.05108 -2.78378e-06
-0.28729 1.0512 -2.36834e-06
-2.15993 1.04864 -3.79295e-06
0.443658 1.0608 -1.37925e-06
3.41554 1.04253 -1.18005e-06
5.0509 1.0396 -1.92393e-06
1.93369 1.05179 -1.45189e-06
-2.79221 1.06321 -4.88651e-06
0 0 0
3.18186 1.05338 -1.1724e-06
0.0578456 1.02605 -3.12911e-06
0.156251 1.03661 -2.88009e-06
0.521491 1.02678 -1.80357e-06
0 0 0
7.70925 1.04442 -2.81248e-06
-1.00602 1.03788 -5.33144e-06
-1.60216 1.08534 -6.93251e-06
2.06931 1.06078 -3.15742e-06
3.52763 1.07134 -3.81195e-06
5.3051 1.0646 -2.02764e-06
0.822711 1.11007 -4.66547e-06
-2.77704 1.10173 -5.53448e-06
-6.96844 1.1012 -7.38575e-06
-0.539609 1.09108 -3.26958e-06
-0.959415 1.1093 -2.93555e-06
-9.20906 1.10183 -7.39664e-06
-2.82714 1.09845 -5.36588e-06
-1.92541 1.10401 -7.59e-07
-7.25111 1.10047 -3.07575e-06
-0.306643 1.09028 -1.0011e-06
0.361071 1.10296 7.13454e-07
0 0 0
-2.86243 1.09116 -3.86369e-07
-3.86214 1.10306 -2.5115e-06
-1.89908 1.09108 -2.52957e-06
-1.33298 1.1035 -3.96903e-06
-4.66646 1.08691 -3.83386e-06
-8.71637 1.11084 -6.36231e-06
-6.86633 1.11427 -3.44125e-06
-4.29728 1.10632 -4.8708e-06
-2.63674 1.10275 -2.63155e-06
-1.27127 1.10636 -3.6078e-06
0 0 0
-3.28288 1.08394 -2.80368e-06
-0.296207 1.09128 -9.49406e-07
-3.89014 1.09784 -4.12025e-06
-8.60382 1.11343 -4.42216e-06
-1.62779 1.09182 -3.73871e-06
-2.24172 1.10597 -1.3802e-06
-0.659204 1.09359 -3.54194e-06
-4.83651 1.09914 -3.15992e-06
-2.19871 1.08436 -5.73485e-06
-1.15912 1.10645 -5.34394e-06
2.59712 1.09326 -3.84829e-06
-4.30561 1.03811 -4.48574e-06
7.87958 1.028 -4.80596e-07
2.10026 1.07164 -3.71281e-06
-0.790955 1.07089 -2.21527e-06
-0.614544 1.08242 -3.75712e-06
-2.84482 1.07562 -3.72359e-06
2.09457 1.08145 -3.30383e-06
0.526435 1.08049 -2.13209e-06
7.00016 1.06669 -4.5749e-06
-2.38119 1.06602 -4.16575e-06
0.739133 1.07255 -4.42817e-06
0 0 0
4.5705 1.06472 3.64802e-07
-5.61274 1.07456 -4.73338e-06
0.781969 1.05552 -4.14168e-06
-3.15862 1.07514 -2.08851e-06
3.76729 1.06473 -2.17931e-06
2.36816 1.06027 -3.16606e-07
-1.18357 1.06605 -2.06242e-06
0.502717 1.06714 -3.35743e-06
-4.97683 1.07288 -4.7821e-06
0.214494 1.06086 -1.34145e-06
0 0 0
9.66787 1.05395 -2.46102e-07
6.18171 1.06263 -2.28973e-06
-5.43701 1.07338 -5.23021e-06
-2.85066 1.08695 -5.274e-06
1.18016 1.08473 -2.56714e-06
4.88029 1.11662 -5.18879e-06
1.08141 1.11879 -3.38838e-06
1.06427 1.12695 -6.50311e-06
-3.95456 1.11427 -8.78667e-06
0.240721 1.05942 -3.69184e-06
6.08015 1.05176 -3.95781e-06
0.926465 1.06382 -3.78154e-06
-2.75964 1.06735 -5.28833e-06
0.927607 1.12599 -2.74327e-06
-0.565259 1.11572 -3.93732e-06
1.5496 1.16033 -9.89968e-07
1.01588 1.1486 -2.99535e-06
-5.89926 1.14882 -6.85734e-06
-0.498809 1.13387 -1.64129e-06
-0.156181 1.10197 -6.26896e-07
-3.28009 1.09623 -5.1027e-06
-1.85497 1.06499 -2.35605e-06
0 0 0
-1.71548 1.0719 -2.2205e-07
-4.32656 1.06276 -4.14855e-06
-3.91589 1.07056 -3.35276e-06
-3.92624 1.06114 -3.58896e-06
1.93215 1.06387 -2.18205e-07
0.746458 1.06892 -1.27368e-06
-4.56095 1.0695 -4.95455e-06
-0.875082 1.07424 -2.70523e-06
-4.70281 1.08012 -1.70085e-06
-2.36725 1.07402 -1.69495e-06
0 0 0
1.11015 1.06775 1.00446e-06
-3.14138 1.07487 -3.43023e-06
-4.10693 1.07493 -1.60684e-06
-2.73661 1.07561 -2.0098e-06
4.06013 1.06739 -3.37696e-06
-3.95085 1.09109 -3.09196e-06
-7.46658 1.09323 -3.69694e-06
2.1962 1.09102 -4.10727e-06
-2.3289 1.09632 -5.20891e-06
-0.831487 1.09679 -4.76088e-06
-2.86689 1.09545 -5.07398e-06
-3.18679 1.08267 -4.13389e-06
0.00410919 1.07789 -4.6761e-06
0.754688 1.0812 -5.65107e-06
-2.25575 1.07635 -4.10023e-06
4.83253 1.07712 -2.01272e-06
-6.38849 1.07698 -4.97081e-06
-8.60033 1.09087 -6.16933e-06
0.402483 1.07893 -1.1383e-06
-0.504655 1.07796 -3.68774e-06
-2.6259 1.0677 -1.5176e-06
5.30782 1.06224 -7.98905e-07
0 0 0
-2.61596 1.07782 -4.79693e-06
-0.0186746 1.06943 -2.90787e-06
-3.57851 1.06669 -3.31328e-06
1.35222 1.05831 -3.75393e-06
2.90027 1.06474 -3.25095e-06
3.51276 1.07395 -1.24848e-06
-3.37074 1.06607 -4.23686e-06
-2.51794 1.06693 -4.04896e-06
-0.15357 1.0682 -3.80488e-06
-4.47554 1.08046 -5.12092e-06
0 0 0
2.90484 1.0656 5.70672e-08
-0.612695 1.07219 -3.80958e-06
0.0458577 1.08127 -3.0638e-06
-3.62566 1.08925 -3.97856e-06
-4.48158 1.09958 -4.76375e-06
-2.15766 1.0849 -6.16014e-06
-0.305604 1.09442 -4.54971e-06
3.89542 1.08087 -2.49443e-06
4.2322 1.0821 -3.62501e-06
0.790481 1.06933 -5.23596e-06
0.480949 1.08288 -4.39989e-06
-2.69967 1.09149 -4.66868e-06
-0.987189 1.08301 -5.68805e-06
-6.16569 1.09525 -7.14767e-06
-3.2594 1.09605 -4.94109e-06
-0.51745 1.09827 -5.203e-06
2.55846 1.08823 -1.54205e-06
-3.99456 1.10605 -3.34397e-06
-5.10085 1.10401 -4.36142e-06
-1.05382 1.09315 -2.73926e-06
-1.24939 1.0907 -1.70622e-06
-4.67935 1.09916 -4.32217e-06
0 0 0
-2.50782 1.09996 2.79395e-07
0.895221 1.09001 -2.82177e-07
-5.62097 1.09999 -2.12411e-06
-6.79813 1.09771 -2.65374e-06
-4.42724 1.08906 -4.26737e-06
-5.61809 1.09416 -4.28552e-06
-9.87755 1.09928 -5.42101e-06
3.64439 1.05502 2.3259e-06
-2.65342 1.07604 -3.55786e-06
0 0 0
0 0 0
-2.54874 1.07931 1.14403e-06
-1.00001 1.06239 -3.00267e-06
-0.616203 1.10075 -3.26825e-06
-1.88443 1.08021 -4.48341e-06
-7.17562 1.09377 -4.66217e-06
-2.16114 1.08928 -4.09828e-06
-0.28609 1.08531 -3.23034e-06
-4.99059 1.10023 -7.14938e-06
-1.52715 1.09081 -1.99814e-06
-1.36527 1.09529 -6.12562e-06
-5.15784 1.11614 -5.91731e-06
4.68753 0.899216 -7.52353e-07
3.0713 0.911949 -1.88086e-06
1.72485 1.04917 -5.09256e-06
4.21257 1.04698 -2.51877e-06
1.16219 1.05507 -1.93778e-06
2.33425 1.04749 -3.68999e-06
1.06449 1.05694 -9.36617e-07
-3.72976 1.06318 -3.82127e-06
1.25549 1.05478 -2.31086e-06
-0.457337 1.04285 -3.11638e-06
5.81709 1.05374 -1.86718e-06
0 0 0
4.96013 1.05405 3.00306e-07
-2.52023 1.06053 -4.37082e-06
1.4909 1.0503 -1.65937e-06
-1.71232 1.04441 -1.02076e-06
-5.41199 1.06767 -4.65744e-06
-2.07727 1.06709 -3.30902e-06
6.47969 1.04004 -1.48943e-06
-6.53077 1.07762 -3.35835e-06
3.84729 1.05848 -2.59636e-06
-0.848676 1.08662 -3.60541e-06
0 0 0
2.67263 1.07747 -3.65275e-06
-2.57361 1.08811 -4.81021e-06
-1.68387 1.10719 -3.38469e-06
-5.89405 1.09645 -3.83252e-06
-1.74615 1.08436 -5.36219e-06
-3.12444 1.08709 -3.31547e-06
-0.414518 1.08593 -5.52516e-06
0.573171 1.07153 -1.89716e-06
-0.352031 1.06464 -3.21511e-06
3.90386 1.06459 -3.11055e-06
2.4101 1.07207 -4.77966e-06
-3.86328 1.10169 -6.32272e-06
-2.07428 1.0994 -3.69633e-06
-1.38934 1.08462 -5.85715e-06
0.432304 1.08066 -4.91042e-06
-1.06892 1.08575 -2.31971e-06
-2.45788 1.07104 -3.50298e-06
-1.82001 1.08844 -6.90829e-06
-0.564859 1.09155 8.36792e-07
-3.05765 1.08971 -5.90133e-06
1.94419 1.07333 -2.68884e-07
-4.6969 1.07822 -4.20682e-06
0 0 0
-0.262185 1.06741 -8.6766e-07
-5.20542 1.06496 -3.10608e-06
-11.6248 1.07678 -6.21213e-06
1.70015 1.06452 -9.52919e-07
-5.41119 1.07286 -8.68264e-07
-4.29018 1.0636 -4.81515e-06
-10.4271 1.06856 -4.49503e-06
-1.63547 1.06557 -1.39555e-06
-5.5354 1.06585 -2.66711e-06
-3.60665 1.07349 -3.48258e-06
0 0 0
-0.466086 1.07389 1.08764e-08
-5.26621 1.09286 -3.1177e-06
-5.31884 1.07914 -5.67996e-06
-4.02804 1.08297 -4.01977e-06
-1.03164 1.07858 1.87103e-07
-3.50022 1.08422 -2.18797e-06
-4.87213 1.09898 -2.84816e-06
-1.45392 1.08604 -2.43624e-06
-2.8679 1.0868 -3.96123e-06
0.551727 1.09511 -7.39837e-08
-3.05825 1.10885 -7.09117e-06
-4.82822 1.09506 -6.68203e-06
0.637226 1.09565 -3.58239e-06
2.25434 1.09255 -4.24182e-06
-1.69234 1.09649 -7.53825e-06
1.07451 1.08532 -5.61053e-06
-1.39576 1.09157 -6.77823e-06
0.975781 1.0999 -4.44819e-06
-2.08399 1.10296 -6.20795e-06
-3.97206 1.10386 -6.48709e-06
-3.96512 1.09751 -5.82145e-06
-2.94125 1.09831 -3.84064e-06
0 0 0
1.92676 1.11821 -1.8622e-06
-5.52221 1.12146 -8.03726e-06
0.12624 1.10775 -1.56573e-07
-4.9202 1.11633 -7.00354e-06
-1.59323 1.10764 -4.09566e-06
-6.8707 1.1204 -8.04747e-06
-6.66739 1.0987 -6.50021e-06
-2.87814 1.10871 -4.64893e-06
-6.93996 1.11448 -4.84333e-06
-1.93583 1.13238 -2.79439e-06
0 0 0
4.14851 1.10606 -1.6571e-06
-7.29649 1.13717 -6.78925e-06
-1.65568 1.12554 -5.34216e-06
0.671486 1.13556 -5.13379e-06
-0.865064 1.12561 -4.31129e-06
-6.19626 1.14818 -6.09797e-06
-1.0214 1.13227 -6.76215e-06
3.91683 1.14464 -3.475e-06
-11.0357 1.14392 -1.19848e-05
0.431318 1.12306 -5.02237e-06
-2.5772 1.13483 -8.20046e-06
-2.50587 1.11662 -6.60199e-06
4.14446 1.11044 -3.15657e-06
1.48537 1.1296 -5.85862e-06
3.39184 1.11178 -3.14451e-06
-3.85073 1.12658 -6.91743e-06
-2.31339 1.11791 -2.23362e-06
-2.8524 1.12147 -5.61097e-06
-2.54808 1.1008 -2.43706e-06
-1.33634 1.11661 -3.49932e-06
-7.80942 1.10848 -6.99381e-06
-1.86488 1.10378 -6.26566e-06
0 0 0
-6.02517 1.10527 -4.9695e-06
-4.10939 1.10788 -3.27533e-06
-4.20556 1.10444 -3.25002e-06
2.7193 1.10834 1.16056e-06
-5.76505 1.09934 -5.39134e-06
-8.39976 1.11436 -5.56508e-06
-7.21037 1.10287 -5.18381e-06
-5.3616 1.10622 -5.38228e-06
-8.6784 1.108 -5.72258e-06
-4.90394 1.11469 -1.20409e-06
0 0 0
-26.689 1.17095 -5.90768e-06
-4.49101 1.11861 -1.07948e-06
-2.47152 1.09629 -4.39384e-06
-2.07716 1.09907 -4.51136e-06
-2.35494 1.10582 -3.7107e-06
2.15869 1.09694 -2.73177e-06
-2.04016 1.10166 -6.32374e-06
-1.09225 1.09342 -4.51393e-06
-1.4907 1.10365 -2.69697e-06
1.3541 1.11461 -4.28038e-06
1.83322 1.11468 -3.44783e-06
4.28457 0.940099 1.92495e-06
2.83811 0.939994 -3.31129e-06
5.79886 1.07774 8.61363e-07
9.80141 1.06503 -1.82557e-06
8.5055 1.06485 -1.23471e-06
5.50608 1.06633 -6.96039e-07
2.2895 1.06785 -3.56506e-06
-2.56726 1.07581 -4.72337e-06
-7.64228 1.09602 -6.20689e-06
4.28932 1.07016 -3.67771e-06
-0.529653 1.07054 -2.74328e-06
0 0 0
4.608 1.07026 -6.79093e-07
4.8154 1.069 -7.6094e-07
-6.41166 1.06959 -5.38681e-06
-1.92475 1.0838 -4.47666e-06
1.20036 1.09116 -4.42117e-06
3.37551 1.0813 -2.46395e-06
-3.21955 1.07302 -4.91026e-06
-1.67436 1.09091 -2.82267e-06
-3.75932 1.10139 -1.52956e-06
0.0689392 1.09915 -3.3053e-06
0 0 0
0.167551 1.11216 -4.78485e-06
-5.11812 1.11926 -5.01047e-06
-2.31357 1.11735 -4.74874e-06
2.24578 1.09969 -1.28199e-06
-3.80883 1.10833 -4.37934e-06
3.42217 1.10078 -4.49713e-06
5.13347 1.10142 -2.65701e-06
1.69202 1.10761 -4.99828e-06
1.20707 1.09717 -4.13373e-06
-3.18129 1.11329 -6.77507e-06
-0.226763 1.10096 -5.86026e-06
2.65946 1.1107 -3.84473e-06
-3.8819 1.11499 -7.23975e-06
-1.83813 1.10169 -3.25526e-06
-1.33834 1.11227 -4.28772e-06
3.95598 1.10151 -4.32568e-06
-5.42237 1.09974 -5.59149e-06
-7.07457 1.12284 -4.05325e-06
-0.863867 1.1007 -2.93544e-06
2.79653 1.09754 -4.15212e-06
-4.88199 1.09423 -2.31053e-06
-5.37036 1.09677 -6.02292e-06
0 0 0
-0.193888 1.08946 6.79815e-07
-0.824686 1.08309 -2.94908e-06
-6.33804 1.09435 -5.02786e-06
-8.97412 1.09195 -4.17642e-06
-6.20003 1.09396 -3.69759e-06
-6.62923 1.09103 -3.40187e-06
-1.78109 1.08304 -2.13571e-06
-10.1691 1.09571 -5.04306e-06
-1.57004 1.07869 -2.6392e-06
-9.48538 1.09982 -4.57206e-06
0 0 0
0.339615 1.0847 -1.2859e-06
-3.0547 1.09988 -2.67588e-06
-5.67132 1.11308 -3.91962e-06
-2.82502 1.10106 -3.9063e-06
-6.25551 1.0968 -4.36877e-06
-6.29499 1.11655 -4.8285e-06
-0.478639 1.10227 -4.07663e-06
-0.517251 1.10682 -4.48178e-06
1.17629 1.09624 -3.07505e-06
3.56544 1.10892 -2.51934e-06
3.68537 1.11852 -4.00216e-06
-8.74595 1.08309 -6.11758e-06
-4.82021 1.07666 -6.33553e-06
4.89823 1.0705 -2.1625e-06
1.90467 1.06876 -3.52898e-06
2.63775 1.06623 -4.47813e-06
-1.13939 1.07008 -2.71361e-06
0.860513 1.05734 -4.3874e-06
6.65192 1.05687 -2.50356e-07
-4.74195 1.06061 -3.50217e-06
-3.6581 1.05824 -1.8079e-06
0.707737 1.05637 -3.44948e-06
0 0 0
0.177714 1.06033 -2.31076e-06
5.70538 1.0464 -1.77641e-06
3.80389 1.04502 -1.18181e-06
5.44387 1.04278 4.14423e-08
-13.9018 1.07712 -7.011e-06
-1.65456 1.06544 -3.08487e-06
-5.75878 1.06744 -4.14545e-06
-0.903685 1.05744 -2.93362e-06
2.27605 1.0579 -2.23092e-06
3.07009 1.06882 -1.55365e-06
0 0 0
0.747352 1.06552 -3.7234e-06
2.77743 1.07651 -3.98428e-06
-3.42206 1.0792 -4.48023e-06
-1.32058 1.07477 -2.92927e-06
1.64209 1.06041 -2.68509e-06
-2.46156 1.08111 -5.07413e-06
0.61781 1.07872 -4.02099e-06
-1.30534 1.07251 -4.85529e-06
1.35808 1.06882 -3.85413e-06
-1.99644 1.08434 -5.99441e-06
3.74691 1.06337 -2.28035e-06
0.739007 1.09027 -5.86097e-06
-1.63199 1.08617 -4.31168e-06
-4.60438 1.10026 -4.77594e-06
-0.658013 1.09744 -3.06468e-06
-1.77076 1.10086 -4.20383e-06
-5.51919 1.10017 -3.88118e-06
0.222837 1.10549 -3.20628e-06
-2.33854 1.09783 -4.64757e-06
3.12626 1.10203 -4.10148e-06
-2.34775 1.09962 -5.35122e-06
-5.16001 1.11767 -4.20188e-06
0 0 0
1.56017 1.10807 -1.278e-07
-10.7907 1.11956 -3.5691e-06
2.87888 1.093 -9.94001e-07
-0.914385 1.10945 -2.41012e-06
-4.85058 1.10316 -3.65579e-06
-16.2982 1.1306 -5.51644e-06
-4.76917 1.1054 -3.06678e-06
-6.4856 1.10122 -5.07542e-06
-3.65122 1.09051 -3.53324e-06
-0.805133 1.08914 -1.86444e-06
0 0 0
1.08671 1.10104 -2.14486e-06
-2.50638 1.09052 -4.63622e-06
-10.111 1.1014 -7.92773e-06
-0.684406 1.09973 -3.66428e-06
1.39999 1.10293 -1.65799e-06
-3.20863 1.10562 -4.30547e-06
-6.54872 1.11257 -6.68961e-06
-1.64171 1.11133 -4.23281e-06
-0.491769 1.10029 -1.83526e-06
-10.4406 1.1169 -6.41464e-06
-4.0749 1.11422 -6.57028e-06
-7.56954 1.02112 -4.5864e-06
0.0183642 1.00579 -4.6428e-06
-1.56668 1.05186 -4.59382e-06
1.05721 1.04436 -3.32438e-06
2.94924 1.07509 -1.7247e-06
3.94316 1.0626 -2.65252e-06
2.12022 1.07155 -1.80921e-06
-2.14053 1.07255 -4.0261e-06
1.5654 1.06982 -2.93659e-06
-4.79408 1.07331 -4.46436e-06
1.63186 1.07253 -2.78703e-06
0 0 0
3.56402 1.06389 -1.8219e-06
6.0899 1.0539 -7.30166e-07
-5.32502 1.07498 -4.42231e-06
-1.96898 1.06953 -3.74556e-06
-4.04529 1.07926 -5.06115e-06
0.430632 1.06706 -1.79857e-06
-0.635569 1.06716 -2.19206e-06
-0.322974 1.06979 -4.39374e-06
3.77329 1.06557 -1.18325e-07
-11.0763 1.08329 -7.24217e-06
0 0 0
6.85057 1.05762 7.29777e-07
2.18186 1.07222 -3.09228e-06
-0.0403996 1.0619 -3.31401e-06
2.84081 1.08241 -2.22277e-06
3.67002 1.0674 -2.81958e-06
-1.09437 1.12965 -2.84471e-06
0.481875 1.11806 -4.43459e-06
3.71558 1.12003 -3.30906e-06
2.8084 1.11381 -4.86453e-06
1.4607 1.05525 -3.59561e-06
0.789068 1.06074 -3.66439e-06
0.121621 1.06677 -4.64152e-06
-2.64422 1.05934 -4.94198e-06
-1.12066 1.1268 -3.35228e-06
-3.44015 1.11397 -5.10183e-06
-2.20792 1.15455 -3.26251e-06
-3.92479 1.14079 -3.9797e-06
0.702054 1.12406 -4.55427e-06
-2.83358 1.11645 -5.22462e-06
3.07724 1.09154 -9.53195e-07
-2.50189 1.088 -2.90802e-06
-3.74776 1.07053 -2.54183e-06
0 0 0
0.975665 1.06465 -2.16366e-06
-0.510871 1.06519 1.00504e-06
-1.67682 1.06059 -2.60195e-06
-1.05972 1.05727 -2.24963e-06
-1.80003 1.06004 -2.01121e-06
0.581409 1.06171 1.17673e-07
-1.99521 1.06356 3.27934e-07
-3.68833 1.0844 -2.26223e-06
1.57717 1.06315 -1.62227e-06
-1.33386 1.08098 -2.64606e-06
0 0 0
2.40705 1.06284 1.49608e-07
-8.62929 1.07743 -4.31984e-06
-5.17644 1.07976 -3.42306e-06
-3.02418 1.06987 -3.22653e-06
0.143504 1.06978 -2.27835e-06
-1.51002 1.09401 -1.73536e-06
-1.77939 1.07514 -2.07527e-06
1.30735 1.07799 -6.58098e-07
1.76434 1.07205 -2.22183e-06
-1.51392 1.09872 -2.82089e-06
0.90032 1.09353 -4.93447e-06
-5.73045 1.06248 -5.21687e-06
4.94317 1.05454 -1.42186e-06
5.85819 1.06113 -4.0027e-06
-1.68136 1.07484 -3.28139e-06
-0.183408 1.07184 -4.18805e-06
-1.13757 1.06532 -3.75485e-06
-0.465151 1.05588 -2.323e-06
0.195365 1.06052 -2.06775e-07
-1.68138 1.04492 -3.49045e-06
-0.791643 1.05277 -2.32114e-06
0.615524 1.04573 -3.71938e-06
0 0 0
5.90171 1.0298 -3.85749e-07
-1.91131 1.04686 -4.08242e-06
-2.42142 1.05649 -2.3456e-06
-0.00788977 1.05173 3.78514e-07
-1.98681 1.04596 -3.01162e-06
4.68112 1.04212 -2.10706e-06
-1.56768 1.04859 -2.71783e-06
-1.80993 1.05351 -2.42934e-06
1.9096 1.04745 -1.84013e-06
2.30365 1.04516 8.54319e-07
0 0 0
4.04571 1.05415 -5.5301e-07
7.86292 1.04508 4.82897e-06
0.844819 1.05474 1.10824e-08
5.42778 1.04888 1.55415e-07
-2.35911 1.0503 -4.79262e-06
1.16092 1.05628 -3.18435e-06
0.136947 1.06226 -5.80072e-06
2.47086 1.05228 -2.71497e-06
-0.984814 1.0487 -5.62652e-06
3.36423 1.04273 -4.28684e-06
-5.92639 1.05627 -7.62647e-06
-1.95313 1.08637 -5.08785e-06
-3.1311 1.08659 -7.23385e-06
-0.400313 1.08634 -2.45139e-06
2.17855 1.07559 -2.68373e-06
0.802989 1.08936 -7.31208e-07
-3.76098 1.08502 -6.05561e-06
-3.53047 1.09574 -3.0883e-06
-1.58886 1.07282 -4.32006e-06
-1.06365 1.09561 -5.53389e-07
0.790725 1.07895 -9.3868e-07
-3.10822 1.0929 -1.38908e-06
0 0 0
0.660193 1.08043 -7.14816e-07
-4.31904 1.08753 -4.09966e-06
-4.9 1.08674 -3.41326e-06
-1.46194 1.07991 -1.93105e-06
-5.56025 1.09807 -3.41241e-06
-6.42076 1.08894 -2.1289e-06
-5.96328 1.08735 -4.2161e-06
-7.72897 1.09985 -5.42705e-06
-3.90962 1.09153 -3.2587e-06
-2.3528 1.09038 -3.58585e-06
0 0 0
-2.93217 1.09064 -4.8692e-07
0.459914 1.09018 -6.64429e-07
-11.7251 1.1155 -6.718e-06
-1.1669 1.10142 -4.62809e-06
-3.00744 1.11865 -1.54875e-06
-6.48985 1.1239 -5.46101e-06
-7.79625 1.13011 -6.49358e-06
-4.23633 1.10819 -4.72366e-06
-0.481533 1.09837 -3.11743e-06
-3.33147 1.10955 -6.33067e-06
-3.44273 1.11649 -6.62059e-06
-1.68203 1.02387 -1.96248e-06
3.16102 1.02035 -3.51057e-06
-2.33887 1.07383 -4.43219e-06
0.102261 1.06948 -3.49148e-06
-0.95644 1.0922 -4.29818e-06
3.41561 1.08492 -2.64969e-06
-2.86049 1.0937 -4.99542e-06
1.22639 1.09017 -5.15575e-06
6.37417 1.07638 -2.09874e-06
3.26986 1.0712 -2.97388e-06
4.82516 1.0852 -2.43359e-06
0 0 0
1.81737 1.07522 -1.43538e-06
-0.101957 1.07355 -3.31759e-06
-2.57617 1.08928 -5.02688e-06
5.12194 1.08099 6.75108e-07
0.59045 1.07869 -1.28367e-06
-0.432633 1.07286 -4.13445e-06
4.02093 1.06554 4.28543e-07
0.241386 1.06067 -3.03612e-06
2.83384 1.06445 -1.54524e-07
0.393258 1.05443 -1.59033e-06
0 0 0
7.86612 1.05013 -8.72606e-07
8.04539 1.05143 -2.63641e-06
7.05499 1.05791 1.13958e-06
0.810746 1.07118 -3.72898e-06
4.17623 1.0715 -4.40533e-06
0.50289 1.11996 -3.31271e-06
1.74895 1.0988 -2.73468e-06
3.87548 1.10164 -2.53204e-06
4.53503 1.09794 -3.71404e-06
-0.0627469 1.03944 -5.5843e-06
2.59425 1.03104 -2.24841e-06
0.113342 1.06114 -5.02317e-06
2.75843 1.05961 -2.17166e-06
0.627157 1.10159 -4.29189e-06
-4.00241 1.10948 -3.87495e-06
3.20684 1.12893 2.78994e-06
-2.18307 1.12658 -4.13296e-06
-3.89826 1.11242 -4.75558e-06
-12.0732 1.1158 -6.77088e-06
4.1175 1.08019 7.53109e-08
0.256411 1.08438 -8.86492e-07
-4.08851 1.07809 -2.87674e-06
0 0 0
1.36716 1.06224 -1.86425e-07
-1.75634 1.0545 -1.49285e-06
3.68633 1.0599 1.01445e-06
-3.95607 1.06739 -2.04571e-06
-11.5496 1.08592 -6.5358e-06
-4.3313 1.08673 -3.48622e-06
-2.90249 1.07807 -1.71514e-06
2.60501 1.07626 3.1163e-07
-4.87749 1.08557 -1.99593e-06
-1.94403 1.07909 -1.52445e-06
0 0 0
-1.26577 1.07593 6.55648e-07
1.98257 1.07965 1.16145e-06
0.28606 1.07592 -6.05413e-07
-4.36108 1.08598 -1.83713e-06
-3.02402 1.07501 -2.06175e-06
5.23818 1.0757 -2.29548e-06
-3.15044 1.07607 -4.65558e-06
-3.42385 1.09208 -4.33474e-06
-2.74447 1.08966 -2.54483e-06
2.10334 1.09029 -2.91353e-06
-1.33651 1.09627 -5.1892e-06
-4.44829 1.07499 -4.44573e-06
1.25641 1.05699 -5.07786e-06
3.27811 1.06165 -1.48273e-06
3.15385 1.05707 -3.41349e-06
4.7485 1.05789 3.97158e-07
0.517586 1.05079 -3.75872e-06
-6.62004 1.06095 -7.27189e-06
3.5568 1.04286 -2.19005e-06
1.05166 1.04425 -4.40356e-06
-1.68286 1.0512 -2.94646e-06
-0.105232 1.04707 -1.62058e-06
0 0 0
2.11547 1.03836 3.91038e-07
0.475461 1.04677 -2.63258e-06
0.710991 1.03958 -2.80036e-07
1.48558 1.04432 -1.62208e-06
-1.94182 1.04042 -3.83055e-07
1.91787 1.04425 -2.39933e-06
-1.42392 1.04485 -4.3816e-06
-0.192916 1.05574 -3.15889e-06
0.631559 1.04441 -2.93932e-06
1.44869 1.05041 -3.50419e-06
0 0 0
4.46306 1.0336 -1.1405e-06
5.95911 1.0382 -4.25847e-07
3.71915 1.05096 -1.36174e-06
-6.08599 1.06161 -6.41552e-06
1.44826 1.04747 -2.18995e-06
-1.51077 1.05462 -4.63127e-06
3.28016 1.04702 -2.29125e-06
3.20982 1.05909 -2.90611e-06
5.9532 1.026 -3.90159e-06
5.45477 1.0478 -1.51299e-06
3.83396 1.0506 -4.97769e-06
0.498867 1.08431 -5.51797e-06
-0.968695 1.07675 -4.35134e-06
-4.25722 1.08404 -3.51492e-06
0.38701 1.07744 -2.52762e-06
-2.97193 1.07694 -4.49607e-06
0.816007 1.07282 9.89118e-07
1.42991 1.07906 -1.94245e-06
-1.28572 1.07664 -1.24523e-06
1.87832 1.08491 -2.25014e-06
-2.17864 1.07504 -1.7055e-06
-1.6958 1.07349 -3.35774e-06
0 0 0
2.69166 1.069 -1.10003e-06
1.58297 1.078 8.0226e-07
-4.34752 1.06442 -2.93807e-06
-1.33226 1.07509 -3.58099e-07
0.957243 1.06944 -3.86805e-06
5.80611 1.06856 -1.77294e-06
-1.00752 1.06614 -1.35738e-06
-4.38242 1.0829 -3.38371e-06
-3.021 1.07707 -1.4827e-06
-6.42207 1.08476 -5.04218e-06
0 0 0
7.14645 1.06286 8.6125e-07
-0.0470761 1.07787 -3.48024e-06
-1.17678 1.07543 -1.18323e-06
-2.39482 1.09351 -3.64131e-06
0.702778 1.0765 -2.6138e-08
0.732 1.07766 -2.38432e-06
0.467894 1.06387 -1.2952e-06
1.2169 1.07708 -8.18162e-08
-3.03799 1.05902 -4.44048e-06
-9.04235 1.10413 -7.99861e-06
-0.334391 1.08225 -2.53836e-06
3.21713 0.897319 1.90401e-06
11.9879 0.882099 5.29994e-08
-1.70108 1.05584 -5.79134e-06
5.37619 1.0415 6.86728e-07
3.61619 1.03867 -1.61201e-06
-1.29261 1.03999 -4.32574e-06
5.32288 1.03545 -1.90602e-06
1.2029 1.04246 -2.93957e-06
-0.204988 1.04944 -4.06319e-07
1.23206 1.02987 -2.31285e-07
0.379262 1.03954 -1.95687e-06
0 0 0
4.87014 1.0502 9.51668e-07
-8.3844 1.05902 -4.20896e-06
-3.1806 1.04767 -4.37089e-06
0.668503 1.03839 -1.19518e-06
-2.24845 1.05661 -2.13876e-06
-1.84395 1.05796 -4.11901e-06
2.69097 1.03906 -9.10707e-07
3.45703 1.04866 -1.8508e-06
-1.56967 1.05961 -2.80029e-06
-0.316952 1.07129 -2.45805e-06
0 0 0
6.65001 1.06002 -9.27952e-07
0.882415 1.08157 -2.98956e-06
-1.55734 1.09983 -3.87666e-06
5.35178 1.096 1.72225e-06
3.16802 1.09033 1.17007e-07
6.06251 1.08575 -1.416e-06
2.11938 1.08896 -2.17787e-06
2.14986 1.07893 -2.45566e-06
0.847556 1.07148 -4.87988e-06
0.308416 1.06811 -4.75144e-06
1.24123 1.06941 -4.61625e-06
-0.377309 1.08819 -6.30923e-06
-0.586492 1.07421 -4.45938e-06
2.89641 1.07416 -3.63437e-06
3.80929 1.06203 -2.36678e-06
-4.40861 1.07574 -5.52596e-06
0.774664 1.0625 -3.32666e-06
0.692653 1.05554 -1.35355e-06
0.977577 1.05937 -2.19035e-06
-0.644867 1.06677 -1.7085e-06
0.967127 1.05456 3.77737e-07
-9.20009 1.06347 -3.57414e-06
0 0 0
1.96336 1.0446 -5.59528e-07
0.664546 1.04813 -3.0202e-06
-4.08472 1.05566 -2.98697e-06
-0.25491 1.03835 -1.65524e-06
0.540792 1.05559 -1.43696e-07
-3.75244 1.06849 -3.14406e-06
4.79466 1.03788 2.51913e-07
-4.82304 1.0508 -1.02327e-06
-1.78783 1.04826 -2.11801e-06
0.792785 1.04746 -8.87075e-07
0 0 0
-7.65004 1.07712 -3.54476e-06
-1.74956 1.06981 -1.15219e-06
-2.69987 1.0778 -3.40419e-06
-8.53746 1.08337 -3.81707e-06
1.93692 1.07223 1.29259e-07
-10.7751 1.10035 -4.64179e-06
-2.22504 1.07642 -2.83415e-06
-2.38833 1.08845 -2.56103e-06
-0.381928 1.07905 4.66086e-07
3.01882 1.0743 -1.85147e-06
2.19082 1.08821 -3.48585e-06
-2.03226 1.06771 -4.42693e-06
1.00058 1.05961 -3.20189e-06
2.17399 1.05398 -3.60674e-06
4.14362 1.04046 -9.93076e-07
1.72241 1.05594 -2.87811e-06
0.800409 1.0526 -4.54984e-06
0.297814 1.04441 -4.18693e-06
3.52955 1.04686 -4.87116e-06
2.32688 1.05514 -1.87683e-06
-2.56376 1.04168 -4.71752e-06
6.69929 1.03448 1.84366e-06
0 0 0
3.50603 1.03624 -2.6646e-06
5.91724 1.0336 -1.05833e-06
1.42598 1.0428 -1.02865e-06
5.18641 1.03838 2.21669e-07
6.31886 1.03361 -4.99164e-07
6.44867 1.03449 6.74616e-07
3.13476 1.03327 -1.37719e-06
4.05718 1.0435 -2.12457e-06
5.73192 1.03727 -3.78103e-06
-2.3943 1.04141 -4.92165e-06
0 0 0
2.33335 1.02512 -1.29766e-06
1.77492 1.03053 -2.16175e-06
8.08828 1.03199 -2.27944e-06
7.07171 1.03185 -6.87369e-07
7.69383 1.02453 -2.23743e-06
1.88745 1.04638 -2.88732e-06
1.69598 1.04979 -4.04441e-06
3.41932 1.04617 -3.85551e-06
4.77725 1.0374 -4.15146e-06
3.56604 1.04315 -3.66994e-06
3.28238 1.04847 -5.65903e-06
1.65635 1.07213 -2.63546e-06
-2.42572 1.07257 -5.3264e-06
0.109767 1.07579 -2.15235e-06
-2.48058 1.06715 -2.29935e-06
-1.76852 1.07058 -3.07407e-06
-1.46313 1.06775 -4.0261e-06
0.764959 1.07462 -4.64569e-06
1.00598 1.06645 -1.80867e-06
-0.0854705 1.06879 -4.85278e-06
-1.38895 1.06907 -2.5627e-06
2.26156 1.06487 -3.96071e-07
0 0 0
1.55557 1.06178 9.1286e-07
-3.84774 1.06601 -3.46887e-06
5.21511 1.06334 -6.18735e-07
-5.49185 1.07351 -4.74987e-06
-1.34811 1.07229 9.10259e-07
0.0841169 1.07283 -7.01501e-07
-0.538388 1.0596 -2.06674e-06
2.54185 1.06181 -2.55145e-06
-2.56521 1.06284 -1.73199e-06
-1.81042 1.07235 -1.25565e-06
0 0 0
-1.44245 1.06165 -2.1811e-06
-2.14609 1.05822 -2.8801e-06
-2.16133 1.06357 -3.31653e-06
-2.32372 1.07898 -3.77211e-06
2.43888 1.05481 -6.11099e-07
0.903441 1.06192 -1.85875e-07
-1.45993 1.06503 -3.94942e-06
-1.07976 1.06213 -4.64522e-06
-1.2132 1.0519 -4.00352e-06
0.972093 1.07337 -2.7795e-06
-0.652144 1.07015 -6.08027e-06
1.12824 0.899477 -5.94955e-07
6.91461 0.904463 5.91621e-07
1.68993 1.04133 -1.68424e-06
0.722041 1.03692 -3.13995e-06
2.85875 1.03896 -2.49481e-06
-0.0338946 1.03351 -4.08338e-06
1.42249 1.03418 -2.38849e-06
1.64982 1.03427 -1.51504e-06
-1.06913 1.0374 -4.07601e-06
1.93086 1.0286 -2.08123e-06
2.57308 1.03318 -1.28886e-06
0 0 0
9.11755 1.0257 1.26203e-06
-1.15874 1.03681 -1.77208e-06
-0.172661 1.0324 -1.6378e-06
-1.05715 1.03569 -4.05764e-06
-3.7269 1.04887 -3.39285e-06
-0.998317 1.03667 -3.3826e-06
0.655288 1.02607 -1.15691e-06
0.71523 1.03969 -2.74404e-06
-0.206977 1.05094 -3.12945e-06
2.35145 1.05773 5.17152e-07
0 0 0
2.13392 1.04641 -1.42865e-06
5.51244 1.05502 -2.2205e-06
-3.31325 1.08534 -3.2782e-06
-0.0817413 1.07555 -3.52773e-06
0.93453 1.06947 -2.92905e-06
2.84151 1.07306 -4.29679e-06
1.64585 1.06537 -4.20963e-06
2.77096 1.04258 -2.68e-06
2.76285 1.04561 -2.95955e-06
6.49164 1.03849 -2.75364e-06
6.41547 1.04521 -1.91956e-06
2.94373 1.09217 -2.81468e-06
3.80472 1.07362 -1.69336e-06
2.38336 1.08766 -3.22306e-06
-2.15869 1.08623 -1.40677e-06
-1.35938 1.07915 -4.30708e-06
-2.3747 1.07567 -1.7188e-06
1.1178 1.07697 6.61338e-07
-1.93315 1.07584 -5.25537e-07
-3.19987 1.07751 -2.08694e-06
-3.48404 1.07114 -2.42117e-06
-4.92798 1.07317 -2.75361e-06
0 0 0
-3.36116 1.06506 -7.71868e-07
-5.39129 1.06447 -1.10487e-06
-4.61943 1.05503 -3.84989e-06
-5.04312 1.06675 -1.9924e-06
-4.48819 1.07044 -1.8377e-06
-1.87945 1.06988 -2.62089e-06
-1.20015 1.0551 -1.35789e-06
-4.05211 1.06187 -1.57375e-06
1.6107 1.0502 -1.8355e-06
-5.23386 1.07646 -1.8618e-06
0 0 0
-2.65522 1.07248 -1.55269e-06
-3.44785 1.08281 -4.33357e-06
-4.38121 1.09318 -3.20016e-06
-3.82318 1.09182 -2.67453e-06
-2.227 1.08364 -1.38956e-06
-5.75626 1.08537 -3.70888e-06
-3.77157 1.09186 -4.66559e-06
1.54884 1.0874 -9.40184e-07
-2.73942 1.07564 -5.55719e-06
0.413027 1.0933 -4.31005e-06
-2.42361 1.09278 -5.07529e-06
-2.80606 1.07913 -3.71877e-06
2.2177 1.0685 -4.6256e-06
3.80818 1.07933 -1.93515e-06
-0.0924742 1.07749 -3.97166e-06
-6.07828 1.10201 -7.07671e-06
2.6016 1.08116 -5.43703e-06
-1.49713 1.09076 -5.24392e-06
2.60126 1.0779 -3.60185e-06
-1.46084 1.07009 -4.18324e-06
-2.86729 1.06965 -4.75849e-06
2.69552 1.06591 -2.69474e-06
0 0 0
2.73331 1.06875 -1.52532e-06
3.85917 1.06165 -2.37493e-06
-0.237242 1.06776 -3.98543e-06
-5.86521 1.07294 -6.44331e-06
2.54071 1.05926 -4.6234e-06
6.0387 1.06628 -1.24166e-06
-1.5839 1.06222 -4.75918e-06
0.565073 1.06471 -3.26378e-06
-2.87837 1.07038 -5.69712e-06
-1.43315 1.07369 -5.41898e-06
0 0 0
3.00939 1.05899 -1.90744e-06
2.56057 1.07232 -4.48206e-06
-1.60479 1.07198 -4.05416e-06
-1.49589 1.07566 -5.49691e-06
-5.81101 1.08701 -6.93411e-06
0.8397 1.06762 -4.24417e-06
-3.46987 1.08704 -5.37102e-06
-0.25971 1.08003 -5.59427e-06
-4.91311 1.08067 -7.27943e-06
6.68423 1.0717 -4.01982e-06
-1.10056 1.06716 -6.76252e-06
3.55962 1.10992 -1.95404e-06
1.66107 1.10328 -6.25638e-06
-4.42162 1.12169 -7.21143e-06
-0.746952 1.11198 -2.84346e-06
1.36808 1.10538 -3.34805e-06
-2.80372 1.104 -4.56127e-06
-4.93601 1.1073 -7.17223e-06
-1.20787 1.11137 -2.96429e-06
-7.44301 1.12354 -6.93677e-06
-1.90238 1.1018 -5.56525e-06
-8.87059 1.13042 -6.32535e-06
0 0 0
-2.98611 1.11081 -4.60971e-06
-6.61524 1.12459 -5.43946e-06
-5.09466 1.10849 -3.7425e-06
-4.41445 1.10338 -3.40232e-06
-0.70374 1.09928 -2.88024e-06
-9.37929 1.12372 -3.48688e-06
-8.86242 1.10938 -1.45894e-06
-9.61952 1.11193 -5.20016e-06
-8.46149 1.10803 -5.78798e-06
-4.80749 1.1109 -5.59006e-06
0 0 0
-9.79714 1.11826 -6.56418e-06
1.98146 1.11464 -2.6383e-06
-7.52552 1.12319 -5.14961e-06
-1.53966 1.13234 -3.32552e-06
-12.5307 1.1329 -8.4629e-06
5.03186 1.1405 -2.6269e-06
-8.34437 1.1431 -7.64126e-06
-0.296714 1.13678 -6.73034e-06
-0.84343 1.133 -6.5313e-06
-4.58113 1.13329 -5.76746e-06
1.99388 1.13661 -6.03206e-06
-2.24845 1.01318 -2.21066e-06
0.0145319 1.00015 -4.83048e-06
4.48963 1.06549 -3.12819e-06
2.64937 1.07555 -5.6569e-06
-4.80357 1.08907 -7.75544e-06
-2.2462 1.07818 -5.22632e-06
1.46742 1.09501 -3.8815e-06
5.91789 1.08939 -2.19251e-06
-3.36887 1.10489 -6.207e-06
-3.05498 1.09388 -5.11009e-06
4.46209 1.08682 -3.39209e-07
0 0 0
1.41122 1.08571 -7.65362e-07
6.37658 1.08298 -2.68923e-06
1.10288 1.08334 -2.6129e-06
1.43521 1.08287 -2.79803e-06
-10.0836 1.09454 -7.89333e-06
-8.51879 1.0995 -6.39425e-06
4.13337 1.07511 -4.46563e-07
3.83775 1.07586 -4.84677e-06
-0.131643 1.07987 -2.93164e-06
-1.73412 1.0795 -3.04426e-06
0 0 0
4.3472 1.07166 -1.19793e-06
4.9597 1.08183 -2.50484e-06
4.53842 1.07841 -2.44179e-06
1.87643 1.09316 -4.69865e-06
1.28393 1.10248 -1.77994e-06
0.88778 1.14174 -4.20315e-06
-0.10409 1.13754 -6.99278e-06
-2.50236 1.13947 -7.67651e-06
2.09932 1.13119 -5.25991e-06
1.87242 1.06527 -3.70265e-06
0.609369 1.06775 -6.86561e-06
-7.19742 1.08467 -9.4635e-06
-0.636336 1.08826 -5.22455e-06
-10.1102 1.13576 -9.56213e-06
-2.61894 1.14412 -4.72432e-06
-2.96796 1.16149 -7.21083e-06
-7.38028 1.1645 -6.8899e-06
-0.095969 1.13343 -4.61827e-06
-0.641183 1.12421 -4.0747e-06
-11.095 1.12222 -7.40719e-06
-0.696993 1.09511 -2.72717e-06
-6.7543 1.09358 -5.76599e-06
0 0 0
-0.744578 1.07656 -2.56602e-06
0.0991776 1.07729 -3.45983e-06
-10.5487 1.09681 -7.67467e-06
-3.42003 1.08985 -4.18339e-06
-3.3306 1.09966 -3.18734e-06
-4.89607 1.10719 -4.40846e-06
-4.60099 1.1018 -4.15455e-06
-7.31949 1.10915 -5.92732e-06
-3.73973 1.10265 -2.57218e-06
-2.81051 1.10221 -3.17062e-06
0 0 0
1.5173 1.09555 -1.33139e-06
1.37011 1.08897 -3.75964e-06
-5.89406 1.09774 -3.47591e-06
-1.88221 1.08795 -4.25623e-06
-3.42316 1.09059 -3.3319e-06
-3.08529 1.08938 -4.89744e-06
-1.58021 1.09465 -4.62804e-06
-2.8534 1.11249 -6.50753e-06
-3.25867 1.1083 -3.03292e-06
-4.38648 1.11695 -5.74218e-06
-1.5925 1.10149 -4.76759e-06
-1.63845 1.07185 -3.8398e-06
-7.28973 1.07438 -7.58399e-06
3.02057 1.07586 -4.03369e-06
0.454645 1.07304 -3.93467e-06
1.28201 1.09125 -5.33013e-06
1.78523 1.08086 -5.42103e-06
-0.135637 1.08827 -4.42853e-06
-2.37133 1.09297 -3.15193e-06
-2.44049 1.08332 -5.70064e-06
1.7957 1.07379 -4.51795e-06
-1.16911 1.07035 -3.39737e-06
0 0 0
0.453924 1.0766 -3.72623e-06
2.35534 1.07274 -2.94584e-06
-5.11133 1.06932 -3.3904e-06
2.13101 1.07695 -4.5917e-06
4.25905 1.08436 7.04768e-08
7.01045 1.0743 -2.83183e-06
-1.30664 1.06913 -4.12453e-06
0.694071 1.08045 -3.6223e-06
1.59959 1.07244 -6.06578e-07
-1.80554 1.08415 -4.54153e-06
0 0 0
3.19436 1.06186 -7.39644e-07
0.477079 1.08406 -4.87721e-06
0.340087 1.08475 -5.69906e-06
7.05199 1.08882 -2.72882e-06
-8.38558 1.09757 -6.63773e-06
2.45677 1.08837 -2.95418e-06
5.24394 1.0844 -4.11447e-06
3.40088 1.08702 -4.64855e-06
3.14569 1.09314 -5.33518e-06
2.36512 1.08346 -4.27404e-06
7.20092 1.07976 -4.51347e-06
6.79999 1.07632 -5.27578e-06
1.109 1.08929 -1.276e-06
3.18335 1.08968 -4.79208e-06
-2.82479 1.09188 -4.6083e-06
-3.97378 1.10123 -6.16403e-06
-3.15186 1.08654 -5.11322e-06
3.46524 1.08536 -3.12128e-06
-4.82343 1.10863 -5.28246e-06
-3.60565 1.10288 -2.02267e-06
-2.32328 1.1047 -2.96305e-06
-0.27791 1.1027 -3.45509e-06
0 0 0
-2.59459 1.10475 -3.51992e-06
2.43249 1.08331 -1.37386e-06
-4.93251 1.09044 -3.02654e-06
-1.10244 1.08178 -3.06691e-06
3.15452 1.07965 -2.23575e-06
-0.0211168 1.08337 -2.99237e-06
-6.93654 1.0881 -5.0264e-06
-12.1712 1.09635 -5.54006e-06
-5.15114 1.08955 -4.91369e-06
-11.3429 1.10861 -5.10417e-06
0 0 0
0.917003 1.08599 -1.36396e-06
-3.13628 1.09539 -4.56947e-06
1.00442 1.09835 -2.82074e-06
-11.0061 1.11692 -6.97447e-06
-2.74304 1.10282 -4.82433e-06
-5.82896 1.12112 -5.75816e-06
-0.67639 1.10224 -6.51234e-06
-2.6811 1.12118 -4.22592e-06
-4.60204 1.10416 -4.43668e-06
-1.14353 1.12367 -5.70321e-06
1.28499 1.10586 -4.35027e-06
-2.64192 1.02759 -2.3e-06
8.91176 1.01669 -1.50527e-06
6.76198 1.07212 -3.56822e-06
0.0286511 1.08399 -4.79576e-06
1.55338 1.1093 -4.74699e-06
0.199394 1.10802 -4.88915e-06
-1.10191 1.11818 -7.2574e-06
-5.22956 1.11594 -7.37871e-06
-2.63423 1.10828 -4.53884e-06
-1.97493 1.10297 -5.14298e-06
1.14526 1.09778 -4.62919e-06
0 0 0
0.587607 1.08641 -2.73403e-06
5.47273 1.08828 -1.19402e-06
0.923089 1.09987 -3.84884e-06
-4.41284 1.09843 -5.38004e-06
0.310222 1.08882 -3.73082e-06
-5.8848 1.09902 -4.82756e-06
-3.11507 1.08794 -3.73097e-06
3.48394 1.09278 -2.13952e-07
3.61787 1.08162 -2.30591e-06
0.532676 1.09191 -3.18665e-06
0 0 0
6.60964 1.07964 -1.8501e-06
3.80741 1.09565 -1.7851e-06
2.71424 1.09091 -3.12112e-06
1.67935 1.11565 -4.31902e-06
0.689225 1.11163 -3.33785e-06
0.818905 1.14747 -5.68344e-06
-1.39475 1.14527 -6.77676e-06
-6.11279 1.14879 -7.18228e-06
-3.41176 1.13693 -6.91045e-06
-5.57097 1.08237 -6.37065e-06
5.30493 1.05565 -4.69785e-06
2.74241 1.0897 -3.37843e-06
0.761347 1.08578 -4.42356e-06
-5.56368 1.15247 -4.96189e-06
-4.16092 1.1353 -6.65007e-06
-6.64759 1.16756 -6.47698e-06
1.60837 1.15694 -2.81617e-06
-3.32145 1.13119 -4.29334e-06
3.13982 1.11185 -9.40833e-08
-7.06597 1.10592 -4.37936e-06
-7.60316 1.0965 -4.52932e-06
-1.48011 1.09401 -1.3049e-06
0 0 0
0.145495 1.07915 -1.2579e-06
-5.6117 1.08544 -3.26351e-06
-3.74083 1.09015 -2.10646e-06
-8.76985 1.10548 -4.38753e-06
-2.16278 1.09396 -2.83106e-06
-3.91457 1.10132 -3.52587e-06
-5.24716 1.09725 -5.9394e-06
-5.54789 1.11131 -3.31804e-06
-2.83126 1.10456 -1.71525e-06
-7.45353 1.10498 -5.71406e-06
0 0 0
-4.53669 1.09776 -4.75009e-06
-4.26786 1.09842 -2.72019e-06
-1.70701 1.09154 -2.56406e-06
-4.04917 1.08941 -2.94571e-06
-3.49864 1.1016 -5.18282e-06
-2.55174 1.08979 -4.66689e-06
0.610478 1.09225 -3.7042e-06
-4.45285 1.10128 -6.5222e-06
0.725393 1.09659 -3.06685e-06
-2.68177 1.09206 -5.05134e-06
0.00711224 1.09645 -3.94992e-06
-2.98119 1.09092 -4.59954e-06
0.082738 1.08831 -3.89853e-06
6.72094 1.08076 -2.42455e-06
2.41546 1.08313 -3.31933e-06
-1.85864 1.07804 -4.19599e-06
-3.09029 1.08647 -6.99223e-06
0.483155 1.08031 -3.20241e-06
0.494045 1.07673 -2.7876e-06
3.26825 1.07712 3.82945e-07
-10.2794 1.08428 -7.38848e-06
-0.0692357 1.07807 -3.11058e-06
0 0 0
2.48325 1.06531 -1.03145e-06
2.04391 1.05572 -2.63492e-06
4.04446 1.05843 -9.91935e-07
6.74929 1.05965 -1.77112e-06
1.39879 1.06544 -3.04976e-06
-4.41336 1.08085 -2.49132e-06
3.057 1.06185 -1.48147e-06
-2.06928 1.07841 -2.08778e-06
1.65632 1.06413 -1.85406e-06
0.167562 1.07511 -3.41987e-06
0 0 0
2.81318 1.07185 -2.03237e-06
2.74604 1.07389 -2.08462e-06
1.19418 1.07597 -3.45167e-06
2.81473 1.07958 -4.20804e-06
4.52135 1.0751 -1.16431e-06
9.80858 1.06506 6.77657e-07
-5.74758 1.0834 -5.6817e-06
1.6521 1.07306 -3.61137e-06
0.978301 1.07963 -4.88914e-06
-5.79557 1.08851 -8.07709e-06
3.35695 1.0832 -7.65223e-06
3.73617 1.09598 -4.07385e-06
-6.73479 1.09697 -5.53344e-06
-2.7235 1.11099 -3.24783e-06
4.06862 1.10291 -4.73968e-06
-3.7065 1.10986 -4.93251e-06
-1.30599 1.09259 -4.01315e-06
-2.71168 1.0948 -2.58834e-06
-0.846455 1.08539 -2.77431e-06
-3.29272 1.09877 -4.26358e-06
-0.976534 1.09646 -2.77323e-07
-0.815868 1.08556 -2.38743e-06
0 0 0
-1.59819 1.09103 -4.79654e-07
3.35374 1.07473 -1.20395e-06
-5.28482 1.08698 -5.42036e-06
-4.94447 1.10188 -4.4145e-06
-5.95083 1.10125 -4.41359e-06
-5.23338 1.10689 -1.22793e-06
-2.20439 1.09164 -4.03089e-06
-6.93902 1.10147 -4.02313e-06
-4.89577 1.10369 -5.49938e-06
-3.82528 1.10041 -3.44648e-06
0 0 0
-1.18026 1.10268 -1.51187e-06
-4.10002 1.1053 -3.21167e-06
-1.54601 1.11318 -5.61377e-06
-7.0315 1.1099 -4.79683e-06
-3.88612 1.10795 -6.37391e-06
-8.54616 1.11466 -5.07097e-06
1.5424 1.09949 -1.68423e-06
-1.45231 1.10414 -4.68207e-06
-4.58665 1.10879 -5.21134e-06
-4.76729 1.11641 -5.54656e-06
1.87975 1.11817 -3.97599e-06
6.71267 0.903501 6.49403e-07
5.88134 0.903013 -1.06344e-07
0.873102 1.06467 -3.70786e-06
4.90651 1.05796 -7.75458e-07
6.19266 1.06327 -2.84848e-07
0.980746 1.05722 -2.63094e-06
-1.62745 1.05978 -3.2443e-06
6.94735 1.05194 2.47387e-06
2.06031 1.07776 -2.00847e-06
-1.11255 1.05076 -3.8516e-06
6.76032 1.04908 -2.84394e-06
0 0 0
7.69069 1.04874 -1.47187e-06
2.20984 1.05483 -3.78172e-06
2.51428 1.04621 -5.03304e-07
1.04801 1.05128 -3.75161e-06
0.588211 1.06273 -2.86799e-06
0.147246 1.07082 -3.62716e-06
3.12584 1.05135 -2.51927e-06
2.90499 1.05085 -2.11173e-06
4.01347 1.05337 -1.1313e-06
1.87231 1.06358 -3.90744e-06
0 0 0
11.6498 1.0519 2.39929e-06
7.72382 1.05361 -7.98408e-07
2.33595 1.06895 -3.84042e-06
2.27192 1.08529 -4.19931e-06
2.01265 1.07877 -3.61093e-06
2.73353 1.09569 -6.49928e-06
0.348168 1.09727 -4.29544e-06
0.212088 1.07028 -4.96719e-06
3.71406 1.05987 -3.75947e-06
1.04194 1.07833 -5.03292e-06
1.39227 1.07404 -7.12587e-06
-2.43429 1.10048 -7.01712e-06
0.930309 1.07946 -3.36046e-06
-1.72448 1.07804 -4.79785e-06
-1.00665 1.07648 -3.19635e-06
-2.17495 1.0815 -5.55045e-06
2.87101 1.05046 -2.01135e-06
-0.45365 1.07115 -2.48096e-06
0.266665 1.07241 -3.44346e-06
-6.60172 1.08399 -5.83226e-06
-0.00965233 1.06369 -1.5229e-06
0.19487 1.05488 -6.46449e-07
0 0 0
2.27713 1.06048 -3.17603e-08
0.579062 1.06287 -2.30304e-06
-4.59407 1.06023 -3.47519e-06
-3.73976 1.06123 -3.25009e-06
-3.06755 1.0516 -1.83806e-06
-5.75639 1.07216 -1.13541e-06
-4.57134 1.06365 -2.31278e-06
-2.17544 1.06486 -3.28937e-06
-3.78932 1.0765 5.5962e-07
-5.37523 1.08224 -2.15549e-06
0 0 0
0.240438 1.06401 -1.83578e-06
-6.43388 1.08548 -4.14988e-06
-7.55646 1.0938 -5.50073e-06
-3.31379 1.08579 -2.74617e-06
-2.32079 1.0766 -2.9381e-06
-6.33797 1.08924 -4.14234e-06
-4.60099 1.09734 -3.85503e-06
-0.381901 1.08561 -4.66331e-06
-0.693769 1.09513 -2.22479e-06
-0.510614 1.10212 -3.65738e-06
-3.27223 1.10665 -5.12586e-06
0.748803 1.08353 -4.6101e-06
1.32572 1.09187 -5.26015e-06
3.08616 1.08294 -4.18516e-06
0.417285 1.08577 -3.91016e-06
-2.45674 1.09994 -4.42373e-06
-1.82843 1.08849 -4.01406e-06
-7.44152 1.09712 -6.30259e-06
1.72985 1.08499 -1.99602e-06
1.39492 1.08948 -4.86761e-06
-4.90651 1.08281 -6.01933e-06
-1.32428 1.08413 -5.86623e-07
0 0 0
0.769974 1.07269 -2.0572e-06
7.68236 1.06913 1.61772e-06
-0.486169 1.07069 -3.56102e-06
4.72263 1.07482 -2.34652e-06
6.41107 1.07442 7.7973e-07
0.735268 1.0936 -3.38098e-06
-1.09972 1.08343 -3.84259e-06
-2.27661 1.09329 -5.33593e-06
0.829708 1.08292 -3.58774e-06
-0.454541 1.09864 -3.59133e-06
0 0 0
1.51471 1.08091 -1.30018e-06
2.81964 1.08524 -3.82291e-06
1.17125 1.07821 -2.7806e-06
0.227484 1.08872 -2.48011e-06
0.0593655 1.08198 -5.76037e-06
1.6354 1.08614 -3.13971e-06
0.392363 1.09242 -5.22216e-06
2.06889 1.08445 -3.52756e-06
0.167748 1.08851 -7.63329e-06
6.70919 1.08899 -3.27816e-06
2.40817 1.0911 -4.59436e-06
-1.25284 1.09434 -5.17837e-06
4.383 1.08388 -3.31786e-06
-5.24451 1.0851 -3.75103e-06
-2.45575 1.09066 -4.2068e-06
-3.52624 1.09814 -2.34171e-06
0.364266 1.08424 -3.80442e-06
-0.99368 1.10085 -1.25357e-06
-5.45325 1.09173 -4.54185e-06
-2.87551 1.09817 -4.61626e-06
-1.45882 1.0934 -3.47465e-06
5.58424 1.08549 9.30094e-07
0 0 0
2.74686 1.08664 -2.41588e-06
-1.22948 1.09369 -1.89477e-06
-6.0415 1.09185 -4.23316e-06
2.06484 1.08304 -2.81144e-06
-4.73141 1.09897 -6.6642e-06
-4.38606 1.10529 -2.62588e-06
-6.49977 1.09211 -2.97728e-06
-7.46639 1.10635 -5.20676e-06
-2.35061 1.10226 -3.61093e-06
-3.20953 1.10014 -3.79819e-06
0 0 0
1.40398 1.08833 -1.27801e-06
0.244005 1.10006 -2.44759e-06
-4.67988 1.10639 -4.9925e-06
-0.612724 1.09976 -1.73956e-06
-0.578152 1.09144 -2.16347e-06
2.73833 1.10046 -3.55555e-06
-3.69339 1.10121 -7.65666e-06
-5.80133 1.11892 -6.56035e-06
-0.902712 1.10607 -6.21158e-06
-1.44206 1.14417 -5.77535e-06
-2.15493 1.11918 -6.23602e-06
1.91799 0.895339 -4.54739e-08
4.24364 0.914192 -1.50407e-06
2.43694 1.04961 -4.08912e-06
-1.45106 1.05267 -4.99919e-06
2.00528 1.04858 -2.40929e-06
1.47783 1.04286 -3.1535e-06
1.4613 1.05 -3.50449e-06
4.68841 1.03794 3.53762e-07
3.588 1.05052 -2.54392e-07
2.53071 1.04929 -2.23509e-06
1.54664 1.05322 -4.24143e-06
0 0 0
4.27562 1.03543 -1.43785e-06
0.0848 1.04925 -2.33095e-06
1.05184 1.03364 -1.08528e-06
2.18697 1.04836 2.67747e-07
2.35748 1.04893 -1.60252e-06
2.03593 1.05023 2.48213e-07
0.730934 1.05832 1.16501e-06
-0.669947 1.05379 -1.43966e-06
3.51039 1.05162 4.13877e-07
-1.55548 1.07483 -3.06928e-06
0 0 0
0.421749 1.06569 -2.42604e-06
-2.47459 1.0756 -4.92444e-06
8.14396 1.06953 -5.18544e-07
4.93495 1.09358 -3.97087e-06
-1.05155 1.09573 -3.08389e-06
-4.95547 1.10938 -5.16268e-06
4.21435 1.1012 -2.32729e-06
0.503148 1.07517 -4.74049e-06
1.28742 1.06839 -5.36e-06
0.245144 1.07297 -3.29641e-06
1.06287 1.06722 -4.69665e-06
-8.22962 1.10178 -8.17505e-06
-0.548727 1.08654 -4.60243e-06
-2.03013 1.07433 -3.85405e-06
-0.878926 1.07673 -3.27135e-06
1.68266 1.06789 -3.20436e-06
1.75979 1.06236 -2.18507e-06
6.05327 1.06554 2.38822e-06
-3.4291 1.07244 -5.81965e-06
0.579645 1.06236 -1.26494e-06
-2.27227 1.06109 -3.74029e-06
-3.02663 1.06355 1.18975e-06
0 0 0
0.119404 1.05588 -9.70511e-08
-1.56771 1.0512 -8.77475e-07
-2.11327 1.04495 -1.70273e-06
-3.12926 1.04513 -3.34747e-06
3.39811 1.0448 1.4224e-06
-2.00445 1.05792 -1.97814e-06
-1.57055 1.04891 -2.0702e-07
-2.60068 1.06471 -2.88963e-06
-1.81208 1.06341 -9.81445e-07
-1.15554 1.06316 -2.88366e-06
0 0 0
0.216274 1.06315 5.46463e-07
-1.55447 1.07295 -6.54792e-07
-3.98517 1.08043 -2.9713e-06
0.569081 1.07652 -2.21362e-06
-2.10203 1.07854 -4.40358e-06
-1.66565 1.07871 -3.50126e-06
0.185542 1.08805 -2.73027e-06
1.84507 1.07831 -4.35695e-06
1.44673 1.07031 -3.6779e-06
4.11519 1.08691 -3.10857e-06
-0.186186 1.08414 -5.65368e-06
-9.16637 1.06988 -5.71237e-06
-1.98361 1.06601 -4.56262e-06
1.20679 1.0595 -3.20639e-06
6.77248 1.04896 -2.24469e-06
3.68023 1.0702 3.79388e-07
0.626109 1.07588 -1.23245e-06
-2.58556 1.07308 -4.97308e-06
0.572948 1.06478 -5.12758e-07
0.256837 1.06564 -4.25416e-06
6.08325 1.04292 -1.74912e-06
-4.4843 1.07066 -4.34151e-06
0 0 0
3.38944 1.04782 -1.48233e-06
-0.342499 1.074 -2.5763e-06
0.324261 1.06895 -1.26006e-06
2.74325 1.07006 -2.47229e-06
2.35932 1.07933 -2.53102e-06
-2.45446 1.08784 -3.73471e-06
0.317325 1.07588 -2.05967e-06
3.25479 1.06434 -2.03541e-06
6.21539 1.07297 -3.92956e-07
-0.948601 1.08183 -2.6244e-06
0 0 0
7.96621 1.05597 2.75341e-06
-2.45685 1.07642 -3.73942e-06
-0.210286 1.06836 -3.81693e-06
2.82915 1.0756 -2.40871e-06
-5.56726 1.08498 -4.41356e-06
5.8626 1.08501 -3.52072e-06
4.18516 1.08013 -4.73343e-06
1.09045 1.08137 -3.51853e-06
1.0406 1.07725 -5.22758e-06
-3.87488 1.09151 -3.61834e-06
-0.467718 1.07445 -6.48657e-06
-4.92167 1.10753 -5.38064e-06
3.02108 1.09949 -3.70549e-06
-4.27281 1.11003 -6.37632e-06
-0.438645 1.10932 -1.90384e-06
2.97648 1.10867 -5.29184e-06
0.485084 1.09102 -1.50168e-06
0.662542 1.11744 -3.67387e-06
-7.45355 1.11901 -6.42712e-06
0.228531 1.12541 -2.80527e-06
-2.57486 1.11877 -3.05988e-06
1.23775 1.11365 -2.15916e-06
0 0 0
0.636212 1.11506 -3.32946e-06
-6.4068 1.12614 -2.28289e-06
-4.48721 1.11467 -1.60364e-06
-3.95159 1.10183 -2.62933e-06
-3.75216 1.11428 -2.96171e-06
-4.53092 1.11135 -2.51813e-06
-13.0316 1.11869 -3.51483e-06
-3.33416 1.11762 -3.81433e-06
-2.23777 1.09979 -1.07006e-06
-7.24754 1.11437 -3.53624e-06
0 0 0
-2.10939 1.09857 -3.96881e-06
-2.62768 1.10946 -5.92623e-07
-5.44094 1.11394 -3.32992e-06
-0.745885 1.11453 -3.72819e-06
-2.46374 1.10946 -5.31431e-06
-7.96391 1.12443 -5.80555e-06
-3.89806 1.11544 -6.58286e-06
-0.889732 1.10892 -4.67364e-06
1.51089 1.1095 -2.4021e-06
0.774463 1.11904 -5.82696e-06
-6.92752 1.12852 -6.9741e-06
-3.81331 1.00925 -1.44203e-06
4.28746 1.00226 -1.2639e-06
0.549347 1.08102 -4.28581e-06
-1.60603 1.08766 -4.9647e-06
2.30703 1.09023 -3.91212e-06
2.08227 1.09589 -4.90372e-06
-1.5301 1.09931 -4.24027e-06
-2.53975 1.09355 -5.01985e-06
0.431127 1.08843 -4.28638e-06
-1.92116 1.08911 -3.56167e-06
-0.317157 1.0816 -4.84044e-06
0 0 0
5.46181 1.07244 8.35865e-07
6.95897 1.06655 -1.0975e-06
-0.905164 1.07423 -1.90027e-06
-4.70638 1.08797 -5.35111e-06
2.93243 1.07141 -2.92596e-06
-0.877968 1.07518 -2.64272e-06
-3.93589 1.07811 -5.69139e-06
-0.559866 1.07799 -3.44489e-06
-0.401591 1.07726 -3.29449e-06
1.90897 1.07385 -1.57441e-06
0 0 0
3.93836 1.07114 -2.69005e-06
-1.1537 1.0789 -4.96067e-06
-0.245931 1.07902 -2.57893e-06
0.295757 1.09905 -4.60652e-06
0.786207 1.09058 -3.9551e-06
5.41492 1.11728 -5.30242e-06
3.28268 1.12866 -4.01686e-06
1.29681 1.12344 -5.65862e-06
2.9548 1.11479 -3.95027e-06
0.898516 1.05515 -4.27149e-06
4.43388 1.03987 -4.6625e-06
-0.365297 1.08044 -4.70754e-06
-0.274915 1.08388 -2.13026e-06
-3.40412 1.12261 -4.70729e-06
-2.55828 1.12944 -5.32048e-06
-2.4553 1.14832 -6.44785e-06
-7.76345 1.15105 -7.32873e-06
-2.05386 1.11125 -3.05936e-06
-2.22383 1.09403 -3.06337e-06
-1.57017 1.08223 -3.48595e-06
-1.38835 1.08679 -8.78185e-07
-3.01926 1.09686 -2.05341e-06
0 0 0
-0.280436 1.08967 -1.49687e-06
-3.60265 1.0912 -1.70044e-06
-7.46371 1.10343 -3.48665e-06
-5.18211 1.09526 -4.4163e-06
0.440043 1.08441 -1.65711e-06
-3.2709 1.09578 -4.44956e-06
-2.55609 1.0885 -3.35086e-06
-5.02082 1.10715 -1.42271e-06
-1.10525 1.09012 -3.70242e-06
-1.48351 1.09383 -2.93148e-06
0 0 0
0.339055 1.09 -2.74355e-06
-1.35326 1.09106 -3.71678e-06
-4.53383 1.09767 -2.37668e-06
-4.10232 1.09355 -3.92725e-06
-1.32261 1.10103 -5.11434e-06
-1.46927 1.10412 -5.15582e-06
-1.45089 1.09899 -4.42872e-06
-4.64181 1.11598 -6.25015e-06
-2.36076 1.11296 -5.59368e-06
-0.524821 1.10575 -4.90262e-06
-2.13372 1.11058 -4.40069e-06
-3.43602 1.07475 -3.20337e-06
4.42159 1.06599 -1.08122e-06
1.47224 1.08066 -4.1214e-06
5.58068 1.06595 -5.42029e-06
3.28454 1.06872 -3.17567e-06
3.28085 1.07679 -3.92877e-06
2.43295 1.06829 -2.68037e-06
1.32454 1.06638 -2.37869e-06
2.01972 1.05614 -1.79207e-06
3.19127 1.0534 -8.39847e-07
0.306914 1.06703 -2.30391e-06
0 0 0
-6.36955 1.07671 -5.95099e-06
-0.40863 1.07592 -3.04517e-06
-3.78987 1.07241 -4.15141e-06
1.01031 1.07789 -3.10204e-06
0.369152 1.07585 -2.48878e-06
2.26051 1.0805 -2.64309e-06
2.51756 1.07646 -4.49391e-06
-1.15786 1.0827 -4.28245e-06
-0.329407 1.09545 -3.73794e-06
2.89286 1.07425 -2.68044e-06
0 0 0
3.09895 1.0736 -1.8318e-06
-4.61459 1.07857 -6.56374e-06
4.74469 1.06634 -4.66228e-07
6.196 1.06072 -1.27872e-06
7.34314 1.07068 -1.26781e-07
4.28312 1.08773 -2.61731e-06
3.85182 1.0865 -5.26007e-06
-4.97978 1.08856 -6.1979e-06
0.43545 1.08121 -6.38295e-06
2.72305 1.07201 -3.02791e-06
3.94504 1.07088 -4.71338e-06
0.120417 1.10588 -5.61178e-06
3.28436 1.10336 -4.06291e-06
1.92229 1.10474 -5.12095e-06
3.33815 1.09508 -1.6217e-06
-3.44071 1.10792 -3.45457e-06
-2.8406 1.09812 -4.93336e-06
-5.44304 1.11989 -3.57541e-06
-2.28092 1.11338 -4.52261e-06
-3.08201 1.11451 -3.26486e-06
-0.522855 1.10792 -2.07655e-06
-5.23812 1.1113 -3.44073e-06
0 0 0
-1.07098 1.11747 -7.71397e-07
-0.201818 1.11578 -4.77439e-07
-9.94581 1.11216 -3.86896e-06
-4.2651 1.10529 -3.83065e-06
-4.9842 1.10955 -4.45797e-06
-5.55034 1.10661 -2.25017e-06
-4.83027 1.09426 -3.93553e-06
-7.18302 1.1101 -7.23002e-06
-2.99423 1.09966 -4.31459e-06
-2.97723 1.10018 -2.06927e-06
0 0 0
-2.19649 1.09241 4.87131e-07
-2.84592 1.09098 -5.54529e-06
3.31954 1.09071 -1.9178e-06
-5.10309 1.1145 -4.32751e-06
-2.61139 1.0996 -2.62135e-06
-0.907518 1.11531 -3.9026e-06
-0.976145 1.11094 -1.40882e-06
-1.93645 1.12549 -3.04098e-06
-1.69308 1.11243 -2.57525e-06
-0.029607 1.12695 -4.20752e-06
-6.5432 1.1133 -6.11804e-06
3.17318 1.00542 -1.38034e-06
4.31265 1.01558 -4.11593e-06
0.401596 1.06989 -2.61467e-06
-0.602379 1.06008 -2.74041e-06
-10.0829 1.10421 -6.1539e-06
2.33632 1.07976 -3.34255e-06
-1.91758 1.08422 -4.97514e-06
1.4871 1.07367 -3.29697e-06
-3.23936 1.08171 -4.06685e-06
0.368527 1.06052 -2.78836e-06
1.76822 1.06713 -1.66996e-06
0 0 0
3.7472 1.07123 -8.94682e-07
-1.25769 1.06781 -3.63408e-06
-0.262863 1.07163 -1.83405e-06
-1.3045 1.08062 -2.4923e-06
0.448038 1.08202 -1.48034e-06
-1.18503 1.08397 -1.27729e-06
-0.0204999 1.06795 -2.08783e-06
3.90236 1.05778 -2.10002e-06
-2.35898 1.06996 -3.5371e-06
-0.799069 1.06907 -2.24086e-06
0 0 0
6.04513 1.05851 -4.89267e-07
6.6084 1.07181 -1.83589e-06
-3.78024 1.07126 -5.46193e-06
2.7978 1.10162 -1.94224e-06
4.41848 1.10247 -3.8241e-07
-1.30769 1.12638 -5.5328e-06
-1.00233 1.131 -5.03296e-06
0.386597 1.13304 -4.65731e-06
4.91716 1.11348 -5.30071e-06
8.576 1.05637 -4.78025e-06
2.79883 1.05421 -2.32169e-06
1.07431 1.07867 -2.8234e-06
-0.182639 1.0781 -3.49853e-06
0.764809 1.1177 -1.33647e-06
-4.04351 1.12218 -6.15794e-06
0.785252 1.1306 -3.38803e-06
-9.18847 1.12481 -5.61058e-06
3.44146 1.09409 -4.77774e-06
-9.76314 1.09886 -5.74194e-06
-2.7864 1.07935 -1.51397e-06
-4.65736 1.06898 -3.17153e-06
-1.1706 1.09359 -1.54917e-06
0 0 0
4.12585 1.08726 2.78356e-06
-6.31211 1.08457 -4.32729e-06
-1.43733 1.08442 1.11313e-07
-1.55612 1.08647 -2.01504e-06
-5.15106 1.09599 -2.6751e-06
-2.4989 1.08088 -1.29471e-06
-4.63111 1.081 -2.84241e-06
0.0605747 1.0671 -2.33713e-06
-5.39219 1.09062 -4.28123e-06
-2.2072 1.08764 -2.40712e-06
0 0 0
2.2165 1.07291 -4.60241e-07
-0.598384 1.08278 -1.21725e-06
-4.53655 1.09473 -1.75975e-06
-4.96471 1.0871 -3.79769e-06
-1.89909 1.08822 -4.29379e-06
-8.62977 1.10536 -5.1688e-06
-12.7047 1.11451 -7.00836e-06
4.61457 1.10098 6.09477e-07
-0.310509 1.10276 -2.40452e-06
-1.0255 1.10723 -4.72973e-06
-2.22946 1.10687 -4.04373e-06
-0.638909 1.09014 -3.53455e-06
1.9577 1.07685 -3.59626e-06
5.44914 1.08631 -1.54494e-06
5.6287 1.08808 -5.01491e-06
-0.245226 1.08292 -3.59158e-06
1.12656 1.08558 -4.89488e-06
1.75004 1.08352 -5.08492e-06
-2.24486 1.09613 -4.76296e-06
-2.00955 1.09757 -4.36478e-06
-0.747761 1.08387 -4.16615e-06
6.50055 1.0713 -2.74724e-06
0 0 0
-3.90566 1.07921 -2.11877e-06
1.49061 1.07922 -1.06749e-06
-2.58458 1.07726 -3.73004e-06
-5.35812 1.08414 -3.51696e-06
0.421417 1.08984 -3.59288e-06
-4.4511 1.09143 -3.94855e-06
-3.13061 1.09636 -2.72146e-06
-2.18032 1.0963 -5.32496e-06
-0.385597 1.08955 -3.12174e-06
0.623049 1.10002 -2.55776e-06
0 0 0
0.649306 1.08812 -3.72581e-06
-4.84663 1.10418 -6.24912e-06
1.20821 1.09686 -4.0451e-06
6.0648 1.09164 -2.57485e-06
-2.18878 1.09224 -4.53444e-06
0.765586 1.09557 -4.19047e-06
3.95313 1.08532 -4.56337e-06
6.02443 1.10025 -2.3742e-06
-3.61384 1.09729 -5.32256e-06
-0.573 1.0934 -5.64676e-06
3.12553 1.08248 -6.51326e-06
1.21908 1.1312 -1.32827e-06
-3.86551 1.12231 -4.52345e-06
-2.28071 1.12927 -5.61864e-06
1.35225 1.11218 -1.83318e-06
-0.10479 1.12767 -3.16365e-06
-2.59648 1.11211 -3.28724e-06
-5.86223 1.12232 -5.7945e-06
-5.56326 1.1237 -3.26822e-06
-11.5925 1.12546 -6.54547e-06
-4.81243 1.11198 -5.59454e-06
-2.86098 1.1077 -2.39304e-06
0 0 0
-8.47744 1.11874 -2.57252e-06
1.44115 1.10509 -3.09793e-06
-5.65884 1.09757 -3.8569e-06
-4.14536 1.10202 -2.25532e-06
-2.40708 1.09704 -4.33907e-06
0.301115 1.11508 -1.78531e-06
-4.9435 1.11389 -3.94639e-06
-2.40336 1.11082 -4.27788e-06
-4.28182 1.11758 -3.86995e-06
-4.36806 1.12201 -4.39026e-06
0 0 0
-7.09189 1.11152 -6.6332e-06
-4.11477 1.11781 -4.91812e-06
-2.8831 1.11188 -3.59818e-06
-3.99816 1.1184 -5.39868e-06
-0.20977 1.11512 -2.67316e-06
-3.33061 1.12356 -3.83339e-06
-4.74657 1.12237 -5.43754e-06
1.40327 1.11798 -4.93791e-06
-8.27472 1.12938 -7.85229e-06
-2.00981 1.13417 -6.86673e-06
-0.113628 1.12912 -7.21016e-06
4.98101 0.895147 5.80243e-07
5.09962 0.907499 -2.10829e-06
3.03871 1.0648 -4.68866e-06
2.95904 1.07011 -4.16359e-06
-4.42935 1.06267 -6.07633e-06
2.52981 1.05458 -3.4508e-06
1.33696 1.04863 -2.93653e-06
-0.0375066 1.05571 -2.93182e-06
4.35379 1.05326 -1.43773e-06
4.14502 1.04782 7.45096e-07
8.20911 1.04242 -1.04984e-07
0 0 0
9.36369 1.0554 -1.45764e-06
1.17786 1.06056 -2.00621e-06
2.27094 1.04264 -3.31951e-06
-10.0211 1.07717 -7.00241e-06
-0.475642 1.07302 -1.76291e-06
2.88971 1.05965 -1.85031e-06
-4.5677 1.05335 -3.11998e-06
1.43426 1.06357 -3.23172e-06
-3.08826 1.06718 -2.3531e-06
-2.38936 1.07398 -3.80555e-06
0 0 0
4.80909 1.05069 -1.7301e-06
2.28844 1.04232 -3.16718e-06
1.23074 1.05477 -1.69594e-06
0 0 0
4.43741 1.07784 -2.73441e-06
0.740815 1.07508 -3.84038e-06
0.123944 1.09643 -6.21387e-06
-4.58158 1.07064 -5.75709e-06
3.99238 1.0687 -2.40115e-06
4.61792 1.04356 -2.82051e-06
3.75863 1.06718 -5.19867e-06
0 0 0
6.26874 1.04774 -2.33964e-06
-0.853018 1.04966 -4.45097e-06
4.67035 1.08697 -5.36344e-06
1.86816 1.08271 -6.43422e-07
1.12054 1.07828 3.79298e-07
0.553744 1.06613 -3.48334e-06
-0.744957 1.07314 -3.04266e-06
3.34439 1.06739 -2.64252e-06
-2.27134 1.07243 -2.8236e-06
-1.39172 1.06924 -3.92183e-06
0 0 0
1.29867 1.06295 6.19513e-08
-6.45506 1.07537 -5.11879e-06
-7.79826 1.07462 -4.70867e-06
-4.67862 1.06117 -3.35803e-06
-0.519216 1.06433 -2.61791e-06
-1.04116 1.06687 -1.44978e-06
0.0255667 1.05954 1.23174e-07
-6.23262 1.0784 -4.2626e-06
-1.43048 1.07248 -4.83297e-07
2.96676 1.08991 4.50278e-07
0 0 0
-2.17704 1.08524 5.58723e-07
2.14872 1.0964 5.89553e-07
-1.28529 1.09733 -4.57021e-07
0.667316 1.0999 -3.58685e-06
-7.52898 1.0999 -5.62687e-06
-2.39602 1.11325 -5.98911e-06
-2.7725 1.09839 -5.2775e-06
2.14408 1.10099 -5.60455e-07
-4.5599 1.09759 -4.60605e-06
-0.524266 1.11155 -1.73017e-06
-0.544637 1.10604 -6.04877e-06
-2.83229 1.09723 -4.3476e-06
-0.314359 1.09404 -5.09706e-06
1.76214 1.10436 -3.47324e-06
3.22952 1.08917 -4.69149e-06
1.27398 1.10642 -3.14883e-06
1.06764 1.09072 -4.96546e-06
0.795641 1.10073 -2.0793e-06
-0.399815 1.10025 -4.91179e-06
1.05907 1.10445 9.01131e-07
2.12985 1.09127 -1.15115e-06
0.932111 1.09565 -3.00558e-06
0 0 0
0.547528 1.09283 -2.05437e-06
-0.0878347 1.08034 -4.73687e-06
-0.683881 1.0851 -1.84615e-06
-1.78863 1.10374 -2.98896e-06
-3.84832 1.09699 -3.45865e-06
-5.90687 1.10758 -4.66009e-06
-2.75441 1.09305 -3.9031e-06
-4.06428 1.11068 -4.72232e-06
-1.69987 1.10113 -5.82371e-06
0.135852 1.07464 -3.05829e-06
0 0 0
-4.52602 1.08706 -3.27004e-06
0 0 0
5.82568 1.0362 -9.2261e-07
4.23174 1.05336 -3.17123e-06
-0.0592429 1.0729 -3.76414e-06
1.16976 1.08633 -5.22068e-06
2.75284 1.08462 -3.69528e-06
5.84329 1.09039 -4.93828e-06
0.508783 1.09443 -6.44967e-06
5.93603 1.08835 -2.89076e-06
4.43328 1.09116 -4.09459e-06
-0.234487 1.11014 -6.68766e-06
3.33589 1.09565 -4.55779e-06
0.236173 1.10403 -3.39217e-06
-4.18665 1.10751 -4.9995e-06
-0.906185 1.10425 -5.02955e-06
-3.66035 1.11365 -6.76934e-06
-1.74115 1.10279 -5.31482e-06
-0.399518 1.09202 -4.90544e-06
-3.41107 1.10001 -5.09769e-06
-2.73862 1.08678 -3.35503e-06
-2.80077 1.09188 -3.70716e-06
0 0 0
-2.65043 1.10213 -4.22858e-06
-13.713 1.11661 -7.21633e-06
2.528 1.08743 -4.48591e-06
-2.6071 1.09861 -1.49797e-06
-2.9739 1.10046 -3.11525e-06
-2.375 1.09815 -3.22239e-06
5.34208 1.07853 -3.68992e-07
-7.37338 1.09607 -2.52595e-06
-4.17614 1.10129 -4.01036e-06
-4.15376 1.0984 -3.33831e-06
0 0 0
0.531456 1.08885 -2.9215e-06
2.23252 1.0975 -2.86162e-06
-3.39905 1.09757 -4.08132e-06
0.802396 1.09852 -2.11103e-06
-5.35 1.10683 -5.32515e-06
0.953524 1.10356 -2.06035e-06
-4.32998 1.10024 -5.35084e-06
-11.8292 1.12624 -7.71742e-06
0.112725 1.09416 -2.9392e-06
3.75778 1.11193 -2.59975e-06
-3.93767 1.12507 -6.73196e-06
3.81861 0.934092 1.13619e-06
6.56138 0.951147 -1.32331e-06
3.76037 1.09764 -4.10707e-06
-1.82155 1.09882 -6.09664e-06
1.8362 1.08753 -5.04005e-06
-1.71703 1.08117 -4.38916e-06
-2.45018 1.0982 -5.24898e-06
2.27875 1.0865 -4.49034e-06
-2.532 1.08652 -4.46963e-06
-3.15443 1.08412 -4.78131e-06
1.06541 1.07317 -3.07692e-06
0 0 0
-0.894557 1.09457 -4.46044e-06
-4.82928 1.08824 -4.64017e-06
-0.213288 1.07891 -4.34198e-06
0.381757 1.0758 -2.8907e-06
0.477584 1.08296 -4.45897e-06
-1.05294 1.08128 -4.33139e-06
-2.35488 1.07906 -4.67523e-06
-2.38629 1.08303 -3.6616e-06
-3.51506 1.08368 -6.84138e-06
6.18717 1.08585 -2.08666e-06
0 0 0
1.64323 1.07011 -3.41748e-06
2.34984 1.0883 -2.64934e-06
-5.60552 1.10362 -8.0565e-06
3.49773 1.1118 -6.91766e-06
2.15966 1.10903 -4.43767e-06
1.40028 1.11575 -4.86417e-06
2.15735 1.12384 -2.78692e-06
4.24914 1.09812 -5.05529e-06
2.64224 1.08865 -3.63611e-06
1.6959 1.09828 -3.83358e-06
-1.0128 1.09985 -7.3649e-06
-4.50249 1.15669 -6.08674e-06
0.821748 1.14824 -2.05449e-06
-1.48701 1.12833 -7.34612e-06
-9.55311 1.14659 -7.11868e-06
0.546026 1.13981 -4.74702e-06
-2.98031 1.12855 -4.67387e-06
-3.25316 1.12798 -4.68693e-06
-3.57771 1.13384 -1.52084e-06
-3.71001 1.1332 -3.10143e-06
-0.671464 1.11592 -3.96006e-06
0.543572 1.11078 -6.60182e-08
0 0 0
-1.3552 1.12291 -1.47034e-06
-5.64078 1.12607 -5.9914e-06
-9.90239 1.13535 -4.23213e-06
-5.28387 1.12422 -3.24716e-06
3.95225 1.11593 2.22217e-07
-8.16295 1.13238 -3.94059e-06
-3.71436 1.12158 -4.22786e-06
-8.19552 1.13918 -3.95044e-06
-2.26317 1.14083 -1.75181e-06
-7.60925 1.15799 -6.36858e-06
0 0 0
-3.91133 1.13938 -4.40329e-06
-1.4088 1.14873 -3.11251e-06
1.94051 1.14143 -9.39691e-07
-6.98387 1.15899 -4.08889e-06
-6.6006 1.15671 -5.26519e-06
-2.19681 1.16057 -1.59964e-06
-5.99797 1.16889 -5.33602e-06
-3.11411 1.17437 -2.76434e-06
-4.26076 1.17413 -4.76212e-06
-1.02478 1.17228 -4.37218e-06
0.785986 1.16865 -5.87016e-06
-6.00903 1.09182 -5.25745e-06
3.53067 1.07585 -2.99028e-06
1.20994 1.08461 -4.29384e-06
2.19806 1.0746 -2.47594e-06
5.35295 1.07871 -3.21873e-06
5.55273 1.08013 -6.45598e-07
2.89943 1.07133 -2.75101e-06
-5.87277 1.07659 -5.50846e-06
2.93995 1.06904 -3.95904e-06
2.62384 1.05392 -9.21766e-07
2.67141 1.07195 1.75082e-07
0 0 0
3.16534 1.06629 -1.78412e-06
-3.40997 1.08243 -5.56476e-06
0.824041 1.07925 -2.90399e-06
6.40651 1.07686 -2.82672e-06
-3.19728 1.07576 -6.0016e-06
0.380217 1.09192 -3.71327e-06
1.17582 1.06888 -1.11965e-06
-4.87809 1.0977 -4.99746e-06
7.18339 1.0645 -1.79074e-06
9.42744 1.06832 1.70717e-06
0 0 0
0 0 0
6.71084 1.06455 -4.39215e-06
3.60646 1.06543 -3.76146e-06
1.22146 1.07744 -3.77372e-06
0.932783 1.07781 -4.29618e-06
7.06401 1.08526 -2.41059e-06
2.92801 1.0922 -2.63648e-06
7.18961 1.08424 -4.34277e-06
0.242876 1.09037 -6.53638e-06
2.35039 1.09137 -5.73877e-06
0.0508431 1.08266 -7.53257e-06
-2.5022 1.08913 -4.89875e-06
-6.77945 1.09696 -6.91097e-06
-6.15711 1.09706 -8.69326e-06
-2.50756 1.09483 -3.011e-06
-3.28589 1.09153 -5.71559e-06
-4.6517 1.08448 -4.72359e-06
-0.713158 1.09262 -6.21911e-07
-3.17997 1.09795 -5.26563e-06
-4.10575 1.09512 -3.72154e-06
-4.52977 1.09055 -4.97374e-06
-4.33455 1.10664 -4.80904e-06
0 0 0
3.23314 1.08165 -3.04228e-06
-6.76414 1.10018 -5.13891e-06
-1.04029 1.08878 -1.51496e-06
-8.70807 1.10351 -4.13891e-06
-2.28467 1.09571 -5.3571e-06
-6.06435 1.10363 -3.66751e-06
-3.43424 1.09793 -2.66459e-06
-3.91853 1.09157 -2.13916e-06
-5.97054 1.10324 -3.82546e-06
-1.11127 1.09145 2.06682e-06
0 0 0
-3.73965 1.09373 -1.45032e-07
-1.44182 1.09137 -2.58134e-06
0.600954 1.10247 -4.06886e-06
-9.18238 1.09632 -5.59021e-06
-6.56632 1.09943 -2.74983e-06
-6.85843 1.09673 -6.56862e-06
-5.08174 1.09678 -5.11388e-06
-5.27196 1.11182 -7.63621e-06
-3.85877 1.0863 -4.42082e-06
0.201462 1.11065 -2.91824e-06
-7.63807 1.11032 -7.55327e-06
-4.7733 0.990591 -2.84618e-06
0.6978 0.980696 -1.5563e-06
-1.47521 1.05665 -6.00231e-06
3.50258 1.04937 -3.31331e-06
-4.46666 1.06859 -4.92668e-06
-2.94897 1.06285 -5.02103e-06
-1.75076 1.0556 -5.95728e-06
-1.6128 1.05692 -2.19185e-06
-4.51216 1.06325 -5.39586e-06
-2.64212 1.04483 -3.0323e-06
1.52187 1.03995 -4.40217e-06
0 0 0
-0.380674 1.04097 -2.13107e-06
-5.09472 1.0573 -5.52815e-06
0.615636 1.04816 -2.47206e-06
-0.584568 1.05035 -4.28108e-06
-1.44474 1.05025 -3.02725e-06
0.930816 1.04588 -3.30501e-06
0.547387 1.04038 -3.00825e-06
2.76976 1.03324 -4.01644e-06
-3.20503 1.03649 -3.0193e-06
-2.61242 1.0398 -4.07401e-06
0 0 0
-6.35359 1.04271 -5.37559e-06
-2.65658 1.05051 -3.60226e-06
0.300743 1.03837 -2.29692e-06
-0.615438 1.07041 -4.72267e-06
4.29747 1.05914 -4.88197e-06
-0.279221 1.09733 -6.19748e-06
-5.69542 1.10765 -7.89562e-06
-3.79112 1.09859 -5.26565e-06
0.684215 1.08706 -5.31699e-06
1.42777 1.03064 -4.30411e-06
3.25351 1.02748 -1.30019e-06
-2.18221 1.06229 -5.35887e-06
-3.10497 1.057 -4.35148e-06
-0.983299 1.09599 -4.87519e-07
-2.42769 1.09308 -3.66178e-06
0.915019 1.10311 -3.70233e-06
-6.23079 1.09568 -5.47888e-06
-5.57675 1.06529 -3.90452e-06
-1.77276 1.06562 -1.6598e-06
-1.35913 1.05381 -2.97916e-06
-3.49595 1.05392 -3.23511e-06
-3.94119 1.06871 -3.8645e-06
0 0 0
-3.4807 1.0695 -1.22595e-06
-7.94039 1.08315 -3.64345e-06
-7.11993 1.07623 -3.35009e-06
-5.91439 1.0663 -3.94458e-06
-6.11687 1.07398 -2.5919e-06
-5.05275 1.05618 -2.94223e-06
-4.61123 1.05038 -2.1207e-06
-4.86903 1.05813 -2.46046e-07
-6.31471 1.06554 -3.48334e-06
-7.57189 1.07722 -4.18326e-06
0 0 0
-0.155681 1.06208 -8.79108e-07
-4.6255 1.07684 -2.1784e-06
-7.56386 1.07642 -5.87935e-06
-5.42677 1.08098 -2.73264e-06
-3.79457 1.07001 -2.69548e-06
-12.7041 1.08271 -6.38351e-06
-9.42269 1.07742 -6.13163e-06
-1.7553 1.08187 -4.59785e-06
-1.81843 1.08081 -6.07439e-07
-1.27068 1.09024 -4.51639e-06
-0.97441 1.08044 -4.7949e-06
-10.7999 1.07556 -7.17333e-06
-2.86837 1.06925 -4.40956e-06
1.1148 1.07593 -3.56445e-06
-2.1648 1.07282 -4.7912e-06
-2.80119 1.08375 -6.02027e-06
-0.652376 1.07357 -1.3013e-06
-0.184632 1.07912 -3.71645e-06
-2.40182 1.05638 -3.67591e-06
-3.46872 1.06244 -5.08481e-06
-2.9358 1.06422 -2.96415e-06
-4.91709 1.07159 -5.59472e-06
0 0 0
-2.1931 1.06909 -2.40282e-06
-1.40628 1.05973 -5.27845e-07
-4.49089 1.05987 -4.04498e-06
-6.49726 1.07924 -5.52062e-06
-2.59465 1.06164 -3.99635e-06
-2.66026 1.0638 -3.72296e-06
-2.46574 1.05109 -3.99764e-06
1.28422 1.04832 -2.42609e-07
-0.226372 1.05935 -2.90018e-06
-6.0955 1.07458 -4.41947e-06
0 0 0
1.94638 1.05042 1.84796e-07
2.49954 1.06227 -8.27887e-07
2.04368 1.05909 -3.15507e-06
-5.6741 1.07303 -5.47105e-06
0.838751 1.06485 -2.43857e-06
-3.06982 1.07093 -6.153e-06
2.55074 1.05773 -3.62953e-06
-2.67737 1.07321 -5.94879e-06
-2.92872 1.06257 -4.58517e-06
1.86399 1.07114 -4.47573e-06
1.80044 1.07319 -5.32477e-06
-2.90222 1.11527 -6.12701e-06
-2.69815 1.10626 -4.25171e-06
-3.44686 1.11928 -3.91671e-06
-10.5915 1.11813 -5.82391e-06
-0.604641 1.10086 -2.91776e-06
-4.2096 1.10801 -3.12024e-06
-8.80604 1.11715 -6.64018e-06
-2.9187 1.11011 -4.01788e-06
-4.71531 1.11388 -3.64444e-06
-14.1342 1.10514 -6.92386e-06
-6.2885 1.1149 -5.5016e-06
0 0 0
-5.83518 1.09829 -3.10339e-06
-3.63518 1.10783 -2.0565e-06
-5.51429 1.10258 -1.85252e-06
-3.22755 1.10915 -3.69989e-06
-7.38679 1.12096 -3.22155e-06
-7.03265 1.12118 -3.72771e-06
-8.01842 1.11961 -3.75897e-06
-9.40954 1.13063 -2.927e-06
-11.3411 1.12375 -5.23419e-06
-7.68171 1.12356 -5.17631e-06
0 0 0
-6.35258 1.12528 -3.79403e-06
-8.70031 1.1141 -2.77533e-06
-8.25773 1.12006 -5.5768e-06
-7.10623 1.10849 -4.05086e-06
-5.22109 1.10394 -2.4481e-06
-2.61103 1.1013 -3.94498e-06
-5.93553 1.10204 -3.86242e-06
-1.58695 1.10108 -3.62104e-06
-7.21142 1.09796 -6.43027e-06
-4.29669 1.10884 -4.92721e-06
-6.14212 1.10823 -5.22896e-06
-4.50109 1.01653 -3.65234e-06
-0.815012 1.03203 -3.17832e-06
-2.36127 1.08723 -5.77826e-06
-0.994691 1.09124 -4.36788e-06
-2.34672 1.11204 -5.14898e-06
-0.182691 1.10515 -5.22307e-06
-2.1984 1.10701 -5.21483e-06
-3.70059 1.1029 -5.13965e-06
-4.89927 1.09474 -5.40318e-06
-4.48027 1.0921 -5.14489e-06
1.88863 1.09395 -1.44602e-06
0 0 0
6.37582 1.08918 -1.73804e-06
-4.68299 1.10383 -3.05295e-06
-0.514559 1.09582 -3.87612e-06
-4.18979 1.11299 -4.45436e-06
-2.12892 1.10495 -4.3288e-06
-7.69316 1.10254 -6.62852e-06
0.284907 1.10264 -5.09283e-07
-2.3008 1.09688 -3.01034e-06
-1.4443 1.10224 -2.88249e-06
-0.017253 1.10346 -2.14525e-06
0 0 0
5.2177 1.08978 2.62651e-07
-2.05028 1.11407 -5.07721e-06
-2.15964 1.10221 -3.94302e-06
-1.39956 1.11807 -2.72689e-06
-1.4522 1.10873 -5.22213e-06
-1.36312 1.1579 -6.66007e-06
0.26019 1.14823 -5.69882e-06
-1.2198 1.14486 -5.47749e-06
1.88057 1.13899 -4.77358e-06
-5.22903 1.08889 -6.87957e-06
2.96766 1.07004 -3.30963e-06
-1.29044 1.08822 -4.54257e-06
-2.29196 1.09012 -4.18283e-06
-2.36586 1.12233 -3.69327e-06
-5.70876 1.12594 -5.5827e-06
-7.97124 1.1221 -4.3569e-06
-7.79064 1.11452 -6.49528e-06
-3.89749 1.10824 -1.72578e-06
-3.71803 1.0944 -4.91903e-06
-4.88005 1.09411 -2.75267e-06
-3.26922 1.10356 -2.40939e-06
-5.04849 1.11317 -3.83061e-06
0 0 0
-5.60286 1.10279 -3.47622e-06
-9.89831 1.11187 -6.30989e-06
-3.7284 1.09715 -2.38749e-06
-4.91125 1.09413 -1.84509e-06
-10.0538 1.09182 -5.97054e-06
-6.25948 1.08754 -1.69654e-06
-0.401007 1.07038 -3.06413e-06
-9.18515 1.08519 -3.90667e-06
-4.61041 1.08195 1.61775e-06
-7.76474 1.09398 -4.80016e-06
0 0 0
-4.23221 1.08589 -2.42869e-06
0.571935 1.0836 -8.29995e-07
-7.5615 1.09365 -2.45171e-06
-6.51673 1.09624 -2.72318e-06
-3.70319 1.08974 -3.48277e-06
-1.11501 1.09533 -3.66437e-06
-7.25282 1.11221 -3.87861e-06
1.78968 1.0999 -2.91085e-06
0.0695801 1.10241 -4.57561e-06
-2.19192 1.10446 -3.37044e-06
-9.06388 1.11386 -6.97391e-06
-3.57922 1.07473 -6.33048e-06
1.04774 1.07307 -4.63768e-06
-2.67956 1.07229 -6.1064e-06
-0.704182 1.0765 -4.07857e-06
-4.4556 1.08805 -6.28243e-06
1.10794 1.06477 -4.2627e-06
2.18855 1.07641 -2.413e-06
0.0832816 1.07496 -3.65921e-06
-3.34876 1.09205 -7.59856e-06
0.465386 1.08025 -6.44955e-06
-6.78816 1.08995 -5.43016e-06
0 0 0
0.150439 1.08012 -3.88589e-06
0.185404 1.06865 -4.68749e-06
0.496347 1.06916 -3.45177e-06
-13.2725 1.07276 -6.51776e-06
-4.57678 1.06306 -3.9243e-06
-1.9023 1.06158 -1.88905e-06
-0.296366 1.05181 -4.55423e-06
-3.50739 1.07405 -3.65462e-06
-1.53272 1.06705 -2.2181e-06
-4.87665 1.07401 -4.04881e-06
0 0 0
6.24108 1.05461 -1.68085e-06
-3.52325 1.06304 -3.15043e-06
-0.218416 1.0677 -3.70788e-06
-2.00697 1.0708 -4.54751e-06
-1.10945 1.07371 -6.74213e-06
0.073623 1.06236 -3.79098e-06
6.07205 1.05793 -4.94554e-06
3.6876 1.06012 -1.69414e-06
0.399109 1.06577 -4.25781e-06
2.31241 1.06534 -4.01134e-06
2.7463 1.05468 -5.67569e-06
-12.2895 1.09879 -7.50592e-06
-0.801151 1.0765 -3.82879e-06
-7.49495 1.07797 -7.38993e-06
-4.1275 1.08854 -5.02002e-06
6.28081 1.07387 -3.22739e-07
-1.79185 1.07779 -3.21982e-06
-0.355725 1.08387 -2.19391e-06
-11.3288 1.08912 -7.07892e-06
-5.4792 1.08413 -3.92918e-06
-5.60348 1.08803 -3.30342e-06
-2.47595 1.06664 -7.03645e-07
0 0 0
-5.61386 1.09028 -6.05209e-07
-4.52058 1.06708 -4.51226e-06
-1.5134 1.07176 -1.27413e-09
-2.86105 1.07609 -2.21759e-06
-3.17994 1.0802 -2.73165e-06
-10.0993 1.09214 -4.89627e-06
-4.95918 1.07051 -3.87073e-06
-3.78659 1.07666 -4.83701e-06
-5.07256 1.08258 -2.89066e-06
-4.29832 1.08063 -2.76747e-06
0 0 0
-7.37381 1.08706 -2.64432e-06
-4.69808 1.08522 -2.52639e-06
-4.76696 1.07798 -4.20635e-06
-1.05526 1.07722 -6.0428e-07
-6.13258 1.07921 -4.85564e-06
-4.48485 1.07836 -3.24796e-06
-5.373 1.07687 -4.8803e-06
-1.74434 1.0587 -2.30767e-06
-4.58609 1.08348 -2.76818e-06
1.55001 1.07427 -4.86852e-06
1.36799 1.0908 -3.61265e-06
-0.289542 0.911781 -1.20903e-06
4.59429 0.907905 -2.7133e-06
3.32886 1.04961 -4.01723e-06
1.43669 1.05702 -4.68128e-06
-2.84083 1.06136 -5.87617e-06
2.20797 1.04716 -4.73663e-06
2.05051 1.05482 -7.01861e-07
0.145183 1.05941 -4.64535e-06
-3.31934 1.0678 -7.08203e-06
-3.9635 1.03872 -4.27158e-06
1.13844 1.04484 -6.0487e-06
0 0 0
0 0 0
0.541701 1.05072 -2.28911e-06
0.374899 1.04038 -3.41012e-06
-0.380798 1.06199 -2.74743e-06
-7.87593 1.09231 -4.91501e-06
0.684946 1.06865 -8.00967e-07
-1.08114 1.06892 -2.20817e-06
0.499282 1.07553 -1.69579e-06
0.512371 1.08394 -5.71511e-06
-2.56312 1.08192 -2.38315e-06
0 0 0
-4.29768 1.07818 -5.77642e-06
-7.16682 1.077 -5.18764e-06
-2.30748 1.07785 -7.48337e-06
-2.61583 1.11481 -5.75287e-06
2.98722 1.10606 -5.85017e-06
-1.21353 1.1052 -4.79959e-06
-5.03808 1.10791 -6.05423e-06
2.73894 1.06303 -3.16895e-06
-1.22633 1.07468 -5.54286e-06
2.81429 1.08345 -4.88393e-06
2.30072 1.0891 -7.23758e-06
-2.69786 1.11193 -7.04942e-06
-3.5421 1.11055 -6.39661e-06
1.9893 1.07149 -3.61651e-06
-4.97454 1.09466 -3.14007e-06
-4.70128 1.09069 -4.46188e-06
-2.31496 1.07771 -4.46611e-06
0.145221 1.07864 -2.38907e-06
-2.12381 1.08389 -1.78866e-06
-8.38187 1.07652 -4.18359e-06
-12.7391 1.09948 -6.24196e-06
-3.98768 1.08527 -2.87514e-06
0 0 0
-8.18906 1.09099 -4.48193e-06
-3.58449 1.08659 -1.07317e-06
-5.02564 1.09013 -9.80559e-07
-4.14693 1.07014 -3.33506e-06
-6.12983 1.0898 -4.22462e-06
-0.603728 1.08192 -4.34246e-06
-4.84408 1.07854 -1.70787e-06
-9.34769 1.0998 -5.53504e-06
-7.39522 1.09769 -4.71006e-06
-6.07771 1.10508 -4.79742e-06
0 0 0
1.44639 1.08527 7.43252e-07
-3.39898 1.09688 -3.73909e-06
-5.81309 1.10516 -4.52706e-06
-4.62814 1.09678 -4.66609e-06
-1.47305 1.0983 -2.55313e-06
-4.73827 1.1063 -5.88414e-06
-6.67373 1.11248 -6.411e-06
-2.03288 1.09855 -3.93908e-06
2.19234 1.10018 -1.94747e-06
-2.22356 1.10326 -3.36945e-06
-8.80755 1.12289 -6.17158e-06
-2.60759 1.08606 -7.35875e-06
-0.146752 1.07021 -5.65462e-06
-0.555327 1.07302 -5.12269e-06
-1.11601 1.07799 -5.56038e-06
1.55097 1.07886 -4.81339e-06
3.55097 1.06575 -4.20553e-06
-2.52358 1.07833 -5.34266e-06
3.22886 1.06486 -3.91616e-06
-1.10151 1.08149 -2.87366e-06
-2.39916 1.07197 -6.91452e-06
-2.63689 1.0835 -2.83487e-06
0 0 0
8.31034 1.06039 -8.95804e-07
1.85952 1.05847 -2.02155e-06
-2.5461 1.06918 -3.74907e-06
-5.97355 1.07524 -5.30156e-06
-0.929034 1.05387 -2.83763e-06
-0.622235 1.0594 -3.21259e-06
-3.77284 1.07238 -3.88406e-06
-2.89475 1.05865 -4.13363e-06
-7.45055 1.07743 -6.7211e-06
-0.760622 1.05988 -2.3137e-06
0 0 0
9.43694 1.05468 3.46239e-06
-0.978603 1.06851 -4.09421e-06
4.97297 1.07268 -2.03696e-06
-7.93957 1.08082 -7.43208e-06
0.284177 1.05924 -4.35418e-06
4.54563 1.06216 -4.84184e-06
5.85172 1.062 -1.7576e-06
1.5639 1.0642 -2.01561e-06
8.06264 1.05455 -1.85878e-06
8.26436 1.06039 -3.8687e-06
2.32029 1.05211 -4.48775e-06
-1.30933 1.09441 -4.98602e-06
-2.38555 1.08747 -3.99268e-06
0.692019 1.08447 -4.6535e-06
-0.358178 1.08806 -2.29532e-06
-1.76193 1.09182 -5.28312e-06
-2.25597 1.0827 -4.23001e-06
-2.03138 1.08536 -3.94593e-06
-1.44445 1.08961 -2.38627e-06
-4.14697 1.08827 -3.835e-06
-3.05139 1.08113 -1.72632e-06
4.21521 1.08313 1.51124e-06
0 0 0
4.37034 1.06709 -1.24383e-06
-2.64072 1.07703 -1.76131e-06
-3.49521 1.08069 -4.91978e-06
-5.56933 1.09433 -5.47685e-06
-2.73437 1.09632 5.96275e-07
-4.89852 1.09351 -3.5691e-06
-13.1853 1.09097 -6.77977e-06
-5.49476 1.09042 -2.84141e-06
-3.86242 1.09527 -3.72593e-06
-4.87945 1.09791 -2.22179e-06
0 0 0
-4.07058 1.10047 -4.97114e-06
-3.7729 1.08308 -2.94891e-06
-3.77182 1.09006 -4.70925e-06
-1.56574 1.09584 -9.52725e-07
-4.25345 1.09124 -4.02083e-06
0.727891 1.08898 -5.46184e-07
-1.68635 1.10021 -1.96384e-06
2.06019 1.09093 -3.28843e-06
-2.95243 1.09289 -5.49162e-06
4.46311 1.09569 -5.03943e-06
-1.69255 1.10484 -3.48545e-06
0.573982 0.913479 -1.01904e-06
2.858 0.917622 -2.19127e-06
-0.105575 1.0598 -5.02167e-06
-1.45673 1.07258 -6.3426e-06
-0.72318 1.06278 -5.1704e-06
-3.25555 1.05707 -5.4345e-06
-4.67152 1.05583 -3.51899e-06
-1.21772 1.04982 -3.50811e-06
2.89921 1.04714 -8.78698e-07
1.13765 1.04452 -2.05353e-06
-1.14072 1.05028 -3.45968e-06
0 0 0
2.81603 1.04048 -2.25868e-06
3.72941 1.04653 2.44695e-07
-0.630853 1.03598 -3.1416e-06
1.63726 1.05705 -2.12106e-06
-1.52167 1.06362 -4.23481e-06
0.899056 1.05903 -2.69241e-06
-2.2661 1.04758 -4.96244e-06
6.09943 1.04323 -1.27926e-06
3.32405 1.05411 -4.06514e-06
-0.757254 1.05999 -4.61919e-06
0 0 0
3.64251 1.05249 -2.12155e-06
-2.87305 1.05654 -4.92973e-06
1.73531 1.07177 1.42824e-07
-2.18821 1.09772 -4.68664e-06
3.19782 1.09076 -3.23324e-06
-1.14065 1.0911 -4.89756e-06
1.84601 1.08549 -5.64261e-06
5.48765 1.04533 -1.69415e-06
3.20529 1.04601 -2.48692e-06
2.2601 1.07066 -3.46816e-06
3.42166 1.0594 -4.53439e-06
-0.581539 1.08838 -5.62202e-06
2.6567 1.08898 -3.62508e-06
0.888219 1.08379 -2.71717e-06
-4.0987 1.08991 -4.66241e-06
-6.5911 1.07451 -5.54991e-06
-2.84498 1.07565 -2.24222e-06
0.962946 1.07101 -4.63933e-06
-2.9737 1.08204 -2.76563e-06
-2.20341 1.08003 -1.62697e-06
-6.90056 1.06959 -5.41477e-06
2.31728 1.066 1.59288e-08
0 0 0
-2.79131 1.06967 -7.39052e-07
-0.953323 1.07721 -1.70277e-06
-4.87232 1.07135 -3.84771e-06
-4.18153 1.06947 -3.19332e-06
0.960544 1.06053 -6.29012e-07
-2.5805 1.06618 -3.09105e-06
-3.94684 1.06287 -2.29147e-06
-5.51666 1.07996 -2.0602e-06
-2.44281 1.07366 -2.79572e-07
-6.22647 1.08116 -4.26113e-06
0 0 0
-4.01012 1.08387 -4.20498e-06
-4.40001 1.09582 -2.974e-06
-1.81114 1.08472 -3.56677e-06
-7.39493 1.09904 -5.28784e-06
-2.48428 1.09259 -3.59253e-06
-4.48996 1.10042 -5.81441e-06
-5.98942 1.10588 -5.33871e-06
-5.35975 1.10038 -6.47249e-06
-3.32565 1.09043 -4.65673e-06
-1.00346 1.09326 -5.20517e-06
-4.37703 1.11736 -4.11388e-06
-5.12727 1.06579 -3.68787e-06
-1.07042 1.05617 -5.82537e-06
-2.12024 1.05042 -3.71673e-06
3.0865 1.0436 -2.88808e-06
1.04064 1.04509 -3.57062e-06
3.39006 1.04088 -2.83663e-06
-1.81118 1.05492 -1.52411e-06
1.81886 1.04628 -1.21865e-06
-0.443733 1.05316 -4.05775e-06
3.12628 1.04966 -5.13173e-07
0.711878 1.06906 5.20208e-07
0 0 0
1.80496 1.05948 -1.3457e-06
1.11188 1.05538 -1.62409e-06
-7.37928 1.07443 -3.66219e-06
-0.0037221 1.0528 -2.67108e-06
-4.67573 1.0606 -4.23028e-06
2.25548 1.05004 -3.22096e-06
1.10532 1.04959 -4.95281e-07
-0.0711911 1.05563 -2.29652e-06
5.30586 1.04636 1.11605e-06
-0.38444 1.05107 -3.10482e-06
0 0 0
4.46475 1.04375 -9.3277e-07
-16.8526 1.07922 -4.46438e-06
0.455373 1.04986 -2.24664e-06
-0.0353273 1.06818 -2.66238e-06
5.53547 1.05938 -1.95722e-06
0.0111295 1.06715 -4.3137e-06
0.0463565 1.06019 -4.89805e-06
2.77936 1.066 -2.4936e-06
-3.99955 1.0592 -3.8405e-06
2.26739 1.07101 -5.1726e-06
2.08752 1.0654 -5.24003e-06
3.84111 1.09201 -4.28649e-06
-2.20039 1.07488 -5.05544e-06
0.227471 1.09049 -4.80556e-06
-1.2142 1.08683 -1.89658e-06
2.21411 1.0998 -1.90324e-06
-3.67274 1.08015 -4.88232e-06
-6.62517 1.08554 -5.97744e-06
-1.53762 1.07368 -1.91665e-06
-1.86187 1.08806 -9.82475e-07
-0.146397 1.06896 -2.28913e-06
0.0650185 1.07657 -3.88319e-07
0 0 0
0.305393 1.08044 5.22017e-07
-2.09194 1.07398 -2.71922e-06
-2.58077 1.07066 -2.72751e-06
-3.87107 1.09472 -4.09204e-06
-5.55409 1.09458 -3.33178e-06
-0.984663 1.10278 -1.85017e-06
-3.23976 1.08959 -3.90047e-06
-0.462652 1.10696 -2.71681e-06
-4.08188 1.10142 -9.82755e-07
-3.23726 1.09494 -3.45868e-06
0 0 0
-1.33032 1.08768 -2.49509e-06
-4.80677 1.10577 -4.40748e-06
-1.83697 1.09837 -1.9723e-06
-2.97458 1.10171 -1.89988e-06
4.11007 1.0948 1.14249e-06
-6.32698 1.10045 -5.15064e-06
-4.27426 1.10348 -2.7727e-06
-1.31958 1.0985 -2.17789e-07
-0.165597 1.0803 -3.07773e-06
-0.74059 1.0934 -2.49202e-06
4.06299 1.09719 -8.58361e-07
-6.03287 0.989545 -3.32901e-06
2.23859 0.983851 -1.4983e-06
2.21118 1.06876 -6.08283e-07
1.52813 1.05576 -1.46221e-06
1.57915 1.07595 -3.55141e-06
-1.09042 1.07951 -3.60442e-06
0.502346 1.07061 -4.35818e-06
-1.66742 1.05861 -3.72597e-06
5.37787 1.03883 -1.78548e-06
-0.542447 1.04372 -1.92894e-06
4.1443 1.04105 -1.18375e-06
0 0 0
5.08462 1.04488 6.07776e-07
-2.61239 1.0536 -2.79861e-06
5.91011 1.0386 2.37433e-06
1.5899 1.04853 -1.52821e-06
-0.288228 1.05148 -3.52297e-06
-2.95109 1.04715 -3.62738e-06
2.05951 1.01486 -3.24991e-06
10.6801 1.01851 -9.17096e-07
0 0 0
4.02129 1.02565 -1.38239e-06
0 0 0
6.9844 1.00861 1.8194e-06
2.94991 1.03832 -3.04851e-06
0.505606 1.03857 -3.20972e-06
4.01171 1.06935 -2.45579e-06
-0.672758 1.07951 -5.39394e-06
-3.36742 1.10976 -6.29985e-06
3.52105 1.09904 -2.96244e-06
1.90525 1.09215 -3.22571e-06
2.85749 1.07655 -3.6355e-06
0.397123 1.03105 -4.08336e-06
7.05135 1.0222 -2.45998e-06
5.67208 1.06288 -2.73875e-06
3.94697 1.05144 -1.47637e-06
-1.55873 1.08349 -3.2486e-06
0.157 1.08281 -3.87405e-06
3.81922 1.07323 1.48794e-08
2.34664 1.06632 -3.2036e-06
-0.985626 1.06278 -3.42453e-06
-9.25041 1.0684 -6.22244e-06
-6.58468 1.07732 -6.58629e-06
-1.7063 1.06621 -3.41123e-06
-1.70113 1.07762 -1.97827e-06
0 0 0
2.71305 1.0605 -1.46842e-06
-0.739333 1.06598 -3.57272e-06
-2.44964 1.05616 -4.09145e-06
-7.35248 1.06042 -1.96291e-06
-1.26962 1.05303 -2.57563e-06
-3.16401 1.06343 -4.53318e-06
0.486919 1.04529 -1.27597e-06
3.42449 1.05186 3.65973e-06
-7.3381 1.06272 -3.66084e-06
-7.73693 1.07451 -6.40034e-06
0 0 0
1.3586 1.06121 -7.72071e-07
-5.6333 1.07874 -5.4334e-06
0.737455 1.06375 -2.95975e-06
-4.64833 1.06761 -1.07194e-06
3.48366 1.05339 6.84675e-07
-2.28014 1.08616 -4.17128e-06
-3.69396 1.07916 -5.36419e-06
1.24087 1.0725 -1.02336e-06
-1.97998 1.09309 -3.31571e-06
1.61847 1.09348 -1.45874e-06
0.242755 1.08287 -4.80809e-06
-5.7474 1.06308 -2.07477e-06
-0.71641 1.06552 -4.54205e-06
-2.37344 1.06849 -3.80797e-06
1.04168 1.07271 -3.14243e-06
-0.208857 1.05483 -4.8235e-06
1.51131 1.05774 -3.32154e-06
-0.110376 1.04839 -4.79992e-06
7.25793 1.049 -6.47935e-07
-1.46359 1.06412 -2.43457e-06
2.25644 1.0469 -3.75245e-06
-0.620267 1.06666 -3.75781e-06
0 0 0
5.78489 1.05159 2.56364e-06
-0.99277 1.08119 -3.4257e-06
-1.32849 1.0637 -4.32733e-06
-0.877062 1.07031 -4.13744e-06
-3.84453 1.08631 -2.43604e-06
4.25747 1.05733 -5.71129e-08
4.01263 1.06673 -8.7696e-07
5.57613 1.03919 -7.63586e-07
-0.682918 1.06076 -1.86789e-06
4.03279 1.04163 -1.09064e-06
0 0 0
1.43988 1.04209 -9.47373e-07
5.72841 1.05087 2.71648e-06
2.49804 1.04299 -3.39996e-06
5.10435 1.05811 -1.0728e-06
0.641477 1.05783 -3.25049e-06
6.19832 1.0422 -1.9512e-06
1.18288 1.04899 -3.99727e-06
-9.58053 1.0709 -5.22991e-06
8.4385 1.04922 -4.80151e-06
0.738844 1.05669 -5.35544e-06
2.71019 1.06176 -4.31363e-06
-3.77354 1.10029 -5.64762e-06
-2.03459 1.08495 -4.86448e-06
-5.60812 1.10424 -5.42075e-06
3.85836 1.08736 -2.71491e-06
-2.93221 1.0946 -5.15108e-06
-2.22178 1.09243 -4.42698e-06
2.00983 1.09969 -2.10389e-06
-0.443607 1.0894 -3.86119e-06
-2.50597 1.10171 -2.45575e-06
-0.110472 1.10203 -3.94898e-06
-3.02018 1.08574 -1.93405e-06
0 0 0
-2.24001 1.09974 -1.80117e-06
-3.92915 1.08876 -8.38331e-07
-3.00205 1.09455 -1.50411e-06
-8.66472 1.10934 -2.8278e-06
-4.47164 1.10182 -4.85557e-06
-7.69283 1.1091 -4.3336e-06
-5.2374 1.11106 -1.24187e-06
-3.12713 1.09516 -3.72411e-06
-4.28925 1.0963 -2.48656e-06
-7.21678 1.10521 -1.87771e-06
0 0 0
0.555263 1.09817 -1.17637e-06
-7.35602 1.11459 -3.91709e-06
-1.90827 1.09482 -2.25373e-06
-8.34 1.10679 -5.79999e-06
-2.30892 1.10162 -2.14807e-06
-4.1255 1.10963 -5.95831e-06
-1.94033 1.10176 -4.19094e-06
-3.05485 1.10267 -5.65515e-06
-3.71995 1.10216 -6.55663e-06
-2.97228 1.10728 -5.45978e-06
-1.70885 1.10619 -4.82389e-06
1.06857 0.996098 -2.19315e-06
3.65813 1.00599 -3.52014e-06
6.72781 1.05923 -2.46076e-06
2.52369 1.05823 -2.85605e-06
3.86804 1.07982 -3.38965e-06
-3.04678 1.08385 -5.28264e-06
5.84831 1.05636 -1.36311e-07
3.49789 1.05737 -1.57684e-06
6.59656 1.03564 -2.63756e-06
-5.29805 1.0511 -3.70541e-06
1.896 1.04237 -2.21254e-06
0 0 0
5.34254 1.03726 4.2627e-08
8.13724 1.03774 -7.60861e-07
-2.68267 1.04715 -3.62807e-06
-0.180231 1.04848 -2.08546e-06
3.38746 1.05205 -3.97961e-06
0.884606 1.05537 -4.33843e-06
-4.94409 1.04714 -2.79748e-06
4.2489 1.02731 -5.77316e-07
-1.70065 1.0414 -2.96649e-06
1.66158 1.02752 -2.24281e-06
0 0 0
4.14771 1.02178 -1.0019e-07
1.90183 1.0383 -2.13604e-06
4.66379 1.03331 -2.04775e-06
1.67024 1.05383 -3.1649e-06
4.97548 1.0594 -1.96969e-06
4.47479 1.10277 -1.87663e-06
1.34252 1.09372 -5.39911e-06
1.17508 1.07773 -4.1568e-06
0.288784 1.07937 -3.81175e-06
3.93328 1.01889 -3.53641e-06
1.85272 1.02181 -4.70098e-06
7.15989 1.04618 -8.60327e-07
0.163732 1.04811 -4.06079e-06
-0.728089 1.08096 -4.23958e-06
-4.45967 1.08203 -4.6061e-06
4.09341 1.06857 -4.05368e-07
4.61432 1.05742 7.56676e-07
0.285539 1.05275 -5.11974e-07
1.23775 1.05178 -1.79726e-06
2.50104 1.06283 -1.7215e-06
-1.73846 1.06341 -3.14982e-06
2.81457 1.05818 -1.25433e-06
0 0 0
-1.70955 1.06059 -1.34283e-06
-7.5675 1.05848 -3.71623e-06
-6.77969 1.06777 -4.67039e-06
1.36125 1.04058 -3.62176e-07
1.55525 1.0511 4.70111e-06
0.790086 1.04011 -1.5025e-06
-1.60924 1.04977 -2.77382e-06
2.84867 1.05072 -1.67343e-06
-0.489479 1.05075 -4.36814e-07
-2.34305 1.06015 -1.52488e-06
0 0 0
-4.70258 1.0676 -1.57333e-06
-0.619319 1.05546 -2.314e-06
2.12019 1.05995 -1.52774e-06
-4.9456 1.06057 -3.25433e-06
-0.751184 1.0614 7.48435e-07
-3.11383 1.07816 -2.73543e-06
-0.115095 1.06212 -4.01066e-06
0.909995 1.06971 2.433e-06
1.27135 1.07375 -1.78852e-06
-3.13906 1.08249 -4.07298e-06
1.11212 1.06881 -5.44693e-06
-2.01804 1.08156 -4.71599e-06
0.765803 1.0791 -2.86959e-06
1.25242 1.0717 -4.57116e-06
-0.339568 1.07675 -5.39224e-06
-2.23244 1.08263 -5.28477e-06
-2.79515 1.08534 -4.13111e-06
3.80793 1.08175 1.72955e-06
2.78441 1.08833 -1.47668e-06
1.39397 1.07296 -4.32358e-06
1.10597 1.07558 -3.9057e-06
-8.41369 1.0848 -5.7356e-06
0 0 0
3.39911 1.06803 -9.16633e-07
2.29933 1.06575 -2.70326e-06
3.2696 1.06075 -2.98152e-06
-2.26428 1.06475 -3.2673e-06
-0.785828 1.07138 -4.70592e-06
-5.88555 1.08985 -6.05948e-06
-0.490596 1.06537 -2.51655e-06
0.338058 1.07012 -3.06323e-06
-0.569598 1.07443 -1.55056e-06
2.63842 1.07204 -2.33453e-06
0 0 0
-0.935477 1.06365 -3.66903e-06
1.47018 1.0727 -3.72873e-06
-6.14001 1.07208 -3.92974e-06
-6.96316 1.07641 -5.4256e-06
-1.5726 1.06801 -3.19574e-06
2.49736 1.06512 -4.06556e-06
2.96352 1.06975 -3.80656e-06
1.10966 1.07928 -3.10118e-06
-0.0469112 1.0733 -5.14498e-06
2.24477 1.0803 -3.69703e-06
4.44614 1.07348 -3.27929e-06
0.52678 1.0867 -4.0674e-06
0.226989 1.06872 -2.87625e-06
2.69108 1.09155 -4.70825e-06
0.508916 1.0775 -2.86083e-06
0.835074 1.091 -3.62877e-06
0.615963 1.07609 -1.92013e-06
-3.25016 1.08593 -2.45736e-06
-8.36529 1.09348 -5.55061e-06
1.55953 1.07398 -2.54716e-06
-1.34238 1.07505 -2.22702e-07
-0.017834 1.06065 -1.24815e-06
0 0 0
3.7806 1.06994 1.5881e-06
-5.33785 1.06675 -3.99027e-06
0.975024 1.05394 -3.15164e-06
1.17252 1.05727 -1.87394e-06
-1.4259 1.04035 -1.5371e-06
-4.21526 1.05206 -3.65596e-06
0 0 0
-0.555667 1.05724 -9.1998e-07
-0.925359 1.04343 -1.91295e-06
-5.67867 1.07352 -6.21712e-06
0 0 0
-1.40186 1.07103 -2.85839e-06
1.23422 1.07612 2.8267e-07
-2.44614 1.07877 -4.4956e-06
-2.763 1.07134 -3.26648e-06
-3.33622 1.06933 -2.4173e-06
-1.458 1.08406 -4.33219e-06
-3.69382 1.07023 -5.00982e-06
-4.95544 1.07647 -4.99227e-06
-3.72973 1.07769 -4.81615e-06
7.23556 1.08494 -4.33256e-07
-3.46542 1.09184 -7.63876e-06
8.35681 0.880067 8.8462e-07
1.23728 0.886783 -1.15534e-06
3.02769 1.04189 -3.90607e-06
2.3262 1.04465 -2.68259e-06
0.541628 1.05907 -4.32617e-06
2.08452 1.03996 -2.55512e-06
-0.678267 1.04496 -2.33575e-06
-4.15504 1.06099 -5.48828e-06
2.80728 1.05506 -2.24055e-06
2.49065 1.04871 7.71978e-07
-5.97537 1.05945 -5.33575e-06
0 0 0
-7.50357 1.06931 -7.38112e-07
-2.65237 1.06682 -2.20587e-06
-5.31768 1.05735 -4.26939e-06
-2.89275 1.05826 -1.30195e-06
-6.19426 1.06085 -3.36341e-06
-5.51698 1.07126 -3.95231e-06
0.871889 1.05439 -3.44625e-06
0.417018 1.05643 -1.82427e-06
-3.62352 1.07827 -4.89626e-06
2.53391 1.06022 -1.77441e-06
0 0 0
-4.66746 1.06552 -4.60526e-06
-0.390119 1.0559 -2.90193e-06
-1.38352 1.07315 -2.50387e-06
-0.336563 1.10863 -2.79551e-06
-0.546978 1.1136 -3.3753e-06
-0.964065 1.10694 -2.66051e-06
2.22287 1.10622 -6.0404e-07
2.94381 1.0724 -2.89303e-06
-4.2945 1.08951 -7.17056e-06
2.48723 1.08652 -3.80724e-06
1.20982 1.08717 -4.79024e-06
-2.07257 1.12711 -3.83143e-06
-5.68638 1.129 -3.75308e-06
-3.73919 1.11595 -5.89703e-06
-5.78604 1.12066 -5.35334e-06
1.84113 1.10512 -3.22827e-06
-3.98793 1.1022 -4.36868e-06
-2.84009 1.09335 -3.27276e-06
-3.85086 1.09141 -3.5472e-06
-4.67365 1.08905 -4.06598e-06
-4.04594 1.079 -1.28065e-06
-4.83659 1.09382 -2.769e-06
0 0 0
0.850337 1.0987 -6.33704e-07
-7.28472 1.09783 -4.56652e-06
-4.62531 1.09157 -1.66018e-06
-7.75459 1.09566 -4.566e-07
-4.76947 1.08784 7.28256e-07
-14.7608 1.10286 -5.22394e-06
-1.96772 1.0782 -9.35752e-07
-4.22238 1.09368 -2.1801e-06
-8.68833 1.09734 -5.18906e-06
-6.27189 1.09415 -3.82088e-06
0 0 0
-3.50914 1.09047 -2.15295e-06
-5.60199 1.104 -1.99843e-06
-1.95921 1.09747 -1.14701e-06
-4.95894 1.09905 -4.22613e-06
-7.82768 1.10241 -4.15289e-06
-4.41211 1.11746 -2.84744e-06
-4.67326 1.10408 -3.96618e-06
-6.20086 1.11113 -3.6752e-06
-0.754927 1.1093 -8.8138e-07
-7.86094 1.1237 -7.33098e-06
-0.893582 1.10301 -5.5915e-06
-2.33103 1.08962 -2.83581e-06
-0.128045 1.08272 -6.65158e-06
3.57181 1.08294 -2.89656e-06
6.37208 1.07141 -2.99688e-06
-4.03539 1.1018 -5.50666e-06
-9.59312 1.09828 -7.01607e-06
-10.6623 1.10289 -6.87864e-06
3.91436 1.09498 -3.93317e-06
0.0142188 1.09308 -4.9097e-06
-3.29952 1.0995 -6.69371e-06
7.47879 1.08478 2.09951e-06
0 0 0
-0.427168 1.10072 -2.20798e-06
-4.21694 1.08651 -4.51397e-06
-0.00222028 1.07837 -3.80014e-06
2.14661 1.07257 -2.06723e-06
-2.33918 1.08223 -2.92766e-06
0.296255 1.08156 -3.98736e-06
0.178681 1.07696 -1.1548e-06
0.907203 1.0798 -3.91809e-06
0.159198 1.08584 -2.04437e-06
-2.08435 1.08816 -5.6551e-06
0 0 0
0.513708 1.08971 -1.81822e-06
1.71515 1.08397 -1.66151e-06
0.845236 1.07911 -2.81686e-06
-3.00644 1.09585 -4.12458e-06
-1.49797 1.08463 -4.53849e-06
3.11409 1.07938 -3.37087e-06
0.609732 1.08618 -3.06451e-06
2.29076 1.07706 -3.43182e-06
-2.00004 1.07974 -2.94665e-06
2.93932 1.08506 -5.90643e-06
0.75972 1.09487 -4.30487e-06
0.170497 1.0896 -4.00783e-06
0.118572 1.0731 -4.97009e-06
-8.86344 1.09992 -8.4054e-06
0.579698 1.08022 -3.08708e-06
-1.35719 1.09633 -2.2295e-06
-1.59867 1.08527 -2.78786e-06
-0.430219 1.09457 -3.38655e-06
-2.25429 1.08467 -3.04729e-06
-3.40918 1.08716 -4.85285e-06
-1.98952 1.07311 -4.71411e-06
3.81625 1.07301 -1.36388e-06
0 0 0
1.69377 1.07836 -1.3975e-06
-1.15707 1.07833 -4.69402e-06
-4.12876 1.07583 -3.57047e-06
-7.16654 1.0839 -3.80912e-06
-4.12382 1.08021 -2.87655e-06
0.172744 1.07366 -2.27221e-06
-6.19049 1.07542 -4.49473e-06
-0.509079 1.08359 -3.658e-06
-7.21271 1.09098 -4.85557e-06
-1.27636 1.08424 -3.30906e-06
0 0 0
0.936341 1.08339 -2.44246e-07
-0.121665 1.09052 -1.58642e-06
-5.61548 1.08187 -4.78999e-06
-5.67626 1.08462 -4.0512e-06
-0.983374 1.08176 -2.03248e-06
4.41569 1.08761 1.72942e-06
-1.36213 1.08131 -3.32201e-06
2.69221 1.08215 -4.81304e-06
1.14919 1.07764 -4.05719e-06
-3.59234 1.11901 -5.42266e-06
-2.10958 1.10476 -6.78152e-06
5.76507 0.911793 -5.66983e-07
6.27157 0.920173 -2.75715e-06
4.96949 1.06446 -4.20016e-06
8.0595 1.0561 -2.25585e-06
4.48266 1.06958 -1.59827e-06
1.1318 1.06305 -5.06744e-06
3.32574 1.05674 -3.75506e-06
2.54009 1.06256 -4.24498e-06
1.26686 1.06017 -2.91597e-06
4.94697 1.05011 -5.71112e-07
4.72142 1.06382 -1.04096e-06
0 0 0
2.49137 1.06551 -1.1113e-06
8.40668 1.06545 4.06401e-06
4.02609 1.05938 -8.31216e-07
-2.02816 1.06981 -3.95718e-06
-3.40367 1.05627 -2.65535e-06
0.954292 1.05236 -3.65927e-06
-2.23486 1.0562 -4.15075e-06
2.92133 1.06339 -1.83405e-06
3.19172 1.05543 -1.37733e-06
5.936 1.0596 -1.85492e-06
0 0 0
5.01477 1.05447 7.44028e-07
10.3213 1.04663 2.61535e-06
3.93896 1.0653 -2.39086e-06
1.49655 1.09835 -3.35349e-06
-0.194008 1.09728 -4.80127e-06
4.35794 1.09417 -3.85377e-06
6.21176 1.10246 -4.31451e-07
-1.55011 1.07588 -4.58794e-06
6.25929 1.0615 -1.43207e-06
2.46245 1.09327 -4.22574e-06
5.91128 1.07268 -2.89564e-06
0.560833 1.11295 -3.70711e-06
-4.34631 1.09749 -5.88457e-06
7.85207 1.07039 -9.50906e-07
-0.173532 1.07514 -4.02369e-06
-0.225056 1.07317 -3.42482e-06
2.67547 1.05268 -3.55561e-06
4.21589 1.05753 -1.26555e-06
-1.48908 1.06433 -2.94514e-06
-3.8622 1.07211 -4.52461e-06
4.90132 1.04882 -1.50739e-06
3.45934 1.05732 -1.82668e-06
0 0 0
6.9631 1.04864 7.81182e-07
-2.90474 1.0616 -1.75359e-06
3.44865 1.0579 -1.20616e-06
1.85221 1.06264 -2.05419e-07
-1.92964 1.06827 -1.29966e-06
-0.0497207 1.06887 -1.14339e-06
0.898847 1.06684 1.41854e-06
1.25664 1.07662 -1.92067e-06
-0.938074 1.07098 -2.84429e-06
-0.725788 1.06927 -8.19502e-07
0 0 0
2.33304 1.07099 -1.91432e-06
-0.141248 1.08107 -2.02539e-06
0.115059 1.07397 -8.32845e-07
2.32168 1.08303 -2.86235e-06
0.811081 1.08028 8.91497e-07
2.89664 1.07598 -8.23025e-08
0.799323 1.08606 -8.83935e-07
2.3344 1.07964 -2.60648e-06
-3.37622 1.08228 -3.96285e-06
1.43258 1.08641 -5.07721e-06
5.77152 1.08596 -5.22294e-07
-6.07677 1.07382 -5.1615e-06
3.34987 1.06524 -4.67983e-06
-0.133275 1.07543 -5.43534e-06
-1.10438 1.06745 -5.55997e-06
1.00804 1.07171 -3.47566e-06
5.94033 1.05429 -2.80523e-06
-2.88258 1.06474 -5.11368e-06
-2.1298 1.06499 -6.49067e-06
-0.385725 1.05835 -5.34613e-06
-0.626841 1.06284 -3.96821e-06
0.893652 1.0583 -3.28828e-06
0 0 0
-0.125687 1.04818 -3.38159e-06
-1.4252 1.05868 -3.83478e-06
-0.556123 1.05675 -4.77953e-06
-2.14941 1.07016 -5.40143e-06
0.735071 1.04853 -5.34738e-06
1.65269 1.08269 -4.48138e-06
-3.1946 1.06373 -4.80074e-06
-1.92362 1.06754 -4.82271e-06
3.18639 1.05757 -2.79526e-06
7.96437 1.0515 -1.11387e-06
0 0 0
5.53421 1.05262 -2.07304e-06
4.92098 1.05111 -3.72734e-06
0.825739 1.06554 -4.87222e-06
4.59075 1.04746 -1.27153e-06
5.37823 1.06388 -3.74407e-07
-0.513847 1.06027 -6.06964e-06
3.24879 1.06843 2.54991e-07
1.79267 1.05484 -5.81659e-06
4.08097 1.04835 -6.00593e-06
0.814359 1.06805 -5.47013e-06
0.127275 1.05244 -4.14486e-06
-0.776651 1.08872 -4.46595e-06
-0.266822 1.07719 -3.96815e-06
-1.02018 1.08846 -3.84433e-06
-10.1739 1.09754 -7.82294e-06
2.03758 1.07562 -3.3537e-06
-3.20807 1.08447 -4.53269e-06
-7.76917 1.10683 -5.95767e-06
-2.96076 1.08519 -4.05239e-06
1.8008 1.10203 -3.90703e-06
-8.90649 1.11051 -4.42067e-06
-4.64352 1.09685 -4.64888e-06
0 0 0
4.56202 1.09659 6.23079e-07
-1.88533 1.07953 -4.05315e-06
-1.80421 1.08702 -3.27418e-06
-6.68514 1.09399 -5.32131e-06
0.132234 1.0922 -3.53081e-06
-9.18558 1.09505 -5.48123e-06
-0.551448 1.09137 -3.0092e-06
-3.81014 1.0998 -4.11043e-06
-3.50795 1.10214 -4.38795e-06
-0.813642 1.08918 -2.49538e-06
0 0 0
-0.401331 1.0931 6.20617e-09
-4.78916 1.08418 -3.81511e-06
-3.83187 1.09035 -4.25159e-06
-7.84206 1.09303 -6.01855e-06
-4.22263 1.07577 -4.31025e-06
-2.00893 1.09828 -4.08709e-06
-1.12229 1.09539 -3.39261e-06
-2.95711 1.08905 -5.51006e-06
-4.46575 1.09095 -6.114e-06
2.00818 1.08952 -4.7246e-06
-5.32593 1.10418 -7.40647e-06
-0.557159 0.992421 -2.77753e-06
3.14247 0.988533 -3.44113e-06
-4.80523 1.07135 -6.20944e-06
1.36867 1.06824 -3.20544e-06
1.25581 1.08229 -4.48528e-06
0.335227 1.07963 -4.57395e-06
2.65572 1.0835 -2.11127e-06
1.85327 1.06135 -2.79002e-06
-1.7057 1.07237 -4.51084e-06
0.383113 1.06169 -4.34458e-06
0.536685 1.05835 -2.36888e-06
0 0 0
5.23467 1.05211 -2.08292e-06
-1.14437 1.08169 -3.5991e-06
-0.715959 1.06982 -1.05395e-06
2.1925 1.0744 -1.30983e-06
1.54075 1.07004 -2.501e-06
2.23763 1.06993 -4.36186e-06
4.40379 1.05762 -3.46051e-06
1.63596 1.0723 -3.26895e-06
-0.0246709 1.05977 -2.73495e-06
1.0835 1.05405 -3.55084e-06
0 0 0
5.99933 1.04209 -1.03149e-06
9.28516 1.04515 -2.69315e-06
-4.78035 1.05955 -3.68453e-06
2.40431 1.08273 -1.35668e-06
0.704735 1.08534 -4.52062e-06
-0.180859 1.12834 -5.35848e-06
6.26269 1.11699 -2.52262e-06
6.66722 1.11042 -4.01116e-06
5.96723 1.10818 -4.78411e-06
11.2888 1.03311 -4.21386e-07
1.7044 1.04183 -5.28783e-06
1.18846 1.06771 -3.69098e-06
-1.67708 1.06842 -4.17019e-06
-7.57782 1.11052 -7.66632e-06
1.41645 1.09384 -4.1231e-06
-0.518424 1.08402 -2.93061e-06
-4.3427 1.07874 -4.14773e-06
-0.586661 1.07272 -4.2501e-06
5.94566 1.06375 -1.80439e-06
-2.11846 1.07289 -3.30308e-06
1.24188 1.07383 -1.2215e-06
-3.93738 1.08615 -4.54248e-06
0 0 0
2.99039 1.06314 5.63079e-07
-3.01349 1.09088 -4.47809e-06
0.198843 1.06386 -5.86274e-07
1.67819 1.05639 -1.24264e-06
-0.420218 1.04812 -2.52719e-06
0.97912 1.0546 -1.33271e-06
-2.3533 1.0463 -3.51453e-07
-4.06947 1.08012 -1.71952e-06
-4.08567 1.07215 -4.49901e-06
-0.99455 1.08047 -2.50745e-06
0 0 0
4.36415 1.07536 2.22159e-06
-1.8569 1.07915 -1.71369e-06
-1.28749 1.07711 -1.17404e-06
0.0700838 1.06412 -2.03471e-06
4.90668 1.06114 -1.02466e-06
-4.7471 1.08435 -3.27023e-06
-0.934911 1.06596 -3.79877e-06
-0.813441 1.07989 -3.12739e-06
-7.49863 1.08516 -5.25505e-06
-8.29881 1.09023 -5.87702e-06
3.86088 1.09171 -5.36989e-06
-2.06393 1.07862 -5.8793e-06
0.916202 1.08577 -4.02099e-06
0.941252 1.08979 -6.54739e-06
0.457938 1.08294 -4.993e-06
1.4798 1.08238 -2.94446e-06
-1.1759 1.07937 -6.46324e-06
1.32078 1.08142 -4.58068e-06
4.13416 1.07147 -1.34223e-06
-7.86576 1.09712 -5.38745e-06
-2.982 1.0691 -5.23704e-06
1.18826 1.08026 -4.50609e-06
0 0 0
3.67644 1.06996 -1.93655e-07
-0.465544 1.08166 -3.45914e-06
-2.44467 1.09201 -4.22209e-06
-7.58427 1.10129 -5.68613e-06
-1.65139 1.09041 -3.90792e-06
-7.1142 1.08213 -5.84021e-06
-4.77426 1.08304 -4.20798e-06
2.22319 1.07633 -3.76757e-06
-1.41681 1.07767 -5.20696e-06
6.2969 1.07895 -3.05814e-07
0 0 0
3.61422 1.07146 -8.86264e-08
2.66756 1.07553 -3.60734e-06
-0.762749 1.08149 -3.80516e-06
-0.788871 1.08681 -3.57178e-06
2.50703 1.08622 -3.32999e-06
0.727276 1.10375 -4.27449e-06
1.68355 1.08779 -5.47917e-06
2.51328 1.09708 -2.35172e-06
6.36753 1.07414 -5.14936e-06
-1.32639 1.08938 -4.84023e-06
-7.02878 1.09983 -9.8593e-06
-0.448984 1.09255 -5.63017e-06
-1.60527 1.08019 -4.09432e-06
-0.0166719 1.08561 -4.89553e-06
1.20485 1.08359 -4.59669e-06
1.7068 1.10014 -3.28944e-06
-3.01718 1.08957 -5.65845e-06
-7.89161 1.10418 -3.82075e-06
-1.28816 1.09288 -4.61477e-06
-4.95484 1.10538 -6.02871e-06
-9.01351 1.09995 -7.11273e-06
-2.1221 1.09444 -3.75716e-06
0 0 0
-5.28233 1.09114 -3.62813e-06
-4.44635 1.09123 -3.69957e-06
0.0762421 1.07896 -1.46613e-06
-4.10768 1.09906 -3.75826e-06
-9.78732 1.07881 -4.74085e-06
-6.61408 1.09205 -4.91538e-06
0.457526 1.0743 -2.21852e-06
-2.48177 1.08931 -2.27789e-06
3.732 1.08493 -1.32254e-06
-0.754815 1.07939 -3.20805e-06
0 0 0
2.74531 1.07127 1.44291e-06
-2.80042 1.08444 -1.36288e-06
-1.76162 1.07308 -2.63416e-06
-3.86434 1.08022 -5.07606e-06
-5.56308 1.07469 -5.22195e-06
1.99506 1.07514 -1.98368e-06
-0.85828 1.06847 -3.9762e-06
-2.13401 1.08789 -3.02864e-06
-4.24694 1.08017 -6.72304e-06
6.61121 1.09631 -9.97472e-07
1.19163 1.10374 -3.74986e-06
-3.67023 1.00814 -3.21708e-06
2.06374 1.01262 -1.6611e-06
1.85937 1.06546 -2.1365e-06
-5.9641 1.06905 -7.02434e-06
4.49002 1.07776 2.32644e-06
1.89471 1.07955 -1.16241e-06
6.63318 1.0607 -3.92826e-06
0.47219 1.06656 -1.62436e-06
-3.2148 1.05937 -4.14816e-06
2.94725 1.051 8.73796e-08
0.862232 1.05249 -1.87974e-06
0 0 0
0.868098 1.04086 6.56886e-07
1.04651 1.05108 -2.07982e-06
-2.34542 1.04642 -2.66739e-06
6.45319 1.04681 -1.22984e-06
2.36737 1.06041 -5.89788e-07
1.69491 1.04202 -1.07082e-06
1.64189 1.03977 -1.187e-06
-0.0087935 1.04151 -7.60022e-07
-0.431768 1.02504 -3.01766e-06
7.99503 1.03033 -4.55302e-07
0 0 0
7.71274 1.02161 2.02472e-06
4.31217 1.03083 -1.10626e-06
3.95822 1.03742 -2.89167e-06
-1.96796 1.0675 -3.74994e-06
-2.47006 1.07675 -3.3378e-06
2.88024 1.10756 -1.70828e-06
2.66232 1.09744 -3.28009e-06
0.444041 1.08564 -4.4404e-06
3.28754 1.07571 -4.65306e-06
2.18121 1.02537 -4.08566e-06
6.29071 1.01309 -3.74651e-06
1.27962 1.06321 -3.36739e-06
-4.25612 1.06628 -5.16879e-06
-2.81098 1.10334 -4.41971e-06
-1.40139 1.10329 -2.78059e-06
6.16558 1.08347 -2.46116e-06
-3.77549 1.09175 -2.8924e-06
-1.24163 1.07476 -4.00678e-06
-2.5561 1.05275 -2.71017e-06
-0.314748 1.06768 -2.8607e-06
-1.33547 1.05443 -1.76764e-06
-7.63795 1.08019 -4.81914e-06
0 0 0
1.47655 1.06313 1.34003e-06
-2.67954 1.063 -1.36662e-06
-0.726508 1.06759 -2.51823e-06
-1.21737 1.06348 -9.70237e-07
-3.26545 1.05378 -2.33761e-06
0.308405 1.04615 -2.24179e-06
-3.44026 1.04722 -3.50869e-06
-8.59138 1.07881 -3.53061e-06
-0.857681 1.0741 5.20854e-07
-10.5484 1.10122 -5.62684e-06
0 0 0
-3.13675 1.08497 -4.73283e-07
-3.24707 1.07466 -1.94186e-06
-0.356815 1.08988 -1.71252e-06
1.42263 1.06846 -2.59703e-06
-1.12093 1.07104 -2.58009e-06
-1.12753 1.07417 -2.09293e-06
-4.45164 1.07219 -4.72319e-06
-3.94067 1.09136 -2.19673e-06
1.81895 1.07387 -2.03624e-06
4.41195 1.08474 5.75289e-07
-6.13805 1.08318 -6.45748e-06
-0.308832 1.06726 -2.91789e-06
-1.96924 1.06693 -4.68743e-06
1.97746 1.06626 -4.78442e-06
2.91044 1.04984 -3.35031e-06
0.850966 1.06108 -3.86379e-06
4.16768 1.05198 -1.47071e-06
2.38129 1.06501 -4.27337e-06
2.29597 1.07374 -2.39091e-06
-1.8162 1.0782 -4.31296e-06
3.43723 1.06108 -3.17889e-06
-1.44866 1.06688 -2.38195e-06
0 0 0
4.36221 1.06405 -2.3073e-06
-4.79997 1.07767 -6.43488e-06
1.05675 1.06833 -2.15902e-06
-0.0496549 1.06512 -3.84531e-06
4.12277 1.0586 -2.68877e-06
-1.08804 1.062 -4.87685e-06
0.25096 1.05522 -2.69202e-06
-8.80601 1.03827 -5.39065e-06
-1.34886 1.04803 -3.67948e-06
0 0 0
0 0 0
-6.01947 1.04018 -4.02705e-06
0.688076 1.03452 -3.58533e-06
-2.39162 1.05092 -4.36739e-06
8.04369 1.05206 -6.9829e-07
-3.60405 1.06917 -5.99159e-06
1.00233 1.06727 -3.32104e-06
-1.75742 1.06652 -5.49456e-06
9.11711 1.05751 -3.65642e-07
-0.125319 1.06213 -3.7398e-06
4.3532 1.05879 -5.34127e-06
3.36735 1.059 -3.96974e-06
5.01718 1.08267 -6.22406e-06
1.79265 1.07611 -5.24634e-06
-1.75673 1.08638 -3.98943e-06
-3.82145 1.09723 -5.08932e-06
-2.78917 1.09565 -5.4836e-06
-3.7372 1.08683 -4.09945e-06
-0.274475 1.09081 -2.82401e-06
-2.02149 1.07856 -4.21103e-06
-3.51738 1.08107 -3.471e-06
-2.36105 1.07356 -4.14988e-06
-5.94559 1.08812 -5.86063e-06
0 0 0
-2.37215 1.07506 -1.91214e-06
-2.61803 1.07748 -4.07763e-06
-5.6357 1.06496 -4.74469e-06
-5.20237 1.0663 -4.61877e-06
-2.03372 1.05795 -1.49072e-06
-3.7469 1.07502 -3.51198e-06
-2.44978 1.06797 -3.14769e-06
-2.64852 1.07119 -1.73886e-06
0.747824 1.06818 2.0103e-07
-4.7859 1.09227 -1.4789e-06
0 0 0
1.86231 1.07303 -2.15101e-07
-7.53777 1.08815 -5.87721e-06
-5.39186 1.08916 -4.84555e-06
0.128821 1.09216 -1.73698e-06
2.6823 1.08944 8.66379e-07
-4.84529 1.09301 -3.99559e-06
-6.12507 1.08822 -5.72938e-06
3.01642 1.09267 -3.76929e-06
-0.873462 1.08363 -2.71112e-06
-2.33726 1.10995 -6.6245e-06
0.511647 1.09384 -3.43092e-06
3.39182 0.878108 1.3344e-06
3.48742 0.871793 -1.66178e-06
2.88078 1.01767 -3.59259e-06
2.12883 1.03129 -3.4588e-06
4.99415 1.03666 -3.66808e-06
5.82331 1.02272 -2.16061e-06
2.5944 1.03294 -3.2052e-06
-0.235753 1.0388 -3.61427e-06
1.87256 1.03158 -3.22909e-06
-2.3995 1.02784 -4.39901e-06
0.343866 1.03002 -2.03935e-06
0 0 0
-0.48167 1.03882 -1.56349e-06
1.17839 1.03093 -1.72249e-06
5.38395 1.02916 -2.00523e-06
4.72078 1.03177 -2.90418e-06
1.99262 1.03287 -2.40187e-07
-2.21021 1.04421 -4.0366e-06
0.798971 1.03459 -1.92553e-06
-0.412226 1.03979 -2.37486e-06
-2.76323 1.04406 -3.4591e-06
3.53914 1.04585 -2.97752e-06
0 0 0
8.39208 1.0341 -2.56724e-06
5.40197 1.03461 -2.07017e-06
0.00525036 1.04354 -2.48744e-06
1.98847 1.08776 -1.9655e-06
3.02991 1.0746 -2.67253e-06
-1.78122 1.0847 -5.28955e-06
2.78823 1.08426 -4.39515e-06
0.966447 1.05181 -4.07683e-06
7.48478 1.03482 -1.12112e-06
3.31879 1.05752 -3.69101e-06
3.90916 1.04918 -3.76229e-06
-1.29236 1.09125 -5.46656e-06
3.61679 1.07911 -4.02563e-06
-2.50427 1.07907 -5.00637e-06
-2.45384 1.08485 -5.11919e-06
-0.470504 1.08109 -2.54773e-06
-1.2363 1.06634 -2.58635e-06
-0.67322 1.08166 -1.2939e-06
-1.07389 1.08143 -2.6814e-06
-3.92291 1.09275 -3.63984e-06
-2.48027 1.07669 6.63522e-09
-4.16601 1.07792 -4.17166e-06
0 0 0
-4.93507 1.08579 -1.04833e-06
-4.3307 1.0835 -1.24808e-06
-1.4041 1.07937 -6.13958e-07
-4.69042 1.06576 -2.03499e-06
0.807777 1.07237 -2.29891e-06
-5.15123 1.07049 -2.86523e-06
-7.23258 1.07072 -3.47357e-06
-7.6333 1.07946 -4.27138e-06
0.463144 1.06883 1.3719e-07
-8.95599 1.09112 -4.00318e-06
0 0 0
2.65417 1.06935 1.93802e-06
-5.74628 1.07719 -3.20156e-06
-3.93386 1.07125 -3.55619e-06
-7.15107 1.09004 -5.14011e-06
-2.87912 1.07886 -3.32077e-06
-0.0600633 1.08697 -6.57017e-07
-1.66576 1.07986 -6.45707e-06
-0.179958 1.09215 -5.56209e-06
-2.94809 1.10152 -2.50429e-06
3.72548 1.09199 -5.33406e-06
-3.95002 1.10091 -5.97261e-06
-2.97008 1.06742 -2.15881e-06
-2.24089 1.07307 -5.29789e-06
0.832333 1.05579 -2.6453e-06
-3.41939 1.06311 -5.58846e-06
-1.18229 1.06934 -4.38799e-06
-2.33033 1.06178 -4.29505e-06
0.119669 1.05781 -3.17038e-06
0.342024 1.06709 -1.11475e-06
0.663329 1.06328 -1.3078e-06
1.44466 1.06187 -3.27045e-06
1.44706 1.05264 -3.73024e-06
0 0 0
-0.985437 1.06259 -8.48265e-07
1.48295 1.0442 -2.75399e-06
0.317211 1.04736 -9.89522e-07
0.192488 1.06501 -1.57478e-06
2.16962 1.06473 -2.47325e-06
3.33939 1.05381 -1.57494e-06
5.28257 1.04861 4.52952e-07
0.902205 1.05765 -1.32582e-06
-0.600078 1.06051 -4.94025e-06
4.90521 1.04804 -1.2326e-06
0 0 0
0.505983 1.05647 -2.4139e-06
1.72961 1.04833 -9.3908e-08
0.934399 1.05728 -3.65251e-06
0.967057 1.05185 -2.71155e-06
-2.24095 1.06243 -4.66972e-06
6.13226 1.05197 -9.74197e-07
0.665001 1.05266 -2.26696e-06
2.3255 1.05957 -6.4951e-06
0.0304974 1.05061 -4.28566e-06
3.74612 1.05281 -4.31535e-06
0.0703465 1.05065 -5.71325e-06
-0.859567 1.07013 -6.16851e-06
2.66425 1.06239 -3.26421e-06
-0.827362 1.0741 -3.56289e-06
-3.97035 1.08765 -4.4227e-06
-2.13058 1.09259 -5.40627e-06
-0.62589 1.06166 -3.09472e-06
1.13168 1.06621 -4.1149e-06
-3.63303 1.07915 -4.8841e-06
-2.23701 1.08398 -2.35078e-06
-1.15999 1.06294 -3.80631e-06
-0.569065 1.08247 -2.61181e-07
0 0 0
1.51975 1.06761 -7.96773e-07
-5.01003 1.06588 -4.00832e-06
-1.618 1.06483 -1.04566e-06
-1.9099 1.05997 -1.988e-06
0.0664851 1.07671 -5.22652e-06
-3.19778 1.07571 -2.65331e-06
-2.57114 1.05973 -3.46661e-06
-4.91093 1.06544 -3.58961e-06
-2.71822 1.08105 9.09691e-08
-2.187 1.06177 -4.25952e-06
0 0 0
0.263412 1.06967 -2.52006e-06
-0.999687 1.07928 -1.7582e-06
-4.39044 1.07929 -3.56225e-06
1.27548 1.07651 -2.44157e-06
-7.14445 1.08052 -4.97819e-06
-1.23512 1.07158 -2.99581e-06
-0.045772 1.07967 -4.12653e-06
-4.5124 1.07978 -4.97019e-06
2.32782 1.06719 -3.02881e-06
-1.87199 1.09122 -5.2999e-06
1.69515 1.08879 -4.56357e-06
-4.22825 0.907096 -3.92428e-07
8.50796 0.90651 8.11168e-07
1.99895 1.061 -2.23368e-06
2.56041 1.05021 -2.23407e-06
2.30817 1.06605 -4.33418e-06
-5.8844 1.06273 -6.84176e-06
-1.91928 1.07478 -5.54704e-06
5.24984 1.05855 -3.45399e-06
0.122512 1.06249 -2.2229e-06
0.835325 1.05936 -4.90217e-06
0.0715494 1.05683 -3.41136e-06
0 0 0
6.2604 1.06585 -3.47083e-06
0.483023 1.05619 -2.39835e-06
4.0037 1.05693 -2.82867e-06
1.46597 1.05336 -9.93675e-07
-7.00052 1.06854 -6.47151e-06
4.86277 1.05549 -2.732e-06
3.20541 1.05672 -6.32251e-07
-3.2296 1.07099 -5.37913e-06
3.87061 1.06634 1.55396e-06
7.23538 1.06293 1.45847e-06
0 0 0
7.20906 1.06029 4.62307e-07
1.3527 1.06704 -2.90031e-06
-1.62363 1.07441 -3.85462e-06
1.1835 1.1045 -2.99601e-06
-5.0065 1.11783 -7.2033e-06
0.941654 1.11807 -3.38519e-06
-1.99787 1.12627 -5.5409e-06
2.97138 1.08736 -3.65354e-06
1.35224 1.07743 -4.20719e-06
0.0722518 1.09731 -5.07288e-06
6.24916 1.08775 -4.85653e-06
5.16339 1.11552 -4.33557e-06
5.28435 1.11345 -2.66858e-06
-2.37087 1.10022 -3.82446e-06
-3.0925 1.1164 -4.36122e-06
-5.33751 1.11112 -5.41052e-06
-3.56252 1.09829 -5.71277e-06
1.93542 1.08869 -4.77129e-06
-3.01562 1.10328 -2.30234e-06
-6.95627 1.0967 -4.36804e-06
-5.59465 1.09089 -2.01403e-06
-3.16881 1.09905 -2.59879e-06
0 0 0
-5.21837 1.09866 3.942e-07
-2.87666 1.08405 -4.74409e-06
-5.24512 1.09604 -1.44459e-06
-7.15577 1.10066 -3.22042e-06
-2.44104 1.08066 -2.71541e-07
-2.66464 1.0915 -2.62191e-06
-0.360008 1.08695 -4.54832e-06
-6.18433 1.1054 -1.05791e-06
-7.82062 1.09027 -2.33859e-06
-3.35286 1.0854 -3.00787e-06
0 0 0
-3.13171 1.09526 4.6558e-07
6.00239 1.04567 -9.61916e-07
-2.6734 1.05448 -4.20177e-06
-6.19397 1.04396 -3.34049e-06
0 0 0
5.27195 1.06285 2.38206e-07
-10.9688 1.05526 -7.85528e-06
-2.88439 1.11013 -3.73136e-06
-2.65448 1.09725 -5.19909e-06
-1.47608 1.11689 -2.708e-06
-6.30875 1.1177 -8.08225e-06
-2.24318 1.0778 -1.49516e-06
6.66498 1.05867 -4.73482e-06
3.33259 1.06668 -4.44301e-06
1.02117 1.05721 -4.47348e-06
2.20384 1.06415 -1.51231e-06
4.3101 1.05837 -1.27796e-06
2.91618 1.06353 -2.77502e-06
-0.319575 1.04876 -3.40366e-06
2.03062 1.05631 -3.84744e-06
-3.5301 1.05792 -3.00085e-06
-2.9531 1.06891 -6.106e-06
0 0 0
7.46578 1.04311 6.66191e-07
-1.02267 1.07354 -3.64799e-06
-0.581848 1.05308 -2.97701e-06
-0.94966 1.07865 -4.11868e-06
-1.21784 1.06979 -3.25795e-06
2.77541 1.07683 -3.14149e-06
6.55768 1.06674 -3.83027e-06
1.1342 1.06013 -1.6223e-06
2.03061 1.06518 -1.74509e-06
-0.65319 1.06155 -4.09691e-06
0 0 0
1.74663 1.05708 -2.98588e-06
1.06476 1.05947 -4.1995e-06
-0.522444 1.06588 -4.13423e-06
-6.945 1.0772 -6.5594e-06
-0.596159 1.04791 -4.43896e-06
6.86023 1.06326 -3.08909e-06
-0.0192041 1.06405 -4.79785e-06
1.33806 1.08432 -6.19293e-06
3.63609 1.05228 -4.57138e-06
0.690455 1.06733 -5.71799e-06
0.016309 1.07644 -6.0682e-06
0.491927 1.13031 -3.23786e-06
1.06478 1.11291 -7.08082e-06
-3.62563 1.1364 -5.17341e-06
-2.56506 1.13583 -6.74223e-06
-4.25536 1.138 -6.09892e-06
0.881819 1.12925 1.4201e-06
-3.91836 1.12335 -4.28959e-06
-2.91834 1.11788 -3.19506e-06
-7.56555 1.12951 -4.34542e-06
-4.50996 1.11661 -2.77346e-06
-5.10276 1.11528 -6.65814e-06
0 0 0
3.85672 1.09252 -2.44749e-06
-3.93131 1.11206 -2.05772e-06
-5.64032 1.10534 -4.87767e-06
-5.62167 1.11818 -3.41306e-06
-0.295722 1.10113 -5.35883e-06
-5.56868 1.11659 -3.17122e-06
-4.27404 1.09556 -4.79029e-06
-8.75652 1.11429 -5.70694e-06
-1.13609 1.0982 -2.70324e-06
0.264303 1.11451 1.10817e-06
0 0 0
3.28596 1.09834 -2.61473e-06
-4.81093 1.10944 -4.60953e-06
-4.91043 1.11134 -4.37504e-06
-2.54053 1.10465 -5.07764e-06
2.58999 1.09247 -1.48566e-06
-3.2388 1.11077 -4.66494e-06
-4.65714 1.10801 -5.25061e-06
-1.32158 1.11797 -3.67186e-06
-4.49037 1.10925 -6.0464e-06
-1.68956 1.11888 -6.02446e-06
-2.84451 1.10694 -5.34116e-06
-0.774385 1.01244 -2.27981e-07
-1.25399 1.002 -4.19175e-06
-0.649693 1.08282 -5.22659e-06
1.97735 1.0745 -4.75468e-06
-6.02415 1.08772 -7.13483e-06
6.44611 1.0731 -2.23965e-06
0.509592 1.08304 -3.95349e-06
-0.181882 1.07247 -2.74082e-06
-9.20322 1.07856 -6.21843e-06
3.09596 1.06553 -8.61672e-07
2.49808 1.06476 -6.77252e-07
0 0 0
7.06786 1.05119 -2.31336e-06
5.7255 1.05085 -1.15712e-06
-1.03332 1.06057 -3.78787e-06
-4.59979 1.07267 -5.48e-06
0.207003 1.06811 -2.47781e-06
4.83752 1.06007 7.29601e-07
4.6264 1.04929 -2.1188e-07
-0.629647 1.05859 -3.92426e-06
3.98853 1.04742 -3.34661e-06
4.12019 1.04767 -4.42689e-06
0 0 0
7.48908 1.04444 2.43002e-06
-0.0469072 1.0681 -3.67243e-06
2.36696 1.06574 -2.94616e-06
1.24713 1.10098 -3.9083e-06
3.45264 1.09927 -4.5977e-06
-0.162787 1.13684 -6.01859e-06
3.09062 1.13884 -5.60022e-06
2.15813 1.116 -4.02084e-06
3.57467 1.11978 -3.79427e-06
6.5067 1.03907 -4.41744e-06
6.77996 1.0481 -1.19344e-06
-4.32076 1.0745 -5.38116e-06
2.33667 1.07538 -1.96238e-06
-8.00103 1.12711 -6.76541e-06
1.07038 1.10251 -3.38529e-06
-2.38393 1.10435 -5.55083e-06
1.42724 1.08002 -3.08283e-06
-3.0259 1.09158 -5.76036e-06
-3.73582 1.0732 -3.81899e-06
-1.97786 1.06599 -2.35864e-06
-2.49098 1.05305 -2.78093e-06
3.88567 1.07165 -1.10617e-06
0 0 0
6.74819 1.05223 2.34998e-07
0.784599 1.07237 -1.94208e-06
-4.05229 1.06891 -4.07767e-06
-0.580094 1.06422 -2.55697e-06
-9.04365 1.0648 -5.67888e-06
-0.207539 1.06287 9.74969e-07
0.247106 1.04976 -2.08792e-06
-2.8238 1.08078 -3.34986e-06
-4.11713 1.07923 -3.0278e-06
1.0804 1.08625 -8.79148e-07
0 0 0
3.0988 1.07275 2.47739e-07
2.29951 1.08505 -4.58344e-06
-2.37887 1.07918 -2.6024e-06
4.59999 1.07837 1.43632e-06
-3.21266 1.07821 -3.78967e-06
0.463475 1.08461 1.02106e-06
-3.02548 1.07578 -3.70849e-06
-2.29332 1.08271 -3.60292e-06
-4.02067 1.08255 -5.30221e-06
-0.754622 1.10641 -3.21173e-06
-2.71738 1.10486 -5.51366e-06
-8.2289 1.05683 -4.01373e-06
0.899619 1.04936 -4.06784e-06
-2.45854 1.05091 -3.70752e-06
4.55209 1.03496 -2.80769e-06
1.17392 1.04375 -1.89817e-06
-0.255491 1.04388 -4.43008e-06
1.3969 1.04239 -3.46524e-06
0.57885 1.03323 -2.24034e-06
3.03394 1.03342 -3.33173e-06
2.48658 1.04076 -3.54469e-06
0.813405 1.03718 -3.95576e-06
0 0 0
6.47422 1.02491 6.70922e-07
5.8459 1.04053 1.1378e-06
-1.02021 1.04456 9.60603e-08
8.11979 1.03759 2.49475e-07
0.401691 1.03565 -2.3474e-06
4.4717 1.04156 -1.75032e-06
-0.512348 1.02761 -2.66568e-06
-7.09383 1.05106 -5.77626e-06
4.09046 1.03038 -1.75358e-06
6.16466 1.02932 -1.5822e-06
0 0 0
1.66412 1.04331 -2.0945e-06
2.72279 1.03568 -4.51868e-06
4.70857 1.04029 -2.64968e-06
1.63611 1.03149 -3.30071e-06
5.25957 1.03441 -3.22824e-06
2.14171 1.02854 -4.55787e-06
6.93151 1.02172 1.30033e-09
1.33748 1.0331 -4.13399e-06
0.577393 1.04287 -3.70146e-06
-1.75781 1.05042 -5.02254e-06
8.19319 1.05345 -1.69302e-06
-10.46 1.10015 -8.14195e-06
-2.59019 1.09472 -5.9654e-06
-2.56606 1.10581 -5.41069e-06
1.65473 1.0885 -3.50441e-06
-2.21382 1.09983 -2.97509e-06
-0.746979 1.08431 -3.29743e-06
0.487693 1.08005 -1.47887e-06
1.53765 1.07623 -3.7036e-06
0.49296 1.07945 -4.64536e-06
3.19453 1.06926 -2.97406e-06
-9.95747 1.09833 -5.03547e-06
0 0 0
3.62668 1.07827 -1.05824e-06
-3.34874 1.08657 -1.49503e-06
-4.42532 1.08327 -2.4969e-06
-4.34671 1.07707 -1.96322e-06
-5.05395 1.08224 -3.22083e-06
-1.25353 1.07846 -2.68666e-06
-5.60609 1.06729 -2.72135e-06
2.69698 1.07361 1.52626e-07
-3.30937 1.06941 -3.66066e-06
0.904904 1.06616 -1.8248e-08
0 0 0
-1.75091 1.06947 -2.19487e-06
0.830738 1.06925 1.31129e-07
-4.21498 1.08401 -5.19081e-06
-2.7158 1.07641 -1.93769e-06
-5.09695 1.0702 -4.14308e-06
-4.87257 1.07719 -1.10982e-06
-5.31946 1.08132 -3.88781e-06
2.31531 1.06864 -2.13186e-06
-0.020682 1.06349 -5.33136e-06
2.61505 1.07792 -2.66342e-06
2.08198 1.07625 -4.48861e-06
1.14272 1.00333 7.40958e-07
1.88226 1.00301 -1.98696e-06
0.0797087 1.06575 -6.08779e-06
6.81331 1.05018 -3.30489e-06
5.49665 1.07343 -2.77848e-06
4.11649 1.07643 -3.87519e-06
-2.27004 1.06985 -3.41727e-06
-3.12442 1.0821 -4.83911e-06
0.353152 1.06332 -2.66497e-06
-1.45545 1.05866 -3.44976e-06
-1.30732 1.06691 -9.70986e-07
0 0 0
5.35204 1.04929 1.40784e-06
3.34048 1.04335 -2.74967e-06
1.19294 1.04212 -1.85566e-06
-5.37597 1.05576 -3.75573e-06
0.957156 1.05722 -1.33235e-06
-0.764119 1.05632 -9.4568e-07
2.30642 1.04889 -1.66727e-06
-7.00034 1.05689 -5.85896e-06
0.70844 1.03812 -1.07578e-06
0.344629 1.05338 -2.73031e-06
0 0 0
3.58783 1.04187 -3.20056e-06
0.154558 1.05675 -2.07646e-06
3.99826 1.05667 -4.76412e-06
2.49623 1.09474 -1.01318e-06
-0.389849 1.09882 -3.56928e-06
-0.594183 1.13684 -4.16809e-06
2.46266 1.13314 -4.57293e-06
-0.094044 1.13146 -5.37227e-06
0.548033 1.12022 -6.797e-06
5.38411 1.06447 -1.54144e-06
3.48883 1.05183 -4.53913e-06
1.81189 1.07816 -2.05585e-06
-0.302289 1.06616 -5.61293e-08
-1.46197 1.11344 -5.30494e-06
-2.04689 1.10349 -4.95599e-06
-0.425977 1.09053 -3.55257e-06
-7.74939 1.10608 -4.58612e-06
-1.8683 1.07507 1.2632e-06
-5.29268 1.06742 -3.50991e-06
5.14413 1.03778 -1.73082e-06
-1.89342 1.05135 8.83029e-07
-1.55317 1.06847 -3.52572e-06
0 0 0
3.75115 1.05911 -1.06178e-06
1.45799 1.06684 -1.43034e-06
-2.08563 1.06681 1.73179e-07
-2.50689 1.05596 -2.02849e-06
-0.153863 1.06661 -6.94214e-07
-3.78716 1.06143 -1.22753e-06
1.25525 1.05997 4.99646e-07
5.06668 1.06184 -1.75576e-06
-0.80277 1.06665 -6.79048e-07
-0.693259 1.08251 1.69818e-07
0 0 0
3.64255 1.06858 1.2512e-06
-9.92119 1.08824 -5.16177e-06
5.84295 1.06845 -2.24527e-06
0.54288 1.07321 -3.73482e-07
-5.54914 1.07764 -4.1562e-06
-1.29167 1.07922 -2.28643e-06
-0.826228 1.08154 -1.28577e-06
0.58609 1.08847 -2.6315e-06
-1.21967 1.08177 -4.68626e-06
1.23682 1.09953 -8.06356e-07
-0.259268 1.1141 -4.80208e-06
-10.2085 1.07087 -3.89095e-06
6.00488 1.05171 -1.26117e-06
3.66523 1.0569 -6.02147e-06
2.69174 1.05785 -2.7479e-06
-0.830018 1.06752 -3.1926e-06
-1.4277 1.06405 -4.45095e-06
4.1069 1.05857 -1.35751e-06
-0.32093 1.06777 -2.52735e-06
9.4014 1.05866 1.26776e-06
5.08999 1.05407 -2.43758e-06
0.967587 1.05324 -3.60007e-06
0 0 0
3.39675 1.05029 -1.68465e-06
-1.41643 1.06558 -4.53343e-06
3.4835 1.05419 -1.51367e-06
-0.591536 1.05824 -3.09086e-06
7.74183 1.0612 1.48863e-07
3.33503 1.05455 -2.12192e-06
-0.473605 1.05963 -4.21652e-06
-0.796613 1.06654 -2.94286e-06
1.35294 1.05881 -3.58411e-06
2.14041 1.07735 -2.2652e-06
0 0 0
-7.2707 1.08406 -4.12344e-06
-0.14391 1.08488 -2.79278e-06
4.07645 1.08094 -4.93649e-06
2.05789 1.07402 -3.84763e-06
0.853903 1.0767 -4.84675e-06
1.86293 1.06832 -3.88228e-06
1.53524 1.08157 -2.65522e-06
1.64716 1.06196 -3.82057e-06
4.01919 1.06383 -2.82232e-06
5.37235 1.06592 -5.17424e-06
-2.56288 1.08616 -6.35404e-06
-8.85677 1.10581 -6.40022e-06
-2.52297 1.10041 -1.74113e-06
2.68057 1.10394 -4.43858e-06
-3.03705 1.09841 -3.23182e-06
-2.90931 1.11488 -3.66341e-06
1.29557 1.08689 -4.56914e-06
-2.32491 1.09636 -3.99138e-06
-5.5717 1.09286 -4.51529e-06
-2.48108 1.0876 -3.14744e-06
-3.18664 1.09361 -2.533e-06
1.2538 1.08275 -1.57714e-06
0 0 0
0.74069 1.07562 1.37999e-07
-0.62586 1.09004 -2.85053e-06
-1.62812 1.07242 -1.36727e-06
-2.68658 1.08666 -1.49853e-06
-7.12039 1.08907 -3.92052e-06
-2.14233 1.08328 -2.23863e-06
-3.05048 1.07625 -7.12226e-07
-5.90826 1.09039 -3.24843e-06
-5.30917 1.07417 -3.86623e-06
-0.901944 1.07952 -1.87437e-06
0 0 0
-5.08752 1.07362 -2.60444e-06
-3.70867 1.08604 -3.95315e-07
-8.66602 1.09793 -4.84678e-06
-2.56166 1.09108 -3.2867e-06
-2.88446 1.08558 -2.89125e-06
-1.65226 1.08531 -3.0728e-06
1.11394 1.08292 -5.85613e-08
-5.53092 1.09603 -3.32303e-06
-2.82182 1.08287 -4.51978e-06
0.352995 1.08903 -1.83609e-06
-3.67379 1.09977 -5.14597e-06
9.95603 0.881829 3.99761e-06
6.20104 0.88731 -1.01455e-06
6.09931 1.0467 -1.9079e-06
0.955496 1.05167 -4.93801e-06
0.721233 1.06693 -2.58662e-06
5.57019 1.04188 -1.8727e-06
4.1146 1.04262 -9.85336e-07
1.52681 1.04386 -2.58761e-06
-0.501519 1.04208 -4.57841e-06
4.34955 1.03368 -7.59027e-07
1.13572 1.04583 -3.88801e-06
0 0 0
3.51228 1.03676 -2.96855e-06
0.393649 1.05259 -3.0098e-06
1.14607 1.03999 -2.33586e-06
-0.0324947 1.06429 -2.64481e-06
-0.0747146 1.05923 -2.78256e-06
6.11505 1.05288 -1.65625e-06
5.59342 1.04227 -1.14221e-06
7.45753 1.04493 -1.16919e-06
-1.09348 1.06253 -4.36892e-06
4.1933 1.05793 -6.62384e-07
0 0 0
0.437336 1.05335 -1.36258e-06
6.21798 1.05073 -1.40096e-06
1.69601 1.06594 -1.65103e-06
-3.54194 1.10246 -6.71129e-06
9.71575 1.08631 1.80856e-06
-1.10343 1.08781 -6.31216e-06
-0.110668 1.10367 -5.16572e-06
2.30917 1.06418 -4.88103e-06
2.8953 1.05622 -2.37561e-06
-0.0918205 1.07957 -5.70703e-06
3.05266 1.07393 -4.84153e-06
3.68703 1.10254 6.13287e-08
-10.1161 1.11131 -7.78785e-06
5.53727 1.09373 -1.8981e-06
-3.03341 1.09222 -5.09799e-06
-3.32108 1.09359 -3.88079e-06
3.78594 1.07349 5.53802e-07
-2.0672 1.0959 -3.97559e-06
-2.14789 1.11299 -4.52894e-06
4.26569 1.0872 4.0809e-08
-1.13161 1.0883 -1.33186e-06
4.77309 1.07175 -1.64609e-06
0 0 0
-0.529491 1.08313 1.95166e-06
2.44087 1.07846 -2.16963e-07
2.49926 1.07083 -1.16261e-07
-2.14701 1.10259 1.61863e-06
-1.65646 1.09682 -9.19923e-07
-7.46966 1.10798 -6.06989e-06
-4.14798 1.08968 -3.15509e-06
-4.74231 1.10916 -2.1532e-06
-3.40695 1.09363 -2.81223e-06
-3.04186 1.11023 -2.03618e-06
0 0 0
-0.00794178 1.08461 -2.10901e-06
-1.87068 1.09588 -3.20455e-06
-0.0296471 1.09766 -1.90622e-06
0.851577 1.10245 -2.57724e-06
-2.93669 1.10033 -4.84142e-06
-7.80725 1.10294 -5.32031e-06
3.13816 1.0834 -9.5708e-07
4.43186 1.09093 -1.77223e-06
-0.244542 1.09065 -2.98975e-06
0.800053 1.09804 -5.21147e-07
0.843898 1.11009 -2.65062e-07
-5.01292 1.07019 -3.73473e-06
0.447322 1.0602 -4.62078e-06
1.40057 1.05999 -3.55254e-06
1.34154 1.06023 -4.66885e-06
2.04268 1.06113 -4.20464e-06
-7.05074 1.06822 -4.58818e-06
3.11508 1.0686 -2.7745e-06
5.58426 1.06011 -1.12852e-06
1.95193 1.06297 -3.49729e-07
-2.31595 1.06462 -1.99489e-06
5.22276 1.0549 -1.84264e-06
0 0 0
5.71811 1.06313 2.9987e-06
4.66356 1.05251 3.72264e-08
-0.555423 1.05798 -2.57237e-06
0.264971 1.06294 -3.69468e-07
1.38251 1.06809 -3.37407e-06
2.40381 1.06227 -2.97311e-06
3.10413 1.05399 4.58223e-07
1.32046 1.05931 -2.75654e-06
0.573456 1.05397 -2.90183e-06
0.72474 1.06161 -4.17159e-06
0 0 0
8.82835 1.04345 -9.57048e-07
5.41838 1.06348 -1.99226e-06
1.18586 1.05457 -2.8944e-06
2.2685 1.0669 -2.90305e-06
1.70079 1.05528 -2.15848e-06
7.10199 1.05931 -1.87692e-06
-0.128924 1.05415 -4.80071e-06
3.27948 1.05255 -3.45831e-06
0.938909 1.05894 -2.73469e-06
7.06032 1.04814 -5.05419e-06
-2.50699 1.05728 -4.56784e-06
1.10704 1.08296 -3.11921e-06
-3.96614 1.08387 -5.58599e-06
-2.48116 1.09122 -4.26134e-06
-2.55895 1.07478 -2.72374e-06
4.25536 1.07341 8.79681e-07
-4.00262 1.07584 -4.22734e-06
-0.185969 1.07045 -1.70371e-06
2.24564 1.07245 -1.32888e-06
-1.71806 1.07346 -3.65058e-06
-2.82052 1.06183 -3.48265e-06
-0.445214 1.06052 -1.97961e-06
0 0 0
-0.958779 1.06559 -1.15141e-06
-2.53824 1.06658 -8.00052e-07
5.12625 1.05058 1.32291e-06
-1.07904 1.07445 1.35134e-07
-7.31397 1.07222 -2.49111e-06
-2.81218 1.06364 -1.71669e-06
-2.68705 1.05494 -1.54215e-06
-2.99163 1.07289 -1.56817e-06
-1.6033 1.05964 -3.09843e-06
0.564445 1.06209 -3.43861e-06
0 0 0
-1.73715 1.06628 -8.10437e-07
-1.40201 1.06475 -3.85608e-06
-0.84463 1.07436 8.76085e-07
3.57756 1.0643 -7.37417e-07
-4.79876 1.07861 -4.12282e-06
-0.748923 1.07719 -5.3643e-07
-2.32077 1.08694 -2.144e-06
-0.140086 1.08863 -1.60446e-06
0.351822 1.08389 -2.69672e-06
-1.59864 1.08667 -4.72219e-06
1.08624 1.08592 -4.41047e-06
14.8455 0.872564 3.15642e-06
8.85139 0.880318 6.84511e-07
3.74172 1.03924 6.15311e-07
-1.44987 1.05119 -4.43611e-06
1.0847 1.05831 -3.91313e-06
2.94291 1.05145 -9.07076e-07
0.424096 1.05439 -1.58448e-06
2.04487 1.04503 -1.38357e-06
6.79893 1.03396 -9.48505e-07
3.74734 1.03187 -1.44819e-06
4.27268 1.03946 -1.28276e-06
0 0 0
5.45655 1.04308 -5.10228e-07
4.52059 1.05197 7.1754e-08
-0.910887 1.04643 -1.48396e-06
4.65755 1.05509 -2.1047e-07
3.34146 1.05756 3.65894e-07
-1.06288 1.06561 -3.04284e-06
-1.58016 1.06869 -3.25817e-06
1.69284 1.06097 -1.76656e-08
0.562938 1.06566 -5.63244e-07
0.188892 1.07177 -1.82312e-06
0 0 0
9.28678 1.05765 4.57686e-07
0.682796 1.08735 -1.76679e-06
0.684153 1.08529 8.92892e-08
2.75083 1.10796 -2.0757e-06
-0.619032 1.10839 -4.7006e-06
-0.699766 1.11799 -4.28783e-06
2.8028 1.09574 -3.4867e-06
0.277893 1.08091 -3.43409e-06
7.5186 1.07156 -2.04687e-06
-1.65034 1.08877 -4.94903e-06
7.76021 1.07832 -2.75914e-06
0.539177 1.08823 -4.30674e-06
-1.62575 1.09425 -5.18378e-06
1.04387 1.0785 -4.4124e-06
0.0407048 1.09057 -2.88623e-06
0.954934 1.08065 -1.51693e-06
-2.54347 1.07747 -4.1948e-06
-1.05978 1.09098 -1.99334e-06
-0.606439 1.08052 -4.13551e-06
2.47369 1.08667 -2.08767e-06
-0.855664 1.08118 -9.79331e-07
-1.33596 1.07013 -3.26659e-06
0 0 0
3.94049 1.0689 2.30778e-06
-6.72686 1.07425 -1.03002e-06
-0.505937 1.06202 1.50531e-06
-0.505683 1.06644 2.51088e-07
-0.724997 1.06615 6.13886e-07
-1.77882 1.0828 -1.99395e-06
-9.93342 1.0745 -4.38063e-06
-1.26546 1.07354 -2.51532e-06
-1.65573 1.07062 -2.42181e-06
0.745069 1.06956 -2.76088e-06
0 0 0
-0.0545456 1.07161 -5.13106e-07
2.63157 1.07972 -1.68151e-06
-2.92348 1.06779 -3.07713e-06
-7.38247 1.10142 -4.53334e-06
3.24813 1.07136 -1.62105e-06
0.39528 1.07783 -3.30918e-06
-0.406586 1.08231 -1.04253e-06
-1.67617 1.09724 -4.3736e-06
2.0858 1.07601 -1.35489e-06
3.91897 1.08601 -2.70757e-06
-4.55241 1.09392 -6.9376e-06
-8.54969 1.07733 -4.34822e-06
1.4452 1.06253 -2.72405e-06
3.20465 1.05963 -3.16083e-06
1.95669 1.0586 -2.96103e-06
1.06537 1.0671 -2.89111e-06
1.18685 1.05814 -3.6942e-06
-1.40363 1.06444 -4.07136e-06
-0.245273 1.06178 -3.62469e-06
3.12892 1.0571 -2.97152e-06
-0.713191 1.06152 -3.56716e-06
-1.11131 1.06365 -2.82388e-06
0 0 0
1.76874 1.06926 -1.63965e-06
-0.232796 1.06463 -1.86899e-06
-3.30508 1.07536 -6.33275e-06
4.5491 1.05842 -3.52347e-07
3.97775 1.06179 -1.81152e-06
-2.83587 1.06244 -5.51227e-06
-5.04197 1.07173 -3.91454e-06
-1.6535 1.06775 -3.21618e-06
-3.46419 1.08035 -2.86151e-06
-0.782617 1.08016 -4.17887e-06
0 0 0
3.58041 1.06718 -4.63765e-07
2.45817 1.08072 -4.8001e-06
2.19907 1.0808 -4.44679e-06
5.05756 1.07699 4.59589e-07
-2.9923 1.09118 -5.86786e-06
0.0850381 1.08008 -5.36843e-06
0.734584 1.08289 -4.76115e-06
-0.305582 1.09048 -7.33526e-06
-1.51411 1.09693 -5.96374e-06
-0.787268 1.11095 -5.43231e-06
0.0312272 1.10635 -4.33232e-06
-3.83007 1.13922 -6.11233e-06
-4.16688 1.12997 -6.59317e-06
-2.10584 1.11866 -3.43812e-06
2.78051 1.11465 -3.67618e-07
0.595757 1.10536 -2.94094e-06
-7.08054 1.11514 -5.52585e-06
-4.23951 1.11438 -2.2661e-06
-3.96672 1.10211 -5.40465e-06
-11.0003 1.12676 -6.46778e-06
-5.11109 1.11409 -4.27536e-06
-7.0158 1.1197 -2.81496e-06
0 0 0
-1.28158 1.11108 -2.53825e-06
-4.98821 1.10826 -1.63263e-06
-10.8091 1.11125 -4.05353e-06
-8.79831 1.11707 -3.51911e-06
-7.70433 1.10871 -4.35598e-06
-2.56104 1.09843 -3.28149e-06
-5.74028 1.11173 -1.57949e-06
-7.38707 1.10224 -4.90705e-06
-5.32527 1.10356 -3.35724e-06
-3.24968 1.10229 -3.83487e-06
0 0 0
1.80324 1.09402 -1.09464e-06
-1.76936 1.09304 -1.76723e-06
-1.45116 1.10355 -2.5363e-06
-6.93572 1.10471 -4.6488e-06
-7.73451 1.10244 -4.40436e-06
-1.82096 1.09104 -3.65376e-06
-6.5302 1.09332 -3.15947e-06
1.37017 1.0835 -4.98116e-06
-3.45926 1.08987 -5.32808e-06
-3.54458 1.1087 -3.77129e-06
-2.58211 1.1047 -7.39786e-06
-2.23539 0.986032 -1.46032e-06
11.6344 0.963747 4.30568e-06
5.08277 1.04726 -2.2256e-06
0.332956 1.04581 -3.71772e-06
0.0483275 1.05671 -1.71373e-06
-2.62338 1.07 -5.06213e-06
-4.83588 1.05514 -4.27635e-06
4.19954 1.05035 -2.90665e-06
2.36002 1.03636 -1.66856e-06
-0.584539 1.06166 -9.55864e-07
2.47891 1.0305 -2.43274e-06
0 0 0
3.20187 1.04526 -4.95149e-07
2.72555 1.02903 -1.88483e-06
3.84942 1.02703 -5.21857e-07
0.527202 1.03534 -1.0451e-06
0.145822 1.04648 -1.48481e-06
-0.441285 1.03095 -1.799e-06
-2.63692 1.0413 -3.56795e-06
6.20572 1.02145 1.6655e-06
-5.16804 1.0409 -2.9644e-06
-0.194919 1.02701 -1.66898e-06
0 0 0
4.33993 1.02509 -1.24122e-07
5.83054 1.02205 -7.80829e-07
-10.8662 1.05521 -5.55478e-06
3.19922 1.06605 -2.14045e-06
5.27632 1.06436 -1.003e-06
-0.703967 1.117 -3.08623e-06
-4.99189 1.12264 -5.54419e-06
-0.825425 1.09957 -4.62033e-06
-2.62435 1.10793 -6.48636e-06
3.77927 1.03276 -2.66534e-06
-1.35906 1.04093 -4.89626e-06
-1.89215 1.0624 -5.61394e-06
-0.0617949 1.04711 -3.17947e-06
-2.51373 1.08775 -4.99887e-06
-3.16585 1.09245 -2.97542e-06
-5.04157 1.08623 -5.95601e-06
-1.45892 1.07293 -3.05833e-06
-4.22033 1.06158 -2.90973e-06
-2.64044 1.0579 -3.42127e-07
-4.26764 1.05483 -2.51542e-06
2.56649 1.02922 3.33755e-08
-7.07989 1.06081 -2.0122e-06
0 0 0
0.754476 1.05616 6.63143e-07
-0.643571 1.05937 -9.19066e-07
-4.24737 1.06851 -3.59367e-06
-0.811838 1.0554 -2.89928e-07
-6.1814 1.06163 -2.72941e-06
-1.8202 1.04937 -1.22925e-06
-1.85978 1.05207 -2.04206e-06
-5.25305 1.05796 -3.14989e-06
-1.84278 1.04377 -9.39347e-07
-4.93333 1.06513 -2.37361e-06
0 0 0
-7.4612 1.06844 -2.61264e-06
-4.07457 1.06435 -4.43173e-07
-6.17261 1.05893 -3.54298e-06
3.27111 1.06267 2.65306e-06
-1.45017 1.06618 -1.18936e-06
-2.77176 1.07261 -1.04996e-06
-2.35528 1.06381 -3.56909e-06
-5.3818 1.08082 -3.40193e-06
-4.02667 1.07232 -1.60055e-06
-3.81261 1.09063 -3.6463e-06
-5.20249 1.08176 -4.73307e-06
-2.54052 1.05516 -2.42764e-06
-0.897198 1.05578 -4.67852e-06
5.85755 1.04623 -4.14645e-06
3.10952 1.06043 -7.14184e-07
-2.1661 1.06369 -3.61734e-06
1.26092 1.06394 -4.93868e-06
3.66537 1.06514 -7.50098e-07
1.18027 1.05762 -2.20502e-06
-0.376179 1.06546 -2.02837e-06
-3.09149 1.07312 -4.26256e-06
-2.56424 1.07508 -1.84855e-06
0 0 0
2.36532 1.05526 -2.09183e-06
6.3294 1.06853 -9.99418e-07
-3.6006 1.0728 -4.11711e-06
0.0756562 1.06708 -2.81004e-06
-0.615185 1.06284 -2.81977e-06
1.56396 1.06565 -3.28007e-06
0.167591 1.05957 -3.75286e-06
2.3654 1.07016 -3.68051e-06
1.03668 1.06792 -1.98641e-06
-4.71972 1.06061 -2.23538e-06
0 0 0
1.54236 1.05683 -1.29481e-07
1.69124 1.04939 -2.70531e-06
1.73877 1.04954 -1.28103e-06
-0.384977 1.05714 -2.80153e-06
1.92137 1.05707 -2.27778e-06
4.20456 1.07462 2.78218e-07
-1.871 1.06958 -4.05978e-06
2.90955 1.08059 -3.15675e-06
1.4256 1.07218 -4.97622e-06
3.8253 1.0979 -3.00161e-06
0.849889 1.0737 -4.0875e-06
0.110428 1.12859 -3.72631e-06
3.87762 1.10373 -3.91457e-06
-2.58624 1.09753 -4.84269e-06
0.687154 1.0966 -2.5355e-06
-2.52685 1.09728 -4.73993e-06
-3.96129 1.09339 -3.16135e-06
-2.09883 1.09389 -3.97013e-06
-2.67792 1.08551 -1.46254e-06
-1.29297 1.0927 -3.02967e-06
-3.19237 1.09162 -1.07266e-06
-0.883805 1.09695 -2.93046e-06
0 0 0
-2.04921 1.09527 1.21671e-07
-3.1082 1.09938 -2.04803e-06
-6.22551 1.09332 -2.84471e-06
-11.5191 1.10489 -6.3781e-06
-6.10373 1.10366 -2.35975e-06
-4.27114 1.09925 -1.35383e-06
-2.54238 1.10551 -1.96209e-06
-0.761857 1.0989 -6.34967e-07
-2.50995 1.109 -4.08327e-06
-5.52013 1.10892 -2.58072e-06
0 0 0
-1.52255 1.10756 -1.77676e-06
0.287765 1.10136 -2.33968e-06
-10.5286 1.11151 -3.89999e-06
-3.31694 1.09747 -2.91885e-06
-0.0351652 1.10511 1.67623e-08
-0.384793 1.09266 -1.90329e-06
-5.5868 1.08905 -4.58561e-06
-2.66506 1.09914 -4.16722e-06
0.0292231 1.09308 -4.13061e-06
-1.54544 1.10536 -4.73088e-06
-3.56123 1.11137 -5.74471e-06
0.526695 1.0392 -3.13864e-06
-1.98264 1.04632 -4.67653e-06
0.873954 1.09528 -3.77983e-06
5.62915 1.0725 -4.28115e-06
1.46683 1.10449 -4.62204e-06
0.121768 1.08543 -4.9787e-06
-0.605765 1.10667 -5.74858e-06
-0.468423 1.08685 -5.25947e-06
-2.21403 1.10646 -4.00631e-06
6.5132 1.05999 -2.13537e-06
1.13743 1.08806 -3.98903e-06
0 0 0
9.55525 1.05824 2.82491e-06
-6.25523 1.09411 -6.99593e-06
3.64039 1.08046 3.9423e-07
2.05989 1.08683 -1.7654e-06
-0.873052 1.09567 -3.97849e-06
0.42944 1.08352 -3.86523e-06
1.30035 1.08367 -4.09323e-06
0.250536 1.09252 -3.32605e-06
-1.31811 1.08007 -1.91469e-06
1.47641 1.06577 -2.98843e-06
0 0 0
4.48498 1.0627 -1.51878e-06
-2.77876 1.0848 -1.74934e-06
4.07452 1.05876 -2.04924e-06
-3.06147 1.11934 -5.9445e-06
-0.191404 1.10338 -4.92131e-06
-0.310231 1.1867 -5.37549e-06
5.66226 1.18553 -4.07307e-06
1.20294 1.18177 -6.32089e-06
5.79338 1.17909 -8.47076e-06
4.33306 1.08595 -3.28112e-06
3.22998 1.09255 -6.66435e-06
-0.353323 1.08123 -4.7443e-06
-0.559336 1.07389 -2.73305e-06
2.7418 1.10666 -4.0821e-07
-0.986948 1.11476 -4.96284e-06
-1.10877 1.10162 -2.09946e-06
-4.74305 1.10817 -4.00182e-06
2.83623 1.08119 -2.37966e-06
-0.447329 1.08478 -5.86753e-06
0.497449 1.0772 -2.17747e-06
-1.3861 1.07216 -3.23514e-06
5.82574 1.09425 -1.79288e-06
0 0 0
5.09171 1.08351 -2.82017e-07
-6.56995 1.09959 -4.84512e-06
0.804608 1.09715 -1.22513e-06
-2.19351 1.08992 -1.34351e-06
-1.24347 1.08925 -1.76554e-06
-5.50245 1.07956 -4.82436e-06
-2.76851 1.08194 -3.44345e-06
-1.39277 1.07379 -1.89332e-06
1.87471 1.07172 7.85383e-07
-3.4826 1.09836 -3.35683e-06
0 0 0
-1.72187 1.08586 -2.63811e-06
-6.43221 1.1119 -4.00577e-06
-1.70268 1.10902 -4.09303e-06
-1.59446 1.10814 -5.63857e-06
-3.24116 1.10782 -2.07865e-06
-1.50583 1.10527 -3.66653e-06
-0.563643 1.11127 -4.00034e-06
-0.549845 1.09617 -4.32487e-06
-1.32387 1.10119 -4.81537e-06
-3.98434 1.1059 -4.06442e-06
2.91795 1.09775 -3.2511e-06
-3.74501 1.07991 -4.68752e-06
3.36246 1.07319 -2.3897e-06
2.39737 1.06937 -2.95856e-06
0.254719 1.0756 -3.7632e-06
1.75216 1.06587 -3.07398e-06
2.1357 1.06892 -3.14448e-06
0.17275 1.07878 -3.60677e-06
-0.0988869 1.07105 -2.28101e-06
1.63942 1.07792 -2.99562e-07
1.84281 1.06105 -2.06744e-06
4.46577 1.05635 -2.82661e-06
0 0 0
3.81521 1.06685 -1.09033e-07
2.12802 1.05819 -4.21172e-06
5.33445 1.04904 7.05763e-08
2.50123 1.06077 -2.75926e-06
4.01788 1.06092 2.39253e-06
0.322517 1.06709 -2.49604e-06
3.03459 1.05295 -2.78293e-06
6.42151 1.06142 -5.07297e-07
0.64789 1.07313 -2.64584e-06
4.17331 1.06662 -7.18442e-07
0 0 0
4.31822 1.06961 -2.38007e-07
0.882881 1.0661 -2.36592e-06
-0.0488372 1.0777 -3.03077e-06
0.125554 1.07409 -2.18993e-06
-0.423874 1.07499 -5.78876e-06
0.283576 1.07435 -9.46612e-07
0.109725 1.07272 -3.09161e-06
1.649 1.06705 -5.32403e-06
4.64875 1.06112 -2.39011e-06
2.87651 1.06837 -3.54099e-06
3.59347 1.07146 -3.58409e-06
-0.41531 1.08555 -3.81615e-06
-1.34782 1.08534 -2.90248e-06
1.19024 1.08503 -4.23792e-06
6.83213 1.08479 -2.52866e-06
-1.85024 1.09509 -4.21843e-06
0.266172 1.07961 -3.416e-06
0.141923 1.07241 -2.82977e-06
-2.53021 1.08407 -5.32331e-06
-1.46059 1.07839 -3.08779e-06
-3.19827 1.06973 -2.3559e-06
-6.35665 1.07976 -3.58203e-06
0 0 0
-1.34929 1.09347 -9.58429e-07
-2.8542 1.08657 -1.1127e-06
0.640123 1.07762 -4.10005e-06
-4.44902 1.08506 -3.35171e-06
-6.18239 1.08407 -3.33317e-06
-6.83383 1.07711 -2.75292e-06
-3.20236 1.07571 -1.53543e-06
-2.70425 1.07126 -1.61661e-06
-3.0671 1.08588 -2.75566e-06
-4.07055 1.07706 -3.07818e-06
0 0 0
-1.87653 1.07798 -1.6619e-06
-2.37748 1.07367 -1.75826e-06
-3.86711 1.08862 -3.59929e-06
-2.96821 1.07837 -7.63623e-07
-2.03903 1.08745 -2.67167e-06
-0.454178 1.08847 -3.45167e-06
0.561157 1.08808 -3.46935e-06
-1.51714 1.09997 -3.93331e-06
-2.19767 1.09315 -4.30553e-06
-5.01554 1.11697 -6.12392e-06
-1.43048 1.10356 -3.77507e-06
9.68175 0.875256 2.49351e-06
2.68259 0.892349 -1.4181e-06
1.2303 1.03591 -3.42431e-06
3.1 1.05074 -2.25051e-06
5.95001 1.03854 -2.5841e-06
7.11507 1.03297 -1.49502e-06
0.831269 1.03033 -1.98876e-06
-1.92861 1.05232 -3.60038e-06
1.12123 1.04409 -2.11358e-06
4.93625 1.03037 1.73086e-07
2.94211 1.03684 -2.40864e-06
0 0 0
2.88389 1.03207 -1.43546e-06
0.220622 1.04257 -2.53135e-06
0 0 0
3.17497 1.02665 8.3003e-08
4.30471 1.02969 -1.11047e-06
-7.71739 1.07048 -4.29904e-06
0.370908 1.04604 -3.0672e-06
4.25505 1.06027 -1.33337e-06
-1.18092 1.06316 -1.23804e-06
-6.87154 1.07783 -4.31725e-06
0 0 0
5.57678 1.05552 1.57037e-08
-0.269369 1.06738 -3.4342e-06
-1.72192 1.0801 -3.93041e-06
5.80319 1.10102 -2.51771e-06
2.28321 1.10145 -3.33605e-06
2.80245 1.10273 -1.4842e-06
7.48357 1.1009 -2.02954e-06
-2.80671 1.08067 -5.79638e-06
1.03886 1.07497 -4.72433e-06
0.277997 1.08558 -4.85429e-06
5.94379 1.08784 -2.80206e-06
-2.36109 1.11143 -2.93567e-06
-0.688585 1.12645 -3.56705e-06
2.71347 1.10027 -4.46445e-06
-0.20841 1.09759 -4.44616e-06
5.10734 1.08724 -2.23798e-06
4.85023 1.08806 -3.08075e-06
3.25087 1.08577 -2.04154e-06
-3.38922 1.09981 -4.19822e-06
-1.00282 1.08032 -9.22897e-07
3.297 1.06951 -1.54134e-06
0.841285 1.07478 -6.65775e-07
0 0 0
-0.683736 1.08348 -2.4117e-06
-0.913684 1.08653 -3.43096e-07
1.27382 1.087 -1.81098e-06
3.87815 1.07141 -3.68838e-06
-2.62196 1.09493 -2.71216e-06
-12.0549 1.09836 -4.86605e-06
-3.09007 1.08234 -3.64791e-06
-0.891343 1.06692 -7.23328e-07
-0.263714 1.09536 -1.25538e-06
-3.65531 1.08377 -1.82137e-06
0 0 0
5.19182 1.08015 2.4251e-06
-0.149538 1.07305 -2.71906e-06
3.31209 1.06936 -1.62483e-06
1.56025 1.07624 -8.68396e-07
-2.00662 1.07553 -2.09182e-06
2.0777 1.07549 -2.70931e-06
0.148036 1.07548 -3.7771e-07
0.289404 1.08282 -1.90707e-06
-0.198659 1.08616 -3.16527e-06
-2.7374 1.10579 -4.51922e-06
-0.705084 1.11099 -4.04253e-06
-10.3514 1.09239 -5.81568e-06
4.04712 1.0699 -1.14616e-06
1.11291 1.07562 -3.57085e-06
-0.62343 1.06378 -4.36061e-06
6.97853 1.069 -2.81864e-06
4.52325 1.0556 -9.17909e-07
3.61124 1.05163 -2.40482e-06
3.05246 1.05712 1.42721e-06
1.05631 1.0573 -1.78155e-06
-1.29382 1.0691 -4.8002e-06
0.469674 1.05939 -2.55705e-06
0 0 0
7.73154 1.04702 -1.19683e-06
-0.236518 1.04486 -3.74497e-06
1.06718 1.04789 -1.10105e-06
3.1536 1.04983 -3.50194e-06
-2.89564 1.07155 -5.44019e-06
2.74518 1.05951 -3.22865e-06
-2.33148 1.06553 -4.84464e-06
0.856547 1.06242 -4.41473e-06
1.42337 1.06513 -3.18428e-06
0.949936 1.06738 -3.09863e-06
0 0 0
1.24191 1.06326 -4.24126e-06
3.27816 1.06087 -3.85083e-06
-4.87608 1.07511 -4.20745e-06
1.69757 1.07508 -2.27562e-06
0.900378 1.07941 -5.22594e-06
1.5576 1.05961 -5.34161e-06
3.23596 1.06707 -4.38403e-06
6.30193 1.05237 -3.03674e-06
5.56926 1.05268 1.79355e-07
2.65526 1.06051 -4.05501e-06
2.95643 1.06161 -4.38921e-06
-1.47873 1.08461 -5.3197e-06
1.52086 1.072 -2.04427e-06
-3.28644 1.08441 -4.74635e-06
0.860845 1.08408 -2.39947e-06
1.2264 1.08724 -1.57858e-06
-2.45422 1.08746 -3.02426e-06
-1.13522 1.07674 -2.96705e-06
5.90331 1.08624 7.38378e-07
6.02797 1.07066 1.86598e-06
-9.9639 1.09081 -9.10873e-06
-1.57317 1.07885 -8.51192e-07
0 0 0
-1.78607 1.09843 -3.18907e-06
-4.85838 1.08795 -2.92048e-06
-3.75795 1.08852 -3.60789e-06
-5.42864 1.07899 -4.71821e-06
-1.30291 1.08343 -2.08748e-06
-7.57777 1.0789 -3.75835e-06
-1.42858 1.08195 -3.53321e-06
-3.35289 1.07771 9.34829e-07
-1.86605 1.08366 -2.41473e-06
-5.76158 1.08245 -4.89789e-06
0 0 0
-8.11025 1.08427 -5.07e-06
-0.277679 1.07638 -8.23822e-07
-3.09299 1.08209 -4.28511e-06
-1.13584 1.08053 -2.17766e-06
-0.20693 1.07922 -2.36664e-06
-1.40767 1.09677 -1.28088e-06
-3.10919 1.10166 -4.32997e-06
-3.08052 1.09928 -4.40749e-06
-0.797664 1.10117 9.68063e-07
-1.11181 1.10707 -3.5946e-06
0.105711 1.10622 -4.49569e-06
5.81959 0.875231 1.15414e-06
6.92596 0.89544 1.00457e-06
1.5086 1.04391 -3.78557e-06
4.38575 1.02872 -2.76718e-06
7.78288 1.04439 -2.52142e-06
1.89423 1.0497 -3.64202e-06
6.26771 1.03795 -1.14757e-06
0.833809 1.03819 -1.68669e-06
2.22419 1.03982 -2.8691e-06
-4.15332 1.03649 -3.18063e-06
3.41785 1.02691 -1.78735e-06
0 0 0
6.27117 1.02729 2.47911e-06
4.51308 1.03297 -1.75132e-06
3.69729 1.03145 -1.32179e-06
3.8794 1.04313 -1.40385e-06
8.12934 1.04498 -1.26792e-06
1.59871 1.05196 1.00188e-06
0.741377 1.05092 -2.22244e-06
0.123434 1.05759 -1.86313e-06
7.55393 1.03399 -3.92908e-07
-1.17761 1.05587 -3.30038e-06
0 0 0
7.78021 1.04075 3.39896e-07
3.86314 1.05544 -2.96363e-06
2.24048 1.06451 -3.61362e-06
5.31853 1.09915 -3.38274e-06
4.69587 1.08632 -2.2912e-06
6.92465 1.08412 -1.0861e-06
2.84142 1.085 -4.42621e-06
8.83192 1.0623 -4.31342e-07
4.92323 1.05369 -5.2403e-06
8.20899 1.07054 -2.19723e-06
6.3217 1.0811 -2.89875e-06
-3.46625 1.1105 -5.81544e-06
1.21406 1.10762 -3.40514e-06
2.11255 1.09807 -2.14749e-06
-0.34497 1.09901 -4.30649e-06
-1.17798 1.09399 -2.29478e-06
-1.12989 1.08319 -2.17958e-06
-1.33511 1.09884 -3.6441e-06
4.18055 1.07504 -1.66475e-06
-3.18456 1.09099 -4.62381e-06
-1.94976 1.08617 7.37439e-07
-1.11608 1.08992 -2.01147e-06
0 0 0
1.0435 1.06831 1.7763e-06
1.68325 1.07538 -1.32236e-07
-4.20792 1.07571 -2.46074e-06
6.93171 1.05923 -1.27882e-07
-3.41924 1.09261 -2.65438e-07
-4.078 1.09422 -2.51592e-06
-4.53089 1.07855 -2.7781e-06
-1.63565 1.0782 -4.76128e-07
-1.91522 1.08345 -3.69851e-06
-1.19623 1.08155 -1.7622e-06
0 0 0
-8.48122 1.09381 -3.28272e-06
-0.958299 1.06753 -2.21008e-06
-0.00524994 1.0764 -2.71684e-06
-2.33414 1.06055 -8.74366e-07
1.01466 1.05577 -2.87791e-06
-6.65559 1.07059 -3.2223e-06
0.521877 1.06638 -1.01631e-07
-7.99101 1.07175 -5.09022e-06
3.86185 1.06329 8.28576e-07
-8.76211 1.09227 -5.63017e-06
1.62823 1.08882 -2.83238e-06
-10.3948 1.07481 -5.69992e-06
4.94549 1.06379 -7.78282e-07
3.01606 1.05966 -3.26477e-06
-0.0568286 1.07741 -4.98223e-06
3.42804 1.07412 -1.82671e-06
-2.10297 1.07329 -5.30229e-06
0.266669 1.07356 -4.78032e-06
1.4893 1.07807 -3.70796e-06
-1.01197 1.07371 -3.63544e-06
5.17055 1.06101 -9.65731e-07
-6.36074 1.09587 -6.68784e-06
0 0 0
4.36179 1.07479 -1.86774e-06
-1.31128 1.08651 -3.73173e-06
6.38086 1.07334 -3.06704e-06
1.08219 1.07473 -2.67726e-06
1.34795 1.0819 -2.25748e-06
1.33681 1.08408 -2.98095e-06
-2.92333 1.06462 -4.02376e-06
1.0288 1.07321 -1.97659e-06
2.26746 1.05974 -7.38324e-07
3.42961 1.06723 -4.69652e-06
0 0 0
3.46088 1.05741 -6.70532e-07
2.10677 1.06531 -3.55351e-06
0.19523 1.07047 -3.7755e-06
2.33994 1.06636 -4.41527e-06
0.143991 1.07013 -4.40686e-06
-1.22224 1.06634 -4.29965e-06
2.43802 1.07328 -1.90229e-06
-4.86263 1.0915 -6.81537e-06
0.339373 1.08227 -4.95005e-06
-0.460584 1.09356 -6.90621e-06
3.28915 1.08205 -3.49997e-06
1.97383 1.10884 -7.00566e-06
-4.76518 1.10553 -5.00694e-06
-1.51788 1.11633 -4.85712e-06
-5.84293 1.11238 -6.8059e-06
-12.4606 1.12198 -7.50197e-06
-2.32448 1.10359 -3.31885e-06
-3.07094 1.1172 -3.38364e-06
-5.74608 1.11886 -4.28091e-06
-0.80694 1.10552 -3.59003e-06
-5.14211 1.11265 -3.66217e-06
-5.18303 1.11195 -2.4463e-06
0 0 0
-0.696972 1.11297 -3.79036e-06
-2.31252 1.09699 -3.89211e-06
-3.48917 1.10165 -3.52637e-06
0.213511 1.10536 -2.84306e-06
-5.60231 1.11262 -5.57346e-06
-11.3413 1.12093 -5.78769e-06
-12.5874 1.11214 -5.77302e-06
-11.2605 1.11279 -6.69334e-06
-3.44277 1.10869 -3.15461e-06
-9.56108 1.12094 -6.56465e-06
0 0 0
-2.44481 1.10833 1.04473e-07
-4.3912 1.11444 -1.19703e-06
-0.348873 1.11688 -3.08233e-06
-4.2785 1.12834 -4.2052e-06
-5.41535 1.11458 -3.45497e-06
-4.01876 1.11948 -4.73087e-06
0.291371 1.10957 -4.21733e-06
1.84993 1.11267 -3.78027e-06
-5.06255 1.11566 -4.98056e-06
-1.26285 1.11256 -3.81668e-06
0.737017 1.11125 -1.19049e-06
-0.535272 1.00339 2.05388e-06
3.45618 0.987117 -1.70786e-06
1.97318 1.07041 -3.41775e-06
0.507261 1.06244 -4.13863e-06
1.35876 1.06507 -1.4723e-06
-0.0202782 1.07627 -4.21497e-06
2.42898 1.07233 -3.0558e-06
-2.28985 1.07809 -5.25031e-06
2.0866 1.0652 -4.08141e-07
1.01609 1.0642 -3.41494e-06
-1.21061 1.06545 -4.23003e-06
0 0 0
7.94863 1.0494 8.59355e-07
3.27594 1.05169 -3.08448e-06
-0.639731 1.05602 -2.43234e-06
-1.55354 1.07241 -3.93729e-06
4.6415 1.04603 -2.15044e-06
-1.12386 1.06847 -5.77871e-06
1.79037 1.05773 -2.12579e-06
-3.12204 1.0679 -5.22481e-06
-0.0804386 1.04755 -1.45931e-06
1.42545 1.04479 -2.25387e-06
0 0 0
5.04917 1.03049 -6.99741e-08
0.658587 1.04511 -2.47435e-06
2.14697 1.04079 -2.28846e-06
-0.326401 1.09702 -2.74422e-06
0.576006 1.08299 -4.03565e-06
-0.838003 1.18487 -7.7467e-06
4.87449 1.16244 -5.86641e-06
2.54046 1.1698 -7.54902e-06
2.32261 1.1615 -7.96046e-06
3.13807 1.07665 -4.55174e-06
0.88329 1.067 -6.08322e-06
-0.514219 1.07782 -2.03322e-06
-1.9214 1.06007 -3.34275e-06
-2.43833 1.11398 -3.72245e-06
-3.00484 1.10837 -4.93947e-06
-3.46801 1.11303 -4.83777e-06
0.402646 1.09848 -3.32862e-06
-1.75615 1.08858 -1.06723e-06
-6.02415 1.09742 -5.18573e-06
2.28239 1.06838 -6.72283e-07
-0.24895 1.07107 -2.09597e-06
-0.64594 1.09002 -5.3445e-06
0 0 0
-4.61064 1.09117 -2.03846e-06
-2.19127 1.09286 -1.28854e-06
-1.48267 1.09658 -8.68956e-07
-1.99631 1.08246 -3.79306e-06
-4.43389 1.07759 -3.64563e-06
-2.80804 1.06942 -1.74609e-06
-4.18092 1.06445 -1.63671e-06
-4.98464 1.07967 -2.67991e-06
-2.93077 1.06421 -1.46331e-06
-6.5756 1.08873 -3.61143e-06
0 0 0
-3.74326 1.07991 -2.90994e-06
-5.44196 1.0968 -4.33806e-06
-5.53672 1.08484 -2.62054e-06
-2.26215 1.1052 -1.9474e-06
-1.99597 1.08732 -3.42856e-06
-4.08676 1.10852 -3.09388e-06
-3.49554 1.08782 -4.1622e-06
-6.05828 1.09053 -3.68157e-06
-3.83681 1.08315 -3.22565e-06
-8.52645 1.09194 -6.77886e-06
-4.75431 1.08489 -5.29977e-06
-2.87191 1.08569 -2.47305e-06
0.472881 1.07235 -4.19555e-06
2.15981 1.07105 -5.3389e-06
0.0787259 1.08017 -4.51814e-06
-7.49902 1.0787 -7.33032e-06
2.83489 1.07473 -2.63843e-06
-0.1991 1.06943 -5.22808e-06
5.1477 1.04765 -1.8005e-06
-3.09029 1.07181 -5.58463e-06
0.492164 1.06792 -3.23724e-06
3.59567 1.07271 -9.63165e-07
0 0 0
2.46391 1.07003 -3.0083e-06
-3.35656 1.08217 -4.09202e-06
2.40367 1.06657 -3.6132e-06
-0.368516 1.08217 -3.33861e-06
2.10952 1.07796 -5.83019e-06
-2.31038 1.07708 -5.02567e-06
-1.91327 1.07853 -1.44715e-06
-2.75378 1.07428 -3.61044e-06
-2.43828 1.07259 -4.26896e-06
1.19473 1.05924 -3.14709e-06
0 0 0
3.25051 1.06218 -5.01193e-06
5.94195 1.05462 -4.3137e-06
-1.50733 1.07611 -4.85843e-06
2.54262 1.06776 -2.3352e-06
-0.454804 1.07461 -5.39981e-06
-0.045665 1.07512 -4.85734e-06
3.77029 1.06663 -3.75099e-06
0.420394 1.08024 -5.2045e-06
-2.01788 1.0755 -5.42603e-06
1.19124 1.08239 -3.40489e-06
3.66127 1.08954 -3.10781e-06
1.41088 1.08934 -2.34124e-06
-2.33008 1.08724 -4.64306e-06
-1.1361 1.09017 -4.0033e-06
-7.88 1.10356 -7.75934e-06
-3.00853 1.09537 -3.0298e-06
2.032 1.07997 -5.45449e-06
-0.868212 1.09055 -3.84873e-06
-3.66931 1.10474 -3.69696e-06
-9.64193 1.11314 -7.96502e-06
2.51349 1.08709 -1.12138e-06
-2.55649 1.09344 -5.25648e-06
0 0 0
-6.66764 1.08914 -4.23232e-06
-4.40899 1.09814 -3.10357e-06
-1.7713 1.09398 -2.30315e-06
-2.44248 1.09746 -1.88243e-06
-6.61412 1.09868 -4.05628e-06
0.986978 1.07764 -4.13535e-06
0.695624 1.07469 -3.2616e-06
-2.87346 1.08951 -3.02893e-06
-14.091 1.10746 -4.19215e-06
-10.1603 1.10652 -5.18163e-06
0 0 0
2.6909 1.08841 -2.72989e-06
-3.63677 1.09147 -3.92326e-06
-4.08035 1.09222 -4.71556e-06
-7.78724 1.09005 -5.06465e-06
-3.71629 1.10105 -2.98149e-06
-1.29906 1.08978 -1.39929e-06
1.6025 1.08637 -1.39987e-06
-8.20639 1.09786 -5.97286e-06
-2.55335 1.08759 -3.97211e-06
-1.54016 1.09721 -5.13219e-06
-7.19413 1.11164 -6.00251e-06
-4.60727 1.00494 -3.95537e-06
0.00994052 1.01032 -4.87192e-06
3.07307 1.06337 -2.45006e-06
-5.98827 1.0825 -6.70871e-06
-3.21024 1.07458 -3.80319e-06
-0.55565 1.07094 -3.73515e-06
6.81469 1.07581 2.1511e-07
0.242217 1.07945 -4.9833e-06
-1.42207 1.06604 -5.04167e-06
0.0199203 1.06573 -2.48783e-06
3.26434 1.04847 -3.95292e-06
0 0 0
-2.01101 1.05735 -2.23168e-06
-1.4712 1.04445 -3.27425e-06
-5.85143 1.05837 -4.3423e-06
-0.857008 1.0474 -2.01711e-06
-1.03711 1.05484 -1.24438e-06
-7.56563 1.04602 -4.61163e-06
-2.0869 1.04567 -3.67148e-06
3.67692 1.02874 -1.8197e-06
7.09521 1.0312 -3.09668e-06
2.3856 1.02082 -3.6943e-06
0 0 0
4.24985 1.03545 1.1725e-07
1.79338 1.03018 -3.1862e-06
2.39445 1.03681 -1.37137e-06
2.60527 1.0725 -3.23637e-06
0.926691 1.06006 -4.47106e-06
3.59193 1.15734 -4.817e-06
-2.32063 1.14842 -7.20977e-06
0.265967 1.15698 -3.45204e-06
3.71284 1.14522 -5.7751e-06
2.74984 1.05434 -5.42486e-06
7.02956 1.04969 -8.36791e-07
2.67978 1.06306 -1.99636e-06
-1.85705 1.06122 -5.19215e-06
-0.714404 1.11356 -2.86078e-06
0.251347 1.10329 -2.48769e-06
-5.51208 1.10275 -4.58299e-06
-3.4437 1.1185 -3.2836e-06
-1.43538 1.0926 5.46777e-07
-1.30291 1.08893 -1.96929e-06
-11.3881 1.07783 -6.53765e-06
-3.99723 1.0677 -3.41599e-06
-8.25724 1.09917 -4.78774e-06
0 0 0
-7.02256 1.07854 -3.48996e-06
-4.15485 1.09819 -2.69612e-06
-3.59374 1.08266 -2.73145e-06
-8.7567 1.08846 -5.97143e-06
-3.57227 1.08416 -9.65761e-07
-4.78407 1.07915 -2.30698e-06
-1.56847 1.06777 -1.44301e-07
1.66214 1.08023 1.8016e-06
-2.98805 1.07322 -2.22231e-06
-5.6246 1.08043 -1.33588e-06
0 0 0
-3.77445 1.08675 -2.54269e-06
-3.13298 1.08567 -3.66105e-06
-1.43508 1.08965 -2.61885e-06
-5.99014 1.10271 -4.04344e-06
1.66042 1.08599 -3.93054e-07
-3.91788 1.08974 -3.663e-06
-2.54134 1.08771 -3.79493e-06
-3.05741 1.08976 -3.90855e-06
-0.571659 1.08961 -3.92812e-06
3.4453 1.08325 -2.97701e-06
-0.0282606 1.08043 -1.86903e-06
-10.5169 1.08226 -4.4938e-06
-2.25642 1.08459 -6.09334e-06
-1.68902 1.07882 -6.2163e-06
2.77249 1.06384 -2.75225e-06
5.84336 1.06524 -3.24938e-06
3.65296 1.06207 -4.2639e-06
-0.468977 1.05913 -3.5268e-06
3.87076 1.0679 -2.82688e-06
3.67089 1.06684 -3.03547e-06
0.414835 1.06022 -2.76775e-06
0.234755 1.0741 1.22197e-07
0 0 0
4.39421 1.07416 -2.77063e-06
-1.5613 1.07474 -2.15825e-06
-0.531091 1.05824 -2.5261e-06
-1.9816 1.07793 -3.70012e-06
-2.98914 1.07453 -3.72811e-06
-3.27506 1.08207 -3.97667e-06
1.86581 1.0615 -1.49256e-06
-3.04401 1.07407 -3.25112e-06
-3.65642 1.07967 -5.97231e-06
0.623746 1.06734 -1.48919e-06
0 0 0
-0.350763 1.06986 -2.31675e-06
7.26813 1.05719 -2.81825e-06
0.550533 1.06605 7.92463e-07
0.988475 1.06628 -1.56378e-06
0.526828 1.05372 -3.30893e-06
3.94636 1.06072 -3.01712e-06
0.411081 1.06858 -2.37908e-06
3.29409 1.06679 -3.70958e-06
0.531309 1.0594 -4.65772e-06
-0.446879 1.06616 -4.75639e-06
0.630822 1.07179 -4.42127e-06
3.17767 1.09862 -3.70681e-06
1.63865 1.09362 -6.37936e-07
-4.68343 1.10965 -3.7851e-06
0.931096 1.09458 -4.07547e-06
-3.54113 1.10794 -4.28803e-06
-3.75231 1.09529 -4.42999e-06
-3.87893 1.10076 -4.46376e-06
-2.28798 1.10147 -2.34319e-06
-2.83345 1.0958 -4.65991e-06
-3.96742 1.09214 -3.67464e-06
-6.57372 1.09093 -4.14891e-06
0 0 0
-1.71182 1.11035 -2.0018e-06
-2.61609 1.09684 -2.69551e-06
0.155383 1.09537 -3.49527e-06
-5.81061 1.0979 -3.18469e-06
-6.0185 1.10166 -4.41123e-06
-5.70404 1.09996 -2.51873e-06
-5.51873 1.09545 -3.03904e-06
-2.88994 1.10268 -5.65735e-06
-0.838157 1.09183 -6.18601e-07
-5.14317 1.09097 -4.83025e-06
0 0 0
1.68275 1.07898 -1.19668e-06
-3.14414 1.08974 -1.27409e-06
-3.78325 1.08301 -2.39461e-06
-8.48004 1.09977 -2.99659e-06
-4.53007 1.08161 -2.17519e-06
-5.39764 1.10716 -4.95294e-06
-3.00734 1.09623 -9.22627e-07
-6.657 1.10623 -5.35596e-06
-14.5417 1.11512 -8.83108e-06
-0.727964 1.12003 -4.73099e-06
4.40241 1.10266 -3.08051e-06
2.98043 0.899565 1.01808e-06
7.42702 0.889951 -8.30235e-09
1.53344 1.05281 -2.6801e-06
-0.546744 1.0567 -6.07325e-06
3.89783 1.06401 -4.49597e-06
6.56127 1.0497 -2.80668e-06
1.7543 1.05616 -2.25317e-06
1.68942 1.05512 -4.21824e-06
-1.7008 1.05632 -3.61942e-06
5.32971 1.04191 -3.79222e-06
2.04895 1.06283 -3.99167e-06
0 0 0
3.9531 1.0599 2.65261e-07
1.78369 1.06452 -2.49039e-06
3.38197 1.06509 -2.60361e-06
2.08687 1.06276 -2.8139e-06
0.0351542 1.07028 -3.09527e-06
-2.02752 1.07536 -3.38402e-06
0.334431 1.06813 -9.92459e-07
4.77305 1.07085 -3.26798e-06
-0.472329 1.06951 -3.75728e-06
1.89766 1.07679 -3.44393e-06
0 0 0
6.38155 1.05632 -1.65906e-06
-0.203486 1.07142 -4.34872e-06
7.00152 1.07137 7.32177e-07
0.0294464 1.10678 -5.11467e-06
5.02088 1.10256 -3.88427e-06
6.09974 1.11266 -4.99719e-06
-0.704596 1.11641 -5.24739e-06
4.24349 1.09616 -5.31568e-06
1.06672 1.08169 -3.07412e-06
-0.341349 1.09528 -6.6622e-06
-1.53757 1.09458 -8.25675e-06
-3.57842 1.11662 -5.85677e-06
-3.17435 1.10886 -5.49729e-06
-0.395792 1.08669 -5.92779e-06
-1.30287 1.0938 -4.82099e-06
-3.29361 1.09456 -5.22998e-06
-0.643393 1.08566 -2.54959e-06
2.21624 1.09489 -2.04088e-06
-5.90825 1.09747 -5.54104e-06
-1.05773 1.10458 -5.4367e-06
-2.89219 1.09632 -2.5325e-06
-0.966477 1.09578 -2.41108e-06
0 0 0
-3.67099 1.08669 -2.65821e-06
-3.78567 1.08314 -3.88005e-06
-5.8167 1.09551 -3.48644e-06
-0.888275 1.07855 -3.07947e-06
3.8913 1.0854 1.78225e-06
-2.98543 1.09015 -1.7883e-06
0.00372485 1.06855 3.6684e-08
-1.41604 1.07913 -2.41639e-06
-6.52394 1.08793 -4.02858e-06
2.86798 1.08386 5.22192e-07
0 0 0
-1.66257 1.0788 -2.78327e-06
-1.64419 1.07858 -6.60347e-07
-3.47407 1.08832 -3.72383e-06
-0.957942 1.08233 -5.2136e-06
-4.06918 1.08314 -4.96574e-06
-10.8694 1.0895 -6.67373e-06
-2.69261 1.0949 -3.48469e-06
-5.67825 1.0737 -3.3124e-06
-5.10315 1.09827 -4.66918e-06
0 0 0
-1.72658 1.09517 -4.77188e-06
-1.19641 1.11171 -2.48741e-06
-4.98094 1.10997 -4.96674e-06
-4.90672 1.11309 -8.34817e-06
-0.0125027 1.10615 -5.86073e-06
-4.38135 1.11962 -6.41436e-06
-2.4502 1.10403 -3.42642e-06
-5.32333 1.11846 -5.89921e-06
-1.69249 1.10648 -6.20096e-06
2.3345 1.10758 -3.41906e-06
-0.329263 1.09808 -5.46544e-06
1.51826 1.10909 -1.77263e-06
0 0 0
-0.337422 1.11753 -2.93375e-06
-0.789062 1.10141 -4.97082e-06
-1.61483 1.09736 -3.39491e-06
1.61229 1.10108 -3.24474e-06
-1.76352 1.10175 -5.8045e-06
-0.792692 1.11172 -2.34257e-06
2.85425 1.0926 -1.68157e-06
-3.67575 1.1113 -3.87972e-06
3.18609 1.103 -3.00785e-06
-4.11496 1.11407 -4.38159e-06
0 0 0
11.1937 1.08053 7.24723e-07
-0.931231 1.10922 -6.02319e-06
3.76237 1.08494 -2.78764e-06
-2.72157 1.11136 -5.80239e-06
3.95494 1.10615 -3.5306e-06
-0.254869 1.10628 -6.11777e-06
5.28279 1.10525 -4.68262e-06
1.93747 1.10933 -3.66078e-06
1.06506 1.09886 -3.92124e-06
-0.754531 1.11497 -4.69719e-06
-0.642433 1.10099 -6.65054e-06
-1.98199 1.11046 -4.86336e-06
-4.41795 1.11627 -8.65235e-06
-2.26264 1.11052 -5.55489e-06
-1.73329 1.11386 -5.85558e-06
-0.844282 1.10954 -2.59057e-06
-1.17724 1.10705 -2.10358e-06
-1.70553 1.11337 -3.33896e-06
-2.05247 1.10706 -3.95268e-06
-2.97174 1.10137 -4.28566e-06
-0.931041 1.09668 -4.14417e-06
-6.1444 1.10042 -5.5974e-06
0 0 0
-0.688276 1.09749 -2.15032e-06
-2.54718 1.08877 -3.71567e-06
-4.36473 1.09182 -5.04834e-06
-8.14858 1.10389 -4.0918e-06
-8.82801 1.10541 -6.26509e-06
-8.00473 1.11166 -5.94729e-06
-3.08304 1.08624 -2.06114e-06
-2.03671 1.08684 -4.16276e-06
-3.56683 1.09434 -3.26844e-06
0.386405 1.08565 -2.48744e-06
0 0 0
5.12908 1.09318 -3.3267e-07
-3.21305 1.0949 -1.50717e-06
0.299233 1.10086 -3.22014e-06
-1.57841 1.09211 -2.74377e-06
-2.28134 1.09011 -3.78778e-06
-0.746804 1.10441 -3.53919e-06
-3.17098 1.10244 -5.84448e-06
-3.82706 1.11783 -3.80123e-06
-0.729242 1.11235 -5.4895e-06
-3.66294 1.12942 -3.52386e-06
-0.881133 1.1152 -5.04929e-06
6.14848 0.910021 -5.09286e-07
9.59787 0.901301 -2.51965e-07
2.72576 1.06056 -2.24985e-06
-4.2042 1.0587 -7.27311e-06
0.153237 1.07194 -4.9988e-06
0.784165 1.05187 -3.19186e-06
0.0998272 1.05457 -4.8884e-06
4.23461 1.04967 -2.11114e-06
-2.70471 1.05384 -4.45494e-06
4.4956 1.05198 -2.44506e-06
-0.53739 1.06862 -3.77321e-06
0 0 0
7.41784 1.06726 3.01649e-07
2.34367 1.08122 -2.19672e-06
-9.06298 1.08585 -6.90779e-06
4.17567 1.07099 -1.18822e-06
4.71973 1.07909 -2.3008e-06
4.07024 1.07032 1.51546e-07
1.35218 1.06314 -1.76789e-06
-0.257541 1.07896 -7.32898e-06
4.05807 1.05927 -1.8918e-06
1.90458 1.07256 -2.9539e-06
0 0 0
3.3177 1.07828 -1.34807e-06
5.6267 1.07103 -2.5198e-06
-4.60695 1.08922 -5.78568e-06
0.414024 1.11644 -5.20972e-06
0.370461 1.12147 -4.83428e-06
4.84809 1.119 -4.92661e-06
3.2693 1.11614 -5.01314e-06
8.56669 1.09083 -2.96516e-06
3.92011 1.0771 -4.15762e-06
-0.0742615 1.09979 -5.56532e-06
-4.62288 1.10661 -6.64661e-06
-0.285356 1.12992 -4.24059e-06
-0.239179 1.12148 -4.61809e-06
-5.71217 1.11213 -7.09449e-06
-0.20118 1.10259 -2.23026e-06
1.32681 1.09642 -5.68261e-06
-1.39389 1.1009 -3.0584e-06
0.958825 1.10301 -4.09862e-06
-2.9855 1.08979 -3.14586e-06
-11.1664 1.11901 -8.35511e-06
-3.85357 1.09168 -4.31857e-06
-0.395185 1.09714 -3.37921e-06
0 0 0
-0.249241 1.0919 -3.30184e-06
-9.19523 1.10422 -4.66959e-06
-0.0748263 1.10685 -1.6246e-06
-3.5076 1.1046 -4.64396e-06
0.455804 1.08987 -1.63968e-06
2.97525 1.08026 -1.0342e-06
5.69609 1.07138 1.37462e-06
-2.10724 1.07873 -2.59267e-06
2.26436 1.08262 -1.84342e-08
2.44744 1.09217 2.42674e-06
0 0 0
-1.79273 1.08758 -1.65124e-06
-2.97808 1.09667 -3.72496e-06
-5.71599 1.09021 -4.66353e-06
-5.80415 1.10569 -5.19609e-06
3.13077 1.09072 -2.41097e-06
-10.9059 1.10538 -6.35124e-06
0.952894 1.09358 -3.33592e-06
0.684737 1.1043 -1.8412e-06
-1.509 1.09757 -3.43828e-06
1.48342 1.10523 -3.39512e-06
1.53193 1.11764 -5.82379e-06
-5.39924 1.06686 -4.40312e-06
1.4934 1.06052 -4.37649e-06
-1.08827 1.07169 -4.88923e-06
-2.83226 1.0629 -6.9385e-06
3.71034 1.05613 -5.34064e-06
1.34047 1.05513 -2.67536e-06
2.38509 1.05724 -4.55639e-06
-0.617991 1.05289 -3.73421e-06
3.0698 1.05518 -1.69354e-06
0.879816 1.05944 -3.99596e-06
3.97899 1.04743 -3.41893e-06
0 0 0
6.8361 1.0434 1.39627e-06
-0.0168655 1.05651 -1.32364e-06
2.86024 1.04785 -2.55577e-06
-3.05867 1.06966 -3.97656e-06
1.48039 1.06256 -4.3478e-06
-4.29263 1.07682 -5.58272e-06
-2.56761 1.07047 -4.06416e-06
3.62331 1.0579 -9.65895e-07
-0.449564 1.07003 -2.84928e-06
4.39025 1.0689 -4.23363e-06
0 0 0
-0.153287 1.05826 -4.02009e-06
-0.927043 1.07278 -4.84082e-06
-2.12927 1.08248 -5.97512e-06
1.09882 1.07896 -6.42257e-06
-3.34302 1.08196 -4.71516e-06
5.78128 1.07159 -1.80967e-06
0.281719 1.07807 -5.6061e-06
4.74344 1.08074 -4.87613e-06
1.7702 1.07785 -4.99501e-06
3.88273 1.07619 -6.30012e-06
0.659922 1.08383 -7.06555e-06
-3.38027 1.10546 -7.79655e-06
-2.08318 1.09011 -5.82632e-06
-5.61306 1.10532 -6.8285e-06
-2.1051 1.09268 -5.74426e-06
0.543652 1.09481 -1.27697e-06
0.259519 1.08885 -4.56631e-06
-3.32993 1.10081 -4.54448e-06
-7.79421 1.08965 -5.41188e-06
-4.09768 1.10076 -5.07511e-06
-0.856072 1.08694 -5.32866e-06
-5.39258 1.103 -4.41617e-06
0 0 0
-3.4149 1.08096 -3.12918e-06
-3.37529 1.0919 -3.41141e-06
-8.16429 1.09272 -5.47248e-06
-6.39939 1.11326 -6.92571e-06
-11.6203 1.09914 -6.20506e-06
-8.07672 1.10974 -4.87321e-06
-5.18165 1.09708 -4.0264e-06
-6.13336 1.1026 -6.47368e-06
-4.61346 1.09146 -3.34538e-06
-4.90537 1.09678 -3.176e-06
0 0 0
-2.75535 1.09975 -2.14545e-06
-2.72088 1.09417 -4.1127e-06
0.0139616 1.09326 -1.96287e-06
-1.46654 1.10001 -2.49044e-06
-4.05542 1.09704 -1.928e-06
-5.90777 1.10166 -6.55804e-06
-10.7097 1.10042 -6.57333e-06
-2.10506 1.10004 -1.51785e-06
1.0264 1.09578 -2.09706e-06
0.999867 1.10797 -1.79444e-06
-3.18292 1.10629 -6.34492e-06
-2.09683 1.0005 -2.75307e-06
0.823076 1.01041 -3.55995e-06
4.88662 1.07975 -2.62254e-06
0.373071 1.08337 -4.47589e-06
3.5676 1.08323 -4.00037e-06
2.3467 1.08079 -5.51237e-06
3.01406 1.09632 -2.68837e-06
-2.01185 1.07901 -4.43856e-06
3.66522 1.07974 -1.20668e-06
3.70195 1.07122 -4.39742e-06
1.30777 1.07478 -1.80668e-06
0 0 0
7.56051 1.07042 3.83118e-06
5.30647 1.06192 -1.36691e-06
8.77098 1.06274 5.96326e-07
0.314117 1.06788 -3.36734e-06
2.44966 1.0628 -2.8555e-06
-0.466894 1.07772 -2.98552e-06
1.49331 1.06525 -1.40697e-06
2.3729 1.06813 -4.54808e-07
3.26172 1.05676 -2.90347e-06
3.48533 1.0583 3.49576e-06
0 0 0
8.13038 1.04878 -6.09186e-07
4.98684 1.05384 -3.4385e-06
2.49757 1.05692 -2.32119e-06
3.48646 1.09754 -4.93374e-07
4.828 1.09203 -4.6022e-06
-2.26955 1.18111 -5.14725e-06
-2.0235 1.18027 -7.00339e-06
0.147271 1.16949 -6.31205e-06
-0.0443546 1.14712 -5.96558e-06
5.94879 1.06399 -4.82482e-06
4.49778 1.04296 -4.32515e-06
4.1241 1.05618 -3.02867e-06
0.882197 1.0391 -4.02233e-06
0.931612 1.11796 -7.17012e-06
-1.43536 1.12437 -5.3762e-06
1.81054 1.13045 -4.21442e-06
2.16134 1.11577 -3.20141e-06
0.142157 1.09464 -4.86454e-06
4.76085 1.074 -1.67386e-06
1.16556 1.06799 -9.3656e-07
-2.17674 1.06966 -3.63278e-06
0.389713 1.06629 -1.2698e-06
0 0 0
-1.38492 1.07549 -1.78458e-06
3.59833 1.07436 -2.16625e-07
-5.18484 1.07859 -4.18999e-06
-5.50506 1.07188 -4.53181e-06
-0.220255 1.07222 -1.96072e-06
-0.0269593 1.06561 -2.73582e-06
-4.16306 1.06817 -4.66686e-06
-1.40743 1.07626 -4.62824e-06
-0.867898 1.07908 -3.20411e-06
-5.4705 1.10345 -4.55974e-06
0 0 0
-0.706735 1.09754 -7.41017e-07
2.64511 1.09346 -2.5739e-06
-0.908818 1.0981 -3.4861e-06
-6.29106 1.1036 -5.77758e-06
-4.95152 1.08964 -4.99003e-06
-1.66538 1.08833 -3.30359e-06
-2.77449 1.10104 -4.57347e-06
0.901867 1.09381 -2.58881e-06
-1.21837 1.08301 -4.28303e-06
3.59067 1.09883 -2.54472e-06
-1.46448 1.10507 -3.83358e-06
-8.09395 1.07393 -5.18297e-06
-6.94691 1.0684 -8.17028e-06
0.5095 1.07738 -3.31943e-06
-0.259332 1.05756 -2.83865e-06
6.23613 1.05383 -4.13661e-06
0.537781 1.05059 -3.78312e-06
6.00909 1.04875 1.7207e-06
-0.542096 1.06554 -3.41619e-06
3.127 1.07221 6.3073e-07
1.52146 1.05472 -5.13111e-06
-2.85051 1.07563 -2.77168e-06
0 0 0
6.05017 1.05719 -3.68425e-07
4.15434 1.05943 -1.43982e-06
-3.82018 1.06597 -5.00212e-06
2.83462 1.06951 4.38873e-08
2.95899 1.05503 -5.38633e-06
0.668925 1.07187 -2.00396e-06
-1.09573 1.07441 -3.12083e-06
4.70005 1.07583 -2.13393e-07
-2.62591 1.07473 -2.8896e-06
-0.0842782 1.06996 -2.20003e-06
0 0 0
6.64256 1.04646 -7.37313e-09
3.58895 1.07489 -3.62032e-06
-3.29209 1.07228 -3.61767e-06
-4.26348 1.09564 -5.25927e-06
7.99718 1.0554 -2.1994e-06
2.62206 1.08843 -3.16146e-06
2.70786 1.06287 -3.32933e-06
-0.736708 1.08509 -3.71366e-06
0.405823 1.07984 -5.25215e-06
0.804946 1.09177 -4.80137e-06
1.39696 1.08297 -6.67364e-06
-1.87545 1.08995 -6.98365e-06
-3.83494 1.08672 -5.07803e-06
-1.88115 1.0816 -1.2606e-06
-7.43103 1.10037 -5.36746e-06
-4.41452 1.09258 -5.02182e-06
-2.18431 1.08491 -2.87962e-06
-1.03082 1.08929 -2.50215e-06
0.220861 1.07902 -2.29845e-06
-14.5997 1.10562 -1.07012e-05
-2.04601 1.08537 -2.27321e-06
-3.32244 1.0924 -1.67106e-06
0 0 0
-7.47353 1.09997 -3.88239e-06
-6.53845 1.08689 -4.38339e-06
-7.59555 1.09835 -2.75549e-06
-7.07555 1.09406 -4.46061e-06
-4.79801 1.10228 -1.99454e-06
-8.77917 1.09888 -2.35209e-06
-2.84315 1.09557 -4.42827e-06
-5.70015 1.09402 -4.51474e-06
-9.25087 1.10541 -2.26696e-06
-7.69399 1.10727 -6.156e-06
0 0 0
-0.561362 1.09213 -4.46649e-07
-6.74173 1.0979 -3.41035e-06
-3.52055 1.09307 -2.61591e-06
-6.70814 1.10233 -4.03242e-06
-5.83861 1.09946 -4.43813e-06
-4.72024 1.09727 -3.20326e-06
-4.32914 1.09411 -1.52757e-06
-0.904754 1.09873 1.33502e-07
-1.6216 1.08076 -6.81001e-06
-2.21647 1.10403 -4.71767e-06
-11.7872 1.11104 -8.41546e-06
-4.02605 1.01467 -3.28579e-06
4.40274 1.01257 -1.15367e-06
2.67633 1.09043 -3.10595e-06
0.0513935 1.07155 -5.01894e-06
0.273037 1.07944 -4.91676e-06
0.564081 1.07608 -2.51805e-06
2.65007 1.07267 -2.73306e-06
1.36353 1.06745 -4.27905e-06
-1.18156 1.0742 -2.38972e-06
0.121417 1.05885 -2.88707e-06
3.51749 1.05945 -2.47081e-06
0 0 0
-2.1478 1.06137 -3.90041e-06
-5.75513 1.08129 -5.30607e-06
-0.437362 1.06263 -9.99425e-07
-2.65024 1.07046 -3.61545e-06
-6.06654 1.07147 -4.50198e-06
3.14292 1.06107 1.69222e-07
-10.1706 1.07591 -7.03241e-06
-11.72 1.06273 -5.71573e-06
-0.534902 1.04076 -4.47662e-06
1.50395 1.03824 -3.65274e-07
0 0 0
3.93219 1.03635 -2.23654e-06
0.931457 1.05253 -1.9508e-06
5.99183 1.04342 -6.30081e-07
2.09997 1.08982 -2.83111e-06
1.67741 1.08394 -1.86727e-06
5.31458 1.14343 -2.06573e-06
-11.1374 1.15132 -9.95376e-06
-4.30469 1.13845 -6.95164e-06
-6.2801 1.14237 -8.14566e-06
1.74958 1.04459 -4.28368e-06
4.42461 1.03451 -4.04579e-06
0.114985 1.066 -4.0747e-06
1.30923 1.05672 -6.43495e-07
-4.30229 1.12523 -6.31467e-06
-2.74475 1.12015 -2.81443e-06
0.396472 1.12221 -1.64103e-06
-5.50137 1.12057 -4.38403e-06
-5.29502 1.105 -4.81637e-06
-2.62257 1.07426 -2.84979e-06
-0.191819 1.07109 -6.16269e-07
-6.39085 1.07228 -3.36975e-06
-3.86931 1.07777 -3.27034e-06
0 0 0
2.61284 1.07195 -1.73389e-07
-2.14451 1.07451 -9.83095e-07
-3.45944 1.07781 -1.1925e-06
-0.0151032 1.07356 -3.55721e-06
-6.53948 1.07623 -4.02658e-06
-4.59506 1.07606 -5.71823e-07
-3.34996 1.07466 -1.84629e-06
-5.42358 1.09048 -5.05859e-06
-4.1287 1.07945 -3.20628e-06
-7.25652 1.1017 -2.19366e-06
0 0 0
0.586893 1.07125 1.38394e-06
-11.6414 1.10707 -5.9259e-06
-3.25648 1.09414 -2.49089e-06
-5.31322 1.09684 -5.22012e-06
3.87004 1.089 -1.26832e-06
-5.48855 1.09987 -4.354e-06
-1.59116 1.09148 -4.8167e-06
1.30328 1.09 1.17077e-06
-6.01711 1.08954 -6.3429e-06
-0.66237 1.095 -2.71396e-06
0.951598 1.09297 -2.18752e-06
-0.201974 1.11337 -4.07746e-06
5.05098 1.10225 -4.59591e-06
3.06583 1.10505 -3.81913e-06
2.01025 1.10005 -3.60419e-06
3.67826 1.10317 -6.00942e-06
2.36193 1.09032 -5.06425e-06
4.36214 1.1094 -4.91361e-06
2.4447 1.09696 -4.1364e-06
2.65134 1.09874 -2.77944e-06
-0.0397089 1.09896 -2.44683e-06
-0.165578 1.11342 -4.88739e-06
0 0 0
3.11022 1.09822 -3.28532e-06
-0.443012 1.10533 -3.37248e-06
-1.17209 1.10408 -4.42877e-06
-3.38259 1.11597 -3.73691e-06
-1.87498 1.10782 -3.73031e-06
4.08833 1.1138 -2.96899e-06
-4.95081 1.10368 -4.3779e-06
-2.30604 1.11408 -3.53453e-06
2.65204 1.11278 -2.87412e-06
-3.95634 1.12048 -6.36556e-06
0 0 0
3.9767 1.09807 -1.48985e-06
4.0595 1.11331 -2.38679e-06
-0.0382764 1.1224 -2.99768e-06
4.30216 1.11631 -4.58334e-06
2.9879 1.12738 1.28771e-06
3.94121 1.11701 -5.41338e-06
3.20473 1.11332 -6.28618e-06
0.470364 1.12158 -5.36551e-06
3.69934 1.11305 -5.24074e-06
5.59175 1.11914 -6.02825e-06
1.34952 1.12832 -6.90237e-06
0.103446 1.13765 -6.85999e-06
-4.39979 1.14294 -6.77936e-06
-6.40463 1.15102 -5.2289e-06
-0.888286 1.13564 -3.02023e-06
-5.05778 1.14074 -5.95352e-06
-6.56195 1.14161 -7.60104e-06
-4.92896 1.1364 -6.87581e-06
2.33955 1.13186 -4.12322e-06
0.248005 1.13921 -3.78823e-06
-2.97388 1.1358 -1.55886e-06
-6.57879 1.14753 -6.07062e-06
0 0 0
-10.213 1.14148 -5.85048e-06
-5.78129 1.14784 -3.57279e-06
-9.33716 1.14256 -5.93044e-06
-14.5053 1.15457 -8.60302e-06
-7.7772 1.15994 -4.04295e-06
-11.6208 1.1582 -8.00774e-06
-13.4563 1.14353 -5.28664e-06
-13.935 1.15229 -7.98947e-06
-8.50296 1.15218 -4.44255e-06
-6.51186 1.14386 -3.42517e-06
0 0 0
-4.25559 1.14635 -2.34148e-06
-2.28779 1.15358 -3.97813e-06
-8.47184 1.14291 -4.74147e-06
-4.46979 1.15308 -5.20575e-06
-3.78262 1.14333 -6.25053e-06
-5.71823 1.14942 -5.27042e-06
-3.78885 1.15314 -7.41143e-06
-6.07246 1.15654 -5.28288e-06
-2.86546 1.1571 -5.5319e-06
-4.20877 1.16461 -6.72035e-06
-2.12036 1.17457 -5.25405e-06
4.87406 0.869285 2.27838e-06
5.69829 0.884946 -8.76431e-07
0.952339 1.04027 -3.1469e-06
0.378567 1.04049 -3.31204e-06
7.48007 1.0552 9.36891e-07
5.08573 1.06029 -3.95697e-06
0.676573 1.0606 -2.90948e-06
5.28053 1.05299 -1.87989e-06
-3.88309 1.06425 -3.00874e-06
4.9263 1.0449 -1.13797e-06
-4.65909 1.06847 -6.09075e-06
0 0 0
5.65327 1.05221 -1.10426e-06
-2.06036 1.06796 -3.26037e-06
2.47527 1.05387 -1.58226e-06
-3.13574 1.07035 -3.03516e-06
0.600137 1.07132 -1.69854e-06
-2.77859 1.06033 -4.15599e-06
-1.92674 1.06288 -3.48631e-06
-1.70604 1.05505 -4.9141e-06
-1.48458 1.07124 -4.09303e-06
-1.01952 1.0633 -4.43576e-06
0 0 0
5.86716 1.04959 4.18306e-07
1.87684 1.05724 -3.67031e-06
3.1002 1.05747 -1.76889e-06
1.09135 1.08323 -3.60286e-06
-0.57598 1.08467 -4.42682e-06
3.42948 1.09245 -2.56076e-06
1.27483 1.10138 -4.03361e-06
-1.40423 1.09445 -5.5221e-06
2.92096 1.09196 -4.94705e-06
2.16523 1.09612 -6.02122e-06
2.25557 1.0967 -7.61e-06
3.63709 1.10385 -4.72569e-06
-1.09147 1.1082 -4.75959e-06
3.96646 1.09174 -3.15518e-06
-3.94568 1.10116 -2.82243e-06
-1.66518 1.09749 -3.42167e-06
-2.96618 1.09276 -4.40178e-06
2.05572 1.09881 -3.35909e-06
3.14824 1.08912 -9.54226e-07
-1.60437 1.10646 -5.11843e-06
-3.92896 1.09616 -3.90875e-06
-4.5141 1.10637 -3.69323e-06
0 0 0
0.644945 1.08441 -1.71874e-06
-3.06319 1.10092 -1.37896e-06
-1.63676 1.07854 -6.18602e-07
-4.6476 1.10135 -2.40192e-06
-10.62 1.09781 -4.12712e-06
-6.74505 1.1091 -3.32251e-06
1.2852 1.08252 -1.61795e-06
-3.68088 1.0952 -3.76961e-06
-3.10567 1.09234 -1.10031e-06
0.306052 1.09221 -3.27695e-06
0 0 0
-0.524194 1.08701 -8.96487e-07
-6.58339 1.09614 -3.1438e-06
-6.68598 1.10736 -5.26774e-06
3.05425 1.1016 -2.48925e-06
-3.70957 1.0941 -5.34419e-06
-5.47931 1.09627 -6.37549e-06
0.939791 1.09143 -7.07593e-08
-1.46085 1.10287 -3.46895e-06
0.638734 1.09236 -1.65965e-06
-2.4649 1.11368 -3.90453e-06
-3.69143 1.11285 -5.20163e-06
-1.22633 1.07408 -4.17845e-06
0.744471 1.07987 -6.55506e-06
-0.190277 1.06147 -6.1605e-06
0.815302 1.07915 -3.91349e-06
-1.49543 1.07164 -3.82699e-06
0.37629 1.07343 -3.6794e-06
-4.82905 1.07991 -7.13976e-06
3.32187 1.07314 -2.92663e-06
3.76541 1.06076 -2.35037e-06
-1.82507 1.07014 -5.30336e-06
-2.70713 1.0723 -4.94666e-06
0 0 0
1.97989 1.07611 -1.16343e-06
5.08303 1.06022 -2.24051e-06
-3.83491 1.06439 -4.60534e-06
0.616767 1.06456 -1.22089e-06
-8.91114 1.08231 -5.34229e-06
-0.130716 1.06362 -3.87427e-06
-2.60311 1.06985 -4.11591e-06
0.0968514 1.07936 6.24969e-07
1.89293 1.07799 -1.44888e-06
-0.866763 1.07309 -2.46043e-06
0 0 0
2.06035 1.07269 -3.12992e-06
0.312672 1.08149 -3.538e-06
3.73189 1.05889 -3.26261e-06
-0.138832 1.08479 -3.78874e-06
2.94779 1.05748 -2.75687e-06
6.65375 1.07445 -1.70953e-06
6.64711 1.06497 -2.4683e-06
6.09775 1.08231 -2.61264e-06
1.84002 1.06884 -4.4775e-06
3.22675 1.08287 -6.03049e-06
9.81286 1.0662 -2.68653e-06
-2.27463 1.10264 -3.61217e-06
-1.44333 1.08606 -5.64053e-06
2.49258 1.09302 -5.42717e-06
0.138076 1.09233 -4.39949e-06
-0.574897 1.10732 -4.77315e-06
-8.55871 1.09672 -4.87305e-06
-1.20253 1.09956 -5.46912e-06
-5.39227 1.09212 -4.59935e-06
-7.46674 1.10151 -5.21919e-06
-3.11415 1.07872 -4.83399e-06
-3.38316 1.08838 -4.52518e-06
0 0 0
-2.66538 1.08494 -1.29975e-06
-7.68204 1.09784 -3.98603e-06
-12.0731 1.0975 -5.70591e-06
-0.515665 1.08334 -1.5931e-06
-4.75779 1.09171 -1.81287e-06
-1.10001 1.08047 -8.07717e-09
-1.0325 1.07262 -4.54779e-06
-4.92919 1.08237 -3.08498e-06
-8.02281 1.08466 -5.19645e-06
-4.32521 1.07729 -2.89038e-06
0 0 0
-3.63969 1.07632 -8.94366e-07
-10.8758 1.08604 -4.86677e-06
0.195345 1.08293 -3.79399e-06
-7.52461 1.09559 -5.39781e-06
-3.70261 1.08172 -4.55014e-06
1.02017 1.08468 -5.43108e-07
3.81986 1.08021 -2.46465e-06
-4.33307 1.10312 -5.156e-06
-2.82317 1.08998 -5.42842e-06
0.36852 1.10631 -2.79084e-06
-5.13037 1.11167 -6.32603e-06
10.5062 0.878806 5.10707e-07
13.9594 0.892501 -8.92785e-08
-0.560951 1.04866 -5.29267e-06
2.37367 1.04742 -5.49867e-06
1.98292 1.06827 -4.65812e-06
4.69684 1.0581 -3.1069e-06
4.84266 1.057 -2.81426e-06
4.06602 1.05991 1.52992e-06
-1.19264 1.06115 -3.9743e-06
0.433888 1.05564 -3.4772e-06
2.81012 1.05387 -3.64706e-06
0 0 0
3.65291 1.05721 -1.62939e-06
-4.8159 1.08127 -5.44503e-06
-0.465531 1.06857 -4.04458e-06
4.02799 1.07282 -4.29913e-06
3.64796 1.07207 -9.47456e-07
3.27895 1.07261 -2.01483e-06
3.11863 1.06538 -1.56817e-06
-1.14642 1.08731 -1.28617e-06
-2.74529 1.08754 -6.21527e-06
2.29034 1.07976 -1.74378e-06
0 0 0
2.85679 1.06381 -1.52273e-06
1.93743 1.06952 -2.88268e-06
3.60848 1.07053 -4.34481e-06
5.66194 1.09213 -7.5109e-07
-2.03908 1.10975 -5.82831e-06
3.92382 1.12111 -1.54379e-06
-4.17227 1.14266 -8.5826e-06
3.12226 1.1228 -5.05974e-06
0.863318 1.1127 -6.71353e-06
0.596788 1.10502 -5.42632e-06
0.55193 1.11432 -7.11597e-06
-1.15452 1.12084 -5.52266e-06
-2.14437 1.10865 -6.06464e-06
1.09014 1.09224 -4.20116e-06
-4.71714 1.09963 -3.68358e-06
-5.09962 1.10363 -5.56136e-06
-1.28248 1.08614 -3.53594e-06
-5.91392 1.09141 -6.00804e-06
1.40452 1.08467 -1.26147e-06
-1.21065 1.08008 -2.62101e-06
-3.7716 1.09038 -3.38724e-06
-5.76999 1.08098 -5.11649e-06
0 0 0
-2.45529 1.08707 4.26897e-07
-0.0921353 1.06924 -2.35212e-06
-2.80463 1.0773 -3.39169e-06
3.96557 1.0639 1.35594e-07
-2.25408 1.08951 -2.82206e-06
0.441859 1.0729 -4.80896e-07
-7.83479 1.07911 -4.69526e-06
-3.76155 1.0745 -2.93352e-06
-3.55658 1.09284 -2.1229e-06
-2.78355 1.08958 -5.89587e-06
0 0 0
1.61685 1.08318 -1.98303e-07
-4.78251 1.09402 -5.50546e-06
-0.996648 1.08897 -1.8812e-06
-3.42628 1.08924 -3.35623e-06
3.60011 1.07508 -1.9434e-06
-3.49325 1.08566 -5.19425e-06
-6.22769 1.09418 -4.79648e-06
-5.26361 1.08688 -4.9827e-06
-3.56134 1.08241 -5.21838e-06
3.26608 1.09079 2.25329e-07
-0.461181 1.09042 -5.10042e-06
2.70321 1.12828 -1.90775e-06
9.28887 1.14033 1.46735e-06
6.65658 1.11993 -3.02001e-07
5.14216 1.11064 -8.7521e-07
18.2192 1.10363 1.15729e-05
5.87899 1.11373 -1.90729e-07
1.09133 1.12223 -1.74268e-06
5.68662 1.11413 2.83169e-06
10.4367 1.10814 5.62168e-06
7.84951 1.11881 3.26074e-06
8.87373 1.11676 8.46369e-06
0 0 0
16.7428 1.1101 1.56556e-05
4.57924 1.11587 4.86643e-06
1.36562 1.11982 -4.47669e-06
9.98468 1.11879 5.16603e-06
8.96358 1.12909 3.39926e-06
12.1125 1.1218 8.72177e-06
1.61408 1.13861 4.58835e-06
11.6451 1.11703 5.88688e-06
13.9658 1.1145 8.90807e-06
3.73036 1.12154 3.07357e-06
0 0 0
9.09454 1.11392 4.38282e-06
6.44088 1.11722 2.03748e-06
3.42819 1.11452 -3.52658e-07
13.9526 1.10719 4.01811e-06
4.86517 1.11507 -4.48574e-07
3.2751 1.12834 3.4688e-07
4.55057 1.1156 -2.70225e-07
7.46314 1.12442 2.28134e-06
5.81524 1.13814 4.17188e-07
7.02515 1.13043 3.45183e-06
8.04069 1.1292 -1.15409e-06
10.6818 1.12826 3.09208e-06
12.7575 1.11518 6.19736e-06
9.45677 1.13001 1.95608e-06
20.5278 1.11021 1.23235e-05
15.5008 1.1156 6.52943e-06
5.96402 1.13247 1.02806e-06
5.47002 1.11915 1.38403e-06
6.02192 1.12069 1.65862e-06
10.5949 1.13371 8.02274e-06
5.02142 1.12456 2.01257e-06
7.74162 1.13204 3.4369e-06
0 0 0
2.46711 1.14265 -3.3509e-08
3.8994 1.15086 2.31023e-06
6.12509 1.13293 2.86094e-06
6.80988 1.13776 5.32887e-06
-6.40348 1.16284 -6.1622e-07
4.57299 1.13551 -3.57766e-07
1.87556 1.14026 7.49304e-07
4.71809 1.15246 8.8553e-06
2.21498 1.14744 1.22061e-06
9.74407 1.12886 6.87875e-06
0 0 0
8.439 1.13962 4.15087e-06
5.94975 1.14145 5.77656e-07
5.20499 1.14647 3.75526e-06
12.7801 1.14197 8.44502e-06
8.24831 1.13742 4.61335e-06
5.61373 1.14779 2.80641e-06
9.96733 1.1328 5.81614e-06
3.74935 1.1525 -1.5441e-07
7.31395 1.13982 2.9493e-07
8.81663 1.14657 9.78958e-07
8.02573 1.16404 -1.159e-06
13.027 1.08068 6.45137e-06
17.2172 1.07045 8.65395e-06
11.5338 1.14097 5.66303e-06
12.2423 1.13051 6.10556e-06
13.049 1.13823 3.07945e-06
11.0362 1.13468 1.09443e-05
13.4253 1.14167 6.23488e-06
10.1416 1.13421 5.96171e-06
10.1567 1.12997 4.6045e-06
9.22945 1.12403 3.83061e-06
11.6512 1.13123 5.5416e-06
0 0 0
13.8237 1.10272 4.16405e-06
8.0479 1.10119 4.78433e-06
0 0 0
11.2773 1.09784 4.12919e-06
9.25958 1.09559 4.70739e-06
5.4102 1.13687 2.603e-06
10.0448 1.11446 8.56838e-06
13.2267 1.1193 5.44781e-06
7.20167 1.12371 4.35967e-06
10.7793 1.11735 7.35505e-06
0 0 0
12.4492 1.10071 4.42155e-06
8.13612 1.11508 1.71809e-06
12.1909 1.11026 4.07133e-06
9.02206 1.15338 3.66262e-06
10.4168 1.1368 3.56443e-06
4.98605 1.22636 -3.00745e-07
6.65123 1.20354 1.28167e-06
7.49395 1.21481 -2.55976e-07
6.27736 1.21104 -3.9505e-07
7.23342 1.10663 1.08651e-06
15.4132 1.08676 3.40123e-06
18.1518 1.06948 4.90282e-06
13.1769 1.07129 2.81494e-06
10.975 1.1453 3.5095e-06
9.06739 1.13804 2.86179e-06
7.94591 1.15565 1.80573e-06
6.84187 1.14512 -1.38728e-08
9.83018 1.12632 8.28743e-07
11.7254 1.12428 5.89688e-06
9.19989 1.12225 6.25444e-06
1.84191 1.13201 -2.31288e-07
7.82867 1.13557 2.73877e-06
0 0 0
8.4031 1.13225 1.82109e-06
2.71851 1.14168 8.24129e-08
8.15267 1.14578 5.11185e-06
5.55048 1.13615 4.44242e-06
3.94081 1.13543 1.58713e-06
7.69745 1.13385 6.31165e-06
6.7747 1.13276 3.04819e-06
5.09044 1.14893 1.54851e-07
4.43138 1.13767 9.78448e-07
5.10453 1.16302 3.84016e-06
0 0 0
-0.291824 1.16703 1.85229e-06
5.85291 1.16614 8.43064e-07
0.72976 1.17554 4.23783e-06
10.9417 1.15581 1.10127e-05
3.12832 1.16792 2.384e-06
7.99724 1.16493 2.35949e-06
10.0523 1.17388 4.44781e-06
18.0699 1.16169 1.12643e-05
7.81923 1.16697 1.73429e-06
10.706 1.17812 -4.51019e-07
8.67306 1.1911 3.05802e-06
9.84092 1.17398 2.34516e-06
13.2297 1.1376 3.49502e-06
5.42439 1.17497 -1.01134e-07
5.06922 1.15641 1.94498e-06
11.2673 1.15355 3.79213e-06
9.2617 1.1481 2.56786e-06
6.4072 1.16129 2.44354e-06
6.601 1.14232 1.54646e-06
10.2316 1.16355 8.01529e-06
7.8789 1.14106 3.68102e-06
5.73229 1.16842 2.24859e-06
0 0 0
8.19856 1.14358 3.23837e-06
6.20223 1.15019 2.60045e-06
6.21578 1.15647 3.01225e-06
9.41371 1.15941 2.57506e-06
6.51873 1.15619 4.3215e-06
6.83062 1.16111 3.40712e-06
3.31987 1.15969 1.41608e-06
0.50591 1.177 8.31318e-07
9.49475 1.15446 5.62821e-06
6.93654 1.15257 3.35114e-06
0 0 0
11.2708 1.13572 7.91717e-06
10.5945 1.14498 7.5163e-06
4.52512 1.13893 1.98154e-06
10.1357 1.12545 3.75608e-06
3.95929 1.13661 -1.37554e-06
17.7692 1.13741 1.34309e-05
5.72805 1.14566 1.98516e-07
9.37981 1.14565 4.79973e-06
5.41289 1.14804 -2.156e-06
6.76389 1.14389 2.50732e-07
5.71494 1.14257 -1.28389e-06
23.0895 1.11439 1.12145e-05
7.46594 1.14725 -9.83876e-07
11.3194 1.13109 2.39299e-06
8.06856 1.13854 2.90275e-06
9.60902 1.13787 3.89837e-06
10.0112 1.13009 3.60196e-06
9.64346 1.13234 -6.50177e-08
5.18685 1.14812 -7.35442e-07
7.85795 1.15033 7.8247e-07
6.9613 1.1417 4.75366e-06
4.085 1.14671 8.2227e-07
0 0 0
7.14878 1.15318 3.92382e-06
12.4178 1.15396 1.21275e-05
0.870532 1.16438 2.65551e-07
1.16253 1.17319 -1.94697e-06
7.01747 1.16049 1.56337e-06
10.6936 1.15745 1.1003e-05
-1.58878 1.18091 8.38919e-07
6.48414 1.14595 1.31081e-06
1.21802 1.15574 -5.57018e-07
5.05433 1.14394 -2.49917e-06
0 0 0
6.37461 1.17594 4.05621e-06
7.91307 1.16128 1.76446e-06
8.85593 1.16882 4.6448e-06
12.6672 1.16496 9.17568e-06
8.84887 1.16181 3.06492e-06
7.52771 1.17745 3.89204e-06
20.9714 1.15676 1.45321e-05
8.81411 1.17218 6.21196e-06
8.73474 1.16528 -3.64948e-07
-0.975943 1.20905 -3.96669e-06
13.4431 1.18014 5.69835e-06
7.32894 1.06503 9.00704e-07
16.2496 1.05896 9.31119e-06
11.5723 1.1394 4.67553e-06
8.84065 1.13044 3.83536e-06
10.099 1.13345 4.21596e-06
10.6069 1.12646 5.51629e-06
4.98609 1.13573 1.0893e-06
7.79965 1.13056 1.90175e-06
11.8359 1.12314 4.22868e-06
5.42579 1.14346 3.15179e-06
5.65821 1.1282 3.82065e-06
0 0 0
7.84565 1.12001 4.51963e-06
9.58348 1.11842 4.84595e-06
13.5509 1.11207 6.16438e-06
7.29361 1.11059 5.15388e-06
-2.79842 1.13589 -2.27019e-06
9.72882 1.09407 3.07076e-06
10.9726 1.11351 5.97286e-06
11.9242 1.09744 1.08203e-05
13.0527 1.09091 9.03088e-06
12.4329 1.10849 1.22803e-05
0 0 0
7.34296 1.08212 2.64975e-06
5.91148 1.10951 3.54758e-06
10.3305 1.08715 6.46288e-06
10.4918 1.13237 7.33119e-06
18.2192 1.11416 8.43729e-06
0.962881 1.19127 -2.68475e-06
3.10555 1.18763 7.27749e-07
1.51432 1.18601 -2.58146e-06
6.69786 1.17373 3.62011e-07
8.30156 1.09099 9.04566e-07
13.5117 1.08504 7.13794e-06
9.66071 1.08432 9.68424e-07
6.73413 1.09049 7.32445e-07
11.5708 1.1318 6.48654e-06
7.96038 1.12695 2.21736e-06
2.34848 1.14568 -4.65851e-06
11.0516 1.11314 4.51611e-06
10.0573 1.09625 3.72713e-06
9.45993 1.09144 8.12494e-07
3.99644 1.11458 2.74086e-07
13.2451 1.09587 3.68405e-06
12.0731 1.11009 8.88525e-06
0 0 0
7.43072 1.10842 1.08336e-06
15.7038 1.10682 5.7938e-06
5.29868 1.11369 1.27068e-06
13.3403 1.1075 9.87514e-06
6.30228 1.10509 1.79593e-06
6.92691 1.11304 6.83788e-06
7.8021 1.11083 4.63733e-06
6.49166 1.12378 1.87097e-06
13.359 1.1138 1.22203e-05
9.61881 1.12777 5.52062e-06
0 0 0
8.67461 1.12382 3.02866e-06
16.4695 1.13174 1.13577e-05
7.81395 1.12924 4.1407e-06
6.44026 1.13662 2.81665e-06
6.47362 1.13046 2.99051e-06
12.2868 1.13417 3.24457e-06
6.03172 1.14268 2.28347e-06
12.1325 1.15312 4.09024e-06
4.33779 1.13112 -3.397e-07
13.4827 1.14206 6.15825e-06
8.90518 1.12741 -7.12256e-07
11.2249 1.13863 5.11759e-06
6.28009 1.13427 1.91305e-06
4.12853 1.13079 1.99193e-06
2.63391 1.13663 -1.0439e-06
12.007 1.11944 7.43658e-06
1.86186 1.12677 -1.09818e-06
6.27467 1.11806 3.03836e-06
5.47728 1.1152 1.2198e-06
4.08912 1.12223 2.51302e-06
4.60249 1.12869 6.52446e-06
9.9371 1.10467 5.44274e-06
0 0 0
8.02884 1.13297 7.71134e-06
6.57194 1.11073 1.60101e-06
7.53193 1.11592 7.01771e-06
10.5462 1.09882 4.25182e-06
4.91715 1.13319 5.375e-06
9.82306 1.10768 7.83557e-06
5.54943 1.11385 2.97598e-06
2.16663 1.11846 6.28442e-07
7.89075 1.11516 3.80642e-06
6.17819 1.11525 4.24553e-06
0 0 0
12.0451 1.0966 8.75804e-06
4.97987 1.10764 4.57722e-07
13.2905 1.09849 6.61982e-06
9.83199 1.10624 7.59787e-06
1.46698 1.11094 3.11803e-07
5.39124 1.10854 2.35228e-06
4.12417 1.11463 1.59854e-06
7.0089 1.10857 1.55464e-06
4.05624 1.11292 9.61934e-07
4.69197 1.11129 -1.6284e-06
8.93667 1.11385 1.29542e-06
13.6329 1.11607 1.41805e-07
5.96618 1.1176 5.97777e-07
9.83912 1.11078 3.05332e-06
6.49479 1.11782 3.00951e-06
8.19048 1.12535 2.46974e-06
7.94319 1.11582 3.66762e-06
3.37316 1.10816 2.9348e-07
5.20974 1.12006 3.56566e-06
9.21334 1.11498 6.74572e-06
8.08165 1.11183 3.601e-06
8.57406 1.10402 4.40782e-06
0 0 0
7.62959 1.12226 3.59451e-06
2.13696 1.11068 -1.2819e-06
3.88174 1.12556 3.28745e-06
4.3587 1.11717 1.40343e-06
9.5543 1.12403 5.50081e-06
9.62602 1.11565 7.69472e-06
8.18507 1.11714 3.97454e-06
7.70147 1.11327 6.8014e-06
6.23151 1.1315 3.83608e-06
12.9312 1.10861 1.29416e-05
0 0 0
3.32297 1.12711 1.54125e-06
3.99831 1.11688 -5.83473e-07
7.59704 1.14147 4.21445e-06
2.67941 1.11975 -1.32553e-06
4.27331 1.13073 7.94999e-07
2.89316 1.13211 6.00886e-07
5.30011 1.13453 2.59947e-06
5.59123 1.14344 -9.17948e-07
12.4951 1.1419 7.62901e-06
24.3029 1.12572 1.47082e-05
7.28247 1.1672 4.28271e-06
18.783 0.909057 7.49491e-06
19.0754 0.890818 8.28444e-06
7.72308 1.09261 2.40223e-06
9.49742 1.08335 5.46835e-06
9.48668 1.11001 4.38893e-06
13.5675 1.10315 5.68388e-06
12.3389 1.09936 7.30162e-06
2.83772 1.11139 1.38651e-07
8.63596 1.1008 1.93981e-06
12.3065 1.09348 2.69513e-06
7.04976 1.10175 2.90463e-06
0 0 0
10.4557 1.11656 7.03871e-06
7.45583 1.10874 8.62782e-07
6.11051 1.1089 1.77325e-06
3.63091 1.11932 8.4159e-07
7.20742 1.1198 5.92967e-06
2.37916 1.13171 1.70627e-06
4.95374 1.12434 1.669e-06
4.2787 1.12317 2.33788e-06
0.975174 1.11868 8.95495e-08
8.68026 1.11394 4.89388e-06
0 0 0
12.1136 1.11322 5.837e-06
16.2863 1.09477 4.31411e-06
3.87821 1.11849 4.76514e-07
8.478 1.11637 4.09378e-06
4.62177 1.11485 -1.18487e-07
9.57152 1.11654 4.57276e-06
8.83973 1.12753 2.27872e-06
8.43908 1.13057 4.62117e-06
4.3617 1.12756 -4.79591e-07
5.22972 1.13389 -1.86686e-06
0.480322 1.14321 -2.27705e-06
14.6954 1.11385 3.09923e-06
7.24809 1.12272 9.34644e-08
8.53634 1.11876 2.06613e-06
9.44987 1.12048 3.27057e-06
9.45047 1.10869 1.93696e-06
8.56491 1.11051 5.46151e-06
8.29524 1.11122 4.07641e-06
13.3066 1.09312 6.48935e-06
12.9614 1.09528 7.23502e-06
9.50398 1.08866 6.43728e-06
12.8548 1.08217 8.00583e-06
0 0 0
15.2633 1.09475 8.53448e-06
8.07694 1.10365 7.32818e-06
10.1167 1.10841 5.24757e-06
6.79818 1.10574 5.00221e-06
8.61046 1.11121 6.66808e-06
10.0007 1.10198 6.59355e-06
6.52027 1.11544 2.90225e-06
5.82957 1.11001 2.97656e-06
6.7176 1.12805 5.91901e-06
-0.409951 1.13023 1.43461e-06
0 0 0
7.07253 1.13617 4.3731e-06
2.33307 1.13656 1.18902e-07
2.93644 1.1562 1.90135e-06
5.00029 1.13226 8.96853e-07
7.19641 1.13192 2.53834e-06
5.72167 1.12851 1.9552e-06
1.49351 1.14803 -2.47417e-06
5.52082 1.13197 2.90731e-06
7.4209 1.14569 5.08707e-06
6.61138 1.14778 2.81686e-06
11.934 1.13958 6.78254e-06
9.63809 1.14492 1.05562e-06
10.4892 1.12617 5.76511e-06
6.28986 1.13463 -6.07367e-07
5.34516 1.13387 9.90235e-08
13.2791 1.15315 8.87855e-06
12.298 1.13311 6.71422e-06
9.00998 1.14813 5.0972e-06
11.5959 1.14087 7.74703e-06
18.0302 1.14617 1.2575e-05
3.26719 1.14056 1.63072e-06
9.8313 1.14261 3.17861e-06
0 0 0
11.9477 1.12756 4.76623e-06
5.09083 1.13766 3.58686e-06
13.5018 1.12258 9.74178e-06
12.2278 1.1216 4.72604e-06
4.26488 1.13097 2.52474e-06
12.777 1.11057 5.79421e-06
7.35297 1.1062 3.77566e-06
8.42025 1.11724 2.6359e-06
7.57381 1.10972 4.09656e-06
18.5928 1.10017 1.32633e-05
0 0 0
5.48733 1.11705 2.76317e-06
17.7657 1.10064 1.18299e-05
14.067 1.1083 9.50976e-06
17.97 1.10508 7.19177e-06
5.46953 1.10278 1.02767e-06
6.67395 1.1013 1.93343e-06
8.8895 1.10828 1.44529e-06
9.41671 1.10499 1.62073e-06
12.5888 1.08921 5.1549e-06
6.83366 1.098 1.07458e-07
10.8058 1.09479 3.53449e-06
3.83135 1.11526 6.56464e-07
6.43277 1.10544 -1.06911e-06
8.33356 1.10733 1.42507e-06
13.2588 1.10327 5.9346e-06
5.87442 1.1201 2.3251e-06
8.71556 1.10149 7.13121e-07
12.6805 1.1112 6.43255e-06
13.9202 1.11618 6.82261e-06
3.90712 1.12072 -1.76995e-06
10.8683 1.12125 4.51883e-06
6.41702 1.13317 3.30031e-06
0 0 0
7.01456 1.12546 4.56899e-06
4.0571 1.12642 1.28216e-06
14.9044 1.10841 9.04194e-06
9.74618 1.12577 6.38411e-06
8.37342 1.12786 4.61704e-06
9.68053 1.12451 6.21274e-06
5.8181 1.12686 5.10068e-06
8.26796 1.14274 5.18369e-06
11.4661 1.12118 7.88412e-06
4.97028 1.13002 1.88901e-06
0 0 0
3.61801 1.13136 6.96048e-07
13.151 1.13237 6.94464e-06
10.9175 1.13733 8.58107e-06
5.78523 1.13895 -3.51074e-07
8.65068 1.12395 1.4967e-06
6.06521 1.14277 -1.48869e-07
13.8416 1.1252 4.83387e-06
9.67071 1.14535 4.66649e-06
6.9612 1.13314 -3.93736e-07
12.4203 1.15852 7.78089e-06
4.81243 1.13686 -2.96842e-06
29.5973 0.89123 1.07369e-05
20.3394 0.912297 5.99123e-06
14.6204 1.0632 8.1737e-06
24.6384 1.04715 1.28312e-05
7.8588 1.10272 3.22894e-06
3.16176 1.08522 -1.01914e-06
12.3051 1.08786 5.88873e-06
9.2618 1.08807 6.68133e-06
13.586 1.07536 6.09071e-06
9.74521 1.0749 6.59656e-06
9.26201 1.08953 4.46672e-06
0 0 0
14.3748 1.08218 7.39357e-06
10.0386 1.0882 5.00515e-06
6.93877 1.09157 4.37388e-06
-2.35687 1.10549 3.37513e-08
11.6596 1.08954 7.95983e-06
10.8816 1.08436 5.38328e-06
11.8881 1.08518 1.04814e-05
13.9309 1.08532 5.38796e-06
9.47262 1.07427 4.72929e-06
8.12457 1.09172 5.03206e-06
0 0 0
14.0327 1.07311 6.72936e-06
16.8959 1.06558 7.15812e-06
8.08648 1.08831 3.30527e-06
8.70988 1.08793 3.58907e-06
5.67361 1.08359 1.89397e-06
5.52236 1.08671 1.6062e-06
9.68417 1.0604 3.28615e-06
15.0416 1.06537 5.46759e-06
0 0 0
27.3475 1.05955 1.79433e-05
13.3132 1.04033 4.96919e-06
10.4373 1.09218 2.97573e-06
13.217 1.08482 2.49059e-06
10.4352 1.09416 4.14444e-06
10.7985 1.09445 1.5612e-06
16.0212 1.0592 1.10163e-05
10.9847 1.06894 4.21771e-06
0 0 0
9.90479 1.05849 3.79161e-06
10.4598 1.04334 6.23607e-06
12.8441 1.05107 6.71348e-06
10.311 1.0609 4.62324e-06
0 0 0
18.5386 1.07473 1.19007e-05
17.0224 1.06239 1.27339e-05
13.6971 1.08538 7.5681e-06
8.38728 1.08901 4.68558e-06
0.935823 1.12032 -1.24847e-06
0.310996 1.11804 1.42614e-06
7.19059 1.10191 3.75043e-06
-4.01986 1.12363 -1.98536e-07
15.952 1.10682 1.36205e-05
6.44747 1.11182 5.49365e-06
0 0 0
14.1084 1.10008 1.06108e-05
11.636 1.10212 7.37026e-06
9.20232 1.09536 3.13943e-06
4.63589 1.11599 1.51301e-06
5.07054 1.11011 3.69589e-06
8.15569 1.1023 2.83938e-06
6.25448 1.11245 4.63865e-06
9.99783 1.10417 6.43355e-06
14.6441 1.10294 9.94234e-06
4.87199 1.1249 7.92938e-07
11.5297 1.12551 2.97882e-07
6.97454 1.11704 -6.41333e-07
4.9359 1.12099 -2.40832e-06
6.60594 1.12106 3.44589e-06
12.3892 1.1175 8.32564e-06
12.2762 1.11488 5.54339e-06
3.9783 1.1415 1.51019e-06
5.98063 1.12494 2.14374e-06
4.17461 1.13788 -4.43725e-07
2.6476 1.12576 7.32811e-06
12.8618 1.11688 5.15758e-06
8.79705 1.11265 4.0005e-06
0 0 0
7.02524 1.12191 4.20299e-06
7.41796 1.11207 5.1746e-06
4.22135 1.11084 1.14561e-06
9.47169 1.12169 6.96152e-06
6.73924 1.11483 4.89543e-06
7.47465 1.11889 4.67104e-06
4.91156 1.09986 3.96865e-06
7.47396 1.12952 2.72253e-06
5.87496 1.10928 4.51211e-06
12.9212 1.10136 8.32945e-06
0 0 0
7.27018 1.09933 5.16388e-06
8.16708 1.1124 2.11426e-06
11.9352 1.11029 3.51185e-06
10.4247 1.11193 4.11755e-06
4.07955 1.10934 1.67406e-06
8.65409 1.1194 3.36799e-06
10.6719 1.12288 7.55021e-06
8.37898 1.11689 7.59351e-07
7.25997 1.10975 1.90151e-07
12.4885 1.12783 6.71539e-06
4.29543 1.10728 -3.2189e-06
12.5661 1.14019 9.40446e-06
6.72258 1.12893 -9.82191e-07
2.58163 1.13313 -3.70697e-06
4.93583 1.12407 2.45752e-06
4.51149 1.14039 3.28138e-07
9.61829 1.12603 4.09615e-06
4.74755 1.15127 5.74446e-07
3.29876 1.14762 1.98351e-06
3.81004 1.15716 -6.07309e-07
4.59461 1.14845 5.38429e-06
-0.91989 1.17616 1.40832e-06
0 0 0
10.148 1.15561 2.48904e-06
3.7911 1.16711 3.29035e-06
-4.79352 1.196 4.03664e-06
10.2105 1.16367 1.08659e-05
-0.619959 1.17936 -1.14057e-07
4.44281 1.18411 5.56247e-06
0.777455 1.17767 -8.68145e-07
-0.853597 1.1766 -3.68371e-06
2.38535 1.18062 1.80597e-06
5.51608 1.19066 2.059e-06
0 0 0
-8.09637 1.20424 -1.02546e-06
7.50396 1.16765 5.17617e-07
9.03367 1.16957 3.02786e-06
2.62164 1.1951 9.19765e-07
4.24994 1.17917 1.48375e-06
7.31923 1.1776 3.17213e-06
11.5865 1.18945 1.1888e-05
5.03289 1.19211 3.75357e-06
1.74472 1.18744 -1.59239e-06
-2.01924 1.20295 -2.52026e-06
8.34565 1.19553 -3.8101e-06
7.60289 1.05978 7.39282e-07
12.0513 1.04636 6.08765e-06
9.54779 1.12341 5.97853e-06
4.87263 1.12572 1.70823e-06
-0.461347 1.13845 1.47302e-06
14.8188 1.11417 6.96002e-06
5.39749 1.13579 5.58867e-06
5.73209 1.10789 2.4691e-06
5.30266 1.12998 2.21668e-06
5.76729 1.11598 2.85439e-06
9.32505 1.12191 6.51343e-06
0 0 0
6.6312 1.123 6.55339e-06
2.59956 1.12248 1.78665e-06
5.2058 1.11427 1.27226e-06
4.27608 1.1298 2.42203e-06
11.2234 1.11117 1.04667e-05
4.0881 1.11311 2.09304e-06
12.1391 1.12706 1.46672e-05
3.58854 1.11564 4.83766e-06
12.6594 1.11235 9.22651e-06
0.227559 1.10614 1.05041e-06
0 0 0
7.17723 1.10387 2.56507e-06
13.4998 1.0864 9.89708e-06
7.11185 1.09652 7.87082e-07
5.69193 1.12082 1.85217e-06
2.25198 1.11617 -5.40723e-07
4.64944 1.17976 1.80804e-06
5.30161 1.15661 -4.16685e-07
0.83585 1.18309 -3.79474e-06
3.10845 1.17999 -4.66538e-06
9.79816 1.09728 3.98235e-06
13.0995 1.08666 5.62236e-06
11.2388 1.10483 7.34515e-06
9.68548 1.08926 2.93689e-06
8.21242 1.13151 2.80947e-06
4.77372 1.12728 -1.02147e-06
2.03455 1.13058 -6.96792e-07
8.07716 1.1357 5.09275e-06
15.3091 1.09949 8.16101e-06
11.7988 1.1034 9.35495e-06
8.48449 1.11356 8.17724e-06
13.7831 1.11142 1.25834e-05
10.3094 1.11932 8.43876e-06
0 0 0
10.1993 1.10377 4.37099e-06
2.63628 1.12526 4.66209e-06
0.779533 1.11103 9.63785e-07
-0.0339129 1.13802 3.81042e-06
-0.0676822 1.12367 1.62181e-06
-2.47064 1.14535 4.96499e-06
-1.97728 1.13331 -6.58721e-07
8.66599 1.13244 7.69796e-06
3.60002 1.15834 4.2144e-06
0.701365 1.1521 6.8718e-06
0 0 0
9.20386 1.14664 6.71828e-06
-1.39152 1.14727 -1.94739e-06
3.29485 1.15248 1.38033e-06
2.53712 1.14705 4.60382e-06
-1.28465 1.15034 2.50006e-06
2.09162 1.14779 -7.87541e-07
2.99581 1.14449 1.93202e-06
5.97886 1.12993 4.13053e-06
5.00596 1.13449 2.97136e-06
7.10949 1.14706 5.51873e-06
3.61689 1.14089 -1.94004e-06
7.64554 1.18142 2.30408e-06
5.23876 1.18853 -5.84387e-07
4.72627 1.17945 8.71423e-08
5.05056 1.17495 7.21299e-08
6.13896 1.14681 2.58163e-07
5.38955 1.16691 7.04735e-07
7.90665 1.14853 4.71989e-06
12.0104 1.14504 1.34234e-06
5.20846 1.16224 1.81116e-06
5.50801 1.15972 1.2158e-06
5.99775 1.14619 2.15828e-06
0 0 0
8.07709 1.15564 3.58026e-06
8.41706 1.14338 3.97805e-06
2.07706 1.16337 -1.85722e-06
4.95928 1.12985 3.1472e-06
7.94607 1.14907 3.93513e-06
0 0 0
6.22507 1.14275 3.56833e-06
0 0 0
12.4777 1.1353 7.53761e-06
0 0 0
0 0 0
11.5937 1.13324 5.06177e-06
8.6447 1.12336 2.16157e-06
6.58393 1.13554 -2.8781e-07
7.70113 1.12162 7.99453e-07
2.77259 1.14145 -1.8368e-06
10.8094 1.12721 4.45133e-06
3.48774 1.14283 -1.65985e-06
1.36698 1.12896 -2.56372e-06
5.85724 1.12672 -1.14252e-06
4.20428 1.126 -3.48378e-07
10.7725 1.12345 1.16552e-06
7.20937 1.12837 -7.59623e-07
10.2776 1.14691 1.57765e-06
10.6253 1.12146 -1.00036e-07
-2.08539 1.13361 -4.25031e-06
6.77763 1.12121 2.08655e-06
6.20186 1.142 7.55047e-07
6.74507 1.14292 2.39764e-06
10.5823 1.13663 3.25422e-06
9.87941 1.15254 4.58955e-06
11.4045 1.13719 8.43404e-06
3.89306 1.14963 -6.2864e-07
0 0 0
7.76759 1.1361 3.42286e-06
4.63438 1.15823 -1.37825e-06
12.9703 1.13672 3.3508e-06
5.89603 1.17317 3.49021e-06
1.76464 1.15676 -1.92504e-06
3.53656 1.17033 5.55732e-07
1.42955 1.16238 -1.42546e-06
5.95347 1.16574 -1.12287e-06
3.20898 1.16024 1.24538e-06
-3.85153 1.18288 -2.52944e-06
0 0 0
2.15262 1.16298 1.24213e-06
4.2317 1.17433 -1.44547e-06
5.27011 1.18149 6.95271e-06
2.29612 1.18462 1.41607e-06
5.58501 1.17504 -2.1607e-07
-0.690345 1.2061 6.13528e-07
8.47372 1.18602 2.92212e-06
4.79856 1.19049 -2.00029e-06
3.5929 1.17724 -2.18428e-06
-1.64818 1.22803 -3.46554e-06
2.31701 1.21465 -1.00053e-06
14.8602 1.07352 3.64619e-06
15.1261 1.06787 7.5871e-06
5.88141 1.13683 -6.91835e-07
7.18899 1.12927 2.66073e-06
4.39533 1.13977 -6.14579e-08
11.0833 1.1446 8.78695e-06
14.0975 1.12622 8.17552e-06
2.37638 1.1482 -7.92977e-07
4.42641 1.14129 2.7166e-06
-4.1668 1.15918 3.58262e-06
9.50657 1.14288 7.26727e-06
0 0 0
12.7048 1.12564 8.68437e-06
10.4804 1.1222 7.06135e-06
5.22826 1.13147 2.49546e-06
4.61468 1.14145 -9.21037e-07
-1.1541 1.14644 4.42439e-06
4.67141 1.12332 2.45592e-06
10.086 1.10995 3.56629e-06
6.73656 1.11147 2.99958e-06
6.56362 1.11948 2.75479e-06
8.88765 1.10841 5.06294e-06
0 0 0
7.78008 1.11374 3.90703e-06
6.6695 1.10781 3.78378e-06
5.16699 1.12571 3.39875e-06
4.10348 1.12156 3.97443e-07
8.87206 1.12862 3.01411e-06
3.38949 1.17509 1.3516e-07
3.94199 1.17131 -3.69211e-06
5.04958 1.17249 -1.67435e-06
5.00387 1.18934 -1.55389e-06
8.55504 1.09268 -6.57017e-07
13.3462 1.0935 2.70591e-06
12.0234 1.05239 5.58066e-06
9.38553 1.05565 3.01102e-06
11.1133 1.08439 5.73611e-06
3.72069 1.08557 1.46436e-06
7.44855 1.11041 2.95256e-06
9.4089 1.08092 2.25953e-06
8.95788 1.08491 1.85531e-06
10.9187 1.08421 5.8764e-06
10.3308 1.08502 5.52922e-06
1.61866 1.11566 6.77049e-07
12.5174 1.07322 5.92618e-06
0 0 0
9.16602 1.0903 6.51045e-06
5.7028 1.08533 1.30996e-06
5.35575 1.09578 2.67719e-06
3.1956 1.09237 2.00012e-06
2.69454 1.09843 7.89698e-07
-2.21649 1.14399 -1.35914e-06
8.09882 1.09616 3.93764e-06
3.56415 1.11826 4.0695e-06
0 0 0
2.79349 1.12108 2.73712e-06
0 0 0
0 0 0
8.19016 1.10643 1.17943e-06
9.41654 1.08545 5.72589e-06
7.54477 1.11305 4.97649e-06
8.36319 1.09925 2.07614e-06
12.6092 1.10222 2.72113e-06
7.8911 1.12702 5.34544e-06
5.5744 1.10878 3.36511e-07
3.86387 1.12721 2.84954e-07
9.84912 1.12191 2.73795e-06
10.5654 1.1153 4.98499e-06
11.7976 1.13782 4.55622e-06
4.75943 1.10763 -3.2246e-08
6.84997 1.10115 1.62319e-06
0 0 0
12.4482 1.10277 5.81058e-06
9.87319 1.0865 4.8689e-06
4.29337 1.13811 5.17875e-06
9.63898 1.12208 3.29751e-06
10.5215 1.12217 2.9048e-06
3.82135 1.13119 2.69741e-06
8.52116 1.1218 1.68852e-06
0 0 0
3.92398 1.12281 2.29685e-06
3.09003 1.13311 1.54797e-06
12.1847 1.11201 5.28212e-06
14.1726 1.12047 8.26146e-06
13.0596 1.10676 5.94963e-06
3.98759 1.11769 1.39219e-06
-1.09522 1.11782 1.51633e-06
4.31015 1.1192 4.8186e-06
4.22833 1.11782 6.33303e-06
10.6258 1.0963 4.28466e-06
0 0 0
10.5644 1.10217 7.83674e-06
9.80051 1.10525 2.38929e-06
11.3366 1.09373 4.99451e-06
6.47621 1.11079 3.52993e-07
14.6104 1.10794 1.05155e-05
0.643292 1.10545 -2.47149e-06
11.1055 1.11457 7.27153e-06
9.79101 1.09811 2.26118e-06
6.33729 1.11608 5.15515e-07
8.36898 1.11419 6.07545e-07
9.65462 1.12465 4.05673e-07
6.91198 1.11033 4.0907e-06
4.31215 1.13488 -2.47689e-06
11.873 1.11613 3.1058e-06
9.56823 1.12675 2.82142e-06
6.74047 1.11434 1.09551e-06
8.08054 1.10893 2.20084e-06
10.6178 1.10027 2.13272e-06
12.9475 1.11279 7.33564e-06
10.6342 1.09982 3.44677e-06
-1.04058 1.12262 4.58463e-07
3.61744 1.11523 -3.77593e-08
0 0 0
4.13658 1.11527 1.63656e-06
1.73988 1.11288 8.63136e-07
10.8953 1.10559 3.92077e-06
5.67188 1.11346 2.60972e-06
6.34301 1.11899 2.09848e-06
1.3078 1.13076 2.36365e-06
3.50248 1.13091 3.89301e-06
6.75336 1.11704 4.88893e-06
14.8727 1.10934 8.40097e-06
3.80763 1.12796 2.27313e-06
0 0 0
1.70431 1.1281 1.08421e-06
8.75405 1.13033 3.10715e-06
11.3856 1.12828 4.06768e-06
6.86293 1.13505 5.11227e-06
3.63305 1.1355 2.08992e-06
-3.66868 1.15946 -2.46478e-06
3.38027 1.14136 2.71786e-06
13.2432 1.14951 8.98061e-06
6.951 1.14661 2.35078e-06
8.37604 1.14112 1.6229e-06
7.67879 1.17365 -3.38934e-07
32.3055 0.922952 1.61647e-05
19.5018 0.932527 8.18842e-06
10.8502 1.12674 5.1496e-06
13.1421 1.12378 1.00039e-05
8.74984 1.12808 1.54313e-06
17.6084 1.10841 8.06158e-06
9.77221 1.12132 2.83316e-06
15.2257 1.12282 8.18316e-06
10.6136 1.14418 4.29187e-06
14.7526 1.1177 5.54027e-06
8.70162 1.14707 2.70552e-06
0 0 0
8.28722 1.1407 3.31124e-06
8.17435 1.14149 4.27423e-06
7.03859 1.13571 2.20368e-06
14.253 1.13063 6.04339e-06
7.13563 1.15543 4.98573e-06
6.88337 1.13992 3.32859e-06
8.91457 1.13385 2.36419e-06
7.99326 1.13633 4.48542e-06
6.5424 1.15029 2.60738e-06
12.1989 1.12036 6.9206e-06
0 0 0
12.0941 1.12412 5.30393e-06
10.4615 1.10042 5.79676e-06
12.0368 1.12315 4.53865e-06
9.31995 1.11538 4.38886e-06
8.49022 1.12485 1.90274e-06
5.16566 1.11106 -2.56364e-06
8.77438 1.11692 2.05876e-06
12.6508 1.09996 5.5119e-06
10.8428 1.11129 3.88618e-06
9.37798 1.07229 4.0671e-07
8.46642 1.11479 1.33232e-07
9.78586 1.11787 3.30191e-06
14.3717 1.13551 3.4096e-06
8.77668 1.13977 1.5132e-06
5.85532 1.15696 1.5441e-06
3.20371 1.17421 2.85599e-07
11.918 1.14264 4.06845e-06
5.0746 1.16006 4.06224e-06
3.20858 1.14101 -5.87615e-07
4.8667 1.14669 3.32231e-06
14.1266 1.12427 1.27126e-05
6.43823 1.13959 5.77019e-06
0 0 0
0.232816 1.14811 7.46458e-07
3.16672 1.16067 7.0451e-06
0.549938 1.14194 -1.43647e-06
2.0723 1.15936 2.05522e-06
7.32749 1.14879 4.31425e-06
11.7772 1.15629 8.41068e-06
8.20223 1.14946 1.09694e-05
3.44148 1.16398 4.55909e-06
6.9067 1.15985 7.39321e-06
1.35019 1.16843 -7.74639e-07
0 0 0
10.8804 1.15878 1.01486e-05
5.46542 1.16822 6.8807e-06
2.63669 1.18668 5.1956e-06
9.25589 1.15947 1.02081e-05
6.5534 1.16978 2.37772e-06
9.05782 1.17314 4.62118e-06
9.12482 1.18653 6.41033e-06
5.47335 1.17693 2.77789e-06
4.34819 1.1832 1.83035e-06
12.1016 1.17882 6.07185e-06
7.74243 1.1775 4.56541e-07
6.34086 1.18454 2.67265e-06
5.00472 1.17105 8.94731e-08
8.95825 1.16212 4.49634e-06
4.60361 1.17158 5.90119e-07
8.71688 1.17286 3.29908e-06
7.02628 1.16499 -1.84938e-07
7.95986 1.15465 1.20063e-06
12.8302 1.17719 1.2134e-05
3.60302 1.18321 1.65403e-06
9.46297 1.16482 8.65906e-06
3.13847 1.19247 5.04103e-07
0 0 0
11.0589 1.16481 1.45504e-05
20.1491 1.16198 1.86829e-05
5.41448 1.16218 1.15566e-06
6.50853 1.16596 5.8964e-06
4.23457 1.17405 4.445e-06
2.00997 1.16752 1.58049e-06
5.34748 1.15868 2.56766e-06
-0.784269 1.16816 -1.70332e-07
0.649751 1.16876 -2.86233e-06
4.47728 1.15455 3.68216e-06
0 0 0
15.9384 1.14087 1.3759e-05
7.64495 1.13489 3.74133e-06
6.77021 1.13975 2.58274e-06
4.09434 1.15119 4.1513e-06
12.7413 1.1349 4.89415e-06
9.51186 1.15135 3.79466e-06
7.5006 1.15169 4.3458e-06
8.46203 1.14158 4.64289e-06
5.15919 1.12648 -1.28518e-06
11.7991 1.12576 3.31684e-06
4.48968 1.14115 -2.93495e-06
13.2289 1.12693 6.45184e-06
13.5221 1.12526 7.21439e-06
6.7079 1.13376 2.11957e-06
3.35842 1.13202 8.20114e-07
8.2477 1.12085 1.43956e-06
7.23283 1.12019 9.8996e-07
7.50531 1.13503 4.1859e-06
7.88136 1.12206 5.70763e-06
8.56174 1.12939 3.77515e-06
10.8635 1.12288 6.96082e-06
17.1139 1.12212 1.24928e-05
0 0 0
8.60709 1.12312 3.78188e-06
10.4077 1.12112 6.48618e-06
5.16801 1.12966 2.21147e-06
8.37146 1.12875 5.93205e-06
4.65523 1.14162 2.8149e-06
7.72825 1.1416 6.52693e-06
-4.91474 1.14441 1.5154e-07
11.5502 1.13005 6.59885e-06
3.86248 1.12221 2.352e-06
5.65612 1.14157 3.26922e-06
0 0 0
3.90503 1.13976 4.81556e-06
8.51271 1.14591 5.10318e-06
6.85444 1.14549 2.66129e-06
7.95259 1.1449 4.69956e-06
8.39611 1.14421 8.29601e-06
2.34993 1.16158 1.85812e-07
5.85484 1.14747 3.63133e-06
3.4152 1.16505 -3.65423e-07
9.25056 1.16464 -2.27226e-07
8.13917 1.19513 3.24067e-06
7.69088 1.18476 1.11383e-06
20.157 0.953955 9.2473e-06
15.1203 0.961926 6.76762e-06
10.237 1.12992 4.41658e-06
6.21321 1.13678 3.07042e-06
8.06278 1.13774 2.00589e-06
6.23321 1.14799 2.9062e-06
7.28263 1.14657 1.78904e-06
1.37038 1.16611 -7.35552e-07
2.67437 1.1682 4.26022e-06
1.44864 1.15149 1.62142e-06
6.85647 1.16003 4.16879e-06
0 0 0
7.58799 1.15713 5.86769e-06
3.39968 1.15944 -7.92645e-07
4.39661 1.15017 3.80246e-06
8.24672 1.15092 4.83858e-06
3.69353 1.16233 5.84743e-06
7.64868 1.15271 5.25369e-06
5.70843 1.13938 1.74418e-06
0.37861 1.16011 1.50641e-06
3.22487 1.15544 2.8292e-06
0.927603 1.15377 3.14469e-08
0 0 0
3.26131 1.15072 1.27881e-06
0.926603 1.13611 9.61948e-07
5.04389 1.12372 -9.79185e-07
8.86963 1.13986 4.35145e-06
8.30912 1.13217 9.15162e-06
5.89351 1.144 1.61623e-06
2.48505 1.16156 1.73657e-06
6.15123 1.15204 -1.17556e-06
5.76584 1.15823 1.7922e-06
7.59517 1.13901 3.07977e-06
5.86212 1.15952 -8.60858e-07
4.6082 1.12062 -4.52326e-06
7.37923 1.11292 1.36042e-06
9.09865 1.12915 1.99727e-06
7.68474 1.12937 1.27326e-06
7.8118 1.10793 1.27962e-06
10.0294 1.10796 6.66636e-06
11.6426 1.10071 5.55112e-06
9.70015 1.10416 7.81129e-06
12.4347 1.10474 6.31412e-06
16.6483 1.09115 1.32735e-05
10.7313 1.09322 8.04369e-06
0 0 0
7.52837 1.09761 2.25604e-06
6.10332 1.10688 5.44133e-06
4.58525 1.10622 7.68877e-06
11.4531 1.09196 7.52291e-06
13.0272 1.10363 1.10888e-05
8.00992 1.10595 6.73903e-06
6.98216 1.09739 4.72597e-06
9.51193 1.09778 8.5704e-06
5.46667 1.111 4.40068e-06
4.58072 1.11878 3.42764e-06
0 0 0
8.83818 1.12426 5.58578e-06
13.386 1.12152 1.28908e-05
6.77585 1.12949 6.23354e-06
8.72032 1.1142 5.13915e-06
12.8605 1.11737 7.55022e-06
4.14184 1.12721 2.11363e-06
14.3152 1.11563 1.10053e-05
9.13173 1.13813 5.60364e-06
7.01236 1.13366 3.31551e-07
6.93172 1.13603 7.58143e-07
7.36905 1.13548 3.1271e-07
-3.94351 1.08857 -3.90865e-06
-4.16502 1.08348 -6.69219e-06
1.10353 1.08408 -2.53231e-06
6.00785 1.08049 -5.38262e-06
4.73064 1.07657 -2.02042e-06
-3.4483 1.0955 -5.41215e-06
-3.81147 1.0812 -5.71377e-06
-0.97481 1.07995 -4.22825e-06
-1.1219 1.08283 -3.57517e-06
-1.02243 1.078 -4.3783e-06
-0.168274 1.07021 -2.92536e-06
0 0 0
3.02999 1.06457 -1.17877e-06
0.902436 1.06982 -4.63143e-06
-0.153277 1.07457 -4.51502e-06
4.26869 1.06799 -2.56392e-06
-0.754013 1.07393 -4.56955e-06
-5.11922 1.07531 -5.46935e-06
-1.7109 1.06791 -3.55534e-06
-2.38463 1.06977 -4.32758e-06
4.8304 1.06014 -3.39653e-06
-3.10439 1.07355 -5.64253e-06
0 0 0
3.14602 1.05947 -2.70029e-06
2.84044 1.0642 -2.10144e-06
-2.41012 1.06328 -6.24883e-06
-1.73444 1.07366 -6.09474e-06
-1.01109 1.06243 -4.86294e-06
1.09207 1.06988 -3.17772e-06
-0.433859 1.06913 -4.27319e-06
11.05 1.06315 -6.45402e-07
4.29405 1.07239 -5.61445e-06
0.467481 1.07534 -4.13059e-06
3.12937 1.07728 -4.89003e-06
-2.73494 1.1077 -7.51191e-06
-4.99995 1.09576 -6.96659e-06
-2.72675 1.09908 -4.93215e-06
-2.81868 1.10276 -5.96752e-06
-2.12863 1.08633 -4.1802e-06
-2.50861 1.08792 -4.2658e-06
-3.40082 1.09873 -5.30338e-06
-0.350376 1.08831 -3.12981e-06
-9.15891 1.09259 -6.55379e-06
0.464099 1.08852 -4.37177e-06
1.73265 1.08563 -1.78468e-06
0 0 0
-2.7634 1.0948 -2.25629e-06
1.20924 1.07686 -3.85866e-06
-3.52806 1.08128 -3.7268e-06
-5.84198 1.0931 -3.79335e-06
-3.26335 1.0836 -1.79736e-06
-3.53037 1.0868 -2.91578e-06
-5.21631 1.09525 -4.56982e-06
-5.10816 1.09546 -2.85601e-06
-7.55575 1.09242 -4.77458e-06
-2.7998 1.08 -2.12458e-06
0 0 0
-0.712427 1.09902 -1.45001e-06
0.938468 1.08727 -4.66748e-08
-4.38609 1.09902 -5.03431e-06
-8.18272 1.1021 -5.71544e-06
-2.18536 1.10687 -3.94368e-06
-2.2516 1.10007 -2.89326e-06
0.124302 1.10486 -1.34965e-06
-2.1796 1.09498 -5.06565e-06
-2.43453 1.10527 -4.87872e-06
-3.45498 1.10356 -7.79866e-06
-3.21351 1.10896 -6.62526e-06
-0.822957 0.999715 -1.42023e-06
13.9906 0.789352 3.02627e-06
0.620129 1.04753 -3.83635e-06
0 0 0
1.21375 1.03305 -3.25968e-06
5.44544 0.943541 5.40576e-07
7.08297 1.05741 -2.67456e-06
7.70355 1.03563 -1.94405e-06
6.62498 1.06228 -1.78769e-06
2.35953 1.04133 -2.50665e-06
-1.2016 1.06788 -5.17792e-06
0 0 0
-2.30293 1.04552 -3.34997e-06
-1.23925 1.05815 -1.83683e-06
3.57168 1.04542 -8.14918e-07
1.23793 1.05192 -2.16222e-06
-0.126458 1.04554 -3.85983e-06
-3.7155 1.06199 -3.86002e-06
2.03013 1.03732 -3.62695e-06
-2.97015 1.06983 -5.42134e-06
1.87185 1.04876 -3.53083e-06
3.41106 1.05334 -1.66093e-06
0 0 0
6.301 1.05094 -1.95709e-06
-0.433387 1.07833 -5.82581e-06
-2.71277 1.07034 -5.2666e-06
7.64335 1.07855 -4.36906e-06
-3.00607 1.0907 -4.64574e-06
-0.103128 1.13742 -5.38778e-06
-2.66667 1.14435 -7.03824e-06
-3.42677 1.16577 -8.06902e-06
0.51328 1.1503 -6.01169e-06
2.92493 1.09134 -4.98634e-06
1.86699 1.07152 -4.87385e-06
0.10458 1.04597 -5.33107e-06
0 0 0
-2.17339 1.0611 -2.80154e-06
2.84478 1.06929 -3.15981e-06
-3.62507 1.09944 -4.19628e-06
-4.8217 1.11533 -5.39117e-06
-5.93736 1.08593 -6.61688e-06
-10.262 1.10958 -6.60533e-06
-4.00168 1.0812 -3.01451e-06
-2.4925 1.09378 -3.45777e-06
1.85218 1.07139 -1.87893e-06
0 0 0
0.214973 1.08345 -1.0209e-06
-4.15071 1.07846 -2.9972e-06
-3.0829 1.07396 -2.56348e-06
-4.00789 1.07934 -4.71233e-06
-5.74452 1.08258 -4.93794e-06
-2.18763 1.06158 -1.98818e-06
-5.42541 1.07473 -3.37388e-06
-4.56279 1.06272 -4.06121e-06
-8.31478 1.08009 -4.59594e-06
-3.53753 1.05918 -4.40251e-06
0 0 0
-4.45103 1.08434 -1.72289e-06
-4.58714 1.09983 -3.3872e-06
-4.12755 1.08935 -3.24272e-06
-2.77795 1.09878 -4.67026e-06
-5.84481 1.09146 -5.5182e-06
-3.71083 1.10141 -5.12596e-06
1.71166 1.08072 -4.89526e-06
-5.78291 1.09669 -4.72138e-06
-2.93721 1.08632 -4.43508e-06
-4.43823 1.11282 -6.74317e-06
-4.61524 1.11169 -6.89773e-06
-2.98008 1.08292 -3.41935e-06
0.51039 0.934275 -1.19942e-06
-5.77194 1.08177 -6.36746e-06
2.94881 0.944377 -2.73602e-06
1.22026 1.07709 -2.52579e-06
6.28176 0.923185 1.947e-06
-6.2879 1.08043 -6.89109e-06
4.08124 0.938789 -1.20227e-06
0.696277 1.0895 -2.55552e-06
2.83617 0.924884 -2.13528e-06
1.38674 1.07906 -2.92006e-06
0 0 0
6.17909 0.93405 1.70392e-06
5.04184 1.06061 -3.87616e-06
3.29651 0.915437 2.87414e-07
1.08372 1.07479 -3.28779e-06
11.7888 0.926051 3.05801e-06
4.86368 1.06206 -1.64415e-06
3.75637 0.918412 -5.08704e-07
0.884658 1.06213 -3.05616e-06
4.77976 0.92542 2.34119e-07
-4.62364 1.0733 -5.40374e-06
0 0 0
6.78953 0.917275 6.9593e-07
0.609231 1.05563 -3.26922e-06
3.1588 0.954746 -4.82456e-07
-0.824964 1.07543 -3.66184e-06
9.83113 0.925071 2.26844e-07
4.24741 1.07816 -5.38991e-06
4.86414 0.944995 -1.53082e-06
1.96208 1.0812 -2.93398e-06
3.42809 0.935729 -2.7597e-06
0.126849 1.08313 -5.97358e-06
7.96956 0.946559 5.35413e-07
-7.0982 1.12578 -7.56813e-06
10.1073 0.964023 1.84217e-06
-1.40567 1.11315 -3.29221e-06
-0.37872 0.989748 -2.62352e-06
-1.77709 1.12503 -5.46836e-06
5.48566 0.973076 2.9887e-06
-9.04787 1.12845 -5.17816e-06
0.471323 0.98699 2.86352e-08
-6.26252 1.11926 -4.32881e-06
-4.47719 0.974924 -1.61568e-06
-2.1104 1.10215 -3.43111e-06
0 0 0
3.96763 0.987194 2.59257e-06
-3.30049 1.11609 -2.53593e-06
-1.38967 0.9785 3.94752e-07
-2.2868 1.11043 -2.01946e-06
0.547774 0.989463 7.9087e-07
-3.86685 1.11719 -1.68709e-06
-1.52574 0.982465 -7.50769e-07
-8.8964 1.13347 -5.19541e-06
-0.35073 0.999611 -3.24394e-07
-5.85023 1.12576 -4.94236e-06
0 0 0
2.28782 0.975687 1.39931e-06
-2.68771 1.12855 -3.17711e-06
1.12315 0.996326 1.00786e-06
-5.39249 1.12476 -4.28902e-06
-2.45308 0.993361 -2.2374e-06
-1.74658 1.11722 -5.9607e-06
-0.419164 0.994999 -2.24334e-06
-1.82652 1.12954 -4.14572e-06
-1.43485 0.985157 -1.3758e-06
-0.336748 1.1257 -5.52673e-06
7.19953 0.999482 -2.13821e-06
18.3827 0.948915 6.13852e-06
0 0 0
25.1075 1.08642 7.04194e-06
0 0 0
0 0 0
0 0 0
200.256 0.548589 4.59101e-05
0 0 0
24.6434 0.984131 9.61025e-06
13.4473 0.894594 2.67543e-06
32.9435 0.984528 1.03643e-05
0 0 0
34.6508 0.87242 1.27519e-05
27.6838 0.992218 1.21374e-05
30.0986 0.871336 1.02496e-05
21.1369 1.00061 8.17486e-06
21.3341 0.90957 5.40205e-06
18.6944 1.01171 4.09857e-06
21.9807 0.900602 7.38228e-06
24.738 1.01438 9.45313e-06
16.3474 0.918804 7.54308e-06
13.6346 1.03418 5.5371e-06
0 0 0
19.2685 0.908167 5.9036e-06
13.4998 1.04821 6.12713e-06
11.0633 0.942623 3.7175e-06
14.7956 1.06249 5.8717e-06
15.7303 0.939084 4.59514e-06
9.12013 1.12402 1.03265e-06
12.6476 0.989168 2.99552e-06
8.79598 1.1502 1.34421e-06
6.04799 0.983025 -5.27902e-07
10.662 1.09737 -9.13837e-07
11.7379 0.927023 1.28221e-06
1.15569 1.07202 -4.54766e-06
6.26621 0.907528 8.39039e-07
-2.54436 1.1028 -4.74799e-06
4.208 0.918399 3.4737e-07
0.0651001 1.10816 -2.51641e-06
5.9044 0.928627 5.06311e-07
-6.89736 1.10731 -5.53746e-06
1.89798 0.941353 -4.40626e-07
-3.72177 1.09302 -2.87683e-06
3.13926 0.923262 3.29316e-07
-2.26727 1.08521 -3.52871e-06
0 0 0
8.42393 0.923771 4.72941e-06
3.59293 1.07545 -8.02364e-07
3.6555 0.922568 1.87121e-07
-0.313665 1.06725 -1.69897e-06
4.23326 0.933464 2.2711e-06
-3.30964 1.0705 -3.82353e-06
7.70233 0.911061 2.10764e-06
-3.28025 1.07032 -2.79903e-06
2.8214 0.926898 2.83962e-06
-3.32657 1.0761 -2.79696e-06
0 0 0
5.16124 0.931656 4.80113e-07
2.71283 1.07074 -2.67754e-06
4.48783 0.940232 1.9092e-06
0.661568 1.08138 -2.72991e-06
1.53043 0.931326 -6.5917e-07
2.63806 1.08671 1.57217e-07
3.23327 0.946108 6.30776e-07
2.32372 1.08815 -1.13811e-06
5.98587 0.93477 1.27768e-06
0.495568 1.10468 -2.37136e-06
3.59389 0.965301 -7.30911e-07
-0.21059 0.977024 -2.67652e-06
1.60851 1.08897 -5.4286e-06
3.53672 0.962437 -3.10605e-06
0.634424 1.08477 -4.90546e-06
5.32673 0.978656 3.5673e-07
0.1852 1.09025 -4.61277e-06
6.40271 0.950771 6.9243e-07
-4.94463 1.09306 -6.44046e-06
-0.0803487 0.977095 -2.54353e-06
-1.97128 1.08012 -3.47482e-06
1.20787 0.95703 -1.22406e-06
0 0 0
2.51665 1.08315 -2.63826e-06
3.4951 0.954781 -9.53266e-08
1.28709 1.07194 -2.22934e-06
0.324722 0.951982 -3.19178e-06
-0.13834 1.08893 -3.02021e-06
-0.307341 0.973654 -2.43447e-06
1.51852 1.0832 -2.16873e-06
6.04659 0.941047 -2.30083e-07
-6.30198 1.09826 -5.43471e-06
2.07355 0.96525 -2.0438e-06
0 0 0
2.85615 1.0795 -4.0512e-07
4.37523 0.954514 -1.86118e-06
3.10499 1.08819 -2.64836e-06
5.68965 0.972431 2.40248e-07
1.97031 1.08568 -4.64548e-06
8.98641 0.957446 -2.33284e-06
0.225431 1.09843 -7.09787e-06
3.60952 0.988231 -2.10296e-06
0.616894 1.10624 -4.89837e-06
3.10357 0.969861 -2.43809e-06
0.763212 1.11158 -7.00378e-06
1.26983 1.00852 -1.43494e-06
-1.86579 1.12704 -4.86665e-06
10.3544 0.978916 1.38128e-07
-1.59405 1.1304 -4.56999e-06
-0.600174 1.00031 -2.33757e-06
-2.93421 1.12255 -2.1742e-06
-2.31455 0.980492 -1.31725e-06
0.909371 1.10612 -2.12467e-06
-0.395077 0.992743 -1.52528e-06
-6.11162 1.10774 -1.44658e-06
-1.23846 0.992894 -5.92885e-07
0 0 0
-4.05022 1.12769 -3.4436e-06
1.25042 0.990878 -9.60119e-07
-4.92405 1.13186 -3.68519e-06
1.09332 0.986411 7.46674e-07
-6.78502 1.12928 -5.97636e-06
1.35334 0.991234 2.86852e-08
-5.48469 1.12171 -3.56581e-06
1.83871 0.95269 -3.21483e-07
-2.18434 1.09956 -5.93321e-07
-2.72816 0.967838 -1.8287e-06
0 0 0
-3.72711 1.09312 -3.16042e-06
10.7887 0.934066 2.86062e-06
-3.38411 1.09304 -2.45097e-06
2.65222 0.981212 -2.89928e-06
-5.90219 1.12167 -5.92352e-06
-2.4261 0.970631 -9.02176e-07
-4.24171 1.13711 -4.82117e-06
-0.112988 0.997806 -2.43706e-06
-6.42415 1.15905 -7.35652e-06
1.47428 0.998713 -2.26444e-06
0.843684 1.15383 -5.2234e-06
16.9661 0.779244 3.99203e-06
14.658 0.850074 1.63836e-06
7.93912 0.925151 -2.08169e-06
4.11067 1.01447 -2.81774e-06
9.55511 0.955662 -6.47653e-07
6.45496 1.01589 -7.00651e-07
7.28728 0.938184 9.48101e-08
2.72175 1.0249 -1.74808e-06
6.07704 0.950423 -6.19801e-07
5.07965 1.01754 -6.68969e-07
4.6312 0.940721 -1.0582e-06
0 0 0
6.93461 1.01159 1.62536e-06
4.32207 0.950587 -8.5777e-07
7.05516 0.999209 4.87073e-07
5.40189 0.931956 -2.04414e-06
3.94679 1.01001 -3.1209e-06
6.32281 0.957667 2.14376e-06
-1.61884 1.0201 8.8363e-07
1.55413 0.963064 -1.75404e-06
-1.36457 1.04738 -3.3244e-06
-0.0716434 0.983856 -1.00213e-06
0 0 0
5.50239 1.02925 -1.43209e-06
6.20684 0.960152 1.04395e-06
2.33637 1.04925 -7.09728e-07
4.04935 1.00262 9.80531e-07
2.29229 1.06886 -4.5788e-06
9.69799 0.975295 -1.77574e-06
2.75213 1.07707 -5.2467e-06
4.16644 0.997191 -1.66879e-06
2.89173 1.0579 -3.34368e-06
5.23216 0.951674 -2.0768e-06
7.58728 1.04913 2.58467e-08
7.87712 1.00091 6.93684e-07
-2.30909 1.06956 -4.27626e-06
2.21928 0.991664 6.15527e-07
-4.16997 1.09182 -4.98832e-06
1.86962 1.00731 -2.17625e-06
-0.46446 1.09263 -7.84194e-07
-1.57334 0.984749 -2.36751e-06
0.956118 1.0832 1.01006e-06
3.09839 0.980971 3.45151e-06
-1.38761 1.07257 -1.54349e-06
0.867328 0.949872 1.33568e-06
0 0 0
-5.2831 1.06674 -1.20934e-06
1.80436 0.974205 1.3457e-06
-4.92242 1.08106 -2.98385e-06
2.91504 0.959995 3.16171e-06
-9.96042 1.09836 -2.22531e-06
2.58429 0.980121 1.61835e-06
-3.09236 1.07564 -2.66599e-06
0.151348 0.972431 4.35886e-07
-2.15939 1.08806 -1.48487e-06
0.612762 0.980369 4.83033e-07
0 0 0
-3.09348 1.08346 -2.63252e-06
0.112409 0.973026 3.79299e-07
0.771234 1.0868 -2.85944e-06
6.46847 0.995419 5.95526e-07
-2.47758 1.10084 -4.93797e-06
-3.14655 0.991802 -2.2083e-06
-5.85188 1.12097 -7.40382e-06
0.349381 1.0011 -3.32823e-06
-4.22096 1.10862 -4.92183e-06
5.21038 0.994978 2.72915e-08
-1.77425 1.12254 -4.36353e-06
-6.0824 1.06158 -3.32309e-06
2.43093 1.03744 -2.3918e-06
0.847733 1.07235 -3.71078e-06
0.450477 1.07532 -7.12355e-06
-0.205849 1.08829 -5.87378e-06
-1.01128 1.08385 -5.61485e-06
4.01248 1.0721 -2.9139e-07
2.44908 1.07627 -3.8056e-06
3.49268 1.07712 1.67308e-07
0.197687 1.07415 -4.59055e-06
2.47261 1.07543 -2.31529e-06
0 0 0
-0.50479 1.07884 -1.23896e-06
6.53323 1.06888 -2.17263e-06
3.3252 1.06581 -3.85946e-06
-7.53024 1.0857 -5.02368e-06
-3.75464 1.06573 -4.04156e-06
-0.820651 1.07741 -2.53914e-06
1.65028 1.06378 -1.092e-06
-8.82735 1.08559 -6.90546e-06
-1.34789 1.08198 -3.22521e-06
0.645742 1.07508 -1.49496e-06
0 0 0
1.68965 1.06896 -1.31648e-06
-3.64649 1.08769 -3.15147e-06
4.36458 1.06439 -1.4265e-06
1.05473 1.07853 -4.94195e-06
0.0393003 1.07848 -7.52696e-06
1.4999 1.08162 -3.42039e-06
5.61682 1.07486 -2.19403e-06
0.347437 1.09087 -5.31191e-06
7.06525 1.06844 -3.43689e-06
7.03292 1.08615 -4.53183e-06
-0.96319 1.09875 -7.65281e-06
-2.76889 1.11483 -6.00634e-06
0.493126 1.09557 -4.37891e-06
-3.33856 1.1046 -5.523e-06
-4.60669 1.10608 -4.03074e-06
-3.1934 1.11724 -4.56395e-06
-2.51983 1.09188 -5.89942e-06
-2.76825 1.11085 -3.45342e-06
-4.51716 1.09932 -3.2578e-06
-3.16939 1.11129 -3.68331e-06
-4.29954 1.09285 -5.40858e-06
-8.31503 1.10752 -3.48017e-06
0 0 0
-2.61333 1.0899 -1.5466e-06
-4.02966 1.10994 -2.42208e-06
-1.75479 1.08686 -2.37628e-06
-2.61602 1.11335 -2.98911e-06
-4.60092 1.09929 -4.64994e-06
-10.4388 1.11614 -6.17841e-06
-6.16687 1.09258 -4.83347e-06
-7.40519 1.11439 -6.1957e-06
-7.81353 1.10915 -5.61407e-06
-0.156892 1.0961 -2.63061e-06
0 0 0
-4.00199 1.09602 -1.86593e-06
-5.73319 1.10935 -4.8317e-06
-6.99883 1.10413 -5.16093e-06
-3.18256 1.12838 -3.53134e-06
-4.00064 1.11007 -5.22603e-06
-0.0547213 1.11773 -4.13992e-06
-3.69181 1.10161 -6.28268e-06
-4.23818 1.12298 -5.29816e-06
-3.27581 1.09757 -2.79582e-06
-9.93587 1.129 -9.27262e-06
1.14666 1.10318 -2.26877e-06
4.40338 0.892442 1.321e-07
15.8482 0.898079 6.50344e-06
3.2055 1.06754 -4.69476e-06
1.91349 1.07238 -3.54087e-06
4.73451 1.06523 -1.609e-06
6.47949 1.07325 -6.00016e-07
3.25703 1.07237 -2.62096e-06
7.94788 1.08667 -1.18031e-06
4.80129 1.08146 -1.47669e-06
0.155461 1.09491 -2.45335e-06
-4.85387 1.08981 -5.89728e-06
0 0 0
4.19246 1.08822 -2.63651e-06
8.54106 1.05972 1.28485e-06
1.80939 1.07206 -4.50121e-06
3.61046 1.0398 -9.07453e-07
2.7144 1.08695 -2.09398e-06
1.0909 1.05281 -3.57352e-06
-9.41956 1.08577 -7.7399e-06
2.97468 1.06322 4.11482e-07
-5.1469 1.08379 -5.44877e-06
4.66001 1.05571 -2.0334e-06
0 0 0
2.98763 1.07576 -2.40106e-06
5.12736 1.0552 -2.77578e-06
-1.60066 1.08539 -5.96101e-06
1.52725 1.08108 -2.46353e-06
4.36942 1.07591 -3.23394e-06
2.77306 1.07607 -2.89382e-06
3.45746 1.07818 -2.97197e-06
5.52121 1.06225 -1.65317e-06
7.28365 1.06321 -2.81399e-06
9.00652 1.05765 -4.31712e-06
5.18933 1.0534 -2.24868e-06
0.622921 1.06466 -4.75104e-06
1.62977 1.06416 -2.91147e-06
1.18858 1.07864 -4.95438e-06
-2.46133 1.08184 -4.31104e-06
-2.86469 1.09578 -6.17209e-06
3.97106 1.09153 -4.93926e-07
-0.0362266 1.08641 -1.93574e-06
3.42505 1.09198 -1.19735e-06
-1.78173 1.09535 -7.44176e-07
3.30438 1.07144 -1.86746e-06
-0.119571 1.06976 -3.62535e-07
0 0 0
1.67246 1.07497 5.56357e-07
-0.488295 1.07456 -2.31712e-06
-1.92129 1.07648 -3.37593e-06
2.71327 1.08099 -4.87398e-06
-3.51097 1.09623 -9.01283e-07
-1.2123 1.09222 4.13481e-07
-3.98637 1.08984 -2.42889e-06
-0.751448 1.0731 -2.56618e-06
-4.64472 1.07941 -4.64433e-06
-4.77365 1.08525 -1.04182e-06
0 0 0
2.50369 1.07321 1.52003e-07
5.7512 1.06861 6.91312e-07
-4.49388 1.08682 -3.22669e-06
-5.60197 1.0787 -6.05446e-06
-0.682775 1.08269 -1.10996e-06
-3.65582 1.09688 -4.60027e-06
-3.1003 1.09928 -4.63043e-06
3.57795 1.07633 -3.06347e-06
-4.10672 1.08302 -5.33217e-06
0 0 0
6.42527 1.06436 -1.24984e-06
